# Blender v3.6.1 OBJ File: 'subAlternate.blend'
# www.blender.org
mtllib subAlternate.mtl
o Cube
v 0.696280 0.973628 1.419283
v -0.693934 0.973628 1.419283
v -0.078707 0.374144 5.242939
v 0.081052 0.374144 5.242939
v -0.532574 0.747431 3.672591
v -0.514812 1.120503 1.419283
v -0.128529 0.164313 4.322893
v -0.697444 -0.050740 1.871299
v -0.697444 0.938001 2.117853
v 0.534919 0.747431 3.672591
v 0.517157 1.120503 1.419283
v -0.697444 0.203973 1.419283
v -0.697444 0.076617 3.227347
v 0.130874 0.164313 4.322893
v -0.369873 -0.656028 3.672591
v 0.699789 -0.050740 1.871299
v -0.584702 -0.994969 1.419283
v 0.699789 0.938001 2.117853
v 0.699789 0.203973 1.419283
v 0.699789 0.076617 3.227347
v -0.446439 -0.805981 3.672591
v -0.113829 0.408826 5.242064
v -0.697444 0.140295 1.419283
v -0.029163 0.458112 4.494324
v 0.372218 -0.656028 3.672591
v 0.587047 -0.994969 1.419283
v 0.448784 -0.805981 3.672591
v -0.060160 0.428506 4.937454
v 0.116174 0.408826 5.242064
v -0.697444 0.833295 1.419283
v 0.699789 0.140295 1.419283
v -0.697444 0.833295 2.117853
v -0.432221 -0.349872 3.996833
v -0.697444 -0.050740 3.227347
v -0.697444 0.938001 1.583652
v -0.521953 -0.727259 3.672591
v -0.033699 0.380402 4.448980
v -0.031842 0.360345 4.938600
v -0.113830 0.225928 5.246668
v 0.031507 0.458112 4.494324
v 0.062505 0.428506 4.937454
v -0.697444 -0.050740 2.117853
v -0.697444 -0.806408 3.227347
v -0.126004 0.412410 5.241972
v -0.697444 0.076617 1.583652
v 0.699789 0.833295 1.419283
v -0.241654 0.887019 1.549657
v 0.699789 0.833295 2.117853
v 0.434566 -0.349872 3.996833
v -0.432221 0.696453 1.549657
v 0.699789 -0.050740 3.227347
v 0.699789 0.938001 1.583652
v -0.584702 1.106651 3.227347
v 0.524298 -0.727259 3.672591
v -0.643952 -0.955338 1.419283
v -0.666665 -0.927646 1.419283
v -0.347527 0.854903 4.738636
v -0.306474 0.538605 4.543885
v -0.299115 0.395362 4.938003
v 0.036044 0.380402 4.448980
v -0.239100 0.393905 5.242432
v -0.247171 0.384061 5.242680
v 0.034186 0.360345 4.938600
v 0.116175 0.225928 5.246668
v 0.699789 -0.050740 2.117853
v -0.229266 0.402007 5.242229
v -0.218046 0.408056 5.242077
v -0.092776 0.239922 5.246315
v -0.084704 0.249705 5.246069
v -0.126005 0.222255 5.246760
v -0.229265 0.231894 5.246517
v -0.697444 -0.050740 3.062978
v -0.697444 0.108456 1.419283
v -0.697444 0.076617 1.419283
v 0.699789 -0.806408 3.227347
v 0.128349 0.412410 5.241972
v 0.699789 0.076617 1.583652
v 0.243999 0.887019 1.549657
v 0.434566 0.696453 1.549657
v 0.587047 1.106651 3.227347
v 0.646297 -0.955338 1.419283
v 0.669010 -0.927646 1.419283
v -0.697444 0.938001 2.528777
v -0.697444 0.076617 2.528777
v -0.697444 0.044777 2.446592
v 0.349872 0.854903 4.738636
v -0.697444 0.140295 2.200037
v -0.697444 0.140295 2.446592
v 0.308819 0.538605 4.543885
v 0.301459 0.395362 4.938003
v 0.241445 0.393905 5.242432
v 0.249516 0.384061 5.242680
v 0.231611 0.402007 5.242229
v 0.220391 0.408056 5.242077
v 0.095120 0.239922 5.246315
v 0.087049 0.249705 5.246069
v 0.128350 0.222255 5.246760
v 0.231610 0.231894 5.246517
v 0.699789 -0.050740 3.062978
v 0.699789 0.108456 1.419283
v 0.699789 0.076617 1.419283
v -0.697444 0.833295 1.789114
v -0.661521 0.833295 2.200037
v -0.661521 0.222599 1.583652
v -0.376405 0.831203 4.724044
v 0.699789 0.938001 2.528777
v 0.699789 0.076617 2.528777
v 0.699789 0.044777 2.446592
v 0.699789 0.140295 2.200037
v 0.699789 0.140295 2.446592
v 0.699789 0.833295 1.789114
v -0.400105 0.802325 4.706263
v -0.529893 0.775786 3.672591
v 0.663866 0.833295 2.200037
v 0.663866 0.222599 1.583652
v -0.693935 0.973628 3.227347
v -0.666665 1.039444 1.419283
v 0.378750 0.831203 4.724044
v 0.402450 0.802325 4.706263
v 0.532238 0.775786 3.672591
v 0.696280 0.973628 3.227347
v -0.550441 1.117019 3.227347
v -0.305309 0.703804 4.645601
v 0.669010 1.039444 1.419283
v 0.552787 1.117019 3.227347
v 0.307654 0.703804 4.645601
v -0.039201 0.397293 4.937979
v -0.128529 0.167964 4.941832
v 0.041546 0.397293 4.937979
v 0.130874 0.167964 4.941832
v -0.697444 -0.018901 2.775331
v -0.661521 0.222599 2.446592
v -0.697444 0.222599 1.871299
v 0.699789 -0.018901 2.775331
v -0.400105 0.802325 1.549657
v -0.082645 1.528769 2.633240
v 0.663866 0.222599 2.446592
v 0.699789 0.222599 1.871299
v 0.402450 0.802325 1.549657
v -0.104608 1.400200 2.947860
v -0.091527 0.450364 4.489790
v 0.085259 1.528769 2.633240
v 0.107221 1.400200 2.947860
v -0.258109 0.285570 5.245163
v -0.205870 0.222255 5.246760
v -0.550441 -1.005386 3.227347
v -0.514812 -1.008921 1.419283
v -0.550441 -1.005387 1.419283
v 0.093872 0.450364 4.489790
v 0.260453 0.285570 5.245163
v 0.208215 0.222255 5.246760
v -0.697444 0.140295 2.857516
v -0.697444 0.172134 2.775331
v -0.376405 0.831203 1.549657
v 0.552787 -1.005386 3.227347
v 0.517157 -1.008921 1.419283
v 0.552787 -1.005387 1.419283
v -0.484485 -0.213923 1.419283
v 0.001172 0.779941 4.692481
v -0.683542 1.007882 3.227347
v -0.616277 -0.978070 1.419283
v -0.209787 0.164313 4.322893
v -0.697444 0.938001 1.789114
v 0.699789 0.140295 2.857516
v 0.699789 0.172134 2.775331
v 0.378751 0.831203 1.549657
v 0.486831 -0.213923 1.419283
v -0.697444 0.044777 1.419283
v 0.685887 1.007882 3.227347
v 0.618622 -0.978070 1.419283
v -0.697444 0.833295 3.227347
v -0.697444 0.140295 2.117853
v -0.697444 0.044777 2.528777
v 0.212132 0.164313 4.322893
v -0.666665 -0.927646 3.227347
v 0.699789 0.938001 1.789114
v 0.699789 0.044777 1.419283
v 0.699789 0.833295 3.227347
v -0.643952 -0.955337 3.227347
v -0.697444 -0.018901 3.227347
v -0.274992 0.765719 4.683724
v -0.246787 0.175323 4.941708
v -0.697444 -0.050740 2.528777
v 0.699789 0.140295 2.117853
v 0.699789 0.044777 2.528777
v -0.697444 0.172134 1.583652
v -0.432221 -0.349872 1.549657
v -0.584702 -0.994969 3.227347
v 0.669010 -0.927646 3.227347
v 0.646297 -0.955337 3.227347
v 0.699789 -0.018901 3.227347
v -0.470562 0.868243 3.672591
v 0.277336 0.765719 4.683724
v -0.697444 -0.018901 1.419283
v 0.249132 0.175323 4.941708
v 0.699789 -0.050740 2.528777
v 0.699789 0.172134 1.583652
v 0.434566 -0.349872 1.549657
v -0.285384 0.755182 4.677237
v -0.084704 0.385262 5.242659
v -0.138665 0.413558 5.241943
v -0.228651 0.454939 4.492431
v 0.587047 -0.994969 3.227347
v 0.472907 0.868243 3.672591
v 0.699789 -0.018901 1.419283
v -0.278156 0.426887 4.937473
v 0.287729 0.755182 4.677237
v 0.087049 0.385262 5.242659
v -0.697444 -0.050740 2.775331
v 0.141009 0.413558 5.241943
v -0.697444 -0.050740 2.200037
v -0.697444 0.012938 3.062978
v 0.230996 0.454939 4.492431
v -0.697444 0.140295 3.062978
v 0.280501 0.426887 4.937473
v 0.699789 -0.050740 2.775331
v 0.699789 -0.050740 2.200037
v -0.697444 0.222599 3.062978
v -0.697444 0.012938 2.857516
v -0.697444 0.108456 2.446592
v -0.697444 0.222599 2.117853
v -0.697444 0.172134 1.789114
v -0.697444 0.203973 1.583652
v -0.661521 0.222599 3.062978
v -0.039201 0.398473 4.459524
v -0.048136 0.415102 4.469224
v -0.661521 0.222599 2.775331
v -0.661521 0.833295 2.775331
v -0.033699 0.242437 4.368478
v -0.031842 0.261373 4.379527
v -0.263503 0.184257 4.941557
v 0.699789 0.012938 3.062978
v 0.699789 0.140295 3.062978
v 0.699789 0.222599 3.062978
v 0.699789 0.012938 2.857516
v 0.699789 0.108456 2.446592
v 0.699789 0.222599 2.117853
v 0.699789 0.172134 1.789114
v 0.699789 0.203973 1.583652
v -0.661521 0.222599 1.789114
v 0.663866 0.222599 3.062978
v 0.041546 0.398473 4.459524
v 0.050481 0.415102 4.469224
v 0.663866 0.222599 2.775331
v 0.663866 0.833295 2.775331
v -0.304143 0.715637 4.652887
v -0.133104 1.203368 2.830557
v -0.484485 1.120482 3.227347
v 0.036044 0.242437 4.368478
v 0.034187 0.261373 4.379527
v -0.234406 0.779941 4.692481
v 0.265848 0.184257 4.941557
v -0.242273 0.779166 4.692004
v -0.697444 0.108456 2.857516
v -0.661521 0.833295 2.857516
v 0.663866 0.222599 1.789114
v 0.306488 0.715637 4.652887
v -0.661521 0.833295 3.062978
v -0.697444 0.012938 3.227347
v -0.697444 0.012938 1.789114
v -0.697444 0.044777 1.789114
v 0.135717 1.203368 2.830557
v 0.486830 1.120482 3.227347
v 0.236750 0.779941 4.692481
v 0.244618 0.779166 4.692004
v 0.699789 0.108456 2.857516
v -0.417715 0.769379 1.549657
v -0.484485 -1.008943 3.227347
v -0.484485 -1.008943 1.419283
v -0.616277 1.089796 3.227347
v -0.683542 -0.896059 3.227347
v -0.683542 -0.896059 1.419283
v 0.663866 0.833295 2.857516
v 0.663866 0.833295 3.062978
v -0.420264 -0.814272 3.672591
v -0.393043 -0.817085 3.672591
v -0.024408 0.956706 3.672591
v 0.699789 0.012938 3.227347
v -0.393043 0.933311 3.672591
v -0.280339 0.761331 4.681022
v -0.306474 0.082838 4.270833
v -0.246789 0.449326 4.489153
v -0.228652 0.453718 4.937023
v 0.699789 0.012938 1.789114
v 0.699789 0.044777 1.789114
v 0.420060 0.769379 1.549657
v -0.246789 0.448081 4.937117
v -0.228650 0.169821 4.941801
v 0.486830 -1.008943 3.227347
v 0.486831 -1.008943 1.419283
v -0.209787 0.167964 4.941832
v -0.039202 0.224229 4.357854
v 0.618622 1.089796 3.227347
v -0.039202 0.227645 4.940829
v -0.247171 0.249705 5.246068
v -0.239100 0.239922 5.246314
v -0.138666 0.221014 5.246791
v 0.685887 -0.896059 3.227347
v 0.685887 -0.896059 1.419283
v 0.422609 -0.814272 3.672591
v 0.395388 -0.817085 3.672591
v 0.027021 0.956706 3.672591
v 0.395388 0.933311 3.672591
v -0.109666 0.169821 4.941801
v -0.128527 0.456319 4.936984
v -0.253169 0.372855 5.242962
v 0.282683 0.761331 4.681022
v -0.048136 0.210931 4.941110
v -0.697444 -0.050740 2.857516
v -0.697444 0.938001 3.227347
v -0.697444 0.938001 3.062978
v -0.697444 0.938001 2.857516
v 0.308819 0.082838 4.270833
v 0.249134 0.449326 4.489153
v -0.697444 0.938001 2.775331
v -0.697444 0.044777 3.227347
v -0.697444 -0.018901 2.528777
v -0.697444 0.012938 2.528777
v -0.697444 0.222599 2.200037
v -0.697444 0.833295 2.200037
v -0.697444 0.140295 1.789114
v 0.230996 0.453718 4.937023
v 0.249134 0.448081 4.937117
v 0.230994 0.169821 4.941801
v 0.212132 0.167964 4.941832
v 0.041546 0.224229 4.357854
v 0.041546 0.227645 4.940829
v -0.697444 0.222599 1.789114
v -0.697444 0.012938 1.871299
v 0.249516 0.249705 5.246068
v 0.241445 0.239922 5.246314
v 0.141011 0.221014 5.246791
v 0.112011 0.169821 4.941801
v 0.130871 0.456319 4.936984
v 0.255513 0.372855 5.242962
v -0.697444 0.012938 2.117853
v 0.050481 0.210931 4.941110
v 0.699789 -0.050740 2.857516
v 0.699789 0.938001 3.227347
v 0.699789 0.938001 3.062978
v 0.699789 0.938001 2.857516
v 0.699789 0.938001 2.775331
v 0.699789 0.044777 3.227347
v -0.697444 0.044777 1.583652
v -0.661521 0.833295 2.446592
v -0.661521 0.833295 1.871299
v -0.661521 0.833295 2.117853
v -0.697444 0.833295 2.446592
v -0.697444 0.140295 2.528777
v -0.697444 0.172134 2.528777
v -0.532574 -0.655907 3.672591
v -0.697444 -0.826159 3.227347
v -0.241654 0.887019 4.758410
v -0.250140 0.778392 4.691527
v -0.031842 0.084001 4.269055
v 0.699789 -0.018901 2.528777
v 0.699789 0.012938 2.528777
v 0.699789 0.222599 2.200037
v 0.699789 0.833295 2.200037
v 0.699789 0.140295 1.789114
v 0.699789 0.222599 1.789114
v 0.699789 0.012938 1.871299
v 0.699789 0.012938 2.117853
v 0.699789 0.044777 1.583652
v -0.304616 0.377182 4.938309
v -0.073767 0.349473 5.243560
v -0.078707 0.260866 5.245789
v -0.091529 0.175323 4.941708
v -0.697444 0.076617 2.117853
v 0.663866 0.833295 2.446592
v 0.663866 0.833295 1.871299
v 0.663866 0.833295 2.117853
v 0.699789 0.833295 2.446592
v -0.697444 0.108456 2.117853
v -0.697444 0.076617 1.871299
v 0.699789 0.140295 2.528777
v 0.699789 0.172134 2.528777
v 0.534919 -0.655907 3.672591
v 0.699789 -0.826159 3.227347
v -0.697444 0.108456 3.062978
v -0.697444 0.108456 3.227347
v 0.243999 0.887019 4.758410
v -0.697444 0.833295 1.871299
v -0.697444 0.938001 1.871299
v 0.252485 0.778392 4.691527
v -0.683542 1.007882 1.419283
v 0.034187 0.084001 4.269055
v -0.666665 1.039444 3.227347
v -0.509059 0.828168 3.672591
v -0.306474 -0.242795 4.062762
v 0.306961 0.377182 4.938309
v -0.697444 0.044777 2.775331
v -0.290430 0.749034 4.673451
v 0.076112 0.349473 5.243560
v 0.081052 0.260866 5.245789
v 0.093873 0.175323 4.941708
v -0.294572 0.741286 4.668680
v -0.491707 0.850182 3.672591
v -0.697444 -0.050740 1.583652
v -0.697444 -0.050740 1.419283
v -0.033700 0.245781 4.940524
v -0.075014 0.272976 5.245484
v -0.060161 0.192741 4.339480
v 0.699789 0.076617 2.117853
v 0.699789 0.108456 2.117853
v 0.699789 0.076617 1.871299
v 0.699789 0.108456 3.062978
v 0.699789 0.108456 3.227347
v 0.699789 0.833295 1.871299
v 0.699789 0.938001 1.871299
v -0.060161 0.196280 4.941356
v -0.697444 0.728588 1.419283
v -0.562705 -0.213923 1.420215
v 0.685887 1.007882 1.419283
v 0.669010 1.039444 3.227347
v 0.511404 0.828168 3.672591
v 0.308819 -0.242795 4.062762
v 0.001172 -0.242795 4.062762
v -0.697444 0.140295 1.583652
v -0.697444 0.012938 1.419283
v -0.697444 0.833295 1.583652
v -0.661521 0.833295 1.583652
v 0.699789 0.044777 2.775331
v 0.292775 0.749034 4.673451
v 0.296916 0.741286 4.668680
v 0.494052 0.850182 3.672591
v 0.699789 -0.050740 1.583652
v 0.699789 -0.050740 1.419283
v -0.446439 0.896921 3.672591
v -0.092775 0.394986 5.242413
v -0.697444 0.222599 2.857516
v -0.697444 0.833295 2.857516
v -0.082675 1.528774 2.754364
v 0.036044 0.245781 4.940524
v 0.077359 0.272976 5.245484
v -0.304616 0.242437 4.368462
v -0.299114 0.224229 4.357842
v 0.062506 0.192741 4.339480
v 0.062506 0.196280 4.941356
v -0.278156 0.428198 4.476821
v 0.699789 0.728588 1.419283
v 0.565050 -0.213923 1.420215
v -0.697444 0.203973 2.528777
v -0.697444 0.222599 2.528777
v -0.697444 0.076617 2.200037
v -0.697444 0.108456 2.200037
v 0.699789 0.140295 1.583652
v 0.699789 0.012938 1.419283
v -0.290179 0.210930 4.941108
v -0.697444 0.172134 2.446592
v 0.699789 0.833295 1.583652
v 0.663866 0.833295 1.583652
v -0.697444 0.076617 1.789114
v -0.278832 0.883357 1.549657
v -0.432221 0.696453 4.641075
v -0.278832 0.883357 4.756156
v 0.448784 0.896921 3.672591
v -0.369873 -0.817102 3.672591
v -0.532574 -0.184234 3.672591
v -0.584702 1.106651 1.419283
v -0.697444 -0.826159 1.419283
v 0.095120 0.394986 5.242413
v -0.514812 -1.008921 3.227347
v -0.259401 0.775583 4.689797
v -0.269644 0.770107 4.686426
v -0.060160 0.429650 4.477710
v -0.100210 0.516330 4.530170
v 0.699789 0.222599 2.857516
v 0.699789 0.833295 2.857516
v -0.209789 0.456920 4.493590
v -0.033700 0.379195 4.938283
v 0.085288 1.528774 2.754364
v -0.263505 0.439021 4.937269
v -0.031842 0.264643 4.940208
v 0.306961 0.242437 4.368462
v 0.301459 0.224229 4.357842
v 0.280501 0.428198 4.476821
v -0.306474 0.691970 4.638315
v -0.697444 0.833295 2.528777
v -0.697444 0.044777 1.871299
v 0.699789 0.203973 2.528777
v 0.699789 0.222599 2.528777
v 0.699789 0.076617 2.200037
v 0.699789 0.108456 2.200037
v -0.697444 0.140295 2.775331
v -0.697444 0.833295 2.775331
v -0.697444 0.076617 2.446592
v 0.292524 0.210930 4.941108
v -0.697444 0.044777 2.200037
v -0.661521 0.222599 2.857516
v -0.661521 0.222599 2.117853
v 0.699789 0.172134 2.446592
v -0.661521 0.222599 1.871299
v 0.699789 0.076617 1.789114
v 0.281177 0.883357 1.549657
v -0.521953 0.803048 3.672591
v -0.370991 -0.806560 1.419283
v 0.434566 0.696453 4.641075
v 0.281177 0.883357 4.756156
v 0.372218 -0.817102 3.672591
v 0.534919 -0.184234 3.672591
v 0.587047 1.106651 1.419283
v -0.697444 -0.806408 1.419283
v -0.420264 0.919652 3.672591
v -0.133161 1.203382 2.325232
v 0.699789 -0.826159 1.419283
v -0.048136 0.413943 4.937699
v -0.299114 0.227645 4.940826
v -0.253168 0.260865 5.245786
v -0.256862 0.360716 5.243268
v 0.517157 -1.008921 3.227347
v 0.261745 0.775583 4.689797
v 0.271989 0.770107 4.686426
v -0.258109 0.348110 5.243586
v -0.697444 0.833295 3.062978
v -0.697444 0.076617 2.857516
v -0.697444 0.076617 3.062978
v 0.062505 0.429650 4.477710
v 0.102555 0.516330 4.530170
v -0.697444 0.203973 2.200037
v -0.697444 0.203973 2.446592
v 0.212134 0.456920 4.493590
v -0.697444 0.222599 2.446592
v -0.697444 -0.018901 1.583652
v 0.036044 0.379195 4.938283
v 0.265849 0.439021 4.937269
v 0.034186 0.264643 4.940208
v 0.308819 0.691970 4.638315
v -0.697444 -0.018901 1.789114
v -0.697444 0.012938 2.775331
v -0.697444 -0.050740 2.446592
v -0.697444 -0.018901 2.446592
v -0.298713 0.733538 4.663909
v -0.110395 1.354433 2.318527
v -0.109665 0.455736 4.492921
v -0.109666 0.166178 4.323981
v -0.256862 0.272976 5.245481
v -0.304616 0.245781 4.940521
v 0.699789 0.833295 2.528777
v 0.699789 0.044777 1.871299
v 0.699789 0.140295 2.775331
v 0.699789 0.833295 2.775331
v 0.699789 0.076617 2.446592
v 0.699789 0.044777 2.200037
v 0.663866 0.222599 2.857516
v 0.663866 0.222599 2.117853
v 0.663866 0.222599 1.871299
v -0.218045 0.225928 5.246667
v 0.524298 0.803048 3.672591
v 0.373337 -0.806560 1.419283
v 0.699789 -0.806408 1.419283
v 0.422609 0.919652 3.672591
v -0.073767 0.285570 5.245167
v 0.135774 1.203382 2.325232
v -0.697444 0.172134 3.062978
v 0.050481 0.413943 4.937699
v 0.301459 0.227645 4.940826
v 0.255513 0.260865 5.245786
v -0.697444 0.203973 3.062978
v -0.697444 0.203973 3.227347
v 0.259206 0.360716 5.243268
v 0.260453 0.348110 5.243586
v -0.697444 0.172134 3.227347
v -0.697444 0.012938 2.446592
v -0.697444 -0.018901 2.117853
v -0.697444 0.108456 1.789114
v -0.697444 0.108456 1.871299
v -0.643952 1.067103 1.419283
v -0.616277 1.089796 1.419283
v 0.699789 0.833295 3.062978
v 0.699789 0.076617 2.857516
v 0.699789 0.076617 3.062978
v 0.699789 0.203973 2.200037
v 0.699789 0.203973 2.446592
v 0.699789 0.222599 2.446592
v 0.699789 -0.018901 1.583652
v 0.699789 -0.018901 1.789114
v 0.699789 0.012938 2.775331
v 0.699789 -0.050740 2.446592
v 0.699789 -0.018901 2.446592
v 0.301058 0.733538 4.663909
v -0.048136 0.207449 4.348063
v 0.113008 1.354433 2.318527
v -0.263503 0.180670 4.332434
v 0.112010 0.455736 4.492921
v 0.112011 0.166178 4.323981
v -0.290180 0.413494 4.468242
v 0.259206 0.272976 5.245481
v 0.306961 0.245781 4.940521
v 0.220390 0.225928 5.246667
v -0.290180 0.412145 4.937720
v -0.306474 0.264642 4.940204
v 0.076112 0.285570 5.245167
v 0.699789 0.172134 3.062978
v 0.699789 0.203973 3.062978
v 0.699789 0.203973 3.227347
v 0.699789 0.172134 3.227347
v -0.074813 0.184257 4.941558
v 0.699789 0.012938 2.446592
v 0.699789 -0.018901 2.117853
v 0.699789 0.108456 1.789114
v 0.699789 0.108456 1.871299
v -0.102610 0.231894 5.246518
v 0.646297 1.067103 1.419283
v 0.618622 1.089796 1.419283
v -0.697444 0.108456 2.775331
v -0.697444 0.203973 2.775331
v -0.428560 0.733630 4.663966
v -0.369873 -0.184355 3.672591
v 0.050481 0.207449 4.348063
v 0.265848 0.180670 4.332434
v 0.292525 0.413494 4.468242
v 0.292525 0.412145 4.937720
v -0.484485 1.120482 1.419283
v 0.308819 0.264642 4.940204
v 0.077157 0.184257 4.941558
v 0.104955 0.231894 5.246518
v -0.301428 0.724587 4.658398
v -0.102609 0.402943 5.242212
v -0.091528 0.171701 4.327204
v -0.074812 0.180670 4.332438
v -0.306474 0.359771 4.436903
v -0.306474 0.358304 4.938626
v 0.699789 0.108456 2.775331
v 0.699789 0.203973 2.775331
v -0.075014 0.362059 5.243243
v -0.697444 -0.018901 2.857516
v 0.430904 0.733630 4.663966
v -0.697444 0.044777 2.857516
v -0.697444 -0.018901 1.871299
v 0.372218 -0.184355 3.672591
v -0.697444 0.222599 1.583652
v -0.697444 -0.018901 3.062978
v 0.486831 1.120482 1.419283
v 0.303773 0.724587 4.658398
v 0.104954 0.402943 5.242212
v -0.661521 0.222599 2.200037
v 0.093873 0.171701 4.327204
v 0.077157 0.180670 4.332438
v -0.661521 0.833295 1.789114
v 0.308819 0.359771 4.436903
v -0.417715 0.769379 4.685977
v 0.308819 0.358304 4.938626
v 0.077359 0.362059 5.243243
v -0.314581 0.872513 4.749479
v -0.518024 -0.756666 1.420215
v -0.697444 -0.050740 1.789114
v -0.643952 1.067103 3.227347
v -0.693934 -0.861791 1.419283
v 0.699789 -0.018901 2.857516
v 0.699789 0.044777 2.857516
v 0.699789 -0.018901 1.871299
v 0.699789 0.222599 1.583652
v 0.699789 -0.018901 3.062978
v -0.031842 0.361582 4.437999
v -0.074812 0.441556 4.484654
v 0.663866 0.222599 2.200037
v 0.663866 0.833295 1.789114
v 0.420060 0.769379 4.685977
v 0.316926 0.872513 4.749479
v -0.193209 0.221014 5.246791
v 0.520370 -0.756666 1.420215
v 0.699789 -0.050740 1.789114
v 0.646297 1.067103 3.227347
v -0.697444 0.172134 1.419283
v -0.697444 0.140295 3.227347
v -0.697444 0.108456 2.528777
v 0.696280 -0.861791 1.419283
v -0.697444 -0.018901 2.200037
v -0.697444 0.012938 2.200037
v -0.697444 0.172134 2.200037
v -0.697444 0.172134 1.871299
v -0.697444 0.172134 2.117853
v -0.697444 0.203973 1.789114
v 0.034187 0.361582 4.437999
v 0.077156 0.441556 4.484654
v -0.697444 0.203973 1.871299
v -0.697444 0.108456 1.583652
v -0.314581 0.872513 1.549657
v -0.347527 0.854903 1.549657
v 0.195554 0.221014 5.246791
v -0.428559 0.733630 1.549657
v -0.616277 -0.978070 3.227347
v 0.699789 0.172134 1.419283
v 0.699789 0.140295 3.227347
v -0.470562 -0.792531 3.672591
v -0.697444 0.938001 1.419283
v -0.550441 1.117019 1.419283
v -0.514812 1.120503 3.227347
v 0.699789 0.108456 2.528777
v 0.699789 -0.018901 2.200037
v 0.699789 0.012938 2.200037
v 0.699789 0.172134 2.200037
v 0.699789 0.172134 1.871299
v 0.699789 0.172134 2.117853
v 0.699789 0.203973 1.789114
v 0.699789 0.203973 1.871299
v 0.699789 0.108456 1.583652
v 0.316926 0.872513 1.549657
v 0.349873 0.854903 1.549657
v 0.430905 0.733630 1.549657
v -0.693935 -0.861791 3.227347
v -0.491707 -0.774438 3.672591
v 0.618622 -0.978070 3.227347
v 0.472907 -0.792531 3.672591
v -0.509059 -0.752399 3.672591
v 0.699789 0.938001 1.419283
v 0.552787 1.117019 1.419283
v 0.517157 1.120503 3.227347
v -0.529893 -0.699986 3.672591
v 0.696280 -0.861791 3.227347
v -0.532574 -0.671627 3.672591
v -0.264523 0.772845 4.688111
v 0.494052 -0.774438 3.672591
v 0.511404 -0.752399 3.672591
v 0.532238 -0.699986 3.672591
v 0.534919 -0.671627 3.672591
v -0.031842 -0.008936 4.206754
v 0.266867 0.772845 4.688111
v 0.001172 -0.008937 4.206754
v 0.034187 -0.008936 4.206754
v -0.128527 0.457464 4.493926
v 0.130872 0.457464 4.493926
v -0.306474 0.261373 4.379507
v -0.290179 0.207449 4.348054
v -0.278155 0.192741 4.339475
v -0.246787 0.171701 4.327202
v -0.228650 0.166178 4.323980
v -0.263504 0.440297 4.483882
v -0.299115 0.396750 4.458474
v 0.308819 0.261373 4.379507
v 0.292524 0.207449 4.348054
v 0.280500 0.192741 4.339475
v 0.249132 0.171701 4.327202
v 0.230994 0.166178 4.323980
v 0.265849 0.440297 4.483882
v 0.301459 0.396750 4.458474
v 0.306961 0.378610 4.447892
v -0.304616 0.378610 4.447892
v -0.074811 0.440422 4.937253
v -0.091527 0.449234 4.937104
v 0.077156 0.440422 4.937253
v 0.093872 0.449234 4.937104
v 0.112009 0.454601 4.937013
v 0.212134 0.455716 4.936990
v 0.280500 0.196280 4.941355
v 0.208216 0.411821 5.241982
v 0.195555 0.413155 5.241950
v -0.109664 0.454601 4.937013
v -0.209789 0.455716 4.936990
v 0.699789 0.938001 2.446592
v 0.699789 0.938001 2.200037
v -0.278155 0.196280 4.941355
v -0.205872 0.411821 5.241982
v 0.699789 0.728588 3.227347
v -0.193211 0.413155 5.241950
v -0.697444 0.938001 2.446592
v -0.697444 0.938001 2.200037
v -0.697444 0.728588 3.227347
v -0.697444 0.044777 3.062978
v -0.697444 0.172134 2.857516
v -0.697444 0.203973 2.857516
v -0.697444 0.076617 2.775331
v -0.697444 0.222599 2.775331
v -0.697444 0.044777 2.117853
v -0.697444 0.203973 2.117853
v -0.697444 0.140295 1.871299
v 0.699789 0.044777 3.062978
v 0.699789 0.172134 2.857516
v 0.699789 0.203973 2.857516
v 0.699789 0.076617 2.775331
v 0.699789 0.222599 2.775331
v 0.699789 0.044777 2.117853
v 0.699789 0.203973 2.117853
v 0.699789 0.140295 1.871299
v 0.699789 0.012938 1.583652
v 0.663866 0.222599 2.528777
v 0.663866 0.833295 2.528777
v -0.697444 0.012938 1.583652
v 0.420060 0.769379 3.098668
v 0.316926 0.872513 3.102715
v 0.281177 0.883357 3.103141
v 0.243999 0.887019 3.103284
v -0.661521 0.222599 2.528777
v 0.434566 0.696453 3.095806
v -0.661521 0.833295 2.528777
v 0.378750 0.831203 3.101094
v 0.402450 0.802325 3.099961
v 0.434566 -0.349872 3.054747
v -0.417715 0.769379 3.098668
v -0.314581 0.872513 3.102715
v -0.278832 0.883357 3.103141
v -0.241654 0.887019 3.103284
v -0.432221 0.696453 3.095806
v -0.376405 0.831203 3.101094
v -0.400105 0.802325 3.099961
v 0.430905 0.733630 3.097265
v 0.349872 0.854903 3.102024
v -0.432221 -0.349872 3.054747
v -0.428560 0.733630 3.097265
v 0.047537 1.701200 2.854013
v 0.047537 1.701988 2.543176
v -0.347527 0.854903 3.102024
v -0.044924 1.701200 2.854013
v -0.044924 1.701988 2.543176
v 0.107221 1.400200 2.283242
v 0.033159 1.181865 3.017168
v 0.035553 1.147357 1.733423
v -0.104608 1.400200 2.283242
v 0.109271 1.383514 2.893501
v -0.030546 1.181865 3.017168
v -0.032940 1.147357 1.733423
v 0.076813 1.703333 2.853348
v 0.076813 1.703333 2.544334
v -0.106657 1.383514 2.893501
v -0.074199 1.703333 2.853348
v -0.074199 1.703333 2.544334
v -0.145258 1.120482 1.674897
v 0.147871 1.120482 1.674897
v 0.078044 1.398266 2.280797
v 0.147871 1.120482 3.036655
v 0.078251 1.395028 2.949489
v -0.075430 1.398266 2.280797
v -0.145258 1.120482 3.036655
v 0.082477 1.646866 2.811374
v 0.082477 1.646866 2.570567
v -0.075638 1.395028 2.949489
v -0.079864 1.646866 2.811374
v -0.079864 1.646866 2.570567
v 0.115851 1.332429 2.489005
v 0.139736 1.176463 2.959255
v 0.139736 1.176463 1.931046
v -0.113237 1.332429 2.489005
v 0.110287 1.375493 2.798720
v -0.137123 1.176463 2.959255
v -0.137123 1.176463 1.931046
v 0.025885 1.699623 2.854505
v 0.025885 1.700994 2.542318
v -0.107674 1.375493 2.798720
v -0.023271 1.699623 2.854505
v -0.023271 1.700994 2.542318
v -0.113649 1.135947 1.708533
v 0.116262 1.135947 1.708533
v 0.030739 1.396837 2.278988
v 0.113022 1.155767 3.025454
v 0.028771 1.391203 2.950695
v 0.030055 1.120482 3.227347
v 0.030604 1.120482 3.036655
v 0.038748 1.155767 3.025454
v -0.028126 1.396837 2.278988
v -0.110409 1.155767 3.025454
v -0.026158 1.391203 2.950695
v 0.001307 0.956706 3.672591
v 0.001173 -1.008943 3.227347
v 0.001172 -0.184355 3.672591
v 0.001307 1.396837 2.278988
v 0.001172 0.516330 4.530170
v 0.001172 0.458112 4.494324
v 0.001172 0.887019 4.758410
v 0.001307 1.700994 2.542318
v 0.001307 1.699623 2.854505
v 0.001307 1.120482 1.674897
v 0.001172 -0.349872 3.996833
v 0.001307 1.120482 1.419283
v 0.001307 -0.213923 1.419283
v 0.001307 -1.008942 1.419283
v 0.001172 -0.817102 3.672591
v 0.001172 -0.656028 3.672591
v 0.001307 1.391203 2.950695
v 0.001173 -0.349872 1.549657
v 0.001307 -0.806560 1.419283
v 0.001173 0.887019 1.549657
v 0.001172 0.691970 4.638315
v 0.001172 0.361582 4.437999
v 0.001172 0.261373 4.379527
v 0.001172 0.084001 4.269055
v 0.001173 0.887019 3.103284
v 0.001173 -0.349872 3.054747
v 0.001307 1.135947 1.708533
v 0.001307 1.147357 1.733423
v 0.001307 1.181865 3.017168
v 0.001307 1.120482 3.227347
v 0.001307 1.120482 3.036655
v 0.001307 1.155767 3.025454
v -0.027442 1.120482 3.227347
v -0.027991 1.120482 3.036655
v -0.036135 1.155767 3.025454
v 0.148818 -0.213923 1.419283
v 0.149360 -1.008942 1.419283
v 0.147907 1.120482 1.419283
v 0.149222 -0.806560 1.419283
v -0.143258 1.120482 1.419283
v -0.131291 -0.806560 1.419283
v -0.134971 -0.213923 1.419283
v -0.130034 -1.008942 1.419283
v -0.145226 1.011925 3.522471
v -0.145130 0.946831 3.672591
v -0.145362 1.120482 3.227347
v 0.149466 1.012669 3.520449
v 0.148387 1.120482 3.227347
v 0.150054 0.946642 3.672591
vt 0.776131 0.573641
vt 0.776131 0.573641
vt 0.782522 0.573633
vt 0.782522 0.573633
vt 0.579397 0.699978
vt 0.551069 0.699978
vt 0.551069 0.581551
vt 0.579397 0.581551
vt 0.101596 0.262200
vt 0.033339 0.239918
vt 0.033087 0.098997
vt 0.101384 0.143788
vt 0.776130 0.504725
vt 0.776130 0.504725
vt 0.782522 0.504717
vt 0.782522 0.504717
vt 0.000000 0.000000
vt 0.000000 0.000000
vt 0.000000 0.000000
vt 0.000000 0.000000
vt 0.415988 0.622707
vt 0.551069 0.818405
vt 0.033591 0.380840
vt 0.031150 0.380844
vt 0.028769 0.380839
vt 0.026539 0.380826
vt 0.024545 0.380804
vt 0.487695 0.427198
vt 0.489848 0.427189
vt 0.492185 0.427184
vt 0.494615 0.427182
vt 0.510487 0.427182
vt 0.492185 0.717104
vt 0.494615 0.717259
vt 0.494615 0.572221
vt 0.492185 0.572144
vt 0.485807 0.714886
vt 0.487695 0.715894
vt 0.487695 0.571546
vt 0.485807 0.571048
vt 0.026027 0.094427
vt 0.024031 0.093163
vt 0.024288 0.236984
vt 0.026283 0.237626
vt 0.033087 0.098997
vt 0.030643 0.097401
vt 0.030897 0.239122
vt 0.033339 0.239918
vt 0.782522 0.516203
vt 0.782522 0.516203
vt 0.882277 0.493098
vt 0.879970 0.493105
vt 0.869126 0.461810
vt 0.870962 0.461804
vt 0.147642 0.862601
vt 0.147642 0.860222
vt 0.147025 0.860752
vt 0.147287 0.862632
vt 0.808088 0.516170
vt 0.801696 0.516178
vt 0.801696 0.527664
vt 0.808088 0.527656
vt 0.840045 0.527615
vt 0.833653 0.527623
vt 0.833653 0.539109
vt 0.840045 0.539101
vt 0.147025 0.860752
vt 0.147287 0.862632
vt 0.626850 0.738022
vt 0.621737 0.738023
vt 0.617609 0.775953
vt 0.626850 0.779439
vt 0.878682 0.493106
vt 0.840045 0.493157
vt 0.837350 0.461851
vt 0.868101 0.461811
vt 0.795305 0.516186
vt 0.795305 0.527673
vt 0.776130 0.608099
vt 0.776130 0.619585
vt 0.769739 0.619594
vt 0.769739 0.608108
vt 0.767400 0.493246
vt 0.765118 0.493237
vt 0.777719 0.461916
vt 0.779533 0.461923
vt 0.412616 0.927124
vt 0.400379 0.927124
vt 0.380872 0.927123
vt 0.380872 0.800762
vt 0.412616 0.800762
vt 0.878682 0.619453
vt 0.879970 0.619451
vt 0.788913 0.516195
vt 0.782522 0.527689
vt 0.788913 0.527681
vt 0.833653 0.573567
vt 0.827262 0.573575
vt 0.827262 0.585061
vt 0.833653 0.585053
vt 0.769739 0.493248
vt 0.781394 0.461924
vt 0.779533 0.461923
vt 0.767400 0.493246
vt 0.374321 0.800768
vt 0.372256 0.800775
vt 0.381767 0.769739
vt 0.383344 0.769733
vt 0.840045 0.619503
vt 0.840045 0.608017
vt 0.840045 0.596531
vt 0.840045 0.585045
vt 0.840045 0.573559
vt 0.840045 0.562073
vt 0.840045 0.550587
vt 0.840045 0.539101
vt 0.840045 0.527615
vt 0.840045 0.516128
vt 0.840045 0.504642
vt 0.801696 0.539150
vt 0.808088 0.539142
vt 0.206683 0.827681
vt 0.206683 0.841825
vt 0.192763 0.841836
vt 0.192763 0.840455
vt 0.192993 0.837965
vt 0.193672 0.835570
vt 0.194775 0.833363
vt 0.196260 0.831427
vt 0.198068 0.829839
vt 0.200132 0.828658
vt 0.202372 0.827930
vt 0.204701 0.827683
vt 0.206683 0.883243
vt 0.206683 0.971371
vt 0.204701 0.971373
vt 0.202372 0.971129
vt 0.200132 0.970405
vt 0.198069 0.969227
vt 0.196260 0.967641
vt 0.194775 0.965708
vt 0.193672 0.963502
vt 0.192993 0.961108
vt 0.192763 0.958618
vt 0.192763 0.951767
vt 0.192763 0.944915
vt 0.192763 0.938064
vt 0.192763 0.931213
vt 0.192763 0.924361
vt 0.192763 0.917510
vt 0.192763 0.910659
vt 0.192763 0.903808
vt 0.192763 0.896956
vt 0.192763 0.890105
vt 0.192763 0.883254
vt 0.372254 0.691236
vt 0.374318 0.691227
vt 0.383355 0.722457
vt 0.381779 0.722464
vt 0.147602 0.871957
vt 0.147602 0.871957
vt 0.147482 0.872976
vt 0.147482 0.872976
vt 0.147642 0.864530
vt 0.147642 0.853722
vt 0.147642 0.863526
vt 0.378890 0.927123
vt 0.378890 0.800762
vt 0.147482 0.863570
vt 0.147482 0.863570
vt 0.134779 0.876413
vt 0.136011 0.876404
vt 0.136011 0.876404
vt 0.134779 0.876378
vt 0.147602 0.864587
vt 0.147602 0.864587
vt 0.769739 0.493248
vt 0.769739 0.504734
vt 0.769739 0.516220
vt 0.769739 0.527706
vt 0.769739 0.539192
vt 0.769739 0.550678
vt 0.769739 0.562164
vt 0.769739 0.573650
vt 0.769739 0.585136
vt 0.769739 0.596622
vt 0.767400 0.619593
vt 0.765118 0.619583
vt 0.762982 0.619566
vt 0.762982 0.493220
vt 0.761072 0.619542
vt 0.761072 0.493195
vt 0.370445 0.691247
vt 0.370445 0.564886
vt 0.372254 0.564875
vt 0.374318 0.564866
vt 0.376557 0.564861
vt 0.376557 0.691222
vt 0.378886 0.564859
vt 0.378886 0.691220
vt 0.129691 0.843995
vt 0.147642 0.827745
vt 0.127533 0.827745
vt 0.127533 0.843995
vt 0.134779 0.876378
vt 0.133595 0.876284
vt 0.133595 0.876284
vt 0.827262 0.527631
vt 0.827262 0.539117
vt 0.776130 0.516211
vt 0.776130 0.527697
vt 0.776131 0.585127
vt 0.776131 0.585127
vt 0.133593 0.860360
vt 0.133593 0.860360
vt 0.134778 0.860257
vt 0.134778 0.860257
vt 0.376561 0.800763
vt 0.385056 0.769729
vt 0.383344 0.769733
vt 0.374321 0.800768
vt 0.814479 0.573592
vt 0.808088 0.573600
vt 0.808088 0.585086
vt 0.814479 0.585078
vt 0.376561 0.927125
vt 0.376561 0.800763
vt 0.374321 0.927130
vt 0.372256 0.927137
vt 0.370445 0.927147
vt 0.370445 0.800785
vt 0.888142 0.493031
vt 0.888142 0.619377
vt 0.886443 0.619406
vt 0.886443 0.493060
vt 0.884462 0.619429
vt 0.884462 0.493083
vt 0.882277 0.619444
vt 0.147642 0.870898
vt 0.147642 0.872039
vt 0.147642 0.871000
vt 0.132500 0.860527
vt 0.132500 0.860527
vt 0.820870 0.527639
vt 0.820870 0.539125
vt 0.814479 0.527648
vt 0.814479 0.539134
vt 0.795305 0.539159
vt 0.814479 0.516162
vt 0.380868 0.564859
vt 0.380869 0.691220
vt 0.147642 0.870898
vt 0.147642 0.865645
vt 0.147642 0.865645
vt 0.069606 0.868786
vt 0.069606 0.835823
vt 0.080241 0.835831
vt 0.080241 0.868795
vt 0.045354 0.868786
vt 0.069606 0.938925
vt 0.045354 0.938925
vt 0.080241 0.928775
vt 0.080066 0.930757
vt 0.079547 0.932662
vt 0.078704 0.934418
vt 0.077570 0.935956
vt 0.076188 0.937218
vt 0.074611 0.938156
vt 0.072900 0.938733
vt 0.071121 0.938926
vt 0.070258 0.938926
vt 0.144834 0.860527
vt 0.144834 0.860527
vt 0.143741 0.860360
vt 0.143741 0.860360
vt 0.069606 0.824566
vt 0.071121 0.824567
vt 0.072900 0.824764
vt 0.074611 0.825343
vt 0.076188 0.826283
vt 0.077570 0.827548
vt 0.078704 0.829088
vt 0.079547 0.830845
vt 0.080066 0.832751
vt 0.080241 0.834733
vt 0.141323 0.876366
vt 0.141323 0.876366
vt 0.147490 0.894344
vt 0.155622 0.895594
vt 0.155861 0.893011
vt 0.147642 0.892699
vt 0.147566 0.893522
vt 0.132505 0.876124
vt 0.132505 0.876124
vt 0.130308 0.875915
vt 0.130308 0.875915
vt 0.385066 0.722453
vt 0.380383 0.769746
vt 0.370445 0.691247
vt 0.380397 0.722473
vt 0.381779 0.722464
vt 0.372254 0.691236
vt 0.776021 0.461903
vt 0.385800 0.711780
vt 0.387709 0.722452
vt 0.386845 0.722452
vt 0.133596 0.876422
vt 0.388350 0.769728
vt 0.412602 0.769728
vt 0.395943 0.691220
vt 0.380869 0.691220
vt 0.385834 0.711922
vt 0.395969 0.691220
vt 0.155861 0.820304
vt 0.147642 0.865574
vt 0.147642 0.882042
vt 0.833653 0.493165
vt 0.827262 0.493173
vt 0.820870 0.493181
vt 0.814479 0.493190
vt 0.808088 0.493198
vt 0.801696 0.493206
vt 0.795305 0.493214
vt 0.788913 0.493223
vt 0.782522 0.493231
vt 0.776130 0.493239
vt 0.781394 0.461924
vt 0.874282 0.461775
vt 0.875638 0.461753
vt 0.385056 0.769729
vt 0.386835 0.769728
vt 0.132508 0.876429
vt 0.774505 0.461884
vt 0.801696 0.573608
vt 0.795305 0.573617
vt 0.795305 0.585103
vt 0.801696 0.585094
vt 0.388350 0.769728
vt 0.380872 0.800762
vt 0.136011 0.860222
vt 0.141322 0.860222
vt 0.129691 0.852700
vt 0.144841 0.876341
vt 0.145804 0.876334
vt 0.136011 0.876404
vt 0.872703 0.461793
vt 0.380397 0.722473
vt 0.101596 0.262200
vt 0.101384 0.143788
vt 0.130308 0.860752
vt 0.130308 0.860752
vt 0.134160 0.880495
vt 0.400498 0.582724
vt 0.400498 0.677893
vt 0.000000 0.000000
vt 0.000000 0.000000
vt 0.000000 0.000000
vt 0.000000 0.000000
vt 0.788913 0.539167
vt 0.777719 0.461916
vt 0.765118 0.493237
vt 0.127534 0.892699
vt 0.127534 0.898812
vt 0.142932 0.898812
vt 0.143446 0.898759
vt 0.143960 0.898705
vt 0.144263 0.898607
vt 0.144900 0.898319
vt 0.145235 0.898129
vt 0.145584 0.897824
vt 0.145934 0.897519
vt 0.146264 0.897092
vt 0.146594 0.896665
vt 0.146864 0.896126
vt 0.147135 0.895588
vt 0.147312 0.894966
vt 0.136011 0.860222
vt 0.141322 0.860222
vt 0.154913 0.898078
vt 0.762982 0.493220
vt 0.761072 0.493195
vt 0.761072 0.619542
vt 0.762982 0.619566
vt 0.380872 0.927123
vt 0.401760 0.927124
vt 0.374318 0.691227
vt 0.376557 0.691222
vt 0.376557 0.564861
vt 0.374318 0.564866
vt 0.147490 0.894344
vt 0.147566 0.893522
vt 0.147642 0.892699
vt 0.155861 0.893011
vt 0.155622 0.895594
vt 0.147135 0.895588
vt 0.147312 0.894966
vt 0.154913 0.898078
vt 0.146594 0.896665
vt 0.146864 0.896126
vt 0.153762 0.900368
vt 0.145934 0.897519
vt 0.146264 0.897092
vt 0.152213 0.902374
vt 0.145235 0.898129
vt 0.145584 0.897824
vt 0.150326 0.904021
vt 0.144565 0.898510
vt 0.144900 0.898319
vt 0.148172 0.905245
vt 0.143960 0.898705
vt 0.145835 0.905998
vt 0.142932 0.898812
vt 0.143446 0.898759
vt 0.143405 0.906253
vt 0.127533 0.906253
vt 0.385066 0.722453
vt 0.386845 0.722452
vt 0.378886 0.691220
vt 0.147642 0.865574
vt 0.147642 0.871000
vt 0.147642 0.870898
vt 0.147642 0.865645
vt 0.144263 0.898607
vt 0.129691 0.871118
vt 0.125376 0.876449
vt 0.129691 0.876414
vt 0.129691 0.876318
vt 0.129691 0.876021
vt 0.129691 0.875535
vt 0.129691 0.874877
vt 0.129691 0.874074
vt 0.129691 0.873155
vt 0.129691 0.872157
vt 0.134778 0.860222
vt 0.136011 0.860222
vt 0.141322 0.860222
vt 0.141322 0.860222
vt 0.136011 0.860222
vt 0.129691 0.843995
vt 0.147642 0.827745
vt 0.776021 0.461903
vt 0.141323 0.876366
vt 0.136011 0.876404
vt 0.136011 0.876404
vt 0.141323 0.876366
vt 0.134160 0.880495
vt 0.147642 0.882042
vt 0.833653 0.550595
vt 0.840045 0.550587
vt 0.814479 0.550620
vt 0.820870 0.550611
vt 0.827262 0.550603
vt 0.134779 0.876378
vt 0.133595 0.876284
vt 0.133595 0.876284
vt 0.134779 0.876378
vt 0.840045 0.493157
vt 0.833653 0.493165
vt 0.833653 0.504651
vt 0.840045 0.504642
vt 0.782522 0.527689
vt 0.782522 0.539175
vt 0.782522 0.539175
vt 0.147287 0.862632
vt 0.147482 0.863570
vt 0.147482 0.863570
vt 0.147287 0.862632
vt 0.129691 0.852700
vt 0.147642 0.853722
vt 0.155861 0.820304
vt 0.000000 0.000000
vt 0.000000 0.000000
vt 0.129691 0.871118
vt 0.129691 0.872157
vt 0.129691 0.873155
vt 0.129691 0.874074
vt 0.129691 0.874877
vt 0.129691 0.875535
vt 0.129691 0.876021
vt 0.129691 0.876318
vt 0.129691 0.876414
vt 0.125376 0.876449
vt 0.782522 0.550661
vt 0.788913 0.550653
vt 0.769739 0.573650
vt 0.769739 0.585136
vt 0.141322 0.860222
vt 0.142555 0.860257
vt 0.142555 0.860257
vt 0.381767 0.769739
vt 0.372256 0.800775
vt 0.206683 0.827681
vt 0.204701 0.827683
vt 0.202372 0.827930
vt 0.200132 0.828658
vt 0.198068 0.829839
vt 0.196260 0.831427
vt 0.194775 0.833363
vt 0.193672 0.835570
vt 0.192993 0.837965
vt 0.192763 0.840455
vt 0.192763 0.841836
vt 0.206683 0.841825
vt 0.878682 0.619453
vt 0.878682 0.493106
vt 0.840045 0.516128
vt 0.840045 0.562073
vt 0.840045 0.573559
vt 0.840045 0.585045
vt 0.840045 0.596531
vt 0.840045 0.608017
vt 0.840045 0.619503
vt 0.380383 0.769746
vt 0.370445 0.800785
vt 0.134778 0.860222
vt 0.133593 0.860222
vt 0.132500 0.860222
vt 0.131542 0.860222
vt 0.130756 0.860222
vt 0.130172 0.860222
vt 0.129813 0.860222
vt 0.129691 0.860222
vt 0.814479 0.493190
vt 0.808088 0.493198
vt 0.808088 0.504684
vt 0.814479 0.504676
vt 0.827262 0.493173
vt 0.820870 0.493181
vt 0.820870 0.504667
vt 0.827262 0.504659
vt 0.833653 0.562081
vt 0.808088 0.550628
vt 0.808088 0.562114
vt 0.814479 0.562106
vt 0.820870 0.562097
vt 0.827262 0.562089
vt 0.782522 0.562147
vt 0.788913 0.562139
vt 0.801696 0.550636
vt 0.795305 0.550645
vt 0.795305 0.562131
vt 0.801696 0.562122
vt 0.147642 0.864530
vt 0.147642 0.863526
vt 0.147642 0.862601
vt 0.147642 0.861790
vt 0.147642 0.861124
vt 0.147642 0.860629
vt 0.147642 0.860325
vt 0.147642 0.860222
vt 0.142556 0.876358
vt 0.143744 0.876349
vt 0.144841 0.876341
vt 0.145804 0.876334
vt 0.146597 0.876329
vt 0.147189 0.876324
vt 0.147557 0.876322
vt 0.147687 0.876321
vt 0.370445 0.927147
vt 0.372256 0.927137
vt 0.888142 0.493031
vt 0.886443 0.493060
vt 0.886443 0.619406
vt 0.888142 0.619377
vt 0.820870 0.573583
vt 0.130046 0.862634
vt 0.129691 0.860222
vt 0.129691 0.862605
vt 0.879970 0.493105
vt 0.869126 0.461810
vt 0.868101 0.461811
vt 0.884462 0.493083
vt 0.884462 0.619429
vt 0.776130 0.539183
vt 0.776131 0.550669
vt 0.776131 0.562155
vt 0.769739 0.562164
vt 0.129691 0.865649
vt 0.129732 0.864590
vt 0.129691 0.864537
vt 0.129691 0.865583
vt 0.129852 0.863572
vt 0.129691 0.863531
vt 0.387721 0.722452
vt 0.882277 0.493098
vt 0.870962 0.461804
vt 0.206683 0.883243
vt 0.192763 0.883254
vt 0.192763 0.890105
vt 0.192763 0.896956
vt 0.192763 0.903808
vt 0.192763 0.910659
vt 0.192763 0.917510
vt 0.192763 0.924361
vt 0.192763 0.931213
vt 0.192763 0.938064
vt 0.192763 0.944915
vt 0.192763 0.951767
vt 0.192763 0.958618
vt 0.192993 0.961108
vt 0.193672 0.963502
vt 0.194775 0.965708
vt 0.196260 0.967641
vt 0.198069 0.969227
vt 0.200132 0.970405
vt 0.202372 0.971129
vt 0.204701 0.971373
vt 0.206683 0.971371
vt 0.383355 0.722457
vt 0.069606 0.938925
vt 0.070245 0.938926
vt 0.071121 0.938926
vt 0.072900 0.938733
vt 0.074611 0.938156
vt 0.076188 0.937218
vt 0.077570 0.935956
vt 0.078704 0.934418
vt 0.079547 0.932662
vt 0.080066 0.930757
vt 0.080241 0.928775
vt 0.080241 0.868795
vt 0.069606 0.868786
vt 0.147287 0.873918
vt 0.147287 0.873918
vt 0.147025 0.875796
vt 0.147025 0.875796
vt 0.776130 0.596613
vt 0.769739 0.596622
vt 0.769739 0.608108
vt 0.776130 0.608099
vt 0.378890 0.800762
vt 0.376561 0.927125
vt 0.378890 0.927123
vt 0.374321 0.927130
vt 0.788913 0.573625
vt 0.132500 0.860222
vt 0.130172 0.860222
vt 0.129813 0.860222
vt 0.129691 0.871022
vt 0.129732 0.872080
vt 0.129852 0.873095
vt 0.130046 0.874030
vt 0.130308 0.875915
vt 0.129691 0.876449
vt 0.132505 0.876124
vt 0.132508 0.876429
vt 0.133596 0.876422
vt 0.134779 0.876413
vt 0.147642 0.872039
vt 0.147602 0.871957
vt 0.147642 0.873039
vt 0.147482 0.872976
vt 0.147642 0.873962
vt 0.147287 0.873918
vt 0.147642 0.876321
vt 0.147025 0.875796
vt 0.144839 0.876037
vt 0.143743 0.876212
vt 0.142556 0.876323
vt 0.147602 0.864587
vt 0.147025 0.860752
vt 0.147642 0.860222
vt 0.144834 0.860527
vt 0.144834 0.860222
vt 0.143741 0.860360
vt 0.143741 0.860222
vt 0.142555 0.860257
vt 0.142555 0.860222
vt 0.129691 0.865649
vt 0.129691 0.865583
vt 0.129691 0.864537
vt 0.129732 0.864590
vt 0.129691 0.863531
vt 0.129852 0.863572
vt 0.129691 0.862605
vt 0.130046 0.862634
vt 0.129691 0.860222
vt 0.130308 0.860752
vt 0.132500 0.860527
vt 0.133593 0.860360
vt 0.134778 0.860257
vt 0.144839 0.876037
vt 0.147642 0.876321
vt 0.801696 0.493206
vt 0.801696 0.504692
vt 0.147642 0.870898
vt 0.147602 0.871957
vt 0.147482 0.872976
vt 0.147287 0.873918
vt 0.147025 0.875796
vt 0.144839 0.876037
vt 0.143743 0.876212
vt 0.142556 0.876323
vt 0.141323 0.876366
vt 0.136011 0.876404
vt 0.132505 0.876124
vt 0.130308 0.875915
vt 0.130046 0.874030
vt 0.129852 0.873095
vt 0.129732 0.872080
vt 0.129691 0.871021
vt 0.129691 0.865649
vt 0.129732 0.864590
vt 0.129852 0.863572
vt 0.130046 0.862634
vt 0.130308 0.860752
vt 0.132500 0.860527
vt 0.133593 0.860360
vt 0.134778 0.860257
vt 0.136011 0.860222
vt 0.141322 0.860222
vt 0.142555 0.860257
vt 0.143741 0.860360
vt 0.144834 0.860527
vt 0.147025 0.860752
vt 0.147602 0.864587
vt 0.147642 0.865645
vt 0.769739 0.504734
vt 0.769739 0.516220
vt 0.133593 0.860222
vt 0.144839 0.876037
vt 0.769739 0.539192
vt 0.769739 0.550678
vt 0.129691 0.865649
vt 0.129732 0.864590
vt 0.144834 0.860222
vt 0.143741 0.860222
vt 0.882277 0.619444
vt 0.153762 0.900368
vt 0.142555 0.860222
vt 0.129691 0.860222
vt 0.782522 0.585119
vt 0.782522 0.585119
vt 0.131542 0.860222
vt 0.130756 0.860222
vt 0.143743 0.876212
vt 0.143744 0.876349
vt 0.142556 0.876323
vt 0.142556 0.876358
vt 0.147642 0.873039
vt 0.769739 0.527706
vt 0.795305 0.493214
vt 0.788913 0.493223
vt 0.788913 0.504709
vt 0.795305 0.504700
vt 0.147642 0.873962
vt 0.879970 0.619451
vt 0.837350 0.461851
vt 0.626850 0.738022
vt 0.626850 0.779439
vt 0.617609 0.775953
vt 0.621737 0.738023
vt 0.146597 0.876329
vt 0.147189 0.876324
vt 0.147557 0.876322
vt 0.782522 0.493231
vt 0.820870 0.585069
vt 0.814479 0.596564
vt 0.820870 0.596555
vt 0.808088 0.596572
vt 0.833653 0.516137
vt 0.776130 0.493239
vt 0.765118 0.619583
vt 0.147642 0.860325
vt 0.147642 0.860222
vt 0.144565 0.898510
vt 0.148172 0.905245
vt 0.150326 0.904021
vt 0.152213 0.902374
vt 0.136011 0.860222
vt 0.833653 0.596539
vt 0.788913 0.585111
vt 0.874282 0.461775
vt 0.872703 0.461793
vt 0.769739 0.619594
vt 0.776130 0.619585
vt 0.820870 0.516153
vt 0.827262 0.516145
vt 0.827262 0.596547
vt 0.782522 0.562147
vt 0.776131 0.562155
vt 0.776131 0.585127
vt 0.776131 0.573641
vt 0.776131 0.573641
vt 0.776131 0.585127
vt 0.129732 0.872080
vt 0.129691 0.871022
vt 0.386835 0.769728
vt 0.875638 0.461753
vt 0.147642 0.861790
vt 0.147642 0.861124
vt 0.129852 0.873095
vt 0.400498 0.582724
vt 0.380868 0.564859
vt 0.400498 0.677893
vt 0.143743 0.876212
vt 0.142556 0.876323
vt 0.795305 0.596589
vt 0.801696 0.596580
vt 0.130046 0.862634
vt 0.129852 0.863572
vt 0.129691 0.871021
vt 0.129732 0.872080
vt 0.129852 0.873095
vt 0.130046 0.874030
vt 0.141323 0.876366
vt 0.130046 0.874030
vt 0.782522 0.596605
vt 0.788913 0.596597
vt 0.820870 0.608041
vt 0.827262 0.608033
vt 0.801696 0.608066
vt 0.808088 0.608058
vt 0.814479 0.608050
vt 0.833653 0.608025
vt 0.833653 0.619511
vt 0.827262 0.619519
vt 0.801696 0.619552
vt 0.808088 0.619544
vt 0.795305 0.608074
vt 0.795305 0.619561
vt 0.782522 0.608091
vt 0.788913 0.608083
vt 0.814479 0.619536
vt 0.820870 0.619528
vt 0.129691 0.876449
vt 0.378886 0.564859
vt 0.776131 0.550669
vt 0.782522 0.550661
vt 0.782522 0.619577
vt 0.788913 0.619569
vt 0.147642 0.860629
vt 0.782522 0.527689
vt 0.782522 0.539175
vt 0.782522 0.539175
vt 0.782522 0.527689
vt 0.143405 0.906253
vt 0.767400 0.619593
vt 0.776130 0.539183
vt 0.776130 0.527697
vt 0.147687 0.876321
vt 0.776130 0.596613
vt 0.782522 0.596605
vt 0.069606 0.835823
vt 0.080241 0.835831
vt 0.080241 0.834733
vt 0.080066 0.832751
vt 0.079547 0.830845
vt 0.078704 0.829088
vt 0.077570 0.827548
vt 0.076188 0.826283
vt 0.074611 0.825343
vt 0.072900 0.824764
vt 0.071121 0.824567
vt 0.069606 0.824566
vt 0.782522 0.608091
vt 0.776130 0.608099
vt 0.776130 0.504725
vt 0.776130 0.516211
vt 0.776130 0.527697
vt 0.776130 0.539183
vt 0.776131 0.550669
vt 0.776131 0.562155
vt 0.776130 0.596613
vt 0.833653 0.504651
vt 0.827262 0.504659
vt 0.820870 0.504667
vt 0.814479 0.504676
vt 0.808088 0.504684
vt 0.801696 0.504692
vt 0.795305 0.504700
vt 0.788913 0.504709
vt 0.782522 0.504717
vt 0.833653 0.516137
vt 0.827262 0.516145
vt 0.820870 0.516153
vt 0.814479 0.516162
vt 0.808088 0.516170
vt 0.801696 0.516178
vt 0.795305 0.516186
vt 0.788913 0.516195
vt 0.782522 0.516203
vt 0.782522 0.550661
vt 0.782522 0.550661
vt 0.776131 0.550669
vt 0.833653 0.527623
vt 0.827262 0.527631
vt 0.820870 0.527639
vt 0.814479 0.527648
vt 0.808088 0.527656
vt 0.801696 0.527664
vt 0.795305 0.527673
vt 0.788913 0.527681
vt 0.833653 0.539109
vt 0.827262 0.539117
vt 0.820870 0.539125
vt 0.814479 0.539134
vt 0.808088 0.539142
vt 0.801696 0.539150
vt 0.795305 0.539159
vt 0.788913 0.539167
vt 0.782522 0.573633
vt 0.782522 0.585119
vt 0.782522 0.585119
vt 0.782522 0.573633
vt 0.833653 0.550595
vt 0.827262 0.550603
vt 0.820870 0.550611
vt 0.814479 0.550620
vt 0.808088 0.550628
vt 0.801696 0.550636
vt 0.795305 0.550645
vt 0.788913 0.550653
vt 0.833653 0.562081
vt 0.827262 0.562089
vt 0.820870 0.562097
vt 0.814479 0.562106
vt 0.808088 0.562114
vt 0.801696 0.562122
vt 0.795305 0.562131
vt 0.788913 0.562139
vt 0.782522 0.562147
vt 0.833653 0.573567
vt 0.827262 0.573575
vt 0.820870 0.573583
vt 0.814479 0.573592
vt 0.808088 0.573600
vt 0.801696 0.573608
vt 0.795305 0.573617
vt 0.788913 0.573625
vt 0.833653 0.585053
vt 0.827262 0.585061
vt 0.820870 0.585069
vt 0.814479 0.585078
vt 0.808088 0.585086
vt 0.801696 0.585094
vt 0.795305 0.585103
vt 0.788913 0.585111
vt 0.776131 0.562155
vt 0.782522 0.562147
vt 0.833653 0.596539
vt 0.827262 0.596547
vt 0.820870 0.596555
vt 0.814479 0.596564
vt 0.808088 0.596572
vt 0.801696 0.596580
vt 0.795305 0.596589
vt 0.788913 0.596597
vt 0.782522 0.596605
vt 0.833653 0.608025
vt 0.827262 0.608033
vt 0.820870 0.608041
vt 0.814479 0.608050
vt 0.808088 0.608058
vt 0.801696 0.608066
vt 0.795305 0.608074
vt 0.788913 0.608083
vt 0.782522 0.608091
vt 0.833653 0.619511
vt 0.827262 0.619519
vt 0.820870 0.619528
vt 0.814479 0.619536
vt 0.808088 0.619544
vt 0.801696 0.619552
vt 0.795305 0.619561
vt 0.788913 0.619569
vt 0.782522 0.619577
vt 0.551069 0.581551
vt 0.551069 0.699978
vt 0.776130 0.527697
vt 0.776130 0.539183
vt 0.776130 0.608099
vt 0.782522 0.608091
vt 0.782522 0.596605
vt 0.776130 0.596613
vt 0.145835 0.905998
vt 0.782522 0.516203
vt 0.782522 0.504717
vt 0.776130 0.516211
vt 0.774505 0.461884
vt 0.776130 0.504725
vt 0.000000 0.000000
vt 0.000000 0.000000
vt 0.000000 0.000000
vt 0.000000 0.000000
vt 0.000000 0.000000
vt 0.000000 0.000000
vt 0.000000 0.000000
vt 0.000000 0.000000
vt 0.494615 0.427182
vt 0.492185 0.427184
vt 0.489848 0.427189
vt 0.487695 0.427198
vt 0.024545 0.380804
vt 0.026539 0.380826
vt 0.028769 0.380839
vt 0.031150 0.380844
vt 0.033591 0.380840
vt 0.551069 0.818405
vt 0.776130 0.516211
vt 0.492185 0.717104
vt 0.492185 0.572144
vt 0.494615 0.572221
vt 0.494615 0.717259
vt 0.489848 0.716642
vt 0.489848 0.571916
vt 0.487695 0.715894
vt 0.487695 0.571546
vt 0.485807 0.714886
vt 0.485807 0.571048
vt 0.026027 0.094427
vt 0.026283 0.237626
vt 0.024288 0.236984
vt 0.024031 0.093163
vt 0.028259 0.095858
vt 0.028514 0.238348
vt 0.030643 0.097401
vt 0.030897 0.239122
vt 0.028259 0.095858
vt 0.028514 0.238348
vt 0.489848 0.716642
vt 0.489848 0.571916
vt 0.000000 0.000000
vt 0.000000 0.000000
vt 0.000000 0.000000
vt 0.000000 0.000000
vt 0.000000 0.000000
vt 0.000000 0.000000
vt 0.000000 0.000000
vt 0.226478 0.971371
vt 0.227163 0.883243
vt 0.127533 0.820304
vt 0.510487 0.717259
vt 0.510487 0.572221
vt 0.045354 0.835823
vt 0.045354 0.824566
vt 0.000000 0.000000
vt 0.000000 0.000000
vt 0.000000 0.000000
vt 0.000000 0.000000
vt 0.226234 0.883243
vt 0.226309 0.971371
vt 0.372254 0.564875
vt 0.370445 0.564886
vt 0.400495 0.564859
vt 0.226189 0.827681
vt 0.222472 0.841825
vt 0.224125 0.841825
vt 0.227571 0.827681
vt 0.400663 0.564859
vt 0.101807 0.380612
vt 0.485807 0.427210
vt 0.132802 0.946882
vt 0.129475 0.946519
vt 0.129475 0.966125
vt 0.132088 0.963652
vt 0.238427 0.841825
vt 0.238427 0.827681
vt 0.407192 0.677893
vt 0.403471 0.691220
vt 0.412613 0.582724
vt 0.412613 0.564859
vt 0.664953 0.900593
vt 0.663861 0.896796
vt 0.644098 0.903426
vt 0.647780 0.906354
vt 0.791177 0.948485
vt 0.791066 0.945845
vt 0.771310 0.947297
vt 0.771375 0.951011
vt 0.141589 0.961823
vt 0.134130 0.961823
vt 0.135253 0.947150
vt 0.141589 0.947150
vt 0.412613 0.586799
vt 0.412613 0.585066
vt 0.403019 0.585066
vt 0.404920 0.586799
vt 0.676694 0.898585
vt 0.676693 0.959223
vt 0.668262 0.939582
vt 0.665477 0.902420
vt 0.136168 0.966125
vt 0.140412 0.966125
vt 0.141274 0.963652
vt 0.137660 0.963652
vt 0.649549 0.922298
vt 0.649550 0.907763
vt 0.400498 0.625099
vt 0.403839 0.624907
vt 0.137651 0.925533
vt 0.141589 0.925533
vt 0.135253 0.947150
vt 0.134130 0.961823
vt 0.403471 0.691220
vt 0.407192 0.677893
vt 0.676694 0.898585
vt 0.665477 0.902420
vt 0.668262 0.939582
vt 0.676693 0.959223
vt 0.649550 0.907763
vt 0.649549 0.922298
vt 0.137651 0.925533
vt 0.485807 0.427210
vt 0.579397 0.818405
vt 0.644098 0.925020
vt 0.647780 0.923182
vt 0.101807 0.380612
vt 0.744966 0.963156
vt 0.745042 0.968178
vt 0.765239 0.968178
vt 0.765283 0.963156
vt 0.647780 0.906354
vt 0.647780 0.923182
vt 0.644098 0.925020
vt 0.644098 0.903426
vt 0.790915 0.942271
vt 0.771223 0.942271
vt 0.666833 0.940769
vt 0.666833 0.940769
vt 0.663861 0.943239
vt 0.678448 0.967831
vt 0.678448 0.895981
vt 0.682098 0.890568
vt 0.682098 0.985726
vt 0.678448 0.895981
vt 0.664953 0.900593
vt 0.663861 0.896796
vt 0.134178 0.925423
vt 0.129475 0.925273
vt 0.663861 0.943239
vt 0.744966 0.963156
vt 0.765283 0.963156
vt 0.765239 0.968178
vt 0.745042 0.968178
vt 0.682098 0.890568
vt 0.403019 0.585066
vt 0.791066 0.945845
vt 0.771310 0.947297
vt 0.771223 0.942271
vt 0.790915 0.942271
vt 0.132088 0.963652
vt 0.137660 0.963652
vt 0.136168 0.966125
vt 0.129475 0.966125
vt 0.132802 0.946882
vt 0.129475 0.946519
vt 0.403839 0.624907
vt 0.400498 0.625099
vt 0.678448 0.967831
vt 0.682098 0.985726
vt 0.134178 0.925423
vt 0.129475 0.925273
vt 0.744910 0.959441
vt 0.765315 0.959441
vt 0.744910 0.959441
vt 0.765315 0.959441
vt 0.404920 0.586799
vt 0.791177 0.948485
vt 0.771375 0.951011
vt 0.406308 0.624765
vt 0.412352 0.691220
vt 0.411436 0.677893
vt 0.406308 0.624765
vt 0.412613 0.624765
vt 0.771375 0.955225
vt 0.791177 0.955225
vt 0.765315 0.955225
vt 0.744910 0.955225
vt 0.388360 0.722452
vt 0.412613 0.722452
vt 0.388360 0.722452
vt 0.000000 0.000000
vt 0.000000 0.000000
vt 0.238427 0.883243
vt 0.238427 0.971371
vn 0.0000 0.0000 -1.0000
vn 0.0000 -1.0000 -0.0000
vn 1.0000 0.0000 0.0000
vn 0.9988 0.0491 0.0000
vn 0.9978 0.0663 0.0000
vn 0.0000 -0.5040 0.8637
vn -0.0000 -0.5044 0.8635
vn 0.0089 -0.5167 0.8561
vn -0.0000 -0.5164 0.8564
vn -0.1875 0.9823 -0.0000
vn -0.0481 0.9988 -0.0000
vn -0.0491 0.9988 -0.0000
vn -0.1951 0.9808 -0.0000
vn -0.6883 0.7254 -0.0000
vn -0.5379 0.8430 -0.0000
vn -0.5556 0.8315 -0.0000
vn -0.7071 0.7071 -0.0000
vn -0.8144 0.5803 -0.0000
vn -0.8315 0.5556 -0.0000
vn -0.9978 0.0663 -0.0000
vn -0.9736 0.2284 -0.0000
vn -0.9808 0.1951 -0.0000
vn -0.9988 0.0491 -0.0000
vn 0.0000 1.0000 0.0000
vn 0.9596 -0.1964 0.2014
vn 0.9816 -0.0521 0.1836
vn 0.9330 -0.0363 0.3580
vn 0.9056 -0.1616 0.3923
vn -0.8151 -0.5793 0.0034
vn -0.6891 -0.7247 0.0043
vn -0.7043 -0.7034 0.0962
vn -0.8280 -0.5528 0.0939
vn -1.0000 0.0000 0.0000
vn -0.6953 -0.6936 0.1883
vn -0.8186 -0.5439 0.1846
vn 0.0085 -0.0012 -1.0000
vn 0.9843 0.0000 0.1764
vn 0.9378 0.0000 0.3472
vn 0.9578 0.1979 0.2086
vn 0.8972 0.3759 0.2318
vn 0.8322 0.3230 0.4506
vn 0.9020 0.1571 0.4021
vn 0.0004 -1.0000 -0.0000
vn 0.0004 -0.9794 0.2020
vn -0.0000 -0.9794 0.2020
vn 0.9988 -0.0491 0.0000
vn -0.9811 0.0530 0.1859
vn -0.9324 0.0344 0.3599
vn -0.9020 0.1571 0.4021
vn -0.9578 0.1979 0.2086
vn 0.3782 -0.8963 0.2314
vn 0.5439 -0.8049 0.2374
vn 0.4962 -0.7317 0.4673
vn 0.3408 -0.8227 0.4551
vn 0.5498 0.6656 0.5047
vn 0.4904 0.7196 0.4916
vn 0.4906 0.7195 0.4916
vn 0.5499 0.6652 0.5050
vn -0.9772 0.1964 0.0812
vn -0.9678 0.1929 0.1620
vn -0.9110 0.3780 0.1652
vn -0.9203 0.3823 0.0830
vn -0.2051 -0.5090 0.8360
vn -0.0092 -0.5320 0.8467
vn -0.0728 -0.5200 0.8511
vn 0.0498 -0.9988 0.0000
vn 0.0524 -0.9770 0.2069
vn -0.9106 -0.3731 0.1778
vn -0.9202 -0.3810 0.0900
vn 0.1949 0.9808 0.0025
vn 0.0428 0.9991 0.0026
vn 0.0421 0.9966 0.0713
vn 0.1881 0.9794 0.0733
vn -0.9677 -0.1875 0.1683
vn -0.9772 -0.1945 0.0847
vn 0.9811 0.0530 0.1859
vn 0.9808 0.1951 0.0000
vn 0.9238 0.3828 0.0000
vn 0.8313 0.5558 0.0000
vn 0.8048 0.5391 0.2481
vn 0.7069 0.7074 0.0000
vn 0.6840 0.6823 0.2579
vn 0.5552 0.8317 0.0000
vn 0.3821 0.9241 0.0000
vn 0.1944 0.9809 0.0000
vn 0.2762 0.9314 0.2370
vn 0.0484 0.9988 0.0000
vn 0.1045 0.9709 0.2156
vn 0.0048 -0.5397 0.8418
vn -0.0066 -0.5267 0.8500
vn 0.0000 -0.5243 0.8515
vn 0.0000 -0.5407 0.8412
vn 0.1839 0.9723 0.1444
vn 0.3705 0.9169 0.1486
vn 0.3756 0.9237 0.0753
vn 0.3816 -0.9198 0.0919
vn 0.3763 -0.9092 0.1784
vn 0.1909 -0.9657 0.1763
vn 0.1950 -0.9766 0.0910
vn -0.1974 -0.9554 0.2194
vn -0.1693 -0.8867 0.4302
vn -0.3408 -0.8227 0.4551
vn -0.3782 -0.8963 0.2314
vn 0.1958 -0.9807 0.0000
vn 0.1974 -0.9554 0.2194
vn 0.3832 -0.9236 0.0000
vn 0.5560 -0.8312 0.0000
vn 0.7074 -0.7069 0.0000
vn 0.6892 -0.6846 0.2374
vn 0.8316 -0.5554 0.0000
vn 0.8093 -0.5399 0.2314
vn 0.9239 -0.3826 0.0000
vn 0.9005 -0.3754 0.2194
vn 0.9808 -0.1951 0.0000
vn -0.9956 0.0509 0.0792
vn -0.9866 0.1633 0.0005
vn -0.9995 0.0327 0.0001
vn 0.5535 -0.8278 0.0912
vn 0.5474 -0.8178 0.1776
vn -0.0004 1.0000 0.0000
vn 0.0180 0.9805 0.1957
vn -0.9862 0.0501 0.1580
vn -0.9862 -0.0442 0.1595
vn -0.9956 -0.0482 0.0800
vn -0.0000 0.0000 1.0000
vn -0.5537 -0.8271 0.0968
vn -0.5455 -0.8166 0.1888
vn -0.3820 -0.9192 0.0957
vn -0.3747 -0.9083 0.1860
vn -0.0571 0.9984 0.0027
vn -0.0567 0.9958 0.0718
vn -0.0110 -0.5243 0.8515
vn -0.0056 -0.5243 0.8515
vn 0.5490 0.8323 0.0763
vn 0.5431 0.8260 0.1510
vn 0.6949 0.7029 0.1516
vn 0.7014 0.7087 0.0765
vn 0.3310 0.8225 0.4626
vn 0.6328 -0.6174 0.4673
vn -0.6840 0.6823 0.2579
vn -0.6194 0.6013 0.5048
vn -0.5499 0.6652 0.5050
vn -0.5498 0.6656 0.5047
vn 0.7366 0.4717 0.4846
vn 0.0250 0.9289 0.3694
vn 0.0605 0.9162 0.3962
vn 0.1343 0.8983 0.4184
vn 0.3892 0.9212 0.0023
vn 0.0003 -0.9184 0.3958
vn 0.0000 -0.9184 0.3957
vn 0.0000 0.9845 0.1753
vn -0.0180 0.9805 0.1957
vn -0.0250 0.9289 0.3694
vn -0.0272 -0.5240 0.8513
vn -0.0180 -0.5239 0.8516
vn -0.0091 -0.5235 0.8520
vn 0.9324 0.0344 0.3599
vn 0.7484 -0.4826 0.4549
vn 0.1693 -0.8867 0.4302
vn 0.0397 -0.9137 0.4046
vn 0.5671 0.8236 0.0021
vn 0.6194 0.6013 0.5048
vn -0.0003 -0.9184 0.3958
vn -0.0004 -0.9794 0.2020
vn 0.0111 -0.5458 0.8379
vn 0.0082 -0.5412 0.8409
vn 0.0097 -0.5428 0.8398
vn 0.0123 -0.5170 0.8559
vn 0.0175 -0.5158 0.8565
vn 0.0403 0.9893 0.1401
vn 0.8404 -0.3298 0.4300
vn 0.7044 -0.7042 0.0890
vn 0.6976 -0.6950 0.1741
vn -0.0000 -0.5227 0.8525
vn 0.0007 -0.5237 0.8519
vn -0.0000 -0.5209 0.8536
vn -0.0013 0.9947 -0.1031
vn -0.8322 0.3230 0.4506
vn -0.8972 0.3759 0.2318
vn 0.0482 -0.9988 0.0059
vn 0.0493 -0.9948 0.0895
vn -0.0496 -0.9947 0.0900
vn -0.0482 -0.9988 0.0059
vn -0.8048 0.5391 0.2481
vn -0.7069 0.7074 -0.0000
vn -0.8313 0.5558 -0.0000
vn -0.0004 -1.0000 -0.0000
vn -0.3821 0.9241 -0.0000
vn -0.2762 0.9314 0.2370
vn -0.1944 0.9809 -0.0000
vn 0.0056 -0.5243 0.8515
vn 0.0110 -0.5243 0.8515
vn -0.3310 0.8225 0.4626
vn -0.1343 0.8983 0.4184
vn -0.1045 0.9709 0.2156
vn 0.9978 -0.0657 0.0004
vn 0.9995 0.0327 0.0001
vn 0.9956 0.0509 0.0792
vn 0.9956 -0.0482 0.0800
vn -0.0000 -0.5160 0.8566
vn -0.0001 -0.5157 0.8568
vn 0.0102 -0.5489 0.8358
vn 0.0496 -0.9947 0.0900
vn -0.0493 -0.9948 0.0895
vn -0.0048 -0.5397 0.8418
vn 0.0066 -0.5267 0.8500
vn -0.7366 0.4717 0.4846
vn 0.0571 0.9984 0.0027
vn -0.0428 0.9991 0.0026
vn -0.0421 0.9966 0.0713
vn 0.0567 0.9958 0.0718
vn -0.0007 -0.5237 0.8519
vn 0.0091 -0.5235 0.8520
vn -0.1881 0.9794 0.0733
vn -0.3756 0.9237 0.0753
vn -0.3705 0.9169 0.1486
vn -0.1839 0.9723 0.1444
vn -0.9843 0.0000 0.1764
vn 0.8280 -0.5528 0.0939
vn 0.9202 -0.3810 0.0900
vn 0.9106 -0.3731 0.1778
vn 0.8186 -0.5439 0.1846
vn -0.0111 -0.5458 0.8379
vn -0.0097 -0.5428 0.8398
vn 0.0092 -0.5320 0.8467
vn -0.0082 -0.5412 0.8409
vn 0.0180 -0.5239 0.8516
vn 0.0272 -0.5240 0.8513
vn 0.0001 -0.5157 0.8568
vn -0.0470 -0.9837 0.1737
vn -0.1895 -0.9652 0.1801
vn -0.1956 -0.9763 0.0930
vn -0.4962 -0.7317 0.4673
vn -0.5439 -0.8049 0.2374
vn -0.6328 -0.6174 0.4673
vn -0.6892 -0.6846 0.2374
vn -0.0102 -0.5489 0.8358
vn -0.0214 -0.5423 0.8399
vn -0.0324 -0.5379 0.8424
vn -0.0461 -0.5345 0.8439
vn -0.0671 -0.5315 0.8444
vn -0.1116 -0.5275 0.8422
vn -0.3059 -0.5035 0.8080
vn -0.0089 -0.5167 0.8561
vn 0.2051 -0.5090 0.8360
vn 0.0728 -0.5200 0.8511
vn 0.0437 -0.5221 0.8518
vn 0.0299 -0.5239 0.8512
vn 0.0211 -0.5261 0.8502
vn 0.0139 -0.5289 0.8485
vn 0.0067 -0.5332 0.8459
vn -0.0039 -0.5212 0.8534
vn -0.0081 -0.5187 0.8549
vn -0.0123 -0.5170 0.8559
vn -0.0175 -0.5158 0.8565
vn -0.0256 -0.5148 0.8569
vn -0.0427 -0.5137 0.8569
vn -0.1219 -0.5096 0.8517
vn -0.7074 -0.7069 0.0000
vn -0.5560 -0.8312 0.0000
vn -0.8093 -0.5399 0.2314
vn -0.8316 -0.5554 -0.0000
vn 0.8284 -0.5536 0.0855
vn 0.6891 -0.7247 0.0043
vn 0.8151 -0.5794 0.0034
vn -0.9816 -0.0521 0.1836
vn -0.9330 -0.0363 0.3580
vn -0.9378 0.0000 0.3472
vn -0.9005 -0.3754 0.2194
vn -0.9239 -0.3826 -0.0000
vn 0.9964 -0.0485 0.0698
vn 0.9780 -0.1949 0.0748
vn 0.9738 -0.2273 0.0013
vn 0.9208 -0.3817 0.0807
vn 0.9114 -0.4116 0.0024
vn -0.0606 0.9162 0.3962
vn -0.9596 -0.1964 0.2014
vn -0.9056 -0.1616 0.3923
vn -0.4906 0.7195 0.4916
vn -0.4904 0.7196 0.4916
vn -0.8198 0.5481 0.1661
vn -0.8289 0.5532 0.0837
vn -0.6978 0.6971 0.1648
vn -0.7063 0.7030 0.0832
vn -0.0524 -0.9770 0.2069
vn -0.1958 -0.9807 0.0000
vn -0.0498 -0.9988 0.0000
vn -0.3832 -0.9236 0.0000
vn 0.5386 -0.8425 0.0050
vn 0.1116 -0.5275 0.8422
vn 0.3059 -0.5035 0.8080
vn -0.9963 0.0508 0.0690
vn -0.9778 0.1972 0.0714
vn -0.9865 0.1637 0.0004
vn -0.9201 0.3847 0.0739
vn -0.9347 0.3554 0.0009
vn -0.8267 0.5575 0.0757
vn -0.8454 0.5342 0.0013
vn -0.7014 0.7087 0.0765
vn -0.7213 0.6926 0.0017
vn -0.5490 0.8323 0.0763
vn -0.5671 0.8236 0.0021
vn -0.3892 0.9212 0.0023
vn -0.1949 0.9808 0.0025
vn 0.9866 0.1633 0.0005
vn 0.9772 0.1964 0.0812
vn 0.9354 0.3536 0.0010
vn 0.9203 0.3823 0.0830
vn 0.8475 0.5307 0.0015
vn 0.8289 0.5532 0.0837
vn 0.7260 0.6877 0.0020
vn 0.7063 0.7030 0.0832
vn 0.5751 0.8181 0.0023
vn 0.5573 0.8263 0.0816
vn 0.4004 0.9164 0.0025
vn 0.3872 0.9186 0.0789
vn 0.2085 0.9780 0.0027
vn 0.2021 0.9765 0.0752
vn 0.9772 -0.1945 0.0847
vn 0.8151 -0.5793 0.0034
vn 0.7043 -0.7034 0.0962
vn 0.5537 -0.8271 0.0968
vn 0.3820 -0.9192 0.0957
vn 0.3695 -0.9292 0.0055
vn 0.1956 -0.9763 0.0930
vn 0.1878 -0.9822 0.0058
vn -0.9964 -0.0485 0.0698
vn -0.9978 -0.0657 0.0004
vn -0.9738 -0.2273 0.0013
vn -0.9780 -0.1949 0.0748
vn -0.9114 -0.4116 0.0024
vn -0.9208 -0.3817 0.0807
vn -0.8151 -0.5794 0.0034
vn -0.8284 -0.5536 0.0855
vn -0.7044 -0.7042 0.0890
vn -0.5386 -0.8425 0.0050
vn -0.5535 -0.8278 0.0912
vn -0.3695 -0.9292 0.0055
vn -0.3816 -0.9198 0.0919
vn -0.1878 -0.9822 0.0058
vn -0.1950 -0.9766 0.0910
vn -0.5573 0.8263 0.0816
vn -0.5751 0.8181 0.0023
vn -0.7260 0.6877 0.0020
vn 0.0000 0.0252 0.9997
vn -0.0476 -0.9838 0.1727
vn -0.1909 -0.9657 0.1763
vn 0.0214 -0.5423 0.8399
vn 0.0324 -0.5379 0.8424
vn 0.6953 -0.6936 0.1883
vn -0.0403 0.9893 0.1401
vn -0.5496 0.8197 0.1612
vn 0.0542 0.9885 0.1409
vn 0.5455 -0.8166 0.1888
vn 0.9678 0.1929 0.1620
vn 0.9862 0.0501 0.1580
vn 0.9893 -0.0448 0.1391
vn 0.9709 -0.1883 0.1483
vn 0.3747 -0.9083 0.1860
vn 0.9110 0.3780 0.1652
vn -0.9808 -0.1951 -0.0000
vn 0.1895 -0.9652 0.1801
vn 0.8198 0.5481 0.1661
vn 0.0470 -0.9837 0.1737
vn 0.0461 -0.5345 0.8439
vn 0.0671 -0.5315 0.8444
vn 0.6978 0.6971 0.1648
vn -0.3872 0.9186 0.0789
vn -0.4004 0.9164 0.0025
vn -0.9709 -0.1883 0.1483
vn -0.9893 -0.0448 0.1391
vn 0.5496 0.8197 0.1612
vn -0.2021 0.9765 0.0752
vn -0.2085 0.9780 0.0027
vn -0.9892 0.0498 0.1377
vn -0.9707 0.1933 0.1424
vn -0.9354 0.3536 0.0010
vn -0.9136 -0.3742 0.1591
vn 0.3805 0.9116 0.1555
vn -0.9131 0.3802 0.1472
vn -0.8475 0.5307 0.0015
vn -0.8213 -0.5452 0.1678
vn 0.1964 0.9693 0.1478
vn 0.9862 -0.0442 0.1595
vn -0.9988 -0.0491 -0.0000
vn -0.8199 0.5524 0.1503
vn -0.6976 -0.6950 0.1741
vn -0.6949 0.7029 0.1516
vn -0.0085 -0.0012 -1.0000
vn -0.5474 -0.8178 0.1776
vn 0.0256 -0.5148 0.8569
vn 0.9677 -0.1875 0.1683
vn -0.5431 0.8260 0.1510
vn -0.3763 -0.9092 0.1784
vn 0.0427 -0.5137 0.8569
vn 0.1219 -0.5096 0.8517
vn -0.9238 0.3828 -0.0000
vn -0.0437 -0.5221 0.8518
vn -0.0067 -0.5332 0.8459
vn 0.0039 -0.5212 0.8534
vn 0.0476 -0.9838 0.1727
vn -0.7484 -0.4826 0.4549
vn -0.8404 -0.3298 0.4300
vn 0.9865 0.1637 0.0004
vn 0.9778 0.1972 0.0714
vn 0.9963 0.0508 0.0690
vn -0.0397 -0.9137 0.4046
vn -0.0299 -0.5239 0.8512
vn -0.0211 -0.5261 0.8502
vn 0.9347 0.3554 0.0009
vn 0.9201 0.3847 0.0739
vn 0.0013 0.9947 -0.1031
vn 0.0004 1.0000 0.0000
vn -0.3805 0.9116 0.1555
vn -0.1964 0.9693 0.1478
vn 0.8199 0.5524 0.1503
vn 0.8267 0.5575 0.0757
vn 0.9131 0.3802 0.1472
vn 0.9136 -0.3742 0.1591
vn 0.8454 0.5342 0.0013
vn 0.7213 0.6926 0.0017
vn -0.0484 0.9988 0.0000
vn 0.9707 0.1933 0.1424
vn 0.9892 0.0498 0.1377
vn -0.0139 -0.5289 0.8485
vn 0.0081 -0.5187 0.8549
vn 0.8213 -0.5452 0.1678
vn -0.0542 0.9885 0.1409
vn 0.0000 -0.5142 0.8577
vn 0.0000 -0.5428 0.8398
vn 0.1875 0.9823 0.0000
vn 0.1951 0.9808 0.0000
vn 0.0491 0.9988 0.0000
vn 0.0481 0.9988 -0.0000
vn 0.3689 0.9295 0.0000
vn 0.3827 0.9239 0.0000
vn 0.5379 0.8430 0.0000
vn 0.5556 0.8315 0.0000
vn 0.6883 0.7254 0.0000
vn 0.7071 0.7071 0.0000
vn 0.8144 0.5803 0.0000
vn 0.8315 0.5556 0.0000
vn 0.9109 0.4126 0.0000
vn 0.9239 0.3827 0.0000
vn 0.9736 0.2284 0.0000
vn -0.9109 0.4126 -0.0000
vn -0.9239 0.3827 -0.0000
vn -0.3689 0.9295 -0.0000
vn -0.3827 0.9239 -0.0000
vn -0.5552 0.8317 -0.0000
vn -0.0000 0.3002 0.9539
vn -0.0001 0.3000 0.9539
vn 0.0001 0.3026 0.9531
vn 0.0000 0.9769 -0.2138
vn -0.9920 0.1253 -0.0137
vn -0.9925 0.1226 -0.0001
vn -0.9949 0.1006 0.0014
vn -0.9962 0.0874 -0.0065
vn -0.0005 0.8021 -0.5972
vn 0.0002 0.8020 -0.5974
vn -0.0081 0.6540 -0.7564
vn -0.0032 0.6544 -0.7561
vn 0.0000 0.3026 0.9531
vn 0.0000 0.9092 -0.4163
vn 0.0000 0.9088 -0.4172
vn 0.0056 0.9087 -0.4175
vn 0.0013 0.9092 -0.4164
vn 0.9892 0.1468 -0.0005
vn 0.9890 0.1478 0.0002
vn 0.9910 0.1331 0.0105
vn 0.9903 0.1379 -0.0186
vn 0.9955 0.0944 0.0099
vn 0.9952 0.0944 -0.0247
vn 0.0009 0.7963 -0.6049
vn 0.0001 0.2977 0.9546
vn 0.0000 0.2977 0.9546
vn -0.9892 0.1468 -0.0005
vn -0.9903 0.1379 -0.0186
vn -0.9910 0.1331 0.0105
vn -0.9890 0.1478 0.0002
vn -0.9952 0.0944 -0.0247
vn -0.9955 0.0944 0.0099
vn -0.0001 0.2977 0.9546
vn -0.9946 0.1036 -0.0033
vn -0.9961 0.0886 0.0044
vn 0.0593 0.9982 0.0024
vn 0.0593 0.9982 0.0013
vn 0.9962 0.0874 -0.0065
vn 0.9961 0.0886 0.0044
vn 0.9946 0.1036 -0.0033
vn 0.9949 0.1006 0.0014
vn -0.0100 0.6537 -0.7567
vn -0.9915 0.1297 0.0049
vn 0.9915 0.1297 0.0049
vn 0.9924 0.1233 -0.0017
vn 0.9899 0.1419 0.0015
vn 0.9896 0.1441 -0.0013
vn 0.9896 0.1437 -0.0014
vn 0.9899 0.1414 0.0016
vn -0.9896 0.1441 -0.0013
vn 0.9920 0.1253 -0.0137
vn 0.9925 0.1226 -0.0001
vn -0.0002 0.2977 0.9547
vn -0.0003 0.2977 0.9547
vn -0.9924 0.1233 -0.0017
vn -0.0593 0.9982 0.0024
vn -0.0593 0.9982 0.0013
vn -0.9896 0.1437 -0.0014
vn -0.0056 0.9087 -0.4175
vn -0.0002 0.8020 -0.5974
vn 0.0081 0.6540 -0.7564
vn 0.0100 0.6537 -0.7567
vn -0.0009 0.7963 -0.6049
vn -0.0001 0.3026 0.9531
vn 0.0001 0.3000 0.9539
vn -0.9899 0.1419 0.0015
vn -0.9899 0.1414 0.0016
vn 0.0002 0.2977 0.9547
vn 0.0003 0.2977 0.9547
vn 0.0293 0.9996 0.0039
vn 0.0294 0.9996 0.0039
vn -0.0293 0.9996 0.0039
vn -0.0294 0.9996 0.0039
vn -0.0013 0.9092 -0.4164
vn 0.0005 0.8021 -0.5972
vn 0.0032 0.6544 -0.7561
vn 0.0000 0.8003 -0.5996
vn 0.0000 0.6545 -0.7560
vn 0.0000 1.0000 0.0044
vn -0.0225 0.9323 0.3611
vn 0.0000 0.9385 0.3452
vn 0.0225 0.9323 0.3611
usemtl Black
s 1
f 32/1/1 347/2/1 491/3/1 221/4/1
f 878/5/2 789/6/2 49/7/2 863/8/2
f 789/9/3 785/10/4 498/11/5 49/12/3
f 515/13/1 258/14/1 224/15/1 218/16/1
f 874/17/6 655/18/7 230/19/8 875/20/9
f 870/21/1 187/22/1 50/23/1 682/24/1 267/25/1 135/26/1 154/27/1 680/28/1 679/29/1 454/30/1 47/31/1 872/32/1
f 456/33/10 353/34/11 793/35/12 792/36/13
f 105/37/14 57/38/15 803/39/16 795/40/17
f 112/41/18 105/42/14 795/43/17 796/44/19
f 455/45/20 608/46/21 800/47/22 794/48/23
f 218/16/24 224/15/24 490/49/24 431/50/24
f 711/51/25 379/52/26 717/53/27 716/54/28
f 725/55/29 726/56/30 753/57/31 449/58/32
f 254/59/33 152/60/33 485/61/33 606/62/33
f 209/63/33 131/64/33 317/65/33 183/66/33
f 753/57/31 296/67/34 295/68/35 449/58/32
f 167/69/36 442/70/36 662/71/36 550/72/36
f 75/73/37 51/74/37 501/75/38 378/76/38
f 152/60/33 761/77/33 153/78/33 485/61/33
f 451/79/3 46/80/3 707/81/4 52/82/4
f 121/83/39 169/84/40 549/85/41 120/86/42
f 866/87/2 889/88/2 290/89/43 289/90/44 854/91/45
f 551/92/3 75/73/37 379/52/26 506/93/46
f 762/94/33 431/50/33 764/95/33 607/96/33
f 565/97/33 336/98/33 329/99/33 630/100/33
f 310/101/47 5/102/48 113/103/49 116/104/50
f 203/105/51 704/106/52 705/107/53 27/108/54
f 551/92/3 428/109/3 427/110/3 663/111/3 16/112/3 65/113/3 217/114/3 579/115/3 196/116/3 216/117/3 338/118/3 99/119/3 51/74/37 75/73/37
f 606/62/33 485/61/33 349/120/33 667/121/33
f 290/122/1 550/123/1 551/124/1 506/125/1 668/126/1 299/127/1 82/128/1 81/129/1 170/130/1 26/131/1 157/132/1 156/133/1
f 167/134/1 634/135/1 11/136/1 708/137/1 502/138/1 605/139/1 604/140/1 124/141/1 414/142/1 1/143/1 707/144/1 46/145/1 441/146/1 19/147/1 684/148/1 31/149/1 100/150/1 101/151/1 177/152/1 448/153/1 205/154/1 428/155/1
f 293/156/55 80/157/56 457/158/57 204/159/58
f 365/160/59 510/161/60 306/162/61 59/163/62
f 436/164/63 281/165/64 437/166/65
f 289/90/44 290/89/43 156/167/66 511/168/67
f 761/77/33 762/94/33 607/96/33 153/78/33
f 449/58/32 295/68/35 509/169/68 508/170/69
f 535/171/70 722/172/71 305/173/72 749/174/73
f 550/123/1 167/134/1 428/155/1 551/124/1
f 508/170/69 509/169/68 537/175/74 538/176/75
f 339/177/76 340/178/4 341/179/4 342/180/4 106/181/4 751/182/4 752/183/4 18/184/4 410/185/4 176/186/4 52/82/4 707/81/4 1/187/77 121/83/39
f 121/83/39 1/187/77 414/188/78 169/84/40
f 169/84/40 414/188/78 124/189/79 415/190/80
f 415/190/80 124/189/79 604/191/81 664/192/82
f 664/193/82 604/194/81 605/195/83 293/156/83
f 293/156/83 605/195/83 502/196/84 80/157/84
f 80/157/84 502/196/84 708/197/85 125/198/86
f 125/198/86 708/197/85 11/199/87 709/200/88
f 718/201/89 390/202/90 418/203/91 720/204/92
f 749/174/73 44/205/93 22/206/94 741/207/95
f 131/64/33 530/208/33 318/209/33 317/65/33
f 431/50/33 432/210/33 486/211/33 764/95/33
f 383/212/2 346/213/2 347/2/2 32/1/2
f 368/214/96 39/215/97 70/216/98 304/217/99
f 146/218/100 275/219/101 21/220/102 188/221/103
f 369/222/33 374/223/33 567/224/33 375/225/33
f 511/168/67 156/167/66 157/226/104 155/227/105
f 155/227/105 157/226/104 26/228/106 203/105/51
f 203/105/51 26/228/106 170/229/107 704/106/52
f 704/106/52 170/229/107 81/230/108 190/231/109
f 190/232/109 81/233/108 82/234/110 189/235/111
f 189/235/111 82/234/110 299/236/112 298/237/113
f 298/237/113 299/236/112 668/238/114 711/51/25
f 711/51/25 668/238/114 506/93/46 379/52/26
f 623/239/115 365/160/59 739/240/116 622/241/117
f 598/242/118 603/243/119 39/215/97 368/214/96
f 530/208/33 392/244/33 173/245/33 318/209/33
f 392/244/33 763/246/33 84/247/33 173/245/33
f 485/61/33 153/78/33 350/248/33 349/120/33
f 763/246/33 606/62/33 667/121/33 84/247/33
f 516/249/33 254/59/33 606/62/33 763/246/33
f 634/250/120 263/251/121 709/200/88 11/199/87
f 623/239/115 514/252/122 510/161/60 365/160/59
f 538/176/75 537/175/74 144/253/123 592/254/124
f 631/255/125 25/256/125 378/257/125 501/258/125
f 855/259/125 631/255/125 302/260/125 853/261/125
f 302/260/125 631/255/125 501/258/125 10/262/125 120/263/125 549/264/125 416/265/125 426/266/125 204/267/125 457/268/125 552/269/125 303/270/125 901/271/125
f 231/272/126 71/273/127 296/67/34 753/57/31
f 182/274/128 548/275/129 71/273/127 231/272/126
f 25/256/125 500/276/125 301/277/125 300/278/125 27/279/125 705/280/125 714/281/125 715/282/125 54/283/125 716/284/125 717/285/125 378/257/125
f 470/286/130 750/287/131 305/173/72 722/172/71
f 246/288/91 608/289/91 455/290/132 478/291/133 123/292/91
f 740/293/134 619/294/135 430/295/136 28/296/137
f 80/157/56 125/198/86 552/297/138 457/158/57
f 704/106/52 190/231/109 714/298/139 705/107/53
f 648/299/140 398/300/141 192/301/142 270/302/143
f 169/84/40 415/190/80 416/303/144 549/85/41
f 709/200/88 263/251/121 899/304/145 901/305/146 303/306/147
f 141/307/148 535/171/70 749/174/73 741/207/95
f 854/91/45 289/90/44 500/308/149 867/309/150
f 263/251/121 900/310/151 899/304/145
f 248/311/152 896/312/153 898/313/151
f 478/291/133 455/290/132 33/314/132 390/202/90 281/165/64 724/315/154 622/241/155 58/316/156
f 125/198/86 709/200/88 303/306/147 552/297/138
f 51/74/37 191/317/37 278/318/37 343/319/37 20/320/37 408/321/37 685/322/37 597/323/37 596/324/37 755/325/37 178/326/37 339/177/76 10/327/157 501/75/38
f 190/232/109 189/235/111 715/328/158 714/329/139
f 511/168/67 155/227/105 300/330/159 301/331/160
f 656/332/161 141/307/148 741/207/95 740/293/134
f 415/190/80 664/192/82 426/333/162 416/303/144
f 172/334/33 673/335/33 672/336/33 767/337/33
f 854/91/45 867/309/150 458/338/163 268/339/164
f 7/340/165 162/341/166 281/165/64 390/202/90 718/201/89 355/342/167
f 729/343/168 58/316/156 440/344/169
f 305/173/72 201/345/170 44/205/93 749/174/73
f 189/235/111 298/237/113 54/346/171 715/328/158
f 741/207/95 22/206/94 619/294/135 740/293/134
f 664/193/82 293/156/55 204/159/58 426/347/162
f 339/177/76 121/83/39 120/86/42 10/327/157
f 155/227/105 203/105/51 27/108/54 300/330/159
f 289/90/44 511/168/67 301/331/160 500/308/149
f 799/348/33 33/349/33 455/45/20 794/48/23
f 411/350/172 68/351/173 603/243/119 598/242/118
f 379/52/26 75/73/37 378/76/38 717/53/27
f 298/237/113 711/51/25 716/54/28 54/346/171
f 467/352/174 478/291/133 58/316/156 470/286/175 722/172/176
f 819/353/177 821/354/24 263/251/121 634/250/120
f 873/355/91 478/356/133 467/357/174 857/358/91
f 153/78/33 607/96/33 443/359/33 350/248/33
f 116/104/50 113/103/49 496/360/178 160/361/179
f 873/362/91 159/363/91 251/364/91 253/365/91 354/366/91 464/367/91 713/368/91 465/369/91 181/370/91 280/371/91 199/372/91 393/373/91 397/374/91 533/375/91 618/376/91 246/288/91 123/292/91 478/291/133
f 7/340/180 128/377/181 291/378/182 162/341/183
f 533/375/91 642/379/91 608/289/91 246/288/91 618/376/91
f 388/380/184 648/381/140 568/382/185 117/383/186
f 866/87/2 854/91/45 268/339/164 269/384/187 895/385/2
f 53/386/188 122/387/189 688/388/190 460/389/188
f 257/390/91 126/391/91 528/392/191 498/393/192 628/394/91
f 581/395/91 635/396/91 257/390/91 628/394/91 659/397/91
f 424/398/91 425/399/91 581/395/91 659/397/91 119/400/91
f 307/401/91 207/402/91 424/398/91 119/400/91 118/403/91
f 513/404/91 193/405/91 307/401/91 118/403/91 86/406/91
f 512/407/91 719/408/91 513/404/91 86/406/91 660/409/91
f 385/410/91 512/407/91 660/409/91 499/411/91
f 264/412/91 265/413/91 385/410/91 499/411/91 382/414/91
f 159/363/91 264/412/91 382/414/91 859/415/91
f 122/387/189 504/416/193 279/417/194 689/418/195
f 731/419/196 641/420/197 643/421/198 615/422/199
f 873/362/91 528/392/191 126/391/91 257/390/91 635/396/91 581/395/91 425/399/91 424/398/91 207/402/91 307/401/91 193/405/91 513/404/91 719/408/91 512/423/91 385/410/91 265/413/91 264/412/91 159/363/91
f 655/424/7 24/425/200 467/352/174 722/426/176 535/427/201 141/428/201 656/429/201 466/430/201 226/431/201 225/432/201 37/433/201
f 7/340/165 355/342/167 536/434/202
f 14/435/183 174/436/180 325/437/203 130/438/204
f 721/439/205 720/204/92 418/203/91 417/440/206
f 160/361/179 496/360/178 389/441/207 388/380/184
f 522/442/208 723/443/209 334/444/210 745/445/211
f 519/446/174 723/443/176 522/442/212 89/447/213 528/392/191
f 183/66/33 317/65/33 532/448/33 531/449/33
f 173/245/33 84/247/33 487/450/33 85/451/33
f 318/209/33 173/245/33 85/451/33 564/452/33
f 744/453/214 743/454/215 29/455/216 76/456/217
f 34/457/218 180/458/218 633/459/33 72/460/33
f 764/95/24 227/461/24 784/462/24 444/463/24
f 488/464/219 557/465/220 558/466/221 330/467/222
f 14/435/223 387/468/224 721/439/205 417/440/206 313/469/225 174/436/226
f 528/392/191 89/447/213 641/420/227 731/419/228 313/469/225 417/440/206 49/470/192 498/393/192
f 873/355/91 857/358/91 519/471/174 528/472/191
f 675/473/7 60/474/229 242/475/229 243/476/229 518/477/229 676/478/229 149/479/229 585/480/229 723/481/176 519/446/174 40/482/200
f 443/359/33 444/463/33 523/483/33 521/484/33
f 32/1/33 9/485/23 384/486/23 383/212/33
f 291/378/182 661/487/230 145/488/231 288/489/232
f 288/489/232 145/488/231 548/275/129 182/274/128
f 188/221/103 21/220/102 686/490/233 683/491/234
f 269/492/1 147/493/1 148/494/1 17/495/1 161/496/1 55/497/1 56/498/1 272/499/1 649/500/1 461/501/1 503/502/1 497/503/1
f 503/504/33 43/505/218 34/457/218 72/460/33 309/506/33 209/63/33 183/66/33 531/449/33 211/507/33 42/508/33 8/509/33 647/510/33 399/511/33 400/512/33
f 683/491/234 686/490/233 703/513/235 179/514/236
f 14/435/223 586/515/237 387/468/224
f 586/515/237 638/516/238 387/468/224
f 638/516/238 639/517/239 387/468/224
f 639/517/239 438/518/240 387/468/224
f 438/518/240 610/519/241 387/468/224
f 610/519/241 326/520/242 387/468/224
f 326/520/242 249/521/243 387/468/224
f 249/521/243 250/522/244 387/468/224
f 13/523/218 381/524/218 380/525/33 517/526/33
f 259/527/218 316/528/218 760/529/33 212/530/33
f 531/449/33 532/448/33 669/531/33 211/507/33
f 487/450/33 220/532/33 446/533/33 445/534/33
f 564/452/33 85/451/33 489/535/33 670/536/33
f 521/484/33 523/483/33 319/537/33 520/538/33
f 88/539/33 450/540/33 671/541/33 87/542/33
f 731/419/228 475/543/245 313/469/225
f 475/543/245 476/544/246 313/469/225
f 476/544/246 732/545/247 313/469/225
f 732/545/247 733/546/248 313/469/225
f 733/546/248 611/547/249 313/469/225
f 611/547/249 734/548/250 313/469/225
f 734/548/250 735/549/251 313/469/225
f 735/549/251 174/550/226 313/469/225
f 522/442/212 213/551/252 89/447/213
f 213/551/252 314/552/253 89/447/213
f 314/552/253 736/553/254 89/447/213
f 736/553/254 477/554/255 89/447/213
f 477/554/255 612/555/256 89/447/213
f 612/555/256 737/556/257 89/447/213
f 737/556/257 738/557/258 89/447/213
f 738/557/258 641/558/227 89/447/213
f 683/491/234 179/514/236 55/559/259 161/560/260
f 179/561/236 175/562/261 56/563/262 55/564/259
f 669/531/33 670/536/33 336/98/33 565/97/33
f 445/534/33 446/533/33 374/223/33 369/222/33
f 489/535/33 445/534/33 369/222/33 765/565/33
f 308/566/263 411/350/172 403/567/264 582/568/265
f 352/569/266 712/570/267 351/571/268 43/505/218
f 175/562/261 271/572/269 272/573/270 56/563/262
f 667/121/33 349/120/33 88/539/33 220/532/33
f 84/247/33 667/121/33 220/532/33 487/450/33
f 349/120/33 350/248/33 450/540/33 88/539/33
f 444/463/33 479/574/33 348/575/33 523/483/33
f 350/248/33 443/359/33 521/484/33 450/540/33
f 320/576/33 758/577/23 9/485/23 32/1/33
f 474/578/271 401/579/272 229/580/273 230/581/196
f 401/579/272 294/582/274 292/583/275 229/580/273
f 689/418/195 279/417/194 897/584/276 896/312/153 248/311/152
f 702/585/277 710/586/278 712/570/267 352/569/266
f 158/587/1 400/588/1 194/589/1 420/590/1 168/591/1 74/592/1 73/593/1 23/594/1 665/595/1 12/596/1 412/597/1 30/598/1 687/599/1 2/600/1 386/601/1 117/602/1 568/603/1 569/604/1 460/605/1 688/606/1 6/607/1 614/608/1
f 270/302/143 192/301/142 429/609/279 53/386/280
f 277/610/125 897/611/125 279/612/125 504/613/125 429/614/125 192/615/125 398/616/125 389/617/125 496/618/125 113/619/125 5/620/125 459/621/125 609/622/125
f 59/163/62 306/162/61 62/623/281 591/624/282
f 591/624/282 62/623/281 61/625/283 206/626/284
f 102/627/33 163/628/23 35/629/23 421/630/33
f 463/631/285 146/218/100 148/632/286 147/633/287
f 146/218/100 188/221/103 17/634/288 148/632/286
f 670/536/33 489/535/33 765/565/33 336/98/33
f 671/541/33 520/538/33 766/635/33 673/335/33
f 87/542/33 671/541/33 673/335/33 172/334/33
f 411/350/172 598/242/118 621/636/289 403/567/264
f 292/637/290 355/342/167 229/638/291
f 188/221/103 683/491/234 161/560/260 17/634/288
f 675/473/117 63/639/292 525/640/293 60/474/294
f 60/474/294 525/640/293 129/641/295 242/475/296
f 242/475/296 129/641/295 556/642/297 243/476/298
f 243/476/298 556/642/297 41/643/299 518/644/300
f 518/644/300 41/643/299 742/645/301 676/646/302
f 676/646/302 742/645/301 743/454/215 149/647/303
f 149/647/303 743/454/215 744/453/214 585/648/304
f 585/648/304 744/453/214 334/444/210 723/443/209
f 643/421/198 641/420/197 738/649/305 391/650/306
f 391/650/306 738/649/305 737/651/307 90/652/308
f 90/652/308 737/651/307 612/653/309 613/654/310
f 613/654/310 612/653/309 477/655/311 215/656/312
f 215/656/312 477/655/311 736/553/313 526/657/314
f 526/657/314 736/553/313 314/552/315 323/658/316
f 323/658/316 314/552/315 213/551/317 322/659/318
f 322/659/318 213/551/317 522/442/208 745/445/211
f 731/419/196 615/422/199 589/660/319 475/543/273
f 475/543/273 589/660/319 557/465/220 476/544/275
f 476/544/275 557/465/220 488/464/219 732/545/320
f 732/545/320 488/464/219 746/661/321 733/662/264
f 733/662/264 746/661/321 252/663/322 611/664/289
f 611/664/289 252/663/322 195/665/323 734/666/324
f 734/666/324 195/665/323 324/667/325 735/668/326
f 735/668/326 324/667/325 325/437/203 174/436/180
f 527/669/327 250/670/328 249/671/329 434/672/330
f 434/672/330 249/671/329 326/673/331 327/674/332
f 327/674/332 326/673/331 610/675/333 337/676/334
f 337/676/334 610/675/333 438/677/30 439/678/335
f 439/678/335 438/677/30 639/517/336 616/679/337
f 616/679/337 639/517/336 638/516/338 396/680/339
f 396/680/339 638/516/338 586/515/340 333/681/341
f 333/681/341 586/515/340 14/435/183 130/438/204
f 450/540/33 521/484/33 520/538/33 671/541/33
f 211/507/33 669/531/33 565/97/33 42/508/33
f 85/451/33 487/450/33 445/534/33 489/535/33
f 220/532/33 88/539/33 87/542/33 446/533/33
f 532/448/33 564/452/33 670/536/33 669/531/33
f 206/626/284 473/682/342 729/343/343 440/683/344
f 316/528/218 13/523/218 517/526/33 760/529/33
f 381/524/218 666/684/218 214/685/33 380/525/33
f 675/473/117 250/670/328 527/669/327 63/639/292
f 562/686/345 561/687/345 335/688/345 92/689/345 91/690/345 93/691/345 94/692/345 747/693/345 748/694/345 210/695/345 76/456/345 29/455/345 636/696/345 462/697/345 208/698/345 4/699/345 644/700/345 394/701/345 593/702/345 435/703/345 395/704/345 96/705/345 95/706/345 617/707/345 64/708/345 97/709/345 332/710/345 681/711/345 151/712/345 590/713/345 98/714/345 331/715/345 330/467/345 558/466/345 588/716/345 150/717/345
f 333/681/341 130/438/204 332/710/346 97/709/347
f 515/13/33 311/718/23 312/719/23 432/210/33
f 620/720/348 355/342/167 621/636/349
f 746/661/321 488/464/219 330/467/222 331/715/350
f 334/444/210 744/453/214 76/456/217 210/695/351
f 206/626/284 61/625/283 66/721/352 473/682/342
f 520/538/33 319/537/33 221/4/33 766/635/33
f 745/445/211 334/444/210 210/695/351 748/694/353
f 479/574/33 83/722/23 757/723/23 348/575/33
f 252/663/322 746/661/321 331/715/350 98/714/354
f 643/421/198 391/650/306 561/687/355 562/686/356
f 348/575/33 757/723/23 758/577/23 320/576/33
f 446/533/33 87/542/33 172/334/33 374/223/33
f 317/65/33 318/209/33 564/452/33 532/448/33
f 474/578/271 553/724/357 402/725/358 401/579/272
f 195/665/323 252/663/322 98/714/354 590/713/359
f 391/650/306 90/652/308 335/688/360 561/687/355
f 584/726/336 727/727/338 182/274/128 231/272/126
f 268/339/164 463/631/285 147/633/287 269/384/187
f 271/572/269 702/585/277 649/728/361 272/573/270
f 324/667/325 195/665/323 590/713/359 151/712/362
f 393/373/91 112/729/91 642/379/91 533/375/91 397/374/91
f 90/652/308 613/654/310 92/689/363 335/688/360
f 727/727/338 728/730/340 288/489/232 182/274/128
f 229/638/291 355/342/167 230/731/8
f 325/437/203 324/667/325 151/712/362 681/711/364
f 221/4/24 491/3/24 493/732/24 133/733/24
f 403/734/365 355/342/167 582/735/366
f 613/654/310 215/656/312 91/690/367 92/689/363
f 728/730/340 162/341/183 291/378/182 288/489/232
f 473/682/342 287/736/368 282/737/369 729/343/343
f 527/669/327 434/672/330 435/703/370 593/702/371
f 621/636/349 355/342/167 403/734/365
f 215/656/312 526/657/314 93/691/372 91/690/367
f 130/438/204 325/437/203 681/711/364 332/710/346
f 283/738/373 750/287/131 470/286/130 202/739/374
f 525/640/293 63/639/292 394/701/375 644/700/376
f 365/160/59 59/163/62 730/740/377 739/240/116
f 434/672/330 327/674/332 395/704/378 435/703/370
f 526/657/314 323/658/316 94/692/379 93/691/372
f 432/210/33 312/719/23 315/741/23 486/211/33
f 287/736/368 283/738/373 202/739/374 282/737/369
f 563/742/218 560/743/218 559/744/33 555/745/33
f 129/641/295 525/640/293 644/700/376 4/699/380
f 59/163/62 591/624/282 587/746/381 730/740/377
f 327/674/332 337/676/334 96/705/382 395/704/378
f 323/658/316 322/659/318 747/693/383 94/692/379
f 615/422/199 643/421/198 562/686/356 150/717/384
f 702/585/277 352/569/266 461/747/385 649/728/361
f 666/684/218 563/742/218 555/745/33 214/685/33
f 556/642/297 129/641/295 4/699/380 208/698/386
f 43/505/218 351/571/268 459/748/268 34/457/218
f 337/676/334 439/678/335 95/706/387 96/705/382
f 322/659/318 745/445/211 748/694/353 747/693/383
f 53/386/280 429/609/279 504/416/193 122/387/189
f 41/643/299 556/642/297 208/698/386 462/697/388
f 158/749/389 497/750/389 646/751/389 413/752/389
f 63/639/292 527/669/327 593/702/371 394/701/375
f 439/678/335 616/679/337 617/707/390 95/706/387
f 440/344/169 58/316/156 587/753/391
f 589/660/319 615/422/199 150/717/384 588/716/392
f 742/645/301 41/643/299 462/697/388 636/696/393
f 616/679/337 396/680/339 64/708/394 617/707/390
f 486/211/33 315/741/23 83/722/23 479/574/33
f 587/753/391 58/316/156 730/754/395
f 557/465/220 589/660/319 588/716/392 558/466/221
f 743/454/215 742/645/301 636/696/393 29/455/216
f 396/680/339 333/681/341 97/709/347 64/708/394
f 591/624/282 206/626/284 440/683/344 587/746/381
f 536/434/202 355/342/167 620/720/348
f 730/754/395 58/316/156 739/755/396
f 560/743/218 759/756/218 218/16/33 559/744/33
f 765/565/33 369/222/33 375/225/33 480/757/33
f 480/757/33 375/225/33 453/758/33 261/759/33
f 375/225/33 567/224/33 566/760/33 453/758/33
f 72/460/33 633/459/33 627/761/33 309/506/33
f 759/756/218 171/762/218 515/13/33 218/16/33
f 160/361/179 388/380/184 117/383/186 386/763/397
f 724/315/154 281/165/64 436/164/63
f 437/166/65 281/165/64 725/55/398
f 728/764/399 281/165/64 162/765/166
f 470/286/175 58/316/156 202/739/400
f 464/766/91 645/767/91 57/768/91 465/369/91 713/368/91
f 465/369/91 57/768/91 105/769/91 280/371/91 181/370/91
f 280/371/91 105/769/91 112/729/91 393/373/91 199/372/91
f 128/377/181 297/770/401 661/487/230 291/378/182
f 8/509/33 630/100/33 529/771/33 647/510/33
f 766/635/33 221/4/33 133/733/33 677/772/33
f 175/562/261 706/773/402 36/774/403 271/572/269
f 421/630/33 35/629/23 687/775/23 30/776/33
f 760/529/33 517/526/33 516/249/33 629/777/33
f 212/530/33 760/529/33 629/777/33 219/778/33
f 34/457/218 459/748/268 5/102/48 310/101/47 171/762/218 759/756/218 560/743/218 563/742/218 666/684/218 381/524/218 13/523/218 316/528/218 259/527/218 180/458/218
f 630/100/33 329/99/33 260/779/33 529/771/33
f 319/537/125 637/780/125 103/781/125 320/576/125
f 409/782/2 48/783/2 372/784/2 371/785/2
f 655/424/197 37/433/404 471/786/405 38/787/406
f 517/526/33 380/525/33 254/59/33 516/249/33
f 633/459/33 212/530/33 219/778/33 627/761/33
f 463/631/285 276/788/407 275/219/101 146/218/100
f 179/561/236 703/789/235 706/773/402 175/562/261
f 304/217/99 70/216/98 297/770/401 128/377/181
f 655/424/197 38/787/406 474/578/271 230/581/196
f 726/790/408 281/165/64 584/791/409
f 37/433/404 225/432/410 127/792/411 471/786/405
f 271/572/269 36/774/403 710/586/278 702/585/277
f 818/793/412 614/794/413 248/311/152 824/795/24
f 592/254/124 144/253/123 514/252/122 623/239/115
f 287/736/368 67/796/414 754/797/415 283/738/373
f 497/503/1 503/502/1 400/588/1 158/587/1
f 767/337/33 672/336/33 222/798/33 321/799/33
f 567/224/33 767/337/33 321/799/33 566/760/33
f 514/252/345 144/253/345 537/175/345 509/169/345 295/68/345 296/67/345 71/273/345 548/275/345 145/488/345 661/487/345 297/770/345 70/216/345 39/215/345 603/243/345 68/351/345 69/800/345 367/801/345 402/725/345 553/724/345 366/802/345 626/803/345 3/804/345 200/805/345 430/295/345 619/294/345 22/206/345 44/205/345 201/345/345 756/806/345 754/797/345 67/796/345 66/721/345 61/625/345 62/623/345 306/162/345 510/161/345
f 28/296/137 430/295/136 200/805/416 507/807/417
f 329/99/33 480/757/33 261/759/33 260/779/33
f 133/733/33 383/212/33 102/627/33 328/808/33
f 672/336/33 677/772/33 674/809/33 222/798/33
f 507/807/417 200/805/416 3/804/418 127/792/411
f 260/779/33 261/759/33 344/810/33 779/811/33
f 566/760/33 321/799/33 419/812/33 678/813/33
f 261/759/33 453/758/33 45/814/33 344/810/33
f 399/511/33 524/815/33 194/816/33 400/512/33
f 524/815/33 779/811/33 420/817/33 194/816/33
f 678/813/33 419/812/33 23/818/33 73/819/33
f 419/812/33 186/820/33 665/821/33 23/818/33
f 647/510/33 529/771/33 524/815/33 399/511/33
f 677/772/33 133/733/33 328/808/33 674/809/33
f 214/685/33 555/745/33 761/77/33 152/60/33
f 529/771/33 260/779/33 779/811/33 524/815/33
f 321/799/33 222/798/33 186/820/33 419/812/33
f 453/758/33 566/760/33 678/813/33 45/814/33
f 674/809/33 328/808/33 632/822/33 223/823/33
f 222/798/33 674/809/33 223/823/33 186/820/33
f 45/814/33 678/813/33 73/819/33 74/824/33
f 344/810/33 45/814/33 74/824/33 168/825/33
f 473/682/342 66/721/352 67/796/414 287/736/368
f 401/579/272 402/725/358 367/801/419 294/582/274
f 555/745/33 559/744/33 762/94/33 761/77/33
f 380/525/33 214/685/33 152/60/33 254/59/33
f 226/431/420 466/826/421 28/296/137 507/807/417
f 466/826/421 656/332/161 740/293/134 28/296/137
f 614/794/413 6/827/422 689/418/195 248/311/152
f 855/259/125 853/261/125 277/610/125 609/622/125
f 42/508/33 565/97/33 630/100/33 8/509/33
f 471/786/405 626/803/423 366/802/424 38/787/406
f 348/575/1 345/828/1 132/829/1 523/483/1
f 559/744/33 218/16/33 431/50/33 762/94/33
f 225/432/410 226/431/420 507/807/417 127/792/411
f 632/822/33 421/630/33 30/776/33 412/830/33
f 186/820/33 223/823/33 12/831/33 665/821/33
f 727/832/425 281/165/64 728/764/399
f 772/833/24 482/834/24 777/835/24 244/836/24
f 159/363/91 859/415/91 353/837/91 251/364/91
f 336/98/33 765/565/33 480/757/33 329/99/33
f 282/737/426 58/316/156 729/343/168
f 309/506/33 627/761/33 131/64/33 209/63/33
f 627/761/33 219/778/33 530/208/33 131/64/33
f 310/101/47 116/104/50 2/838/22 687/775/23 35/629/23 163/628/23 384/486/23 9/485/23 758/577/23 757/723/23 83/722/23 315/741/23 312/719/23 311/718/23
f 479/574/2 786/839/2 228/840/2 486/211/2
f 223/823/33 632/822/33 412/830/33 12/831/33
f 724/315/328 436/164/329 538/176/75 592/254/124
f 436/164/329 437/166/331 508/170/69 538/176/75
f 724/315/328 592/254/124 623/239/115 622/241/117
f 319/537/33 320/576/33 32/1/33 221/4/33
f 368/214/96 304/217/99 536/434/326 620/720/324
f 127/792/411 3/804/418 626/803/423 471/786/405
f 294/582/274 367/801/419 69/800/427 308/566/263
f 739/755/396 58/316/156 622/841/155
f 219/778/33 629/777/33 392/244/33 530/208/33
f 444/463/125 784/462/125 786/839/125 479/574/125
f 133/733/125 493/732/125 346/213/125 383/212/125
f 102/627/1 640/842/1 240/843/1 328/808/1
f 116/104/50 160/361/179 386/763/397 2/838/22
f 598/242/118 368/214/96 620/720/324 621/636/289
f 304/217/99 128/377/181 7/340/180 536/434/326
f 15/844/125 351/845/125 712/846/125 710/847/125 36/848/125 706/849/125 703/850/125 686/851/125 21/852/125 275/853/125 276/854/125 458/855/125
f 673/335/33 766/635/33 677/772/33 672/336/33
f 374/223/33 172/334/33 767/337/33 567/224/33
f 632/822/125 104/856/125 422/857/125 421/630/125
f 328/808/24 240/843/24 104/856/24 632/822/24
f 523/483/24 132/829/24 637/780/24 319/537/24
f 268/339/164 458/338/163 276/788/407 463/631/285
f 178/326/37 570/858/3 340/178/4 339/177/76
f 570/858/3 469/859/3 341/179/4 340/178/4
f 469/859/3 542/860/3 342/180/4 341/179/4
f 542/860/3 539/861/3 106/181/4 342/180/4
f 539/861/3 373/862/3 751/182/4 106/181/4
f 373/862/3 359/863/3 752/183/4 751/182/4
f 359/863/3 48/783/3 18/184/4 752/183/4
f 48/783/3 409/782/3 410/185/4 18/184/4
f 409/782/3 111/864/3 176/186/4 410/185/4
f 111/864/3 451/79/3 52/82/4 176/186/4
f 51/74/37 99/119/3 654/865/3 191/317/37
f 191/317/37 654/865/3 232/866/3 278/318/37
f 278/318/37 232/866/3 768/867/3 343/319/37
f 343/319/37 768/867/3 572/868/3 20/320/37
f 20/320/37 572/868/3 407/869/3 408/321/37
f 408/321/37 407/869/3 233/870/3 685/322/37
f 685/322/37 233/870/3 594/871/3 597/323/37
f 597/323/37 594/871/3 595/872/3 596/324/37
f 596/324/37 595/872/3 234/873/3 755/325/37
f 755/325/37 234/873/3 570/858/3 178/326/37
f 99/119/3 338/118/3 650/874/3 654/865/3
f 654/865/3 650/874/3 235/875/3 232/866/3
f 232/866/3 235/875/3 651/876/3 768/867/3
f 768/867/3 651/876/3 571/877/3 572/868/3
f 572/868/3 571/877/3 266/878/3 407/869/3
f 407/869/3 266/878/3 164/879/3 233/870/3
f 233/870/3 164/879/3 769/880/3 594/871/3
f 594/871/3 769/880/3 770/881/3 595/872/3
f 595/872/3 770/881/3 468/882/3 234/873/3
f 373/862/1 575/883/1 137/884/1 370/885/1
f 338/118/3 216/117/3 134/886/3 650/874/3
f 650/874/3 134/886/3 578/887/3 235/875/3
f 235/875/3 578/887/3 423/888/3 651/876/3
f 651/876/3 423/888/3 771/889/3 571/877/3
f 571/877/3 771/889/3 624/890/3 266/878/3
f 266/878/3 624/890/3 541/891/3 164/879/3
f 164/879/3 541/891/3 165/892/3 769/880/3
f 769/880/3 165/892/3 625/893/3 770/881/3
f 770/881/3 625/893/3 772/833/3 468/882/3
f 468/882/3 772/833/3 542/860/3 469/859/3
f 216/117/3 196/116/3 356/894/3 134/886/3
f 134/886/3 356/894/3 357/895/3 578/887/3
f 578/887/3 357/895/3 185/896/3 423/888/3
f 423/888/3 185/896/3 107/897/3 771/889/3
f 771/889/3 107/897/3 690/898/3 624/890/3
f 624/890/3 690/898/3 376/899/3 541/891/3
f 541/891/3 376/899/3 377/900/3 165/892/3
f 165/892/3 377/900/3 481/901/3 625/893/3
f 625/893/3 481/901/3 482/834/3 772/833/3
f 237/902/24 138/903/24 547/904/24 546/905/24
f 196/116/3 579/115/3 580/906/3 356/894/3
f 356/894/3 580/906/3 599/907/3 357/895/3
f 357/895/3 599/907/3 108/908/3 185/896/3
f 185/896/3 108/908/3 543/909/3 107/897/3
f 107/897/3 543/909/3 236/910/3 690/898/3
f 690/898/3 236/910/3 110/911/3 376/899/3
f 376/899/3 110/911/3 492/912/3 377/900/3
f 377/900/3 492/912/3 574/913/3 481/901/3
f 481/901/3 574/913/3 575/883/3 482/834/3
f 482/834/3 575/883/3 373/862/3 539/861/3
f 579/115/3 217/114/3 691/914/3 580/906/3
f 580/906/3 691/914/3 692/915/3 599/907/3
f 599/907/3 692/915/3 544/916/3 108/908/3
f 108/908/3 544/916/3 483/917/3 543/909/3
f 543/909/3 483/917/3 484/918/3 236/910/3
f 236/910/3 484/918/3 109/919/3 110/911/3
f 110/911/3 109/919/3 693/920/3 492/912/3
f 492/912/3 693/920/3 573/921/3 574/913/3
f 574/913/3 573/921/3 358/922/3 575/883/3
f 609/622/125 459/621/125 351/845/125 15/844/125
f 217/114/3 65/113/3 600/923/3 691/914/3
f 691/914/3 600/923/3 363/924/3 692/915/3
f 692/915/3 363/924/3 773/925/3 544/916/3
f 544/916/3 773/925/3 404/926/3 483/917/3
f 483/917/3 404/926/3 405/927/3 484/918/3
f 484/918/3 405/927/3 184/928/3 109/919/3
f 109/919/3 184/928/3 695/929/3 693/920/3
f 693/920/3 695/929/3 774/930/3 573/921/3
f 573/921/3 774/930/3 237/902/3 358/922/3
f 358/922/3 237/902/3 48/783/3 359/863/3
f 65/113/3 16/112/3 652/931/3 600/923/3
f 600/923/3 652/931/3 362/932/3 363/924/3
f 363/924/3 362/932/3 540/933/3 773/925/3
f 773/925/3 540/933/3 406/934/3 404/926/3
f 404/926/3 406/934/3 602/935/3 405/927/3
f 405/927/3 602/935/3 775/936/3 184/928/3
f 184/928/3 775/936/3 694/937/3 695/929/3
f 695/929/3 694/937/3 697/938/3 774/930/3
f 774/930/3 697/938/3 138/903/3 237/902/3
f 358/922/125 359/863/125 114/939/125 657/940/125
f 16/112/3 663/111/3 577/941/3 652/931/3
f 652/931/3 577/941/3 284/942/3 362/932/3
f 362/932/3 284/942/3 285/943/3 540/933/3
f 540/933/3 285/943/3 494/944/3 406/934/3
f 406/934/3 494/944/3 601/945/3 602/935/3
f 602/935/3 601/945/3 360/946/3 775/936/3
f 775/936/3 360/946/3 238/947/3 694/937/3
f 694/937/3 238/947/3 696/948/3 697/938/3
f 697/938/3 696/948/3 361/949/3 138/903/3
f 138/903/3 361/949/3 111/864/3 409/782/3
f 663/111/3 427/110/3 576/950/3 577/941/3
f 577/941/3 576/950/3 776/951/3 284/942/3
f 284/942/3 776/951/3 364/952/3 285/943/3
f 285/943/3 364/952/3 77/953/3 494/944/3
f 494/944/3 77/953/3 698/954/3 601/945/3
f 601/945/3 698/954/3 447/955/3 360/946/3
f 360/946/3 447/955/3 197/956/3 238/947/3
f 238/947/3 197/956/3 239/957/3 696/948/3
f 696/948/3 239/957/3 653/958/3 361/949/3
f 283/738/373 754/797/415 756/806/428 750/287/131
f 427/110/3 428/109/3 205/959/3 576/950/3
f 576/950/3 205/959/3 448/960/3 776/951/3
f 776/951/3 448/960/3 177/961/3 364/952/3
f 364/952/3 177/961/3 101/962/3 77/953/3
f 77/953/3 101/962/3 100/963/3 698/954/3
f 698/954/3 100/963/3 31/964/3 447/955/3
f 447/955/3 31/964/3 684/965/3 197/956/3
f 197/956/3 684/965/3 19/966/3 239/957/3
f 239/957/3 19/966/3 441/967/3 653/958/3
f 653/958/3 441/967/3 46/80/3 451/79/3
f 878/5/2 863/8/2 33/968/2 799/969/2
f 539/861/2 542/860/2 245/970/2 778/971/2
f 653/958/125 451/79/125 452/972/125 115/973/125
f 725/55/398 281/165/64 726/790/408
f 486/211/1 228/840/1 227/461/1 764/95/1
f 482/834/125 539/861/125 778/971/125 777/835/125
f 38/787/406 366/802/424 553/724/357 474/578/271
f 111/864/1 361/949/1 256/974/1 658/975/1
f 437/166/331 725/55/29 449/58/32 508/170/69
f 542/860/1 772/833/1 244/836/1 245/970/1
f 584/791/409 281/165/64 727/832/425
f 138/903/125 409/782/125 371/785/125 547/904/125
f 361/949/24 653/958/24 115/973/24 256/974/24
f 575/883/24 358/922/24 657/940/24 137/884/24
f 251/364/91 353/837/91 456/976/91 354/366/91 253/365/91
f 234/873/24 468/882/24 545/977/24 241/978/24
f 468/882/125 469/859/125 273/979/125 545/977/125
f 202/739/400 58/316/156 282/737/426
f 451/79/2 111/864/2 658/975/2 452/972/2
f 388/380/184 389/441/207 398/980/141 648/381/140
f 359/863/2 373/862/2 370/885/2 114/939/2
f 354/366/91 456/976/91 645/767/91 464/766/91
f 469/859/2 570/858/2 274/981/2 273/979/2
f 779/811/33 344/810/33 168/825/33 420/817/33
f 308/566/263 69/800/427 68/351/173 411/350/172
f 48/783/1 237/902/1 546/905/1 372/784/1
f 570/858/1 234/873/1 241/978/1 274/981/1
f 857/358/91 858/982/429 40/983/200 519/471/174
f 294/582/274 308/566/263 582/568/265 292/583/275
f 874/17/6 875/20/9 250/984/244 675/985/7
f 383/212/33 384/486/23 163/628/23 102/627/33
f 876/986/430 720/987/92 721/988/205 387/989/224
f 870/21/1 872/32/1 78/990/1 495/991/1 699/992/1 700/993/1 166/994/1 139/995/1 286/996/1 701/997/1 79/998/1 198/999/1
f 726/56/30 584/726/336 231/272/126 753/57/31
f 431/50/125 490/49/125 255/1000/125 432/210/125
f 499/1001/431 782/1002/432 783/1003/433 382/1004/434
f 660/1005/435 781/1006/436 782/1002/432 499/1001/431
f 86/1007/437 798/1008/438 781/1006/436 660/1005/435
f 118/1009/439 787/1010/440 798/1008/438 86/1007/437
f 119/1011/441 788/1012/442 787/1013/440 118/1014/439
f 659/1015/443 780/1016/444 788/1012/442 119/1011/441
f 628/1017/445 797/1018/77 780/1016/444 659/1015/443
f 498/11/5 785/10/4 797/1018/77 628/1017/445
f 642/1019/446 112/41/18 796/44/19 790/1020/447
f 608/46/21 642/1019/446 790/1020/447 800/47/22
f 645/1021/448 456/33/10 792/36/13 791/1022/449
f 57/38/15 645/1021/448 791/1022/449 803/39/16
f 876/986/430 355/1023/167 718/1024/89 720/987/92
f 857/358/91 467/357/174 24/1025/200 858/982/429
f 432/210/2 255/1000/2 258/14/2 515/13/2
f 497/1026/1 158/1027/1 894/1028/1 893/1029/1
f 230/19/8 355/1023/167 876/986/430 875/20/9
f 158/587/1 614/608/1 892/1030/1 894/1031/1
f 390/202/90 33/314/132 863/1032/91 418/203/91
f 793/35/12 353/34/11 859/1033/24 877/1034/24
f 609/622/125 15/844/125 868/1035/125 855/259/125
f 655/18/7 874/17/6 858/982/429 24/1025/200
f 250/984/244 875/20/9 876/986/430 387/989/224
f 180/458/218 259/527/218 212/530/33 633/459/33
f 629/777/33 516/249/33 763/246/33 392/244/33
f 320/576/2 103/781/2 345/828/2 348/575/2
f 25/256/125 868/1035/125 867/1036/125 500/276/125
f 550/1037/1 891/1038/1 888/1039/1 167/1040/1
f 167/134/1 888/1041/1 890/1042/1 634/135/1
f 421/630/2 422/857/2 640/842/2 102/627/2
f 607/96/33 764/95/33 444/463/33 443/359/33
f 15/844/125 458/855/125 867/1036/125 868/1035/125
f 417/440/206 418/203/91 863/1032/91 49/470/192
f 783/1003/433 877/1034/24 859/1033/24 382/1004/434
f 122/387/189 689/418/195 6/827/422 688/388/190
f 675/985/7 40/983/200 858/982/429 874/17/6
f 171/762/218 310/101/47 311/718/23 515/13/33
f 582/735/366 355/342/167 292/637/290
f 503/504/33 461/747/385 352/569/266 43/505/218
f 631/255/125 855/259/125 868/1035/125 25/256/125
f 648/299/140 270/302/450 569/1043/450 568/1044/185
f 270/302/450 53/386/188 460/389/188 569/1043/450
f 750/287/131 756/806/428 201/345/170 305/173/72
f 890/1045/24 819/353/177 634/250/120
f 889/1046/1 891/1047/1 550/123/1 290/122/1
f 893/1048/1 895/1049/1 269/492/1 497/503/1
f 818/793/412 892/1050/24 614/794/413
f 898/313/151 824/795/24 248/311/152
f 900/310/151 263/251/121 821/354/24
usemtl Light
f 187/1051/33 799/348/33 794/48/23 50/23/23
f 785/10/4 79/998/4 701/997/77 797/1018/77
f 797/1018/77 701/997/77 286/996/444 780/1016/444
f 780/1016/444 286/996/444 139/995/442 788/1012/442
f 788/1012/442 139/995/442 166/994/440 787/1013/440
f 787/1010/440 166/1052/440 700/993/438 798/1008/438
f 798/1008/438 700/993/438 699/992/436 781/1006/436
f 781/1006/436 699/992/436 495/991/432 782/1002/432
f 782/1002/432 495/991/432 78/990/433 783/1003/433
f 827/1053/451 140/1054/452 824/1055/453 851/1056/453
f 871/1057/1 891/1047/1 889/1046/1 866/1058/1
f 792/36/13 793/35/12 47/31/12 454/30/13
f 821/354/24 848/1059/24 847/1060/151 900/310/151
f 862/1061/454 819/353/177 890/1045/24 864/1062/24
f 815/1063/455 140/1064/456 816/1065/457 828/1066/458
f 850/1067/459 823/1068/460 805/1069/461 841/1070/462
f 881/1071/463 807/1072/463 846/1073/451 869/1074/451
f 880/1075/464 879/1076/465 842/1077/466 812/1078/467
f 262/1079/468 554/1080/469 830/1081/470 834/1082/471
f 886/1083/463 883/1084/463 884/1085/463 887/1086/463
f 834/1082/471 830/1081/470 142/1087/472 472/1088/473
f 842/1077/466 818/793/412 809/1089/474 823/1090/460
f 869/1074/451 846/1073/451 837/1091/475 861/1092/476
f 871/1057/1 866/1058/1 895/1049/1 893/1048/1
f 790/1020/447 796/44/19 135/26/19 267/25/447
f 791/1022/449 792/36/13 454/30/13 679/29/449
f 881/1071/463 869/1074/451 852/1093/451 811/1094/463
f 824/795/24 898/313/151 885/1095/151 886/1096/24
f 800/47/22 790/1020/447 267/25/447 682/24/22
f 862/1061/454 864/1062/24 892/1050/24 818/793/412
f 247/1097/477 839/1098/478 833/1099/479 505/1100/480
f 839/1098/478 433/1101/481 136/1102/482 833/1099/479
f 869/1074/451 861/1092/476 840/1103/483 852/1093/451
f 795/40/17 803/39/16 680/28/16 154/1104/17
f 796/44/19 795/43/17 154/27/17 135/26/19
f 803/39/16 791/1022/449 679/29/449 680/28/16
f 870/1105/2 878/5/2 799/969/2 187/22/2
f 828/1066/458 816/1065/457 817/1106/484 829/1107/485
f 198/1108/3 79/998/4 785/10/4 789/9/3
f 870/1105/2 198/999/2 789/6/2 878/5/2
f 805/1109/486 817/1110/487 816/1111/487 804/1112/486
f 825/1113/488 826/1114/489 814/1115/490 813/1116/491
f 823/1068/460 809/1117/474 817/1118/492 805/1069/461
f 136/1102/482 829/1107/485 534/1119/493 833/1099/479
f 826/1114/489 583/1120/494 806/1121/495 814/1115/490
f 832/1122/496 831/1123/497 821/1124/498 819/1125/499
f 839/1098/478 815/1063/455 828/1066/458 433/1101/481
f 247/1097/477 835/1126/500 815/1063/455 839/1098/478
f 831/1123/497 810/1127/501 143/1128/502 821/1124/498
f 583/1120/494 832/1122/496 819/1125/499 806/1121/495
f 804/1129/503 816/1130/504 140/1054/452 827/1053/451
f 810/1127/501 825/1113/488 813/1116/491 143/1128/502
f 829/1107/485 817/1106/484 809/1131/505 534/1119/493
f 802/1132/506 801/1133/506 813/1134/507 814/1135/507
f 852/1093/451 827/1053/451 851/1056/453 811/1094/463
f 835/1126/500 824/1136/508 140/1064/456 815/1063/455
f 879/1076/465 843/1137/509 819/353/177 862/1061/454
f 820/1138/510 802/1139/511 814/1140/512 806/1141/513
f 845/1142/514 849/1143/463 848/1144/463 821/1145/514
f 822/1146/451 845/1142/514 821/1145/514 143/1147/515
f 843/1137/509 820/1148/510 806/1149/513 819/353/177
f 836/1150/516 818/1151/517 824/1136/508 835/1126/500
f 801/1152/518 822/1146/451 143/1147/515 813/1153/519
f 879/1076/465 862/1061/454 818/793/412 842/1077/466
f 472/1088/473 142/1087/472 826/1114/489 825/1113/488
f 851/1056/453 824/1055/453 886/1083/463 887/1086/463
f 505/1100/480 836/1150/516 835/1126/500 247/1097/477
f 142/1087/472 830/1081/470 583/1120/494 826/1114/489
f 554/1080/469 262/1079/468 831/1123/497 832/1122/496
f 841/1154/520 805/1109/486 804/1112/486 840/1155/521
f 833/1099/479 534/1119/493 836/1150/516 505/1100/480
f 262/1079/468 834/1082/471 810/1127/501 831/1123/497
f 830/1081/470 554/1080/469 832/1122/496 583/1120/494
f 433/1101/481 828/1066/458 829/1107/485 136/1102/482
f 834/1082/471 472/1088/473 825/1113/488 810/1127/501
f 811/1094/463 851/1056/453 887/1086/463
f 838/1156/522 837/1157/523 801/1133/506 802/1132/506
f 840/1103/483 804/1129/503 827/1053/451 852/1093/451
f 880/1075/464 808/1158/524 843/1137/509 879/1076/465
f 844/1159/525 838/1160/526 802/1139/511 820/1138/510
f 807/1072/463 849/1143/463 845/1142/514
f 846/1073/451 807/1072/463 845/1142/514 822/1146/451
f 808/1158/524 844/1161/525 820/1148/510 843/1137/509
f 885/1095/151 882/1162/151 883/1163/24 886/1096/24
f 837/1091/475 846/1073/451 822/1146/451 801/1152/518
f 812/1078/467 850/1164/459 856/1165/527 880/1075/464
f 850/1067/459 841/1070/462 860/1166/528 856/1167/527
f 841/1154/520 840/1155/521 861/1168/529 860/1169/529
f 277/1170/530 853/1171/531 882/1162/151 885/1095/151
f 848/1144/463 849/1143/463 884/1085/463 883/1084/463
f 847/1060/151 848/1059/24 883/1163/24 882/1162/151
f 849/1143/463 807/1072/463 881/1071/463 884/1085/463
f 47/31/12 793/35/12 877/1034/24 872/32/24
f 78/990/433 872/32/24 877/1034/24 783/1003/433
f 812/1078/467 842/1077/466 823/1090/460 850/1164/459
f 794/48/23 800/47/22 682/24/22 50/23/23
f 534/1119/493 809/1131/505 818/1151/517 836/1150/516
f 887/1086/463 884/1085/463 881/1071/463 811/1094/463
f 838/1156/522 860/1169/529 861/1168/529 837/1157/523
f 844/1159/525 856/1167/527 860/1166/528 838/1160/526
f 808/1158/524 880/1075/464 856/1165/527 844/1161/525
f 302/1172/532 847/1060/151 882/1162/151 853/1171/531
f 888/1039/1 891/1038/1 871/1173/1 865/1174/1
f 890/1042/1 888/1041/1 865/1175/1 864/1176/1
f 894/1031/1 892/1030/1 864/1176/1 865/1175/1
f 893/1029/1 894/1028/1 865/1174/1 871/1173/1
f 898/313/151 896/312/153 277/1170/530 885/1095/151
f 896/312/153 897/584/276 277/1170/530
f 899/304/145 900/310/151 847/1060/151 302/1172/532
f 901/305/146 899/304/145 302/1172/532
o Cube.004
v -1.891364 -0.363875 2.293628
v -1.391316 -0.342693 2.215415
v -1.891364 -0.363875 2.100047
v -1.391316 -0.342693 2.178261
v 1.891364 -0.363875 2.293628
v 1.391316 -0.342693 2.215415
v 1.891364 -0.363875 2.100047
v 1.391316 -0.342693 2.178261
v 0.850306 -0.393998 1.876267
v -0.850306 -0.393998 1.876267
v -0.992687 -0.315072 2.091385
v 0.992687 -0.315072 2.091385
v -0.850306 -0.393998 2.517408
v 0.850306 -0.393998 2.517408
v 0.992687 -0.315072 2.302290
v -0.992687 -0.315072 2.302290
v -1.891364 -0.345493 2.293628
v -1.891364 -0.345493 2.100047
v 0.850306 -0.315369 1.876267
v 1.891364 -0.345493 2.100047
v 1.891364 -0.345493 2.293628
v -0.850306 -0.315369 2.517408
v -0.850306 -0.315369 1.876267
v 0.850306 -0.315369 2.517408
vt 0.375000 0.000000
vt 0.625000 0.000000
vt 0.625000 0.250000
vt 0.375000 0.250000
vt 0.375000 0.416667
vt 0.625000 0.416667
vt 0.625000 0.500000
vt 0.375000 0.500000
vt 0.625000 0.750000
vt 0.375000 0.750000
vt 0.375000 0.916667
vt 0.625000 0.916667
vt 0.625000 1.000000
vt 0.375000 1.000000
vt 0.291667 0.500000
vt 0.291667 0.750000
vt 0.708837 0.537747
vt 0.791163 0.537747
vt 0.791163 0.712253
vt 0.708837 0.712253
vt 0.125000 0.500000
vt 0.208333 0.500000
vt 0.208333 0.750000
vt 0.125000 0.750000
vt 0.625000 0.833333
vt 0.375000 0.833333
vt 0.625000 0.333333
vt 0.375000 0.333333
vt 0.867254 0.645990
vt 0.867254 0.604010
vt 0.875000 0.500000
vt 0.875000 0.750000
vt 0.632746 0.604010
vt 0.708333 0.500000
vt 0.632746 0.645990
vt 0.791667 0.750000
vt 0.791667 0.500000
vt 0.708333 0.750000
vn -1.0000 0.0000 0.0000
vn 0.2102 0.0000 -0.9777
vn 1.0000 0.0000 0.0000
vn -0.2102 0.0000 0.9777
vn 0.0289 -0.9996 0.0000
vn 0.0000 1.0000 0.0000
vn -0.0289 -0.9996 0.0000
vn 0.0000 -1.0000 0.0000
vn 0.2102 0.0000 0.9777
vn 0.0000 0.0000 1.0000
vn -0.2102 0.0000 -0.9777
vn 0.0000 0.0000 -1.0000
vn -0.0056 1.0000 0.0000
vn 0.0335 0.9990 0.0303
vn 0.0056 1.0000 0.0000
vn -0.0335 0.9990 -0.0303
vn -0.0335 0.9990 0.0303
vn 0.0000 1.0000 -0.0014
vn 0.0335 0.9990 -0.0303
vn 0.0000 1.0000 0.0014
vn -0.0691 0.9976 0.0000
vn 0.0691 0.9976 0.0000
usemtl Black
s off
f 902/1177/533 918/1178/533 919/1179/533 904/1180/533
f 910/1181/534 920/1182/534 921/1183/534 908/1184/534
f 908/1184/535 921/1183/535 922/1185/535 906/1186/535
f 914/1187/536 923/1188/536 918/1189/536 902/1190/536
f 910/1191/537 908/1184/537 906/1186/537 915/1192/537
f 913/1193/538 912/1194/538 917/1195/538 916/1196/538
f 904/1197/539 911/1198/539 914/1199/539 902/1200/539
f 911/1198/540 910/1191/540 915/1192/540 914/1199/540
f 906/1186/541 922/1185/541 925/1201/541 915/1202/541
f 915/1202/542 925/1201/542 923/1188/542 914/1187/542
f 904/1180/543 919/1179/543 924/1203/543 911/1204/543
f 911/1204/544 924/1203/544 920/1182/544 910/1181/544
f 903/1205/545 905/1206/545 919/1207/545 918/1208/545
f 913/1193/546 909/1209/546 921/1183/546 920/1210/546
f 909/1209/547 907/1211/547 922/1185/547 921/1183/547
f 917/1195/548 903/1205/548 918/1208/548 923/1212/548
f 905/1206/549 912/1194/549 924/1213/549 919/1207/549
f 912/1194/550 913/1193/550 920/1210/550 924/1213/550
f 907/1211/551 916/1196/551 925/1214/551 922/1185/551
f 916/1196/552 917/1195/552 923/1212/552 925/1214/552
usemtl Light
f 912/1194/553 905/1206/553 903/1205/553 917/1195/553
f 909/1209/554 913/1193/554 916/1196/554 907/1211/554
o Cube.005
v -0.120745 -1.000000 1.574907
v -0.436622 -0.801630 -2.325635
v 0.120745 -1.000000 1.574907
v 0.436622 -0.801630 -2.325635
v -0.129230 1.000000 -2.145820
v -0.252581 -0.802576 -2.687541
v 0.252581 -0.802576 -2.687541
v 0.129230 1.000000 -2.145820
v -0.150334 1.000000 1.588982
v -0.390303 0.580608 1.886607
v -0.615224 1.000000 -2.145820
v -0.763188 0.382464 -2.326729
v 0.150334 1.000000 1.588982
v 0.390303 0.580608 1.886607
v 0.763188 0.382464 -2.326729
v 0.615225 1.000000 -2.145820
v -0.149207 1.000000 -3.250946
v -0.250553 0.383188 -3.258844
v 0.149207 1.000000 -3.250946
v 0.250553 0.383188 -3.258844
v -0.143108 0.580608 1.886607
v 0.143721 0.580608 1.886607
v -0.131865 -1.000000 -2.145820
v 0.131873 -1.000000 -2.145820
v -0.129230 0.916619 -2.145820
v -0.150334 0.922904 1.557225
v -0.149207 0.922982 -3.218998
v -0.120745 -0.936042 1.521412
v 0.120745 -0.936046 1.521406
v 0.149207 0.922982 -3.218998
v 0.129230 0.916619 -2.145820
v 0.147288 -0.930071 -2.739814
v -0.147288 -0.930072 -2.739813
v 0.150334 0.922910 1.557209
v -0.147288 0.565439 -3.466581
v 0.147288 0.565439 -3.466581
v -0.143108 0.555396 1.807129
v 0.143721 0.555411 1.807124
v 0.131873 -0.916619 -2.145820
v -0.131865 -0.916619 -2.145820
v -0.396859 -1.000000 -1.281058
v -0.377687 -1.000000 -1.082755
v -0.326299 -1.000000 -0.551223
v -0.309652 -1.000000 -0.379031
v -0.259188 -1.000000 0.142938
v -0.242081 -1.000000 0.319880
v -0.134135 1.000000 -1.277786
v -0.135259 1.000000 -1.078734
v -0.138274 1.000000 -0.545190
v -0.139251 1.000000 -0.372348
v -0.142212 1.000000 0.151596
v -0.143216 1.000000 0.329207
v 0.242081 -1.000000 0.319880
v 0.259188 -1.000000 0.142938
v 0.309652 -1.000000 -0.379032
v 0.326299 -1.000000 -0.551223
v 0.377687 -1.000000 -1.082755
v 0.396859 -1.000000 -1.281058
v 0.134135 1.000000 -1.277786
v 0.135260 1.000000 -1.078734
v 0.138275 1.000000 -0.545190
v 0.139252 1.000000 -0.372348
v 0.142212 1.000000 0.151596
v 0.143216 1.000000 0.329207
v -0.307145 1.000000 0.329207
v -0.329253 1.000000 0.151596
v -0.394471 1.000000 -0.372348
v -0.415986 1.000000 -0.545191
v -0.482399 1.000000 -1.078734
v -0.507176 1.000000 -1.277786
v -0.791881 0.580608 -1.208613
v -0.763998 0.580608 -0.993698
v -0.689259 0.580608 -0.417637
v -0.665047 0.580608 -0.231021
v -0.591653 0.580608 0.334676
v -0.566773 0.580608 0.526441
v 0.507176 1.000000 -1.277786
v 0.482399 1.000000 -1.078734
v 0.415986 1.000000 -0.545190
v 0.394471 1.000000 -0.372348
v 0.329253 1.000000 0.151596
v 0.307145 1.000000 0.329207
v 0.566773 0.580608 0.526441
v 0.591653 0.580608 0.334676
v 0.665047 0.580608 -0.231021
v 0.689259 0.580608 -0.417637
v 0.763998 0.580608 -0.993698
v 0.791882 0.580608 -1.208613
v -0.129280 -1.000000 -1.281058
v -0.128688 -1.000000 -1.082755
v -0.127099 -1.000000 -0.551223
v -0.126585 -1.000000 -0.379031
v -0.125025 -1.000000 0.142938
v -0.124496 -1.000000 0.319880
v 0.124499 -1.000000 0.319880
v 0.125028 -1.000000 0.142938
v 0.126589 -1.000000 -0.379032
v 0.127104 -1.000000 -0.551223
v 0.128693 -1.000000 -1.082755
v 0.129286 -1.000000 -1.281058
v -0.347608 -0.938918 -1.286666
v -0.330584 -0.937225 -1.088119
v -0.277204 -0.938791 -0.556813
v -0.261535 -0.938009 -0.384511
v -0.210264 -0.938652 0.137367
v -0.192972 -0.938802 0.314288
v -0.134135 0.921335 -1.277786
v -0.135259 0.921335 -1.078734
v -0.138274 0.921335 -0.545190
v -0.139251 0.921335 -0.372348
v -0.142212 0.921335 0.151596
v -0.143216 0.921335 0.329207
v 0.192972 -0.938802 0.314287
v 0.210264 -0.938652 0.137367
v 0.261535 -0.938009 -0.384511
v 0.277204 -0.938791 -0.556814
v 0.330584 -0.937225 -1.088119
v 0.347608 -0.938918 -1.286666
v 0.134135 0.921335 -1.277786
v 0.135260 0.921335 -1.078734
v 0.138275 0.921335 -0.545190
v 0.139252 0.921335 -0.372348
v 0.142212 0.921335 0.151596
v 0.143216 0.921335 0.329207
v -0.268589 0.931608 0.324303
v -0.294824 0.929405 0.147216
v -0.357178 0.930900 -0.377092
v -0.380297 0.930044 -0.549730
v -0.446486 0.930160 -1.083302
v -0.470260 0.930694 -1.282483
v -0.715137 0.565993 -1.217829
v -0.687009 0.567353 -1.002924
v -0.612719 0.564950 -0.426840
v -0.587964 0.567906 -0.240245
v -0.515294 0.564081 0.325486
v -0.489601 0.568455 0.517220
v 0.470260 0.930694 -1.282482
v 0.446486 0.930160 -1.083302
v 0.380297 0.930044 -0.549730
v 0.357178 0.930900 -0.377092
v 0.294824 0.929405 0.147217
v 0.268589 0.931608 0.324303
v 0.489601 0.568454 0.517220
v 0.515295 0.564081 0.325486
v 0.587964 0.567906 -0.240245
v 0.612719 0.564950 -0.426840
v 0.687009 0.567353 -1.002924
v 0.715137 0.565993 -1.217829
v -0.129280 -0.921335 -1.281058
v -0.128688 -0.921335 -1.082755
v -0.127099 -0.921335 -0.551223
v -0.126585 -0.921335 -0.379031
v -0.125025 -0.921335 0.142938
v -0.124496 -0.921335 0.319880
v 0.124499 -0.921335 0.319880
v 0.125028 -0.921335 0.142938
v 0.126589 -0.921335 -0.379032
v 0.127104 -0.921335 -0.551223
v 0.128693 -0.921335 -1.082755
v 0.129286 -0.921335 -1.281058
v -0.480464 -1.000000 -2.145820
v -0.147288 -1.000000 -2.785227
v 0.147288 -1.000000 -2.785227
v 0.480464 -1.000000 -2.145820
v 0.913476 0.580608 -2.145820
v 0.147288 0.580608 -3.548570
v -0.147288 0.580608 -3.548570
v -0.913476 0.580608 -2.145820
v -0.352517 -0.779176 -2.280358
v -0.168476 -0.780122 -2.642265
v 0.168476 -0.780122 -2.642265
v 0.352517 -0.779176 -2.280358
v 0.679083 0.404918 -2.281452
v 0.166447 0.405642 -3.213567
v -0.166447 0.405642 -3.213567
v -0.679083 0.404918 -2.281452
vt 0.699678 0.653162
vt 0.722110 0.653162
vt 0.716915 0.731121
vt 0.375000 0.500000
vt 0.284309 0.500000
vt 0.375000 0.500000
vt 0.401621 0.250000
vt 0.561181 0.250000
vt 0.561181 0.250000
vt 0.401621 0.250000
vt 0.375000 0.191896
vt 0.587797 0.191896
vt 0.587797 0.250000
vt 0.375000 0.250000
vt 0.125000 0.665673
vt 0.155592 0.665673
vt 0.125000 0.750000
vt 0.561181 0.500000
vt 0.401621 0.500000
vt 0.401621 0.500000
vt 0.561181 0.500000
vt 0.375000 0.665673
vt 0.587797 0.665673
vt 0.587797 0.750000
vt 0.375000 0.750000
vt 0.834187 0.500000
vt 0.767684 0.500000
vt 0.761913 0.500000
vt 0.738087 0.500000
vt 0.587797 0.500000
vt 0.587797 0.500000
vt 0.738087 0.500000
vt 0.625000 0.193157
vt 0.625000 0.246871
vt 0.625000 0.910491
vt 0.587797 0.920832
vt 0.587797 0.920832
vt 0.625000 0.910491
vt 0.771263 0.553717
vt 0.772084 0.566035
vt 0.774284 0.599052
vt 0.774997 0.609748
vt 0.777157 0.642171
vt 0.777890 0.653162
vt 0.783085 0.731121
vt 0.783085 0.731121
vt 0.767684 0.500000
vt 0.587797 0.500000
vt 0.665813 0.500000
vt 0.587797 0.250000
vt 0.625000 0.250000
vt 0.625000 0.250000
vt 0.587797 0.828971
vt 0.159904 0.653784
vt 0.172628 0.618713
vt 0.176825 0.607143
vt 0.189781 0.571429
vt 0.194615 0.558104
vt 0.215693 0.500000
vt 0.215693 0.500000
vt 0.125000 0.750000
vt 0.732316 0.500000
vt 0.822310 0.553717
vt 0.625000 0.250000
vt 0.587797 0.250000
vt 0.587797 1.000000
vt 0.375000 1.000000
vt 0.625000 0.839509
vt 0.125000 0.500000
vt 0.125000 0.500000
vt 0.125000 0.500000
vt 0.722842 0.642171
vt 0.725003 0.609748
vt 0.725716 0.599052
vt 0.727916 0.566035
vt 0.728737 0.553717
vt 0.732316 0.500000
vt 0.716915 0.731121
vt 0.375000 0.500000
vt 0.305387 0.558104
vt 0.375000 0.558104
vt 0.375000 1.000000
vt 0.284309 0.500000
vt 0.761913 0.500000
vt 0.310220 0.571429
vt 0.323176 0.607143
vt 0.327373 0.618713
vt 0.340096 0.653784
vt 0.344409 0.665673
vt 0.375000 0.750000
vt 0.625000 0.839509
vt 0.587797 0.828971
vt 0.375000 0.250000
vt 0.375000 0.250000
vt 0.587797 0.571429
vt 0.375000 0.571429
vt 0.375000 0.571429
vt 0.587797 0.571429
vt 0.375000 0.618713
vt 0.375000 0.653784
vt 0.587797 0.558104
vt 0.587797 0.558104
vt 0.375000 0.558104
vt 0.375000 0.607143
vt 0.323176 0.607143
vt 0.327373 0.618713
vt 0.800322 0.653162
vt 0.587797 0.191896
vt 0.625000 0.193157
vt 0.809921 0.609748
vt 0.802752 0.642171
vt 0.587797 0.178571
vt 0.625000 0.180839
vt 0.625000 0.180839
vt 0.587797 0.178571
vt 0.819586 0.566035
vt 0.812286 0.599052
vt 0.340096 0.653784
vt 0.344409 0.665673
vt 0.677690 0.553717
vt 0.625000 0.147823
vt 0.587797 0.142857
vt 0.587797 0.142857
vt 0.625000 0.147823
vt 0.680413 0.566035
vt 0.687714 0.599052
vt 0.587797 0.607143
vt 0.699678 0.653162
vt 0.722110 0.653162
vt 0.690079 0.609748
vt 0.697248 0.642171
vt 0.587797 0.653784
vt 0.587797 0.618713
vt 0.587797 0.131287
vt 0.625000 0.137128
vt 0.625000 0.137128
vt 0.587797 0.131287
vt 0.625000 0.015759
vt 0.625000 0.093715
vt 0.587797 0.084327
vt 0.587797 0.000000
vt 0.722842 0.642171
vt 0.697248 0.642171
vt 0.625000 0.104706
vt 0.587797 0.096216
vt 0.155592 0.665673
vt 0.159904 0.653784
vt 0.587797 0.096216
vt 0.625000 0.104706
vt 0.690079 0.609748
vt 0.725003 0.609748
vt 0.625000 0.093715
vt 0.587797 0.084327
vt 0.725716 0.599052
vt 0.687714 0.599052
vt 0.125000 0.558104
vt 0.172628 0.618713
vt 0.176825 0.607143
vt 0.125000 0.571429
vt 0.125000 0.607143
vt 0.587797 0.665673
vt 0.125000 0.618712
vt 0.125000 0.653784
vt 0.680413 0.566035
vt 0.727916 0.566035
vt 0.375000 0.000000
vt 0.375000 0.084327
vt 0.587797 0.653784
vt 0.375000 0.096216
vt 0.375000 0.131287
vt 0.728737 0.553717
vt 0.677690 0.553717
vt 0.375000 0.142857
vt 0.375000 0.178571
vt 0.189781 0.571429
vt 0.194615 0.558104
vt 0.587797 0.618713
vt 0.375000 0.191896
vt 0.305387 0.558104
vt 0.310220 0.571429
vt 0.771263 0.553717
vt 0.772084 0.566035
vt 0.587797 0.607143
vt 0.375000 0.607143
vt 0.375000 0.665673
vt 0.375000 0.618713
vt 0.375000 0.653784
vt 0.774284 0.599052
vt 0.774997 0.609748
vt 0.777157 0.642171
vt 0.777890 0.653162
vt 0.125000 0.558104
vt 0.125000 0.571429
vt 0.125000 0.607143
vt 0.800322 0.653162
vt 0.125000 0.618712
vt 0.802752 0.642171
vt 0.125000 0.653784
vt 0.809921 0.609748
vt 0.125000 0.665673
vt 0.812286 0.599052
vt 0.375000 0.084327
vt 0.819586 0.566035
vt 0.375000 0.096216
vt 0.822310 0.553717
vt 0.375000 0.131287
vt 0.375000 0.142857
vt 0.375000 0.178571
vt 0.401659 0.250000
vt 0.401658 0.500000
vt 0.561152 0.500000
vt 0.561152 0.250000
vt 0.561152 0.500000
vt 0.401659 0.250000
vt 0.401658 0.500000
vt 0.561152 0.250000
vt 0.625000 0.351349
vt 0.625000 0.398651
vn 0.0000 1.0000 0.0000
vn 0.0000 -1.0000 0.0000
vn 0.4450 0.1219 -0.8872
vn -0.9609 -0.2542 0.1094
vn -0.4450 0.1219 -0.8872
vn 0.9733 -0.2011 0.1108
vn -1.0000 0.0032 0.0026
vn -0.8127 0.5734 0.1034
vn 0.8259 0.5539 0.1051
vn 0.9999 0.0112 -0.0103
vn 1.0000 -0.0011 0.0057
vn 0.8112 0.4280 -0.3986
vn -0.8112 0.4280 -0.3986
vn 0.0000 -0.1935 0.9811
vn 1.0000 -0.0011 -0.0030
vn 1.0000 0.0032 0.0026
vn 0.0000 0.5787 0.8155
vn 0.9997 0.0074 -0.0251
vn -1.0000 -0.0011 0.0057
vn -1.0000 0.0000 0.0000
vn 0.9999 0.0138 0.0040
vn -0.9997 0.0074 -0.0251
vn 0.9998 -0.0037 -0.0184
vn -1.0000 -0.0011 -0.0030
vn -0.9999 0.0103 -0.0094
vn 1.0000 0.0000 0.0000
vn -0.9998 -0.0037 -0.0183
vn -0.9999 0.0142 0.0041
vn 0.1268 0.0255 -0.9916
vn -0.1224 -0.0152 0.9924
vn 1.0000 0.0000 0.0030
vn 0.1633 0.0578 0.9849
vn -0.1825 -0.0853 -0.9795
vn 0.8127 0.5734 0.1034
vn 0.2354 0.1546 0.9595
vn 0.8172 0.5669 0.1040
vn -0.0183 0.0381 -0.9991
vn 0.8206 0.5618 0.1044
vn -0.2458 -0.1811 -0.9523
vn -0.8259 0.5539 0.1051
vn 0.0137 -0.0325 0.9994
vn -0.8206 0.5618 0.1044
vn -1.0000 0.0000 0.0030
vn -0.8172 0.5669 0.1040
vn 0.3014 0.2395 0.9229
vn 0.9609 -0.2542 0.1094
vn -0.0107 0.0348 -0.9993
vn 0.9654 -0.2366 0.1099
vn -0.3005 -0.2713 -0.9144
vn 0.9686 -0.2226 0.1103
vn 0.0093 -0.0328 0.9994
vn 0.3005 -0.2713 -0.9144
vn -0.0074 0.0325 -0.9994
vn -0.9733 -0.2011 0.1108
vn -0.3014 0.2395 0.9229
vn -0.9686 -0.2226 0.1103
vn 0.0071 -0.0335 0.9994
vn -0.9654 -0.2366 0.1099
vn 1.0000 0.0000 -0.0057
vn 0.2458 -0.1811 -0.9523
vn 0.1224 -0.0152 0.9924
vn -1.0000 0.0000 -0.0057
vn -0.1360 -0.0537 0.9893
vn -0.0349 -0.0522 -0.9980
vn 0.1406 0.0625 -0.9881
vn 0.0293 0.0500 0.9983
vn -0.1485 -0.0906 0.9848
vn -0.0196 -0.0456 -0.9988
vn 0.1539 0.0994 -0.9831
vn 0.0183 0.0463 0.9988
vn -0.0131 0.0447 0.9989
vn -0.0134 -0.0423 -0.9990
vn 0.0134 -0.0423 -0.9990
vn 0.0131 0.0447 0.9989
vn -0.0183 0.0463 0.9988
vn 0.0183 0.0381 -0.9991
vn 0.0196 -0.0456 -0.9988
vn -0.0137 -0.0325 0.9994
vn -0.0293 0.0500 0.9983
vn 0.0107 0.0348 -0.9993
vn 0.0349 -0.0522 -0.9980
vn -0.0093 -0.0328 0.9994
vn -0.1539 0.0994 -0.9831
vn 0.0074 0.0325 -0.9994
vn 0.1485 -0.0906 0.9848
vn -0.0071 -0.0335 0.9994
vn -0.1406 0.0625 -0.9881
vn -0.1633 0.0578 0.9849
vn 0.1360 -0.0537 0.9893
vn 0.1825 -0.0853 -0.9795
vn -0.1268 0.0255 -0.9916
vn -0.2354 0.1546 0.9595
vn -0.8654 -0.2271 -0.4468
vn 0.8654 -0.2271 -0.4468
vn 0.8535 -0.2301 -0.4675
vn -0.8535 -0.2301 -0.4675
vn -0.8558 -0.2353 -0.4607
vn -0.8585 -0.2223 -0.4621
vn 0.8558 -0.2353 -0.4607
vn 0.8585 -0.2223 -0.4621
vn -0.2008 -0.9735 0.1097
vn -0.2030 0.9735 -0.1058
vn 0.5150 0.3728 0.7719
vn -0.5150 0.3728 0.7719
vn 0.2008 -0.9735 0.1097
vn 0.2030 0.9735 -0.1058
vn 0.0000 -0.4371 -0.8994
vn 0.0000 0.5623 0.8269
vn 0.0000 0.5693 -0.8221
vn -0.0000 1.0000 -0.0017
vn 0.0000 1.0000 0.0059
vn 0.0000 -0.1881 0.9821
vn -0.0000 -1.0000 -0.0053
vn 0.0000 -0.9997 0.0226
vn -0.2215 -0.9751 -0.0116
vn -0.1190 -0.9929 -0.0033
vn -0.0794 -0.9968 0.0007
vn 0.0662 0.9977 -0.0109
vn 0.0398 0.9992 -0.0050
vn 0.0281 0.9996 -0.0003
vn 0.8181 0.5661 0.1014
vn 0.8220 0.5599 0.1036
vn 0.8254 0.5544 0.1063
vn -0.8254 0.5544 0.1063
vn -0.8220 0.5599 0.1036
vn -0.8181 0.5661 0.1014
vn 0.9654 -0.2377 0.1072
vn 0.9684 -0.2231 0.1114
vn 0.9710 -0.2091 0.1156
vn 0.0794 -0.9968 0.0007
vn 0.1190 -0.9929 -0.0033
vn 0.2215 -0.9751 -0.0116
vn -0.9710 -0.2091 0.1156
vn -0.9684 -0.2231 0.1114
vn -0.9654 -0.2377 0.1072
vn -0.0281 0.9996 -0.0003
vn -0.0398 0.9992 -0.0050
vn -0.0662 0.9977 -0.0109
vn 0.8572 -0.2288 -0.4614
vn -0.8572 -0.2288 -0.4614
usemtl Black
s off
f 1007/1215/555 989/1216/555 938/1217/555
f 1089/1218/556 949/1219/556 1088/1220/556
f 927/1221/557 937/1222/557 1101/1223/557 1094/1224/557
f 966/1225/558 996/1226/558 1093/1227/558 1086/1228/558
f 971/1229/556 1019/1230/556 926/1231/556
f 940/1232/559 929/1233/559 1097/1234/559 1098/1235/559
f 978/1236/560 1008/1237/560 939/1238/560 928/1239/560
f 936/1240/555 930/1241/555 942/1242/555
f 944/1243/561 1091/1244/561 961/1245/561 955/1246/561
f 995/1247/562 936/1248/562 1093/1227/562 996/1226/562
f 1007/1215/563 938/1217/563 939/1238/563 1008/1237/563
f 934/1249/564 946/1250/564 962/1251/564 951/1252/564
f 930/1241/565 972/1253/565 973/1254/565 974/1255/565 975/1256/565 976/1257/565 977/1258/565 934/1259/565 951/1260/565 950/1261/565
f 1090/1262/566 1091/1244/566 944/1243/566 941/1263/566
f 1092/1264/567 1093/1227/567 936/1265/567 942/1266/567
f 928/1239/568 939/1238/568 947/1267/568
f 926/1231/569 1019/1230/569 1018/1268/569 1017/1269/569 1016/1270/569 1015/1271/569 1014/1272/569 948/1273/569 965/1274/569 953/1275/569
f 944/1243/555 933/1276/555 941/1263/555
f 972/1253/555 930/1241/555 936/1240/555 995/1277/555
f 1092/1264/570 942/1266/570 952/1278/570 960/1279/570
f 946/1250/571 934/1249/571 935/1280/571
f 926/1281/568 946/1250/568 935/1280/568
f 947/1267/571 939/1238/571 938/1282/571
f 948/1273/572 1087/1283/572 958/1284/572 965/1274/572
f 1087/1283/556 948/1273/556 1086/1285/556
f 938/1217/573 989/1216/573 988/1286/573 987/1287/573 986/1288/573 985/1289/573 984/1290/573 933/1276/573 956/1291/573 959/1292/573
f 1091/1244/574 1088/1220/574 957/1293/574 961/1245/574
f 1025/1294/556 949/1219/556 1089/1218/556 983/1295/556
f 946/1250/575 926/1281/575 953/1296/575 962/1251/575
f 1088/1220/576 949/1219/576 964/1297/576 957/1293/576
f 942/1242/577 930/1241/577 950/1261/577 952/1298/577
f 949/1219/578 1025/1294/578 1024/1299/578 1023/1300/578 1022/1301/578 1021/1302/578 1020/1303/578 928/1239/578 954/1304/578 964/1297/578
f 947/1267/579 938/1282/579 959/1305/579 963/1306/579
f 1087/1307/580 1092/1264/580 960/1279/580 958/1308/580
f 933/1276/581 944/1243/581 955/1246/581 956/1291/581
f 928/1239/582 947/1267/582 963/1306/582 954/1304/582
f 928/1239/556 1020/1303/556 978/1236/556
f 1012/1309/583 982/1310/583 1042/1311/583 1072/1312/583
f 1021/1302/556 1022/1301/556 980/1313/556 979/1314/556
f 983/1295/584 1013/1315/584 1073/1316/584 1043/1317/584
f 1023/1300/556 1024/1299/556 982/1310/556 981/1318/556
f 1022/1301/585 1023/1300/585 1083/1319/585 1082/1320/585
f 934/1259/555 977/1258/555 990/1321/555
f 995/1247/586 996/1226/586 1056/1322/586 1055/1323/586
f 976/1257/555 975/1256/555 992/1324/555 991/1325/555
f 997/1326/587 994/1327/587 1054/1328/587 1057/1329/587
f 974/1255/555 973/1254/555 994/1330/555 993/1331/555
f 1020/1303/585 1021/1302/585 1081/1332/585 1080/1333/585
f 941/1263/588 1002/1334/588 1013/1315/588 1090/1262/588
f 993/1335/589 998/1336/589 1058/1337/589 1053/1338/589
f 1003/1339/590 1004/1340/590 1011/1341/590 1012/1309/590
f 989/1216/591 1007/1215/591 1067/1342/591 1049/1343/591
f 1005/1344/592 1006/1345/592 1009/1346/592 1010/1347/592
f 999/1348/593 992/1349/593 1052/1350/593 1059/1351/593
f 934/1352/594 990/1353/594 1001/1354/594 935/1355/594
f 1006/1345/595 988/1286/595 1048/1356/595 1066/1357/595
f 991/1358/596 992/1349/596 999/1348/596 1000/1359/596
f 1018/1268/597 1019/1230/597 1079/1360/597 1078/1361/597
f 993/1335/598 994/1327/598 997/1326/598 998/1336/598
f 991/1358/599 1000/1359/599 1060/1362/599 1051/1363/599
f 1089/1218/600 1090/1262/600 1013/1315/600 983/1295/600
f 987/1287/601 1005/1344/601 1065/1364/601 1047/1365/601
f 982/1310/602 1012/1309/602 1011/1341/602 981/1318/602
f 1001/1354/603 990/1353/603 1050/1366/603 1061/1367/603
f 980/1313/604 1010/1347/604 1009/1346/604 979/1314/604
f 1004/1340/605 986/1288/605 1046/1368/605 1064/1369/605
f 1086/1285/556 948/1273/556 1014/1272/556 966/1370/556
f 1016/1270/597 1017/1269/597 1077/1371/597 1076/1372/597
f 967/1373/556 1015/1271/556 1016/1270/556 968/1374/556
f 1007/1215/606 1008/1237/606 1068/1375/606 1067/1342/606
f 969/1376/556 1017/1269/556 1018/1268/556 970/1377/556
f 985/1289/607 1003/1339/607 1063/1378/607 1045/1379/607
f 926/1380/608 935/1355/608 1001/1354/608 971/1381/608
f 1009/1346/609 1006/1345/609 1066/1357/609 1069/1382/609
f 970/1383/610 1000/1359/610 999/1348/610 969/1384/610
f 1002/1334/611 984/1290/611 1044/1385/611 1062/1386/611
f 968/1387/612 998/1336/612 997/1326/612 967/1388/612
f 988/1286/613 989/1216/613 1049/1343/613 1048/1356/613
f 941/1263/555 933/1276/555 984/1290/555 1002/1334/555
f 1014/1272/597 1015/1271/597 1075/1389/597 1074/1390/597
f 1003/1339/555 985/1289/555 986/1288/555 1004/1340/555
f 1005/1344/614 1010/1347/614 1070/1391/614 1065/1364/614
f 1005/1344/555 987/1287/555 988/1286/555 1006/1345/555
f 996/1226/615 966/1225/615 1026/1392/615 1056/1322/615
f 1024/1299/585 1025/1294/585 1085/1393/585 1084/1394/585
f 973/1254/616 972/1253/616 1032/1395/616 1033/1396/616
f 981/1318/617 1011/1341/617 1071/1397/617 1041/1398/617
f 978/1236/618 1020/1303/618 1080/1333/618 1038/1399/618
f 1010/1347/619 980/1313/619 1040/1400/619 1070/1391/619
f 1021/1302/620 979/1314/620 1039/1401/620 1081/1332/620
f 975/1256/616 974/1255/616 1034/1402/616 1035/1403/616
f 979/1314/621 1009/1346/621 1069/1382/621 1039/1401/621
f 980/1313/622 1022/1301/622 1082/1320/622 1040/1400/622
f 1008/1237/623 978/1236/623 1038/1399/623 1068/1375/623
f 1023/1300/624 981/1318/624 1041/1398/624 1083/1319/624
f 977/1258/616 976/1257/616 1036/1404/616 1037/1405/616
f 966/1370/625 1014/1272/625 1074/1390/625 1026/1406/625
f 982/1310/626 1024/1299/626 1084/1394/626 1042/1311/626
f 1015/1271/627 967/1373/627 1027/1407/627 1075/1389/627
f 1025/1294/628 983/1295/628 1043/1317/628 1085/1393/628
f 968/1374/629 1016/1270/629 1076/1372/629 1028/1408/629
f 990/1321/630 977/1258/630 1037/1405/630 1050/1409/630
f 1017/1269/631 969/1376/631 1029/1410/631 1077/1371/631
f 976/1257/632 991/1325/632 1051/1411/632 1036/1404/632
f 970/1377/633 1018/1268/633 1078/1361/633 1030/1412/633
f 992/1324/634 975/1256/634 1035/1403/634 1052/1413/634
f 1019/1230/635 971/1229/635 1031/1414/635 1079/1360/635
f 974/1255/636 993/1331/636 1053/1415/636 1034/1402/636
f 971/1381/637 1001/1354/637 1061/1367/637 1031/1416/637
f 994/1330/638 973/1254/638 1033/1396/638 1054/1417/638
f 1000/1359/639 970/1383/639 1030/1418/639 1060/1362/639
f 972/1253/640 995/1277/640 1055/1419/640 1032/1395/640
f 984/1290/613 985/1289/613 1045/1379/613 1044/1385/613
f 969/1384/641 999/1348/641 1059/1351/641 1029/1420/641
f 1013/1315/642 1002/1334/642 1062/1386/642 1073/1316/642
f 998/1336/643 968/1387/643 1028/1421/643 1058/1337/643
f 1003/1339/644 1012/1309/644 1072/1312/644 1063/1378/644
f 986/1288/613 987/1287/613 1047/1365/613 1046/1368/613
f 967/1388/645 997/1326/645 1057/1329/645 1027/1422/645
f 1011/1341/646 1004/1340/646 1064/1369/646 1071/1397/646
f 927/1221/647 931/1423/647 1087/1307/647 1086/1228/647
f 932/1424/648 929/1233/648 1089/1218/648 1088/1220/648
f 940/1232/649 945/1425/649 1091/1244/649 1090/1262/649
f 943/1426/650 937/1222/650 1093/1227/650 1092/1264/650
f 937/1222/651 927/1221/651 1086/1228/651 1093/1227/651
f 931/1423/652 943/1426/652 1092/1264/652 1087/1307/652
f 929/1233/653 940/1232/653 1090/1262/653 1089/1218/653
f 945/1425/654 932/1424/654 1088/1220/654 1091/1244/654
f 945/1425/655 940/1232/655 1098/1235/655 1099/1427/655
f 931/1423/656 927/1221/656 1094/1224/656 1095/1428/656
f 932/1424/657 945/1425/657 1099/1427/657 1096/1429/657
f 943/1426/658 931/1423/658 1095/1428/658 1100/1430/658
f 937/1222/659 943/1426/659 1100/1430/659 1101/1223/659
f 929/1233/660 932/1424/660 1096/1429/660 1097/1234/660
usemtl Light
f 958/1308/661 960/1279/661 961/1245/661 957/1293/661
f 959/1305/662 951/1252/662 962/1251/662 963/1306/662
f 952/1431/663 955/1432/663 961/1245/663 960/1279/663
f 959/1292/664 956/1291/664 950/1261/664 951/1260/664
f 952/1298/665 950/1261/665 956/1291/665 955/1246/665
f 963/1306/666 962/1251/666 953/1296/666 954/1304/666
f 953/1275/667 965/1274/667 964/1297/667 954/1304/667
f 957/1293/668 964/1297/668 965/1274/668 958/1284/668
f 1080/1333/669 1081/1332/669 1039/1401/669 1038/1399/669
f 1082/1320/670 1083/1319/670 1041/1398/670 1040/1400/670
f 1084/1394/671 1085/1393/671 1043/1317/671 1042/1311/671
f 1037/1405/672 1036/1404/672 1051/1411/672 1050/1409/672
f 1035/1403/673 1034/1402/673 1053/1415/673 1052/1413/673
f 1033/1396/674 1032/1395/674 1055/1419/674 1054/1417/674
f 1062/1386/675 1063/1378/675 1072/1312/675 1073/1316/675
f 1064/1369/676 1065/1364/676 1070/1391/676 1071/1397/676
f 1066/1357/677 1067/1342/677 1068/1375/677 1069/1382/677
f 1050/1366/678 1051/1363/678 1060/1362/678 1061/1367/678
f 1052/1350/679 1053/1338/679 1058/1337/679 1059/1351/679
f 1054/1328/680 1055/1323/680 1056/1322/680 1057/1329/680
f 1043/1317/681 1073/1316/681 1072/1312/681 1042/1311/681
f 1041/1398/682 1071/1397/682 1070/1391/682 1040/1400/682
f 1039/1401/683 1069/1382/683 1068/1375/683 1038/1399/683
f 1026/1406/684 1074/1390/684 1075/1389/684 1027/1407/684
f 1028/1408/685 1076/1372/685 1077/1371/685 1029/1410/685
f 1030/1412/686 1078/1361/686 1079/1360/686 1031/1414/686
f 1031/1416/687 1061/1367/687 1060/1362/687 1030/1418/687
f 1029/1420/688 1059/1351/688 1058/1337/688 1028/1421/688
f 1027/1422/689 1057/1329/689 1056/1322/689 1026/1392/689
f 1062/1386/690 1044/1385/690 1045/1379/690 1063/1378/690
f 1064/1369/691 1046/1368/691 1047/1365/691 1065/1364/691
f 1066/1357/692 1048/1356/692 1049/1343/692 1067/1342/692
usemtl Light2
f 1098/1235/693 1097/1234/693 1096/1429/693 1099/1427/693
f 1094/1224/694 1101/1223/694 1100/1430/694 1095/1428/694
