# Blender v3.6.1 OBJ File: 'subAlternate3.blend'
# www.blender.org
mtllib subAlternate3.mtl
o Sphere
v 0.464307 -0.807427 -2.827230
v 0.590305 -0.683064 -2.911419
v 0.693709 -0.531528 -2.980511
v 0.770545 -0.358641 -3.031852
v 0.817861 -0.171048 -3.063467
v 0.833837 0.024043 -3.074142
v 0.817861 0.219133 -3.063467
v 0.770545 0.406726 -3.031852
v 0.693709 0.579613 -2.980511
v 0.590305 0.731149 -2.911419
v 0.464307 0.855512 -2.827230
v 0.320557 0.947922 -2.731179
v 0.164579 1.004828 -2.626958
v 0.140317 -0.956743 -2.656522
v 0.272965 -0.899837 -2.789170
v 0.395215 -0.807427 -2.911419
v 0.502367 -0.683064 -3.018572
v 0.590305 -0.531528 -3.106509
v 0.655649 -0.358641 -3.171853
v 0.695887 -0.171048 -3.212092
v 0.709474 0.024043 -3.225678
v 0.000000 1.000000 3.394978
v 0.695887 0.219133 -3.212092
v 0.655649 0.406726 -3.171853
v 0.590305 0.579613 -3.106509
v 0.502367 0.731149 -3.018572
v 0.195090 0.980785 3.394978
v 0.382683 0.923880 3.394978
v 0.555570 0.831470 3.394978
v 0.707107 0.707107 3.394978
v 0.831469 0.555570 3.394978
v 0.923879 0.382683 3.394978
v 0.980785 0.195090 3.394978
v 1.000000 0.000000 3.394978
v 0.980785 -0.195090 3.394978
v 0.923879 -0.382683 3.394978
v 0.831469 -0.555570 3.394978
v 0.707107 -0.707107 3.394978
v 0.555570 -0.831470 3.394978
v 0.382683 -0.923880 3.394978
v 0.195090 -0.980785 3.394978
v 0.395215 0.855512 -2.911419
v 0.272965 0.947922 -2.789170
v 0.191342 0.980785 3.433038
v 0.375330 0.923880 3.469636
v 0.544895 0.831470 3.503364
v 0.693520 0.707107 3.532927
v 0.815493 0.555570 3.557190
v 0.906127 0.382683 3.575217
v 0.961940 0.195090 3.586320
v 0.980785 0.000000 3.590068
v 0.961940 -0.195090 3.586320
v 0.906127 -0.382683 3.575217
v 0.815493 -0.555570 3.557190
v 0.693520 -0.707107 3.532927
v 0.544895 -0.831470 3.503364
v 0.375330 -0.923880 3.469636
v 0.191342 -0.980785 3.433038
v 0.140317 1.004828 -2.656522
v 0.110754 -0.956743 -2.680784
v 0.180240 0.980785 3.469636
v 0.353553 0.923880 3.541425
v 0.513280 0.831470 3.607585
v 0.653281 0.707107 3.665576
v 0.768178 0.555570 3.713167
v 0.853553 0.382683 3.748531
v 0.906127 0.195090 3.770308
v 0.923879 0.000000 3.777661
v 0.906127 -0.195090 3.770308
v 0.853553 -0.382683 3.748531
v 0.768178 -0.555570 3.713167
v 0.653281 -0.707107 3.665576
v 0.513280 -0.831470 3.607585
v 0.353553 -0.923880 3.541425
v 0.180240 -0.980785 3.469636
v 0.214975 -0.899837 -2.836761
v 0.311026 -0.807427 -2.980512
v 0.162212 0.980785 3.503364
v 0.318190 0.923880 3.607585
v 0.461940 0.831470 3.703636
v 0.587938 0.707107 3.787825
v 0.691341 0.555570 3.856918
v 0.768178 0.382683 3.908258
v 0.815493 0.195090 3.939873
v 0.831469 0.000000 3.950548
v 0.815493 -0.195090 3.939873
v 0.768178 -0.382683 3.908258
v 0.691341 -0.555570 3.856918
v 0.587938 -0.707107 3.787825
v 0.461940 -0.831470 3.703636
v 0.318190 -0.923880 3.607585
v 0.162212 -0.980785 3.503364
v 0.395215 -0.683064 -3.106510
v 0.464307 -0.531528 -3.209913
v 0.137950 0.980785 3.532927
v 0.270598 0.923880 3.665576
v 0.392847 0.831470 3.787825
v 0.500000 0.707107 3.894978
v 0.587938 0.555570 3.982916
v 0.653281 0.382683 4.048259
v 0.693520 0.195090 4.088498
v 0.707106 0.000000 4.102084
v 0.693520 -0.195090 4.088498
v 0.653281 -0.382683 4.048259
v 0.587938 -0.555570 3.982916
v 0.500000 -0.707107 3.894978
v 0.392847 -0.831470 3.787825
v 0.270598 -0.923880 3.665576
v 0.137950 -0.980785 3.532927
v 0.515647 -0.358641 -3.286750
v 0.547263 -0.171048 -3.334065
v 0.108386 0.980785 3.557189
v 0.212607 0.923880 3.713167
v 0.308658 0.831470 3.856918
v 0.392847 0.707107 3.982916
v 0.461940 0.555570 4.086319
v 0.513280 0.382683 4.163156
v 0.544895 0.195090 4.210471
v 0.555570 0.000000 4.226447
v 0.544895 -0.195090 4.210471
v 0.513280 -0.382683 4.163156
v 0.461940 -0.555570 4.086319
v 0.392847 -0.707107 3.982916
v 0.308658 -0.831470 3.856918
v 0.212607 -0.923880 3.713167
v 0.108386 -0.980785 3.557189
v 0.557938 0.024043 -3.350041
v 0.547263 0.219133 -3.334065
v 0.074658 0.980785 3.575217
v 0.146447 0.923880 3.748531
v 0.212607 0.831470 3.908258
v 0.270598 0.707107 4.048259
v 0.318189 0.555570 4.163156
v 0.353553 0.382683 4.248531
v 0.375330 0.195090 4.301105
v 0.382683 0.000000 4.318857
v 0.375330 -0.195090 4.301105
v 0.353553 -0.382683 4.248531
v 0.318189 -0.555570 4.163156
v 0.270598 -0.707107 4.048259
v 0.212607 -0.831470 3.908258
v 0.146447 -0.923880 3.748531
v 0.074658 -0.980785 3.575217
v 0.515647 0.406726 -3.286750
v 0.464307 0.579613 -3.209913
v 0.038060 0.980785 3.586319
v 0.074658 0.923880 3.770308
v 0.108386 0.831470 3.939873
v 0.137950 0.707107 4.088498
v 0.162212 0.555570 4.210471
v 0.180240 0.382683 4.301105
v 0.191342 0.195090 4.356917
v 0.195090 0.000000 4.375763
v 0.191342 -0.195090 4.356917
v 0.180240 -0.382683 4.301105
v 0.162212 -0.555570 4.210471
v 0.137950 -0.707107 4.088498
v 0.108386 -0.831470 3.939873
v 0.074658 -0.923880 3.770308
v 0.038060 -0.980785 3.586319
v 0.395215 0.731149 -3.106510
v 0.311026 0.855512 -2.980512
v -0.000000 0.980785 3.590068
v -0.000000 0.923880 3.777661
v -0.000000 0.831470 3.950548
v -0.000000 0.707107 4.102084
v -0.000000 0.555570 4.226447
v 0.000000 0.382683 4.318857
v -0.000000 0.195090 4.375763
v -0.000000 0.000000 4.394978
v -0.000000 -0.195090 4.375763
v 0.000000 -0.382683 4.318857
v -0.000000 -0.555570 4.226447
v -0.000000 -0.707107 4.102084
v -0.000000 -0.831470 3.950548
v -0.000000 -0.923880 3.777661
v -0.000000 -0.980785 3.590068
v 0.214975 0.947922 -2.836761
v 0.110754 1.004828 -2.680784
v -0.038060 0.980785 3.586319
v -0.074658 0.923880 3.770308
v -0.108386 0.831470 3.939873
v -0.137950 0.707107 4.088497
v -0.162212 0.555570 4.210470
v -0.180240 0.382683 4.301105
v -0.191342 0.195090 4.356917
v -0.195091 0.000000 4.375762
v -0.191342 -0.195090 4.356917
v -0.180240 -0.382683 4.301105
v -0.162212 -0.555570 4.210470
v -0.137950 -0.707107 4.088497
v -0.108386 -0.831470 3.939873
v -0.074658 -0.923880 3.770308
v -0.038060 -0.980785 3.586319
v 0.077025 -0.956743 -2.698812
v 0.148814 -0.899837 -2.872125
v -0.074658 0.980785 3.575217
v -0.146447 0.923880 3.748531
v -0.212608 0.831470 3.908257
v -0.270598 0.707107 4.048259
v -0.318190 0.555570 4.163156
v -0.353553 0.382683 4.248531
v -0.375330 0.195090 4.301105
v -0.382683 0.000000 4.318856
v -0.375330 -0.195090 4.301105
v -0.353553 -0.382683 4.248531
v -0.318190 -0.555570 4.163156
v -0.270598 -0.707107 4.048259
v -0.212608 -0.831470 3.908257
v -0.146447 -0.923880 3.748531
v -0.074658 -0.980785 3.575217
v 0.214975 -0.807427 -3.031852
v 0.272965 -0.683064 -3.171853
v -0.108386 0.980785 3.557189
v -0.212608 0.923880 3.713167
v -0.308658 0.831470 3.856917
v -0.392847 0.707107 3.982916
v -0.461940 0.555570 4.086319
v -0.513280 0.382683 4.163156
v -0.544895 0.195090 4.210470
v -0.555570 0.000000 4.226446
v -0.544895 -0.195090 4.210470
v -0.513280 -0.382683 4.163156
v -0.461940 -0.555570 4.086319
v -0.392847 -0.707107 3.982916
v -0.308658 -0.831470 3.856917
v -0.212608 -0.923880 3.713167
v -0.108386 -0.980785 3.557189
v 0.320557 -0.531528 -3.286749
v 0.355921 -0.358641 -3.372125
v -0.137950 0.980785 3.532927
v -0.270598 0.923880 3.665576
v -0.392847 0.831470 3.787825
v -0.500000 0.707107 3.894978
v -0.587938 0.555570 3.982915
v -0.653281 0.382683 4.048259
v -0.693520 0.195090 4.088497
v -0.707106 0.000000 4.102084
v -0.693520 -0.195090 4.088497
v -0.653281 -0.382683 4.048259
v -0.587938 -0.555570 3.982915
v -0.500000 -0.707107 3.894978
v -0.392847 -0.831470 3.787825
v -0.270598 -0.923880 3.665576
v -0.137950 -0.980785 3.532927
v 0.000000 -1.000000 3.394978
v 0.377698 -0.171048 -3.424699
v -0.162212 0.980785 3.503364
v -0.318190 0.923880 3.607585
v -0.461940 0.831470 3.703636
v -0.587938 0.707107 3.787825
v -0.691341 0.555570 3.856917
v -0.768177 0.382683 3.908258
v -0.815493 0.195090 3.939873
v -0.831469 0.000000 3.950547
v -0.815493 -0.195090 3.939873
v -0.768177 -0.382683 3.908258
v -0.691341 -0.555570 3.856917
v -0.587938 -0.707107 3.787825
v -0.461940 -0.831470 3.703636
v -0.318190 -0.923880 3.607585
v -0.162212 -0.980785 3.503364
v 0.385051 0.024043 -3.442451
v 0.377698 0.219133 -3.424699
v -0.180240 0.980785 3.469636
v -0.353553 0.923880 3.541425
v -0.513280 0.831470 3.607585
v -0.653281 0.707107 3.665576
v -0.768177 0.555570 3.713167
v -0.853553 0.382683 3.748531
v -0.906127 0.195090 3.770308
v -0.923879 0.000000 3.777661
v -0.906127 -0.195090 3.770308
v -0.853553 -0.382683 3.748531
v -0.768177 -0.555570 3.713167
v -0.653281 -0.707107 3.665576
v -0.513280 -0.831470 3.607585
v -0.353553 -0.923880 3.541425
v -0.180240 -0.980785 3.469636
v 0.355921 0.406726 -3.372125
v 0.320557 0.579613 -3.286749
v -0.191342 0.980785 3.433038
v -0.375330 0.923880 3.469636
v -0.544895 0.831470 3.503364
v -0.693520 0.707107 3.532927
v -0.815493 0.555570 3.557189
v -0.906127 0.382683 3.575217
v -0.961939 0.195090 3.586319
v -0.980784 0.000000 3.590068
v -0.961939 -0.195090 3.586319
v -0.906127 -0.382683 3.575217
v -0.815493 -0.555570 3.557189
v -0.693520 -0.707107 3.532927
v -0.544895 -0.831470 3.503364
v -0.375330 -0.923880 3.469636
v -0.191342 -0.980785 3.433038
v 0.272965 0.731149 -3.171853
v 0.214975 0.855512 -3.031852
v -0.195090 0.980785 3.394978
v -0.382683 0.923880 3.394978
v -0.555570 0.831470 3.394978
v -0.707107 0.707107 3.394978
v -0.831469 0.555570 3.394978
v -0.923879 0.382683 3.394978
v -0.980785 0.195090 3.394977
v -0.999999 0.000000 3.394977
v -0.980785 -0.195090 3.394977
v -0.923879 -0.382683 3.394978
v -0.831469 -0.555570 3.394978
v -0.707107 -0.707107 3.394978
v -0.555570 -0.831470 3.394978
v -0.382683 -0.923880 3.394978
v -0.195090 -0.980785 3.394978
v 0.148814 0.947922 -2.872125
v 0.077025 1.004828 -2.698812
v -0.191342 -0.980785 3.356918
v 0.002367 0.579613 -3.350041
v 0.002367 -0.531528 -3.350041
v 0.002367 0.855512 -3.074142
v 0.040428 -0.956743 -2.709913
v 0.077025 -0.899837 -2.893902
v 0.110754 -0.807427 -3.063467
v 0.140317 -0.683064 -3.212092
v 0.164579 -0.531528 -3.334065
v 0.182607 -0.358641 -3.424699
v 0.193709 -0.171048 -3.480512
v 0.197458 0.024043 -3.499357
v 0.193709 0.219133 -3.480512
v 0.182607 0.406726 -3.424699
v 0.164579 0.579613 -3.334065
v 0.140317 0.731149 -3.212092
v 0.110754 0.855512 -3.063467
v 0.077025 0.947922 -2.893902
v 0.040428 1.004828 -2.709913
v 0.002367 -0.171048 -3.499357
v 0.002367 0.024043 -3.518572
v 0.002367 0.219133 -3.499357
v 0.320557 -0.899837 -2.731179
v 0.164579 -0.956743 -2.626958
v 0.002367 1.024043 -2.518572
v 0.182607 1.004828 -2.593230
v 0.355921 0.947922 -2.665019
v 0.515647 0.855512 -2.731179
v 0.655649 0.731149 -2.789170
v 0.770545 0.579613 -2.836761
v 0.855921 0.406726 -2.872125
v 0.908495 0.219133 -2.893902
v 0.926247 0.024043 -2.901255
v 0.908495 -0.171048 -2.893902
v 0.855921 -0.358641 -2.872125
v 0.770545 -0.531528 -2.836761
v 0.655649 -0.683064 -2.789170
v 0.515647 -0.807427 -2.731179
v 0.355921 -0.899837 -2.665019
v 0.182607 -0.956743 -2.593230
v 0.193709 1.004828 -2.556632
v 0.377698 0.947922 -2.593230
v 0.547262 0.855512 -2.626958
v 0.695887 0.731149 -2.656522
v 0.817860 0.579613 -2.680784
v 0.908495 0.406726 -2.698812
v 0.964307 0.219133 -2.709913
v 0.983153 0.024043 -2.713662
v 0.964307 -0.171048 -2.709913
v 0.908495 -0.358641 -2.698812
v 0.817860 -0.531528 -2.680784
v 0.695887 -0.683064 -2.656522
v 0.547262 -0.807427 -2.626958
v 0.377698 -0.899837 -2.593230
v 0.193709 -0.956743 -2.556632
v 0.197458 1.004828 -2.518572
v 0.385051 0.947922 -2.518572
v 0.557938 0.855512 -2.518572
v 0.709474 0.731149 -2.518572
v 0.833837 0.579613 -2.518572
v 0.926247 0.406726 -2.518572
v 0.983153 0.219133 -2.518572
v 1.002367 0.024043 -2.518572
v 0.983153 -0.171048 -2.518572
v 0.926247 -0.358641 -2.518572
v 0.833837 -0.531528 -2.518572
v 0.709474 -0.683064 -2.518572
v 0.557938 -0.807427 -2.518572
v 0.385051 -0.899837 -2.518572
v 0.197458 -0.956743 -2.518572
v -0.192723 1.004828 -2.518572
v -0.380316 0.947922 -2.518572
v -0.553202 0.855512 -2.518572
v -0.704739 0.731149 -2.518572
v -0.829102 0.579613 -2.518572
v -0.921512 0.406726 -2.518572
v -0.978417 0.219133 -2.518572
v -0.997632 0.024043 -2.518572
v -0.978417 -0.171048 -2.518572
v -0.921512 -0.358641 -2.518572
v -0.829102 -0.531528 -2.518572
v -0.704739 -0.683064 -2.518572
v -0.553202 -0.807427 -2.518572
v -0.380316 -0.899837 -2.518572
v -0.192723 -0.956743 -2.518572
v -0.188974 1.004828 -2.556632
v -0.372963 0.947922 -2.593230
v -0.542527 0.855512 -2.626958
v -0.691152 0.731149 -2.656522
v -0.813125 0.579613 -2.680784
v -0.903760 0.406726 -2.698812
v -0.959572 0.219133 -2.709914
v -0.978417 0.024043 -2.713662
v -0.959572 -0.171048 -2.709914
v -0.903760 -0.358641 -2.698812
v -0.813125 -0.531528 -2.680784
v -0.691152 -0.683064 -2.656522
v -0.542527 -0.807427 -2.626958
v -0.372963 -0.899837 -2.593230
v -0.188974 -0.956743 -2.556632
v -0.177872 1.004828 -2.593230
v -0.351186 0.947922 -2.665019
v -0.510912 0.855512 -2.731179
v -0.650914 0.731149 -2.789170
v -0.765810 0.579613 -2.836761
v -0.851186 0.406726 -2.872125
v -0.903759 0.219133 -2.893902
v -0.921511 0.024043 -2.901255
v -0.903759 -0.171048 -2.893902
v -0.851186 -0.358641 -2.872125
v -0.765810 -0.531528 -2.836761
v -0.650914 -0.683064 -2.789170
v -0.510912 -0.807427 -2.731179
v -0.351186 -0.899837 -2.665019
v -0.177872 -0.956743 -2.593230
v -0.159844 1.004828 -2.626958
v -0.315822 0.947922 -2.731179
v -0.459572 0.855512 -2.827230
v -0.585570 0.731149 -2.911419
v -0.688974 0.579613 -2.980511
v -0.765810 0.406726 -3.031852
v -0.813125 0.219133 -3.063467
v -0.829101 0.024043 -3.074142
v -0.813125 -0.171048 -3.063467
v -0.765810 -0.358641 -3.031852
v -0.688974 -0.531528 -2.980511
v -0.585570 -0.683064 -2.911419
v -0.459572 -0.807427 -2.827230
v -0.315822 -0.899837 -2.731179
v -0.159844 -0.956743 -2.626958
v -0.135582 1.004828 -2.656521
v -0.268230 0.947922 -2.789170
v -0.390480 0.855512 -2.911419
v -0.497632 0.731149 -3.018572
v -0.585570 0.579613 -3.106509
v -0.650914 0.406726 -3.171853
v -0.691152 0.219133 -3.212091
v -0.704738 0.024043 -3.225678
v -0.691152 -0.171048 -3.212091
v -0.650914 -0.358641 -3.171853
v -0.585570 -0.531528 -3.106509
v -0.497632 -0.683064 -3.018572
v -0.390480 -0.807427 -2.911419
v -0.268230 -0.899837 -2.789170
v -0.135582 -0.956743 -2.656521
v -0.106019 1.004828 -2.680783
v -0.210240 0.947922 -2.836761
v -0.306290 0.855512 -2.980511
v -0.390480 0.731149 -3.106509
v -0.459572 0.579613 -3.209913
v -0.510912 0.406726 -3.286749
v -0.542527 0.219133 -3.334065
v -0.553202 0.024043 -3.350041
v -0.542527 -0.171048 -3.334065
v -0.510912 -0.358641 -3.286749
v -0.459572 -0.531528 -3.209913
v -0.390480 -0.683064 -3.106509
v -0.306290 -0.807427 -2.980511
v -0.210240 -0.899837 -2.836761
v -0.106019 -0.956743 -2.680783
v -0.072290 1.004828 -2.698812
v -0.144079 0.947922 -2.872125
v -0.210240 0.855512 -3.031851
v -0.268230 0.731149 -3.171853
v -0.315822 0.579613 -3.286749
v -0.351186 0.406726 -3.372125
v -0.372962 0.219133 -3.424699
v -0.380315 0.024043 -3.442451
v -0.372962 -0.171048 -3.424699
v -0.351186 -0.358641 -3.372125
v -0.315822 -0.531528 -3.286749
v -0.268230 -0.683064 -3.171853
v -0.210240 -0.807427 -3.031851
v -0.144079 -0.899837 -2.872125
v -0.072290 -0.956743 -2.698812
v -0.035693 1.004828 -2.709913
v -0.072290 0.947922 -2.893902
v -0.106019 0.855512 -3.063466
v -0.135582 0.731149 -3.212092
v -0.159844 0.579613 -3.334064
v -0.177872 0.406726 -3.424699
v -0.188974 0.219133 -3.480511
v -0.192722 0.024043 -3.499356
v -0.188974 -0.171048 -3.480511
v -0.177872 -0.358641 -3.424699
v -0.159844 -0.531528 -3.334064
v -0.135582 -0.683064 -3.212092
v -0.106019 -0.807427 -3.063466
v -0.072290 -0.899837 -2.893902
v -0.035693 -0.956743 -2.709913
v 0.002367 1.004828 -2.713662
v 0.002367 0.947922 -2.901255
v 0.002368 -0.683064 -3.225678
v 0.002368 -0.807427 -3.074142
v 0.002367 -0.899837 -2.901255
v 0.002367 -0.956743 -2.713662
v 0.002368 0.731149 -3.225678
v 0.002367 0.406726 -3.442451
v 0.002367 -0.358641 -3.442451
v 0.002367 -0.975957 -2.518572
vt 0.500000 0.937500
vt 0.484375 1.000000
vt 0.468750 0.937500
vt 0.484375 0.000000
vt 0.500000 0.062500
vt 0.468750 0.062500
vt 0.500000 0.437500
vt 0.500000 0.500000
vt 0.468750 0.500000
vt 0.468750 0.437500
vt 0.500000 0.875000
vt 0.468750 0.875000
vt 0.500000 0.375000
vt 0.468750 0.375000
vt 0.500000 0.812500
vt 0.468750 0.812500
vt 0.500000 0.312500
vt 0.468750 0.312500
vt 0.500000 0.750000
vt 0.468750 0.750000
vt 0.500000 0.250000
vt 0.468750 0.250000
vt 0.500000 0.687500
vt 0.468750 0.687500
vt 0.500000 0.187500
vt 0.468750 0.187500
vt 0.500000 0.625000
vt 0.468750 0.625000
vt 0.500000 0.125000
vt 0.468750 0.125000
vt 0.500000 0.562500
vt 0.468750 0.562500
vt 0.437500 0.750000
vt 0.437500 0.687500
vt 0.437500 0.250000
vt 0.437500 0.187500
vt 0.437500 0.625000
vt 0.437500 0.125000
vt 0.437500 0.562500
vt 0.437500 0.062500
vt 0.437500 0.500000
vt 0.453125 1.000000
vt 0.437500 0.937500
vt 0.453125 0.000000
vt 0.437500 0.437500
vt 0.437500 0.875000
vt 0.437500 0.375000
vt 0.437500 0.812500
vt 0.437500 0.312500
vt 0.406250 0.500000
vt 0.406250 0.437500
vt 0.406250 0.937500
vt 0.406250 0.875000
vt 0.406250 0.375000
vt 0.406250 0.812500
vt 0.406250 0.312500
vt 0.406250 0.750000
vt 0.406250 0.250000
vt 0.406250 0.687500
vt 0.406250 0.187500
vt 0.406250 0.625000
vt 0.406250 0.125000
vt 0.406250 0.562500
vt 0.406250 0.062500
vt 0.421875 1.000000
vt 0.421875 0.000000
vt 0.375000 0.250000
vt 0.375000 0.187500
vt 0.375000 0.687500
vt 0.375000 0.625000
vt 0.375000 0.125000
vt 0.375000 0.562500
vt 0.375000 0.062500
vt 0.375000 0.500000
vt 0.390625 1.000000
vt 0.375000 0.937500
vt 0.390625 0.000000
vt 0.375000 0.437500
vt 0.375000 0.875000
vt 0.375000 0.375000
vt 0.375000 0.812500
vt 0.375000 0.312500
vt 0.375000 0.750000
vt 0.343750 0.437500
vt 0.343750 0.375000
vt 0.343750 0.875000
vt 0.343750 0.812500
vt 0.343750 0.312500
vt 0.343750 0.750000
vt 0.343750 0.250000
vt 0.343750 0.687500
vt 0.343750 0.187500
vt 0.343750 0.625000
vt 0.343750 0.125000
vt 0.343750 0.562500
vt 0.343750 0.062500
vt 0.343750 0.500000
vt 0.359375 1.000000
vt 0.343750 0.937500
vt 0.359375 0.000000
vt 0.312500 0.187500
vt 0.312500 0.125000
vt 0.312500 0.625000
vt 0.312500 0.562500
vt 0.312500 0.062500
vt 0.312500 0.500000
vt 0.328125 1.000000
vt 0.312500 0.937500
vt 0.328125 0.000000
vt 0.312500 0.437500
vt 0.312500 0.875000
vt 0.312500 0.375000
vt 0.312500 0.812500
vt 0.312500 0.312500
vt 0.312500 0.750000
vt 0.312500 0.250000
vt 0.312500 0.687500
vt 0.281250 0.875000
vt 0.281250 0.812500
vt 0.281250 0.375000
vt 0.281250 0.312500
vt 0.281250 0.750000
vt 0.281250 0.250000
vt 0.281250 0.687500
vt 0.281250 0.187500
vt 0.281250 0.625000
vt 0.281250 0.125000
vt 0.281250 0.562500
vt 0.281250 0.062500
vt 0.281250 0.500000
vt 0.296875 1.000000
vt 0.281250 0.937500
vt 0.296875 0.000000
vt 0.281250 0.437500
vt 0.250000 0.625000
vt 0.250000 0.562500
vt 0.250000 0.125000
vt 0.250000 0.062500
vt 0.250000 0.500000
vt 0.265625 1.000000
vt 0.250000 0.937500
vt 0.265625 0.000000
vt 0.250000 0.437500
vt 0.250000 0.875000
vt 0.250000 0.375000
vt 0.250000 0.812500
vt 0.250000 0.312500
vt 0.250000 0.750000
vt 0.250000 0.250000
vt 0.250000 0.687500
vt 0.250000 0.187500
vt 0.218750 0.375000
vt 0.218750 0.312500
vt 0.218750 0.812500
vt 0.218750 0.750000
vt 0.218750 0.250000
vt 0.218750 0.687500
vt 0.218750 0.187500
vt 0.218750 0.625000
vt 0.218750 0.125000
vt 0.218750 0.562500
vt 0.218750 0.062500
vt 0.218750 0.500000
vt 0.234375 1.000000
vt 0.218750 0.937500
vt 0.234375 0.000000
vt 0.218750 0.437500
vt 0.218750 0.875000
vt 0.187500 0.125000
vt 0.187500 0.062500
vt 0.187500 0.562500
vt 0.187500 0.500000
vt 0.203125 1.000000
vt 0.187500 0.937500
vt 0.203125 0.000000
vt 0.187500 0.437500
vt 0.187500 0.875000
vt 0.187500 0.375000
vt 0.187500 0.812500
vt 0.187500 0.312500
vt 0.187500 0.750000
vt 0.187500 0.250000
vt 0.187500 0.687500
vt 0.187500 0.187500
vt 0.187500 0.625000
vt 0.156250 0.812500
vt 0.156250 0.750000
vt 0.156250 0.312500
vt 0.156250 0.250000
vt 0.156250 0.687500
vt 0.156250 0.187500
vt 0.156250 0.625000
vt 0.156250 0.125000
vt 0.156250 0.562500
vt 0.156250 0.062500
vt 0.156250 0.500000
vt 0.171875 1.000000
vt 0.156250 0.937500
vt 0.171875 0.000000
vt 0.156250 0.437500
vt 0.156250 0.875000
vt 0.156250 0.375000
vt 0.125000 0.562500
vt 0.125000 0.500000
vt 0.140625 1.000000
vt 0.125000 0.937500
vt 0.140625 0.000000
vt 0.125000 0.062500
vt 0.125000 0.437500
vt 0.125000 0.875000
vt 0.125000 0.375000
vt 0.125000 0.812500
vt 0.125000 0.312500
vt 0.125000 0.750000
vt 0.125000 0.250000
vt 0.125000 0.687500
vt 0.125000 0.187500
vt 0.125000 0.625000
vt 0.125000 0.125000
vt 0.093750 0.312500
vt 0.093750 0.250000
vt 0.093750 0.750000
vt 0.093750 0.687500
vt 0.093750 0.187500
vt 0.093750 0.625000
vt 0.093750 0.125000
vt 0.093750 0.562500
vt 0.093750 0.062500
vt 0.093750 0.500000
vt 0.109375 1.000000
vt 0.093750 0.937500
vt 0.109375 0.000000
vt 0.093750 0.437500
vt 0.093750 0.875000
vt 0.093750 0.375000
vt 0.093750 0.812500
vt 0.078125 0.000000
vt 0.062500 0.062500
vt 0.062500 0.500000
vt 0.062500 0.437500
vt 0.062500 0.937500
vt 0.062500 0.875000
vt 0.062500 0.375000
vt 0.062500 0.812500
vt 0.062500 0.312500
vt 0.062500 0.750000
vt 0.062500 0.250000
vt 0.062500 0.687500
vt 0.062500 0.187500
vt 0.062500 0.625000
vt 0.062500 0.125000
vt 0.062500 0.562500
vt 0.078125 1.000000
vt 0.031250 0.250000
vt 0.031250 0.187500
vt 0.031250 0.687500
vt 0.031250 0.625000
vt 0.031250 0.125000
vt 0.031250 0.562500
vt 0.031250 0.062500
vt 0.031250 0.500000
vt 0.046875 1.000000
vt 0.031250 0.937500
vt 0.046875 0.000000
vt 0.031250 0.437500
vt 0.031250 0.875000
vt 0.031250 0.375000
vt 0.031250 0.812500
vt 0.031250 0.312500
vt 0.031250 0.750000
vt 0.000000 0.937500
vt 0.000000 0.875000
vt 0.000000 0.437500
vt 0.000000 0.375000
vt 0.000000 0.812500
vt 0.000000 0.312500
vt 0.000000 0.750000
vt 0.000000 0.250000
vt 0.000000 0.687500
vt 0.000000 0.187500
vt 0.000000 0.625000
vt 0.000000 0.125000
vt 0.000000 0.562500
vt 0.000000 0.062500
vt 0.000000 0.500000
vt 0.015625 1.000000
vt 0.015625 0.000000
vt 0.984375 0.000000
vt 1.000000 0.062500
vt 0.968750 0.062500
vt 0.000000 0.625000
vt 0.000000 0.562500
vt 0.500000 0.250000
vt 0.500000 0.312500
vt 0.000000 0.687500
vt 0.500000 0.375000
vt 0.000000 0.750000
vt 0.500000 0.437500
vt 0.000000 0.812500
vt 0.500000 0.500000
vt 0.000000 0.875000
vt 0.500000 0.562500
vt 0.968750 0.062500
vt 0.984375 0.000000
vt 0.000000 0.937500
vt 0.000000 0.125000
vt 0.000000 0.062500
vt 0.500000 0.625000
vt 1.000000 0.062500
vt 0.000000 0.187500
vt 0.500000 0.687500
vt 0.500000 0.750000
vt 0.000000 0.250000
vt 0.015625 1.000000
vt 0.500000 0.812500
vt 0.000000 0.312500
vt 0.500000 0.875000
vt 0.000000 0.375000
vt 0.500000 0.937500
vt 0.000000 0.437500
vt 0.500000 0.062500
vt 0.500000 0.125000
vt 0.484375 0.000000
vt 0.000000 0.500000
vt 0.500000 0.187500
vt 0.484375 1.000000
vt 0.750000 0.750000
vt 0.750000 0.812500
vt 0.718750 0.812500
vt 0.718750 0.750000
vt 0.750000 0.250000
vt 0.750000 0.312500
vt 0.718750 0.312500
vt 0.718750 0.250000
vt 0.750000 0.687500
vt 0.718750 0.687500
vt 0.750000 0.187500
vt 0.718750 0.187500
vt 0.750000 0.625000
vt 0.718750 0.625000
vt 0.750000 0.125000
vt 0.718750 0.125000
vt 0.750000 0.562500
vt 0.718750 0.562500
vt 0.750000 0.062500
vt 0.718750 0.062500
vt 0.750000 0.500000
vt 0.718750 0.500000
vt 0.750000 0.937500
vt 0.734375 1.000000
vt 0.718750 0.937500
vt 0.734375 0.000000
vt 0.750000 0.437500
vt 0.718750 0.437500
vt 0.750000 0.875000
vt 0.718750 0.875000
vt 0.750000 0.375000
vt 0.718750 0.375000
vt 0.687500 0.437500
vt 0.687500 0.375000
vt 0.687500 0.875000
vt 0.687500 0.812500
vt 0.687500 0.312500
vt 0.687500 0.750000
vt 0.687500 0.250000
vt 0.687500 0.687500
vt 0.687500 0.187500
vt 0.687500 0.625000
vt 0.687500 0.125000
vt 0.687500 0.562500
vt 0.687500 0.062500
vt 0.687500 0.500000
vt 0.703125 1.000000
vt 0.687500 0.937500
vt 0.703125 0.000000
vt 0.656250 0.187500
vt 0.656250 0.125000
vt 0.656250 0.625000
vt 0.656250 0.562500
vt 0.656250 0.062500
vt 0.656250 0.500000
vt 0.671875 1.000000
vt 0.656250 0.937500
vt 0.671875 0.000000
vt 0.656250 0.437500
vt 0.656250 0.875000
vt 0.656250 0.375000
vt 0.656250 0.812500
vt 0.656250 0.312500
vt 0.656250 0.750000
vt 0.656250 0.250000
vt 0.656250 0.687500
vt 0.625000 0.375000
vt 0.625000 0.312500
vt 0.625000 0.812500
vt 0.625000 0.750000
vt 0.625000 0.250000
vt 0.625000 0.687500
vt 0.625000 0.187500
vt 0.625000 0.625000
vt 0.625000 0.125000
vt 0.625000 0.562500
vt 0.625000 0.062500
vt 0.625000 0.500000
vt 0.640625 1.000000
vt 0.625000 0.937500
vt 0.640625 0.000000
vt 0.625000 0.437500
vt 0.625000 0.875000
vt 0.593750 0.125000
vt 0.593750 0.062500
vt 0.593750 0.562500
vt 0.593750 0.500000
vt 0.609375 1.000000
vt 0.593750 0.937500
vt 0.609375 0.000000
vt 0.593750 0.437500
vt 0.593750 0.875000
vt 0.593750 0.375000
vt 0.593750 0.812500
vt 0.593750 0.312500
vt 0.593750 0.750000
vt 0.593750 0.250000
vt 0.593750 0.687500
vt 0.593750 0.187500
vt 0.593750 0.625000
vt 0.562500 0.812500
vt 0.562500 0.750000
vt 0.562500 0.312500
vt 0.562500 0.250000
vt 0.562500 0.687500
vt 0.562500 0.187500
vt 0.562500 0.625000
vt 0.562500 0.125000
vt 0.562500 0.562500
vt 0.562500 0.062500
vt 0.562500 0.500000
vt 0.578125 1.000000
vt 0.562500 0.937500
vt 0.578125 0.000000
vt 0.562500 0.437500
vt 0.562500 0.875000
vt 0.562500 0.375000
vt 0.531250 0.562500
vt 0.531250 0.500000
vt 0.546875 1.000000
vt 0.531250 0.937500
vt 0.546875 0.000000
vt 0.531250 0.062500
vt 0.531250 0.437500
vt 0.531250 0.875000
vt 0.531250 0.375000
vt 0.531250 0.812500
vt 0.531250 0.312500
vt 0.531250 0.750000
vt 0.531250 0.250000
vt 0.531250 0.687500
vt 0.531250 0.187500
vt 0.531250 0.625000
vt 0.531250 0.125000
vt 0.515625 1.000000
vt 0.515625 0.000000
vt 1.000000 0.625000
vt 1.000000 0.687500
vt 0.968750 0.687500
vt 0.968750 0.625000
vt 1.000000 0.125000
vt 1.000000 0.187500
vt 0.968750 0.187500
vt 0.968750 0.125000
vt 1.000000 0.562500
vt 0.968750 0.562500
vt 1.000000 0.500000
vt 0.968750 0.500000
vt 1.000000 0.937500
vt 0.984375 1.000000
vt 0.968750 0.937500
vt 1.000000 0.437500
vt 0.968750 0.437500
vt 1.000000 0.875000
vt 0.968750 0.875000
vt 1.000000 0.375000
vt 0.968750 0.375000
vt 1.000000 0.812500
vt 0.968750 0.812500
vt 1.000000 0.312500
vt 0.968750 0.312500
vt 1.000000 0.750000
vt 0.968750 0.750000
vt 1.000000 0.250000
vt 0.968750 0.250000
vt 0.937500 0.437500
vt 0.937500 0.375000
vt 0.937500 0.875000
vt 0.937500 0.812500
vt 0.937500 0.312500
vt 0.937500 0.750000
vt 0.937500 0.250000
vt 0.937500 0.687500
vt 0.937500 0.187500
vt 0.937500 0.625000
vt 0.937500 0.125000
vt 0.937500 0.562500
vt 0.937500 0.062500
vt 0.937500 0.500000
vt 0.953125 1.000000
vt 0.937500 0.937500
vt 0.953125 0.000000
vt 0.906250 0.187500
vt 0.906250 0.125000
vt 0.906250 0.625000
vt 0.906250 0.562500
vt 0.906250 0.062500
vt 0.906250 0.500000
vt 0.921875 1.000000
vt 0.906250 0.937500
vt 0.921875 0.000000
vt 0.906250 0.437500
vt 0.906250 0.875000
vt 0.906250 0.375000
vt 0.906250 0.812500
vt 0.906250 0.312500
vt 0.906250 0.750000
vt 0.906250 0.250000
vt 0.906250 0.687500
vt 0.875000 0.875000
vt 0.875000 0.812500
vt 0.875000 0.375000
vt 0.875000 0.312500
vt 0.875000 0.750000
vt 0.875000 0.250000
vt 0.875000 0.687500
vt 0.875000 0.187500
vt 0.875000 0.625000
vt 0.875000 0.125000
vt 0.875000 0.562500
vt 0.875000 0.062500
vt 0.875000 0.500000
vt 0.890625 1.000000
vt 0.875000 0.937500
vt 0.890625 0.000000
vt 0.875000 0.437500
vt 0.843750 0.625000
vt 0.843750 0.562500
vt 0.843750 0.125000
vt 0.843750 0.062500
vt 0.843750 0.500000
vt 0.859375 1.000000
vt 0.843750 0.937500
vt 0.859375 0.000000
vt 0.843750 0.437500
vt 0.843750 0.875000
vt 0.843750 0.375000
vt 0.843750 0.812500
vt 0.843750 0.312500
vt 0.843750 0.750000
vt 0.843750 0.250000
vt 0.843750 0.687500
vt 0.843750 0.187500
vt 0.812500 0.375000
vt 0.812500 0.312500
vt 0.812500 0.812500
vt 0.812500 0.750000
vt 0.812500 0.250000
vt 0.812500 0.687500
vt 0.812500 0.187500
vt 0.812500 0.625000
vt 0.812500 0.125000
vt 0.812500 0.562500
vt 0.812500 0.062500
vt 0.812500 0.500000
vt 0.828125 1.000000
vt 0.812500 0.937500
vt 0.828125 0.000000
vt 0.812500 0.437500
vt 0.812500 0.875000
vt 0.781250 0.125000
vt 0.781250 0.062500
vt 0.781250 0.562500
vt 0.781250 0.500000
vt 0.796875 1.000000
vt 0.781250 0.937500
vt 0.796875 0.000000
vt 0.781250 0.437500
vt 0.781250 0.875000
vt 0.781250 0.375000
vt 0.781250 0.812500
vt 0.781250 0.312500
vt 0.781250 0.750000
vt 0.781250 0.250000
vt 0.781250 0.687500
vt 0.781250 0.187500
vt 0.781250 0.625000
vt 0.765625 1.000000
vt 0.765625 0.000000
vn 0.1980 0.9801 0.0119
vn -0.0000 0.9994 0.0335
vn 0.1971 0.9796 0.0392
vn -0.0003 -0.9996 0.0293
vn 0.1980 -0.9802 0.0079
vn 0.1971 -0.9796 0.0392
vn 0.9798 -0.1944 0.0478
vn 0.9988 -0.0001 0.0491
vn 0.9808 0.0000 0.1951
vn 0.9622 -0.1939 0.1914
vn 0.3852 0.9226 0.0210
vn 0.3804 0.9217 0.0757
vn 0.9234 -0.3813 0.0447
vn 0.9070 -0.3805 0.1804
vn 0.5575 0.8297 0.0293
vn 0.5490 0.8286 0.1092
vn 0.8317 -0.5538 0.0399
vn 0.8173 -0.5528 0.1626
vn 0.7082 0.7051 0.0364
vn 0.6965 0.7041 0.1385
vn 0.7082 -0.7053 0.0335
vn 0.6965 -0.7041 0.1385
vn 0.8317 0.5536 0.0421
vn 0.8173 0.5528 0.1626
vn 0.5574 -0.8298 0.0259
vn 0.5490 -0.8286 0.1092
vn 0.9234 0.3811 0.0462
vn 0.9070 0.3805 0.1804
vn 0.3852 -0.9227 0.0173
vn 0.3804 -0.9217 0.0757
vn 0.9798 0.1942 0.0486
vn 0.9622 0.1939 0.1914
vn 0.6561 0.7041 0.2718
vn 0.7699 0.5528 0.3189
vn 0.6561 -0.7041 0.2718
vn 0.5172 -0.8286 0.2142
vn 0.8544 0.3805 0.3539
vn 0.3584 -0.9217 0.1484
vn 0.9063 0.1939 0.3754
vn 0.1857 -0.9796 0.0769
vn 0.9239 0.0000 0.3827
vn 0.1857 0.9796 0.0769
vn 0.9063 -0.1939 0.3754
vn 0.3584 0.9217 0.1484
vn 0.8544 -0.3805 0.3539
vn 0.5172 0.8286 0.2142
vn 0.7699 -0.5528 0.3189
vn 0.8315 0.0000 0.5556
vn 0.8157 -0.1939 0.5450
vn 0.1671 0.9796 0.1117
vn 0.3225 0.9217 0.2155
vn 0.7689 -0.3805 0.5138
vn 0.4654 0.8286 0.3110
vn 0.6929 -0.5528 0.4630
vn 0.5905 0.7041 0.3945
vn 0.5905 -0.7041 0.3945
vn 0.6929 0.5528 0.4630
vn 0.4654 -0.8286 0.3110
vn 0.7689 0.3805 0.5138
vn 0.3225 -0.9217 0.2155
vn 0.8157 0.1939 0.5450
vn 0.1671 -0.9796 0.1117
vn 0.5021 -0.7041 0.5021
vn 0.3958 -0.8286 0.3958
vn 0.5893 0.5528 0.5893
vn 0.6539 0.3805 0.6539
vn 0.2743 -0.9217 0.2743
vn 0.6937 0.1939 0.6937
vn 0.1421 -0.9796 0.1421
vn 0.7071 0.0000 0.7071
vn 0.1421 0.9796 0.1421
vn 0.6937 -0.1939 0.6937
vn 0.2743 0.9217 0.2743
vn 0.6539 -0.3805 0.6539
vn 0.3958 0.8286 0.3958
vn 0.5893 -0.5528 0.5893
vn 0.5021 0.7041 0.5021
vn 0.5450 -0.1939 0.8157
vn 0.5138 -0.3805 0.7689
vn 0.2155 0.9217 0.3225
vn 0.3110 0.8286 0.4654
vn 0.4630 -0.5528 0.6929
vn 0.3945 0.7041 0.5905
vn 0.3945 -0.7041 0.5905
vn 0.4630 0.5528 0.6929
vn 0.3110 -0.8286 0.4654
vn 0.5138 0.3805 0.7689
vn 0.2155 -0.9217 0.3225
vn 0.5450 0.1939 0.8157
vn 0.1117 -0.9796 0.1671
vn 0.5556 0.0000 0.8315
vn 0.1117 0.9796 0.1671
vn 0.2142 -0.8286 0.5172
vn 0.1484 -0.9217 0.3584
vn 0.3539 0.3805 0.8544
vn 0.3754 0.1939 0.9063
vn 0.0769 -0.9796 0.1857
vn 0.3827 -0.0000 0.9239
vn 0.0769 0.9796 0.1857
vn 0.3754 -0.1939 0.9063
vn 0.1484 0.9217 0.3584
vn 0.3539 -0.3805 0.8544
vn 0.2142 0.8286 0.5172
vn 0.3189 -0.5528 0.7699
vn 0.2718 0.7041 0.6561
vn 0.2718 -0.7041 0.6561
vn 0.3189 0.5528 0.7699
vn 0.0757 0.9217 0.3804
vn 0.1092 0.8286 0.5490
vn 0.1804 -0.3805 0.9070
vn 0.1626 -0.5528 0.8173
vn 0.1385 0.7041 0.6965
vn 0.1385 -0.7041 0.6965
vn 0.1626 0.5528 0.8173
vn 0.1092 -0.8286 0.5490
vn 0.1804 0.3805 0.9070
vn 0.0757 -0.9217 0.3804
vn 0.1914 0.1939 0.9622
vn 0.0392 -0.9796 0.1971
vn 0.1951 -0.0000 0.9808
vn 0.0392 0.9796 0.1971
vn 0.1914 -0.1939 0.9622
vn -0.0000 0.3805 0.9248
vn -0.0000 0.1939 0.9810
vn 0.0000 -0.9217 0.3879
vn 0.0000 -0.9796 0.2010
vn -0.0000 -0.0000 1.0000
vn 0.0000 0.9796 0.2010
vn -0.0000 -0.1939 0.9810
vn 0.0000 0.9217 0.3879
vn -0.0000 -0.3805 0.9248
vn -0.0000 0.8286 0.5598
vn -0.0000 -0.5528 0.8333
vn -0.0000 0.7041 0.7101
vn -0.0000 -0.7041 0.7101
vn -0.0000 0.5528 0.8333
vn -0.0000 -0.8286 0.5598
vn -0.1804 -0.3805 0.9070
vn -0.1626 -0.5528 0.8173
vn -0.1092 0.8286 0.5490
vn -0.1385 0.7041 0.6965
vn -0.1385 -0.7041 0.6965
vn -0.1626 0.5528 0.8173
vn -0.1092 -0.8286 0.5490
vn -0.1804 0.3805 0.9070
vn -0.0757 -0.9217 0.3804
vn -0.1914 0.1939 0.9622
vn -0.0392 -0.9796 0.1971
vn -0.1951 0.0000 0.9808
vn -0.0392 0.9796 0.1971
vn -0.1914 -0.1939 0.9622
vn -0.0757 0.9217 0.3804
vn -0.1484 -0.9217 0.3584
vn -0.0769 -0.9796 0.1857
vn -0.3754 0.1939 0.9063
vn -0.3827 0.0000 0.9239
vn -0.0769 0.9796 0.1857
vn -0.3754 -0.1939 0.9063
vn -0.1484 0.9217 0.3584
vn -0.3539 -0.3805 0.8544
vn -0.2142 0.8286 0.5172
vn -0.3189 -0.5528 0.7699
vn -0.2718 0.7041 0.6561
vn -0.2718 -0.7041 0.6561
vn -0.3189 0.5528 0.7699
vn -0.2142 -0.8286 0.5172
vn -0.3539 0.3805 0.8544
vn -0.3110 0.8286 0.4654
vn -0.3945 0.7041 0.5905
vn -0.4630 -0.5528 0.6929
vn -0.3945 -0.7041 0.5905
vn -0.4630 0.5528 0.6929
vn -0.3110 -0.8286 0.4654
vn -0.5138 0.3805 0.7689
vn -0.2155 -0.9217 0.3225
vn -0.5450 0.1939 0.8157
vn -0.1117 -0.9796 0.1671
vn -0.5556 -0.0000 0.8315
vn -0.1117 0.9796 0.1671
vn -0.5450 -0.1939 0.8157
vn -0.2155 0.9217 0.3225
vn -0.5138 -0.3805 0.7689
vn -0.6937 0.1939 0.6937
vn -0.7071 -0.0000 0.7071
vn -0.1421 0.9796 0.1421
vn -0.1421 -0.9796 0.1421
vn -0.6937 -0.1939 0.6937
vn -0.2743 0.9217 0.2743
vn -0.6539 -0.3805 0.6539
vn -0.3958 0.8286 0.3958
vn -0.5893 -0.5528 0.5893
vn -0.5021 0.7041 0.5021
vn -0.5021 -0.7041 0.5021
vn -0.5893 0.5528 0.5893
vn -0.3958 -0.8286 0.3958
vn -0.6539 0.3805 0.6539
vn -0.2743 -0.9217 0.2743
vn -0.6929 -0.5528 0.4630
vn -0.5905 -0.7041 0.3945
vn -0.5905 0.7041 0.3945
vn -0.6929 0.5528 0.4630
vn -0.4654 -0.8286 0.3110
vn -0.7689 0.3805 0.5138
vn -0.3225 -0.9217 0.2155
vn -0.8157 0.1939 0.5450
vn -0.1671 -0.9796 0.1117
vn -0.8315 0.0000 0.5556
vn -0.1671 0.9796 0.1117
vn -0.8157 -0.1939 0.5450
vn -0.3225 0.9217 0.2155
vn -0.7689 -0.3805 0.5138
vn -0.4654 0.8286 0.3110
vn -0.1857 -0.9796 0.0769
vn -0.9239 0.0000 0.3827
vn -0.9063 -0.1939 0.3754
vn -0.1857 0.9796 0.0769
vn -0.3584 0.9217 0.1484
vn -0.8544 -0.3805 0.3539
vn -0.5172 0.8286 0.2142
vn -0.7699 -0.5528 0.3189
vn -0.6561 0.7041 0.2718
vn -0.6561 -0.7041 0.2718
vn -0.7699 0.5528 0.3189
vn -0.5172 -0.8286 0.2142
vn -0.8544 0.3805 0.3539
vn -0.3584 -0.9217 0.1484
vn -0.9063 0.1939 0.3754
vn -0.6965 -0.7041 0.1385
vn -0.5490 -0.8286 0.1092
vn -0.8173 0.5528 0.1626
vn -0.9070 0.3805 0.1804
vn -0.3804 -0.9217 0.0757
vn -0.9622 0.1939 0.1914
vn -0.1971 -0.9796 0.0392
vn -0.9808 0.0000 0.1951
vn -0.1971 0.9796 0.0392
vn -0.9622 -0.1939 0.1914
vn -0.3804 0.9217 0.0757
vn -0.9070 -0.3805 0.1804
vn -0.5490 0.8286 0.1092
vn -0.8173 -0.5528 0.1626
vn -0.6965 0.7041 0.1385
vn -0.1981 0.9801 0.0118
vn -0.3853 0.9226 0.0209
vn -0.9798 -0.1944 0.0474
vn -0.9234 -0.3813 0.0443
vn -0.5575 0.8297 0.0291
vn -0.8317 -0.5538 0.0395
vn -0.7082 0.7051 0.0361
vn -0.7082 -0.7053 0.0333
vn -0.8317 0.5536 0.0418
vn -0.5574 -0.8298 0.0257
vn -0.9234 0.3811 0.0459
vn -0.3852 -0.9227 0.0171
vn -0.9798 0.1942 0.0482
vn -0.1971 -0.9804 0.0065
vn -0.9988 -0.0001 0.0487
vn -0.0709 -0.9975 -0.0054
vn -0.9234 0.3813 -0.0447
vn -0.9798 0.1944 -0.0478
vn 0.7082 -0.7051 -0.0361
vn 0.8317 -0.5536 -0.0418
vn -0.8317 0.5538 -0.0399
vn 0.9234 -0.3811 -0.0459
vn -0.7082 0.7053 -0.0335
vn 0.9798 -0.1942 -0.0482
vn -0.5574 0.8298 -0.0259
vn 0.9988 0.0001 -0.0487
vn -0.3852 0.9227 -0.0173
vn 0.9798 0.1944 -0.0474
vn -0.1965 -0.9798 -0.0379
vn -0.0003 -0.9994 -0.0333
vn -0.1980 0.9802 -0.0079
vn -0.3852 -0.9226 -0.0210
vn -0.1710 -0.9852 -0.0106
vn 0.9234 0.3813 -0.0443
vn -0.5575 -0.8297 -0.0293
vn 0.8317 0.5538 -0.0395
vn 0.7082 0.7053 -0.0333
vn -0.7082 -0.7051 -0.0364
vn 0.0000 0.9996 -0.0294
vn 0.5574 0.8298 -0.0257
vn -0.8317 -0.5536 -0.0421
vn 0.3852 0.9227 -0.0171
vn -0.9234 -0.3811 -0.0462
vn 0.1980 0.9802 -0.0079
vn -0.9798 -0.1942 -0.0486
vn 0.1981 -0.9801 -0.0118
vn 0.3853 -0.9226 -0.0209
vn -0.9988 0.0001 -0.0491
vn 0.5575 -0.8297 -0.0291
vn -0.0000 0.7041 -0.7101
vn -0.0000 0.8286 -0.5598
vn 0.1092 0.8286 -0.5490
vn 0.1385 0.7041 -0.6965
vn -0.0000 -0.7041 -0.7101
vn -0.0000 -0.5528 -0.8333
vn 0.1626 -0.5528 -0.8173
vn 0.1385 -0.7041 -0.6965
vn -0.0000 0.5528 -0.8333
vn 0.1626 0.5528 -0.8173
vn -0.0000 -0.8286 -0.5598
vn 0.1092 -0.8286 -0.5490
vn -0.0000 0.3805 -0.9248
vn 0.1804 0.3805 -0.9070
vn -0.0000 -0.9217 -0.3879
vn 0.0757 -0.9217 -0.3804
vn -0.0000 0.1939 -0.9810
vn 0.1914 0.1939 -0.9622
vn -0.0000 -0.9796 -0.2010
vn 0.0392 -0.9796 -0.1971
vn -0.0000 0.0000 -1.0000
vn 0.1951 0.0000 -0.9808
vn -0.0000 0.9796 -0.2010
vn 0.0392 0.9796 -0.1971
vn -0.0000 -0.1939 -0.9810
vn 0.1914 -0.1939 -0.9622
vn -0.0000 0.9217 -0.3879
vn 0.0757 0.9217 -0.3804
vn -0.0000 -0.3805 -0.9248
vn 0.1804 -0.3805 -0.9070
vn 0.3754 -0.1939 -0.9063
vn 0.3539 -0.3805 -0.8544
vn 0.1484 0.9217 -0.3584
vn 0.2142 0.8286 -0.5172
vn 0.3189 -0.5528 -0.7699
vn 0.2718 0.7041 -0.6561
vn 0.2718 -0.7041 -0.6561
vn 0.3189 0.5528 -0.7699
vn 0.2142 -0.8286 -0.5172
vn 0.3539 0.3805 -0.8544
vn 0.1484 -0.9217 -0.3584
vn 0.3754 0.1939 -0.9063
vn 0.0769 -0.9796 -0.1857
vn 0.3827 -0.0000 -0.9239
vn 0.0769 0.9796 -0.1857
vn 0.3110 -0.8286 -0.4654
vn 0.2155 -0.9217 -0.3225
vn 0.5138 0.3805 -0.7689
vn 0.5450 0.1939 -0.8157
vn 0.1117 -0.9796 -0.1671
vn 0.5556 -0.0000 -0.8315
vn 0.1117 0.9796 -0.1671
vn 0.5450 -0.1939 -0.8157
vn 0.2155 0.9217 -0.3225
vn 0.5138 -0.3805 -0.7689
vn 0.3110 0.8286 -0.4654
vn 0.4630 -0.5528 -0.6929
vn 0.3945 0.7041 -0.5905
vn 0.3945 -0.7041 -0.5905
vn 0.4630 0.5528 -0.6929
vn 0.6539 -0.3805 -0.6539
vn 0.5893 -0.5528 -0.5893
vn 0.3958 0.8286 -0.3958
vn 0.5021 0.7041 -0.5021
vn 0.5021 -0.7041 -0.5021
vn 0.5893 0.5528 -0.5893
vn 0.3958 -0.8286 -0.3958
vn 0.6539 0.3805 -0.6539
vn 0.2743 -0.9217 -0.2743
vn 0.6937 0.1939 -0.6937
vn 0.1421 -0.9796 -0.1421
vn 0.7071 -0.0000 -0.7071
vn 0.1421 0.9796 -0.1421
vn 0.6937 -0.1939 -0.6937
vn 0.2743 0.9217 -0.2743
vn 0.3225 -0.9217 -0.2155
vn 0.1671 -0.9796 -0.1117
vn 0.8157 0.1939 -0.5450
vn 0.8315 0.0000 -0.5556
vn 0.1671 0.9796 -0.1117
vn 0.8157 -0.1939 -0.5450
vn 0.3225 0.9217 -0.2155
vn 0.7689 -0.3805 -0.5138
vn 0.4654 0.8286 -0.3110
vn 0.6929 -0.5528 -0.4630
vn 0.5905 0.7041 -0.3945
vn 0.5905 -0.7041 -0.3945
vn 0.6929 0.5528 -0.4630
vn 0.4654 -0.8286 -0.3110
vn 0.7689 0.3805 -0.5138
vn 0.5172 0.8286 -0.2142
vn 0.6561 0.7041 -0.2718
vn 0.7699 -0.5528 -0.3189
vn 0.6561 -0.7041 -0.2718
vn 0.7699 0.5528 -0.3189
vn 0.5172 -0.8286 -0.2142
vn 0.8544 0.3805 -0.3539
vn 0.3584 -0.9217 -0.1484
vn 0.9063 0.1939 -0.3754
vn 0.1857 -0.9796 -0.0769
vn 0.9239 0.0000 -0.3827
vn 0.1857 0.9796 -0.0769
vn 0.9063 -0.1939 -0.3754
vn 0.3584 0.9217 -0.1484
vn 0.8544 -0.3805 -0.3539
vn 0.9622 0.1939 -0.1914
vn 0.9808 -0.0000 -0.1951
vn 0.1971 0.9796 -0.0392
vn 0.1971 -0.9796 -0.0392
vn 0.9622 -0.1939 -0.1914
vn 0.3804 0.9217 -0.0757
vn 0.9070 -0.3805 -0.1804
vn 0.5490 0.8286 -0.1092
vn 0.8173 -0.5528 -0.1626
vn 0.6965 0.7041 -0.1385
vn 0.6965 -0.7041 -0.1385
vn 0.8173 0.5528 -0.1626
vn 0.5490 -0.8286 -0.1092
vn 0.9070 0.3805 -0.1804
vn 0.3804 -0.9217 -0.0757
vn -0.8173 0.5528 -0.1626
vn -0.9070 0.3805 -0.1804
vn -0.5490 -0.8286 -0.1092
vn -0.3804 -0.9217 -0.0757
vn -0.9622 0.1939 -0.1914
vn -0.9808 0.0000 -0.1951
vn -0.1971 0.9796 -0.0392
vn -0.9622 -0.1939 -0.1914
vn -0.3804 0.9217 -0.0757
vn -0.9070 -0.3805 -0.1804
vn -0.5490 0.8286 -0.1092
vn -0.8173 -0.5528 -0.1626
vn -0.6965 0.7041 -0.1385
vn -0.6965 -0.7041 -0.1385
vn -0.9063 -0.1939 -0.3754
vn -0.8544 -0.3805 -0.3539
vn -0.3584 0.9217 -0.1484
vn -0.5172 0.8286 -0.2142
vn -0.7699 -0.5528 -0.3189
vn -0.6561 0.7041 -0.2718
vn -0.6561 -0.7041 -0.2718
vn -0.7699 0.5528 -0.3189
vn -0.5172 -0.8286 -0.2142
vn -0.8544 0.3805 -0.3539
vn -0.3584 -0.9217 -0.1484
vn -0.9063 0.1939 -0.3754
vn -0.1857 -0.9796 -0.0769
vn -0.9239 -0.0000 -0.3827
vn -0.1857 0.9796 -0.0769
vn -0.4654 -0.8286 -0.3110
vn -0.3225 -0.9217 -0.2155
vn -0.7689 0.3805 -0.5138
vn -0.8157 0.1939 -0.5450
vn -0.1671 -0.9796 -0.1117
vn -0.8315 -0.0000 -0.5556
vn -0.1671 0.9796 -0.1117
vn -0.8157 -0.1939 -0.5450
vn -0.3225 0.9217 -0.2155
vn -0.7689 -0.3805 -0.5138
vn -0.4654 0.8286 -0.3110
vn -0.6929 -0.5528 -0.4630
vn -0.5905 0.7041 -0.3945
vn -0.5905 -0.7041 -0.3945
vn -0.6929 0.5528 -0.4630
vn -0.2743 0.9217 -0.2743
vn -0.3958 0.8286 -0.3958
vn -0.6539 -0.3805 -0.6539
vn -0.5893 -0.5528 -0.5893
vn -0.5021 0.7041 -0.5021
vn -0.5021 -0.7041 -0.5021
vn -0.5893 0.5528 -0.5893
vn -0.3958 -0.8286 -0.3958
vn -0.6539 0.3805 -0.6539
vn -0.2743 -0.9217 -0.2743
vn -0.6937 0.1939 -0.6937
vn -0.1421 -0.9796 -0.1421
vn -0.7071 0.0000 -0.7071
vn -0.1421 0.9796 -0.1421
vn -0.6937 -0.1939 -0.6937
vn -0.5138 0.3805 -0.7689
vn -0.5450 0.1939 -0.8157
vn -0.2155 -0.9217 -0.3225
vn -0.1117 -0.9796 -0.1671
vn -0.5556 0.0000 -0.8315
vn -0.1117 0.9796 -0.1671
vn -0.5450 -0.1939 -0.8157
vn -0.2155 0.9217 -0.3225
vn -0.5138 -0.3805 -0.7689
vn -0.3110 0.8286 -0.4654
vn -0.4630 -0.5528 -0.6929
vn -0.3945 0.7041 -0.5905
vn -0.3945 -0.7041 -0.5905
vn -0.4630 0.5528 -0.6929
vn -0.3110 -0.8286 -0.4654
vn -0.3539 -0.3805 -0.8544
vn -0.3189 -0.5528 -0.7699
vn -0.2142 0.8286 -0.5172
vn -0.2718 0.7041 -0.6561
vn -0.2718 -0.7041 -0.6561
vn -0.3189 0.5528 -0.7699
vn -0.2142 -0.8286 -0.5172
vn -0.3539 0.3805 -0.8544
vn -0.1484 -0.9217 -0.3584
vn -0.3754 0.1939 -0.9063
vn -0.0769 -0.9796 -0.1857
vn -0.3827 -0.0000 -0.9239
vn -0.0769 0.9796 -0.1857
vn -0.3754 -0.1939 -0.9063
vn -0.1484 0.9217 -0.3584
vn -0.0757 -0.9217 -0.3804
vn -0.0392 -0.9796 -0.1971
vn -0.1914 0.1939 -0.9622
vn -0.1951 0.0000 -0.9808
vn -0.0392 0.9796 -0.1971
vn -0.1914 -0.1939 -0.9622
vn -0.0757 0.9217 -0.3804
vn -0.1804 -0.3805 -0.9070
vn -0.1092 0.8286 -0.5490
vn -0.1626 -0.5528 -0.8173
vn -0.1385 0.7041 -0.6965
vn -0.1385 -0.7041 -0.6965
vn -0.1626 0.5528 -0.8173
vn -0.1092 -0.8286 -0.5490
vn -0.1804 0.3805 -0.9070
usemtl Black
s 1
f 27/1/1 22/2/2 44/3/3
f 246/4/4 41/5/5 58/6/6
f 35/7/7 34/8/8 51/9/9 52/10/10
f 28/11/11 27/1/1 44/3/3 45/12/12
f 36/13/13 35/7/7 52/10/10 53/14/14
f 29/15/15 28/11/11 45/12/12 46/16/16
f 37/17/17 36/13/13 53/14/14 54/18/18
f 30/19/19 29/15/15 46/16/16 47/20/20
f 38/21/21 37/17/17 54/18/18 55/22/22
f 31/23/23 30/19/19 47/20/20 48/24/24
f 39/25/25 38/21/21 55/22/22 56/26/26
f 32/27/27 31/23/23 48/24/24 49/28/28
f 40/29/29 39/25/25 56/26/26 57/30/30
f 33/31/31 32/27/27 49/28/28 50/32/32
f 41/5/5 40/29/29 57/30/30 58/6/6
f 34/8/8 33/31/31 50/32/32 51/9/9
f 48/24/24 47/20/20 64/33/33 65/34/34
f 56/26/26 55/22/22 72/35/35 73/36/36
f 49/28/28 48/24/24 65/34/34 66/37/37
f 57/30/30 56/26/26 73/36/36 74/38/38
f 50/32/32 49/28/28 66/37/37 67/39/39
f 58/6/6 57/30/30 74/38/38 75/40/40
f 51/9/9 50/32/32 67/39/39 68/41/41
f 44/3/3 22/42/2 61/43/42
f 246/44/4 58/6/6 75/40/40
f 52/10/10 51/9/9 68/41/41 69/45/43
f 45/12/12 44/3/3 61/43/42 62/46/44
f 53/14/14 52/10/10 69/45/43 70/47/45
f 46/16/16 45/12/12 62/46/44 63/48/46
f 54/18/18 53/14/14 70/47/45 71/49/47
f 47/20/20 46/16/16 63/48/46 64/33/33
f 55/22/22 54/18/18 71/49/47 72/35/35
f 69/45/43 68/41/41 85/50/48 86/51/49
f 62/46/44 61/43/42 78/52/50 79/53/51
f 70/47/45 69/45/43 86/51/49 87/54/52
f 63/48/46 62/46/44 79/53/51 80/55/53
f 71/49/47 70/47/45 87/54/52 88/56/54
f 64/33/33 63/48/46 80/55/53 81/57/55
f 72/35/35 71/49/47 88/56/54 89/58/56
f 65/34/34 64/33/33 81/57/55 82/59/57
f 73/36/36 72/35/35 89/58/56 90/60/58
f 66/37/37 65/34/34 82/59/57 83/61/59
f 74/38/38 73/36/36 90/60/58 91/62/60
f 67/39/39 66/37/37 83/61/59 84/63/61
f 75/40/40 74/38/38 91/62/60 92/64/62
f 68/41/41 67/39/39 84/63/61 85/50/48
f 61/43/42 22/65/2 78/52/50
f 246/66/4 75/40/40 92/64/62
f 90/60/58 89/58/56 106/67/63 107/68/64
f 83/61/59 82/59/57 99/69/65 100/70/66
f 91/62/60 90/60/58 107/68/64 108/71/67
f 84/63/61 83/61/59 100/70/66 101/72/68
f 92/64/62 91/62/60 108/71/67 109/73/69
f 85/50/48 84/63/61 101/72/68 102/74/70
f 78/52/50 22/75/2 95/76/71
f 246/77/4 92/64/62 109/73/69
f 86/51/49 85/50/48 102/74/70 103/78/72
f 79/53/51 78/52/50 95/76/71 96/79/73
f 87/54/52 86/51/49 103/78/72 104/80/74
f 80/55/53 79/53/51 96/79/73 97/81/75
f 88/56/54 87/54/52 104/80/74 105/82/76
f 81/57/55 80/55/53 97/81/75 98/83/77
f 89/58/56 88/56/54 105/82/76 106/67/63
f 82/59/57 81/57/55 98/83/77 99/69/65
f 104/80/74 103/78/72 120/84/78 121/85/79
f 97/81/75 96/79/73 113/86/80 114/87/81
f 105/82/76 104/80/74 121/85/79 122/88/82
f 98/83/77 97/81/75 114/87/81 115/89/83
f 106/67/63 105/82/76 122/88/82 123/90/84
f 99/69/65 98/83/77 115/89/83 116/91/85
f 107/68/64 106/67/63 123/90/84 124/92/86
f 100/70/66 99/69/65 116/91/85 117/93/87
f 108/71/67 107/68/64 124/92/86 125/94/88
f 101/72/68 100/70/66 117/93/87 118/95/89
f 109/73/69 108/71/67 125/94/88 126/96/90
f 102/74/70 101/72/68 118/95/89 119/97/91
f 95/76/71 22/98/2 112/99/92
f 246/100/4 109/73/69 126/96/90
f 103/78/72 102/74/70 119/97/91 120/84/78
f 96/79/73 95/76/71 112/99/92 113/86/80
f 125/94/88 124/92/86 141/101/93 142/102/94
f 118/95/89 117/93/87 134/103/95 135/104/96
f 126/96/90 125/94/88 142/102/94 143/105/97
f 119/97/91 118/95/89 135/104/96 136/106/98
f 112/99/92 22/107/2 129/108/99
f 246/109/4 126/96/90 143/105/97
f 120/84/78 119/97/91 136/106/98 137/110/100
f 113/86/80 112/99/92 129/108/99 130/111/101
f 121/85/79 120/84/78 137/110/100 138/112/102
f 114/87/81 113/86/80 130/111/101 131/113/103
f 122/88/82 121/85/79 138/112/102 139/114/104
f 115/89/83 114/87/81 131/113/103 132/115/105
f 123/90/84 122/88/82 139/114/104 140/116/106
f 116/91/85 115/89/83 132/115/105 133/117/107
f 124/92/86 123/90/84 140/116/106 141/101/93
f 117/93/87 116/91/85 133/117/107 134/103/95
f 131/113/103 130/111/101 147/118/108 148/119/109
f 139/114/104 138/112/102 155/120/110 156/121/111
f 132/115/105 131/113/103 148/119/109 149/122/112
f 140/116/106 139/114/104 156/121/111 157/123/113
f 133/117/107 132/115/105 149/122/112 150/124/114
f 141/101/93 140/116/106 157/123/113 158/125/115
f 134/103/95 133/117/107 150/124/114 151/126/116
f 142/102/94 141/101/93 158/125/115 159/127/117
f 135/104/96 134/103/95 151/126/116 152/128/118
f 143/105/97 142/102/94 159/127/117 160/129/119
f 136/106/98 135/104/96 152/128/118 153/130/120
f 129/108/99 22/131/2 146/132/121
f 246/133/4 143/105/97 160/129/119
f 137/110/100 136/106/98 153/130/120 154/134/122
f 130/111/101 129/108/99 146/132/121 147/118/108
f 138/112/102 137/110/100 154/134/122 155/120/110
f 152/128/118 151/126/116 168/135/123 169/136/124
f 160/129/119 159/127/117 176/137/125 177/138/126
f 153/130/120 152/128/118 169/136/124 170/139/127
f 146/132/121 22/140/2 163/141/128
f 246/142/4 160/129/119 177/138/126
f 154/134/122 153/130/120 170/139/127 171/143/129
f 147/118/108 146/132/121 163/141/128 164/144/130
f 155/120/110 154/134/122 171/143/129 172/145/131
f 148/119/109 147/118/108 164/144/130 165/146/132
f 156/121/111 155/120/110 172/145/131 173/147/133
f 149/122/112 148/119/109 165/146/132 166/148/134
f 157/123/113 156/121/111 173/147/133 174/149/135
f 150/124/114 149/122/112 166/148/134 167/150/136
f 158/125/115 157/123/113 174/149/135 175/151/137
f 151/126/116 150/124/114 167/150/136 168/135/123
f 159/127/117 158/125/115 175/151/137 176/137/125
f 173/147/133 172/145/131 189/152/138 190/153/139
f 166/148/134 165/146/132 182/154/140 183/155/141
f 174/149/135 173/147/133 190/153/139 191/156/142
f 167/150/136 166/148/134 183/155/141 184/157/143
f 175/151/137 174/149/135 191/156/142 192/158/144
f 168/135/123 167/150/136 184/157/143 185/159/145
f 176/137/125 175/151/137 192/158/144 193/160/146
f 169/136/124 168/135/123 185/159/145 186/161/147
f 177/138/126 176/137/125 193/160/146 194/162/148
f 170/139/127 169/136/124 186/161/147 187/163/149
f 163/141/128 22/164/2 180/165/150
f 246/166/4 177/138/126 194/162/148
f 171/143/129 170/139/127 187/163/149 188/167/151
f 164/144/130 163/141/128 180/165/150 181/168/152
f 172/145/131 171/143/129 188/167/151 189/152/138
f 165/146/132 164/144/130 181/168/152 182/154/140
f 194/162/148 193/160/146 210/169/153 211/170/154
f 187/163/149 186/161/147 203/171/155 204/172/156
f 180/165/150 22/173/2 197/174/157
f 246/175/4 194/162/148 211/170/154
f 188/167/151 187/163/149 204/172/156 205/176/158
f 181/168/152 180/165/150 197/174/157 198/177/159
f 189/152/138 188/167/151 205/176/158 206/178/160
f 182/154/140 181/168/152 198/177/159 199/179/161
f 190/153/139 189/152/138 206/178/160 207/180/162
f 183/155/141 182/154/140 199/179/161 200/181/163
f 191/156/142 190/153/139 207/180/162 208/182/164
f 184/157/143 183/155/141 200/181/163 201/183/165
f 192/158/144 191/156/142 208/182/164 209/184/166
f 185/159/145 184/157/143 201/183/165 202/185/167
f 193/160/146 192/158/144 209/184/166 210/169/153
f 186/161/147 185/159/145 202/185/167 203/171/155
f 200/181/163 199/179/161 216/186/168 217/187/169
f 208/182/164 207/180/162 224/188/170 225/189/171
f 201/183/165 200/181/163 217/187/169 218/190/172
f 209/184/166 208/182/164 225/189/171 226/191/173
f 202/185/167 201/183/165 218/190/172 219/192/174
f 210/169/153 209/184/166 226/191/173 227/193/175
f 203/171/155 202/185/167 219/192/174 220/194/176
f 211/170/154 210/169/153 227/193/175 228/195/177
f 204/172/156 203/171/155 220/194/176 221/196/178
f 197/174/157 22/197/2 214/198/179
f 246/199/4 211/170/154 228/195/177
f 205/176/158 204/172/156 221/196/178 222/200/180
f 198/177/159 197/174/157 214/198/179 215/201/181
f 206/178/160 205/176/158 222/200/180 223/202/182
f 199/179/161 198/177/159 215/201/181 216/186/168
f 207/180/162 206/178/160 223/202/182 224/188/170
f 221/196/178 220/194/176 237/203/183 238/204/184
f 214/198/179 22/205/2 231/206/185
f 246/207/4 228/195/177 245/208/186
f 222/200/180 221/196/178 238/204/184 239/209/187
f 215/201/181 214/198/179 231/206/185 232/210/188
f 223/202/182 222/200/180 239/209/187 240/211/189
f 216/186/168 215/201/181 232/210/188 233/212/190
f 224/188/170 223/202/182 240/211/189 241/213/191
f 217/187/169 216/186/168 233/212/190 234/214/192
f 225/189/171 224/188/170 241/213/191 242/215/193
f 218/190/172 217/187/169 234/214/192 235/216/194
f 226/191/173 225/189/171 242/215/193 243/217/195
f 219/192/174 218/190/172 235/216/194 236/218/196
f 227/193/175 226/191/173 243/217/195 244/219/197
f 220/194/176 219/192/174 236/218/196 237/203/183
f 228/195/177 227/193/175 244/219/197 245/208/186
f 242/215/193 241/213/191 258/220/198 259/221/199
f 235/216/194 234/214/192 251/222/200 252/223/201
f 243/217/195 242/215/193 259/221/199 260/224/202
f 236/218/196 235/216/194 252/223/201 253/225/203
f 244/219/197 243/217/195 260/224/202 261/226/204
f 237/203/183 236/218/196 253/225/203 254/227/205
f 245/208/186 244/219/197 261/226/204 262/228/206
f 238/204/184 237/203/183 254/227/205 255/229/207
f 231/206/185 22/230/2 248/231/208
f 246/232/4 245/208/186 262/228/206
f 239/209/187 238/204/184 255/229/207 256/233/209
f 232/210/188 231/206/185 248/231/208 249/234/210
f 240/211/189 239/209/187 256/233/209 257/235/211
f 233/212/190 232/210/188 249/234/210 250/236/212
f 241/213/191 240/211/189 257/235/211 258/220/198
f 234/214/192 233/212/190 250/236/212 251/222/200
f 246/237/4 262/228/206 279/238/213
f 256/233/209 255/229/207 272/239/214 273/240/215
f 249/234/210 248/231/208 265/241/216 266/242/217
f 257/235/211 256/233/209 273/240/215 274/243/218
f 250/236/212 249/234/210 266/242/217 267/244/219
f 258/220/198 257/235/211 274/243/218 275/245/220
f 251/222/200 250/236/212 267/244/219 268/246/221
f 259/221/199 258/220/198 275/245/220 276/247/222
f 252/223/201 251/222/200 268/246/221 269/248/223
f 260/224/202 259/221/199 276/247/222 277/249/224
f 253/225/203 252/223/201 269/248/223 270/250/225
f 261/226/204 260/224/202 277/249/224 278/251/226
f 254/227/205 253/225/203 270/250/225 271/252/227
f 262/228/206 261/226/204 278/251/226 279/238/213
f 255/229/207 254/227/205 271/252/227 272/239/214
f 248/231/208 22/253/2 265/241/216
f 277/249/224 276/247/222 293/254/228 294/255/229
f 270/250/225 269/248/223 286/256/230 287/257/231
f 278/251/226 277/249/224 294/255/229 295/258/232
f 271/252/227 270/250/225 287/257/231 288/259/233
f 279/238/213 278/251/226 295/258/232 296/260/234
f 272/239/214 271/252/227 288/259/233 289/261/235
f 265/241/216 22/262/2 282/263/236
f 246/264/4 279/238/213 296/260/234
f 273/240/215 272/239/214 289/261/235 290/265/237
f 266/242/217 265/241/216 282/263/236 283/266/238
f 274/243/218 273/240/215 290/265/237 291/267/239
f 267/244/219 266/242/217 283/266/238 284/268/240
f 275/245/220 274/243/218 291/267/239 292/269/241
f 268/246/221 267/244/219 284/268/240 285/270/242
f 276/247/222 275/245/220 292/269/241 293/254/228
f 269/248/223 268/246/221 285/270/242 286/256/230
f 283/266/238 282/263/236 299/271/243 300/272/244
f 291/267/239 290/265/237 307/273/245 308/274/246
f 284/268/240 283/266/238 300/272/244 301/275/247
f 292/269/241 291/267/239 308/274/246 309/276/248
f 285/270/242 284/268/240 301/275/247 302/277/249
f 293/254/228 292/269/241 309/276/248 310/278/250
f 286/256/230 285/270/242 302/277/249 303/279/251
f 294/255/229 293/254/228 310/278/250 311/280/252
f 287/257/231 286/256/230 303/279/251 304/281/253
f 295/258/232 294/255/229 311/280/252 312/282/254
f 288/259/233 287/257/231 304/281/253 305/283/255
f 296/260/234 295/258/232 312/282/254 313/284/256
f 289/261/235 288/259/233 305/283/255 306/285/257
f 282/263/236 22/286/2 299/271/243
f 246/287/4 296/260/234 313/284/256
f 290/265/237 289/261/235 306/285/257 307/273/245
f 246/288/4 313/289/256 316/290/258
f 305/283/255 304/281/253 391/291/259 392/292/260
f 37/17/17 38/21/21 382/293/261 381/294/262
f 304/281/253 303/279/251 390/295/263 391/291/259
f 36/13/13 37/17/17 381/294/262 380/296/264
f 303/279/251 302/277/249 389/297/265 390/295/263
f 35/7/7 36/13/13 380/296/264 379/298/266
f 302/277/249 301/275/247 388/299/267 389/297/265
f 34/8/8 35/7/7 379/298/266 378/300/268
f 301/275/247 300/272/244 387/301/269 388/299/267
f 33/31/31 34/8/8 378/300/268 377/302/270
f 246/288/4 316/290/258 415/303/271 515/304/272
f 300/272/244 299/271/243 386/305/273 387/301/269
f 313/284/256 312/282/254 399/306/274 400/307/275
f 32/27/27 33/31/31 377/302/270 376/308/276
f 316/290/258 313/289/256 400/309/275 415/303/271
f 312/282/254 311/280/252 398/310/277 399/306/274
f 31/23/23 32/27/27 376/308/276 375/311/278
f 30/19/19 31/23/23 375/311/278 374/312/279
f 311/280/252 310/278/250 397/313/280 398/310/277
f 299/271/243 22/286/2 340/314/281 386/305/273
f 29/15/15 30/19/19 374/312/279 373/315/282
f 310/278/250 309/276/248 396/316/283 397/313/280
f 28/11/11 29/15/15 373/315/282 372/317/284
f 309/276/248 308/274/246 395/318/285 396/316/283
f 27/1/1 28/11/11 372/317/284 371/319/286
f 308/274/246 307/273/245 394/320/287 395/318/285
f 40/29/29 41/5/5 385/321/288 384/322/289
f 41/5/5 246/4/4 515/323/272 385/321/288
f 307/273/245 306/285/257 393/324/290 394/320/287
f 39/25/25 40/29/29 384/322/289 383/325/291
f 22/2/2 27/1/1 371/319/286 340/326/281
f 306/285/257 305/283/255 392/292/260 393/324/290
f 38/21/21 39/25/25 383/325/291 382/293/261
f 512/327/292 319/328/293 332/329/294 331/330/295
f 508/331/296 318/332/297 324/333/298 323/334/299
f 317/335/300 512/327/292 331/330/295 330/336/301
f 509/337/302 508/331/296 323/334/299 322/338/303
f 513/339/304 317/335/300 330/336/301 329/340/305
f 510/341/306 509/337/302 322/338/303 321/342/307
f 337/343/308 513/339/304 329/340/305 328/344/309
f 511/345/310 510/341/306 321/342/307 320/346/311
f 336/347/312 337/343/308 328/344/309 327/348/313
f 506/349/314 340/350/281 334/351/315
f 515/352/272 511/345/310 320/346/311
f 335/353/316 336/347/312 327/348/313 326/354/317
f 507/355/318 506/349/314 334/351/315 333/356/319
f 514/357/320 335/353/316 326/354/317 325/358/321
f 319/328/293 507/355/318 333/356/319 332/329/294
f 318/332/297 514/357/320 325/358/321 324/333/298
f 325/358/321 326/354/317 247/359/322 230/360/323
f 332/329/294 333/356/319 314/361/324 298/362/325
f 324/333/298 325/358/321 230/360/323 229/363/326
f 331/330/295 332/329/294 298/362/325 297/364/327
f 323/334/299 324/333/298 229/363/326 213/365/328
f 330/336/301 331/330/295 297/364/327 281/366/329
f 322/338/303 323/334/299 213/365/328 212/367/330
f 329/340/305 330/336/301 281/366/329 280/368/331
f 321/342/307 322/338/303 212/367/330 196/369/332
f 328/344/309 329/340/305 280/368/331 264/370/333
f 320/346/311 321/342/307 196/369/332 195/371/334
f 327/348/313 328/344/309 264/370/333 263/372/335
f 334/351/315 340/373/281 315/374/336
f 515/375/272 320/346/311 195/371/334
f 326/354/317 327/348/313 263/372/335 247/359/322
f 333/356/319 334/351/315 315/374/336 314/361/324
f 196/369/332 212/367/330 77/376/337 76/377/338
f 264/370/333 280/368/331 144/378/339 128/379/340
f 195/371/334 196/369/332 76/377/338 60/380/341
f 263/372/335 264/370/333 128/379/340 127/381/342
f 315/374/336 340/382/281 179/383/343
f 515/384/272 195/371/334 60/380/341
f 247/359/322 263/372/335 127/381/342 111/385/344
f 314/361/324 315/374/336 179/383/343 178/386/345
f 230/360/323 247/359/322 111/385/344 110/387/346
f 298/362/325 314/361/324 178/386/345 162/388/347
f 229/363/326 230/360/323 110/387/346 94/389/348
f 297/364/327 298/362/325 162/388/347 161/390/349
f 213/365/328 229/363/326 94/389/348 93/391/350
f 281/366/329 297/364/327 161/390/349 145/392/351
f 212/367/330 213/365/328 93/391/350 77/376/337
f 280/368/331 281/366/329 145/392/351 144/378/339
f 94/389/348 110/387/346 19/393/352 18/394/353
f 161/390/349 162/388/347 42/395/354 26/396/355
f 93/391/350 94/389/348 18/394/353 17/397/356
f 145/392/351 161/390/349 26/396/355 25/398/357
f 77/376/337 93/391/350 17/397/356 16/399/358
f 144/378/339 145/392/351 25/398/357 24/400/359
f 76/377/338 77/376/337 16/399/358 15/401/360
f 128/379/340 144/378/339 24/400/359 23/402/361
f 60/380/341 76/377/338 15/401/360 14/403/362
f 127/381/342 128/379/340 23/402/361 21/404/363
f 179/383/343 340/405/281 59/406/364
f 515/407/272 60/380/341 14/403/362
f 111/385/344 127/381/342 21/404/363 20/408/365
f 178/386/345 179/383/343 59/406/364 43/409/366
f 110/387/346 111/385/344 20/408/365 19/393/352
f 162/388/347 178/386/345 43/409/366 42/395/354
f 14/403/362 15/401/360 338/410/367 339/411/368
f 21/404/363 23/402/361 7/412/369 6/413/370
f 59/406/364 340/414/281 13/415/371
f 515/416/272 14/403/362 339/411/368
f 20/408/365 21/404/363 6/413/370 5/417/372
f 43/409/366 59/406/364 13/415/371 12/418/373
f 19/393/352 20/408/365 5/417/372 4/419/374
f 42/395/354 43/409/366 12/418/373 11/420/375
f 18/394/353 19/393/352 4/419/374 3/421/376
f 26/396/355 42/395/354 11/420/375 10/422/377
f 17/397/356 18/394/353 3/421/376 2/423/378
f 25/398/357 26/396/355 10/422/377 9/424/379
f 16/399/358 17/397/356 2/423/378 1/425/380
f 24/400/359 25/398/357 9/424/379 8/426/381
f 15/401/360 16/399/358 1/425/380 338/410/367
f 23/402/361 24/400/359 8/426/381 7/412/369
f 10/422/377 11/420/375 343/427/382 344/428/383
f 2/423/378 3/421/376 351/429/384 352/430/385
f 9/424/379 10/422/377 344/428/383 345/431/386
f 1/425/380 2/423/378 352/430/385 353/432/387
f 8/426/381 9/424/379 345/431/386 346/433/388
f 338/410/367 1/425/380 353/432/387 354/434/389
f 7/412/369 8/426/381 346/433/388 347/435/390
f 339/411/368 338/410/367 354/434/389 355/436/391
f 6/413/370 7/412/369 347/435/390 348/437/392
f 13/415/371 340/438/281 341/439/393
f 515/440/272 339/411/368 355/436/391
f 5/417/372 6/413/370 348/437/392 349/441/394
f 12/418/373 13/415/371 341/439/393 342/442/395
f 4/419/374 5/417/372 349/441/394 350/443/396
f 11/420/375 12/418/373 342/442/395 343/427/382
f 3/421/376 4/419/374 350/443/396 351/429/384
f 348/437/392 347/435/390 362/444/397 363/445/398
f 341/439/393 340/446/281 356/447/399
f 515/448/272 355/436/391 370/449/400
f 349/441/394 348/437/392 363/445/398 364/450/401
f 342/442/395 341/439/393 356/447/399 357/451/402
f 350/443/396 349/441/394 364/450/401 365/452/403
f 343/427/382 342/442/395 357/451/402 358/453/404
f 351/429/384 350/443/396 365/452/403 366/454/405
f 344/428/383 343/427/382 358/453/404 359/455/406
f 352/430/385 351/429/384 366/454/405 367/456/407
f 345/431/386 344/428/383 359/455/406 360/457/408
f 353/432/387 352/430/385 367/456/407 368/458/409
f 346/433/388 345/431/386 360/457/408 361/459/410
f 354/434/389 353/432/387 368/458/409 369/460/411
f 347/435/390 346/433/388 361/459/410 362/444/397
f 355/436/391 354/434/389 369/460/411 370/449/400
f 367/456/407 366/454/405 381/294/262 382/293/261
f 360/457/408 359/455/406 374/312/279 375/311/278
f 368/458/409 367/456/407 382/293/261 383/325/291
f 361/459/410 360/457/408 375/311/278 376/308/276
f 369/460/411 368/458/409 383/325/291 384/322/289
f 362/444/397 361/459/410 376/308/276 377/302/270
f 370/449/400 369/460/411 384/322/289 385/321/288
f 363/445/398 362/444/397 377/302/270 378/300/268
f 356/447/399 340/461/281 371/319/286
f 515/462/272 370/449/400 385/321/288
f 364/450/401 363/445/398 378/300/268 379/298/266
f 357/451/402 356/447/399 371/319/286 372/317/284
f 365/452/403 364/450/401 379/298/266 380/296/264
f 358/453/404 357/451/402 372/317/284 373/315/282
f 366/454/405 365/452/403 380/296/264 381/294/262
f 359/455/406 358/453/404 373/315/282 374/312/279
f 391/463/259 390/464/263 405/465/412 406/466/413
f 399/467/274 398/468/277 413/469/414 414/470/415
f 392/471/260 391/463/259 406/466/413 407/472/416
f 400/309/275 399/467/274 414/470/415 415/303/271
f 393/473/290 392/471/260 407/472/416 408/474/417
f 386/475/273 340/476/281 401/477/418
f 394/478/287 393/473/290 408/474/417 409/479/419
f 387/480/269 386/475/273 401/477/418 402/481/420
f 395/482/285 394/478/287 409/479/419 410/483/421
f 388/484/267 387/480/269 402/481/420 403/485/422
f 396/486/283 395/482/285 410/483/421 411/487/423
f 389/488/265 388/484/267 403/485/422 404/489/424
f 397/490/280 396/486/283 411/487/423 412/491/425
f 390/464/263 389/488/265 404/489/424 405/465/412
f 398/468/277 397/490/280 412/491/425 413/469/414
f 410/483/421 409/479/419 424/492/426 425/493/427
f 403/485/422 402/481/420 417/494/428 418/495/429
f 411/487/423 410/483/421 425/493/427 426/496/430
f 404/489/424 403/485/422 418/495/429 419/497/431
f 412/491/425 411/487/423 426/496/430 427/498/432
f 405/465/412 404/489/424 419/497/431 420/499/433
f 413/469/414 412/491/425 427/498/432 428/500/434
f 406/466/413 405/465/412 420/499/433 421/501/435
f 414/470/415 413/469/414 428/500/434 429/502/436
f 407/472/416 406/466/413 421/501/435 422/503/437
f 415/303/271 414/470/415 429/502/436 430/504/438
f 408/474/417 407/472/416 422/503/437 423/505/439
f 401/477/418 340/506/281 416/507/440
f 515/508/272 415/303/271 430/504/438
f 409/479/419 408/474/417 423/505/439 424/492/426
f 402/481/420 401/477/418 416/507/440 417/494/428
f 429/502/436 428/500/434 443/509/441 444/510/442
f 422/503/437 421/501/435 436/511/443 437/512/444
f 430/504/438 429/502/436 444/510/442 445/513/445
f 423/505/439 422/503/437 437/512/444 438/514/446
f 416/507/440 340/515/281 431/516/447
f 515/517/272 430/504/438 445/513/445
f 424/492/426 423/505/439 438/514/446 439/518/448
f 417/494/428 416/507/440 431/516/447 432/519/449
f 425/493/427 424/492/426 439/518/448 440/520/450
f 418/495/429 417/494/428 432/519/449 433/521/451
f 426/496/430 425/493/427 440/520/450 441/522/452
f 419/497/431 418/495/429 433/521/451 434/523/453
f 427/498/432 426/496/430 441/522/452 442/524/454
f 420/499/433 419/497/431 434/523/453 435/525/455
f 428/500/434 427/498/432 442/524/454 443/509/441
f 421/501/435 420/499/433 435/525/455 436/511/443
f 433/521/451 432/519/449 447/526/456 448/527/457
f 441/522/452 440/520/450 455/528/458 456/529/459
f 434/523/453 433/521/451 448/527/457 449/530/460
f 442/524/454 441/522/452 456/529/459 457/531/461
f 435/525/455 434/523/453 449/530/460 450/532/462
f 443/509/441 442/524/454 457/531/461 458/533/463
f 436/511/443 435/525/455 450/532/462 451/534/464
f 444/510/442 443/509/441 458/533/463 459/535/465
f 437/512/444 436/511/443 451/534/464 452/536/466
f 445/513/445 444/510/442 459/535/465 460/537/467
f 438/514/446 437/512/444 452/536/466 453/538/468
f 431/516/447 340/539/281 446/540/469
f 515/541/272 445/513/445 460/537/467
f 439/518/448 438/514/446 453/538/468 454/542/470
f 432/519/449 431/516/447 446/540/469 447/526/456
f 440/520/450 439/518/448 454/542/470 455/528/458
f 452/536/466 451/534/464 466/543/471 467/544/472
f 460/537/467 459/535/465 474/545/473 475/546/474
f 453/538/468 452/536/466 467/544/472 468/547/475
f 446/540/469 340/548/281 461/549/476
f 515/550/272 460/537/467 475/546/474
f 454/542/470 453/538/468 468/547/475 469/551/477
f 447/526/456 446/540/469 461/549/476 462/552/478
f 455/528/458 454/542/470 469/551/477 470/553/479
f 448/527/457 447/526/456 462/552/478 463/554/480
f 456/529/459 455/528/458 470/553/479 471/555/481
f 449/530/460 448/527/457 463/554/480 464/556/482
f 457/531/461 456/529/459 471/555/481 472/557/483
f 450/532/462 449/530/460 464/556/482 465/558/484
f 458/533/463 457/531/461 472/557/483 473/559/485
f 451/534/464 450/532/462 465/558/484 466/543/471
f 459/535/465 458/533/463 473/559/485 474/545/473
f 471/555/481 470/553/479 485/560/486 486/561/487
f 464/556/482 463/554/480 478/562/488 479/563/489
f 472/557/483 471/555/481 486/561/487 487/564/490
f 465/558/484 464/556/482 479/563/489 480/565/491
f 473/559/485 472/557/483 487/564/490 488/566/492
f 466/543/471 465/558/484 480/565/491 481/567/493
f 474/545/473 473/559/485 488/566/492 489/568/494
f 467/544/472 466/543/471 481/567/493 482/569/495
f 475/546/474 474/545/473 489/568/494 490/570/496
f 468/547/475 467/544/472 482/569/495 483/571/497
f 461/549/476 340/572/281 476/573/498
f 515/574/272 475/546/474 490/570/496
f 469/551/477 468/547/475 483/571/497 484/575/499
f 462/552/478 461/549/476 476/573/498 477/576/500
f 470/553/479 469/551/477 484/575/499 485/560/486
f 463/554/480 462/552/478 477/576/500 478/562/488
f 490/570/496 489/568/494 504/577/501 505/578/502
f 483/571/497 482/569/495 497/579/503 498/580/504
f 476/573/498 340/581/281 491/582/505
f 515/583/272 490/570/496 505/578/502
f 484/575/499 483/571/497 498/580/504 499/584/506
f 477/576/500 476/573/498 491/582/505 492/585/507
f 485/560/486 484/575/499 499/584/506 500/586/508
f 478/562/488 477/576/500 492/585/507 493/587/509
f 486/561/487 485/560/486 500/586/508 501/588/510
f 479/563/489 478/562/488 493/587/509 494/589/511
f 487/564/490 486/561/487 501/588/510 502/590/512
f 480/565/491 479/563/489 494/589/511 495/591/513
f 488/566/492 487/564/490 502/590/512 503/592/514
f 481/567/493 480/565/491 495/591/513 496/593/515
f 489/568/494 488/566/492 503/592/514 504/577/501
f 482/569/495 481/567/493 496/593/515 497/579/503
f 502/590/512 501/588/510 318/332/297 508/331/296
f 495/591/513 494/589/511 512/327/292 317/335/300
f 503/592/514 502/590/512 508/331/296 509/337/302
f 496/593/515 495/591/513 317/335/300 513/339/304
f 504/577/501 503/592/514 509/337/302 510/341/306
f 497/579/503 496/593/515 513/339/304 337/343/308
f 505/578/502 504/577/501 510/341/306 511/345/310
f 498/580/504 497/579/503 337/343/308 336/347/312
f 491/582/505 340/594/281 506/349/314
f 515/595/272 505/578/502 511/345/310
f 499/584/506 498/580/504 336/347/312 335/353/316
f 492/585/507 491/582/505 506/349/314 507/355/318
f 500/586/508 499/584/506 335/353/316 514/357/320
f 493/587/509 492/585/507 507/355/318 319/328/293
f 501/588/510 500/586/508 514/357/320 318/332/297
f 494/589/511 493/587/509 319/328/293 512/327/292
o Cylinder
v 0.111453 0.415949 4.321383
v 0.111453 0.415949 4.714213
v 0.190459 0.386213 4.321383
v 0.190459 0.386213 4.714213
v 0.262146 0.341636 4.321383
v 0.262146 0.341636 4.714213
v 0.323759 0.283929 4.321383
v 0.323759 0.283929 4.714213
v 0.372930 0.215311 4.321383
v 0.372930 0.215311 4.714213
v 0.407769 0.138419 4.321383
v 0.407769 0.138419 4.714213
v 0.426938 0.056207 4.321383
v 0.426938 0.056208 4.714213
v 0.429700 -0.028164 4.321383
v 0.429700 -0.028164 4.714213
v 0.415949 -0.111453 4.321383
v 0.415949 -0.111453 4.714213
v 0.386213 -0.190459 4.321383
v 0.386213 -0.190459 4.714213
v 0.341636 -0.262146 4.321383
v 0.341636 -0.262146 4.714213
v 0.283929 -0.323759 4.321383
v 0.283929 -0.323759 4.714213
v 0.215311 -0.372930 4.321383
v 0.215311 -0.372930 4.714213
v 0.138419 -0.407769 4.321383
v 0.138419 -0.407769 4.714213
v 0.056207 -0.426938 4.321383
v 0.056208 -0.426938 4.714213
v -0.028164 -0.429700 4.321383
v -0.028164 -0.429700 4.714213
v -0.111453 -0.415949 4.321383
v -0.111453 -0.415949 4.714213
v -0.190459 -0.386213 4.321383
v -0.190459 -0.386213 4.714213
v -0.262146 -0.341636 4.321383
v -0.262146 -0.341636 4.714213
v -0.323759 -0.283929 4.321383
v -0.323759 -0.283929 4.714213
v -0.372930 -0.215311 4.321383
v -0.372930 -0.215311 4.714213
v -0.407769 -0.138419 4.321383
v -0.407769 -0.138419 4.714213
v -0.426938 -0.056208 4.321383
v -0.426938 -0.056207 4.714213
v -0.429700 0.028164 4.321383
v -0.429700 0.028164 4.714213
v -0.415949 0.111453 4.321383
v -0.415949 0.111453 4.714213
v -0.386213 0.190459 4.321383
v -0.386213 0.190459 4.714213
v -0.341636 0.262146 4.321383
v -0.341636 0.262146 4.714213
v -0.283929 0.323759 4.321383
v -0.283929 0.323759 4.714213
v -0.215311 0.372930 4.321383
v -0.215311 0.372930 4.714213
v -0.138419 0.407769 4.321383
v -0.138419 0.407769 4.714213
v -0.056208 0.426938 4.321383
v -0.056207 0.426938 4.714213
v 0.028164 0.429700 4.321383
v 0.028164 0.429700 4.714213
v 0.111453 0.415949 4.145283
v 0.190459 0.386213 4.145283
v 0.190459 0.386213 4.817471
v 0.111453 0.415949 4.817471
v 0.262146 0.341636 4.145283
v 0.262146 0.341636 4.817471
v 0.323759 0.283929 4.145283
v 0.323759 0.283929 4.817471
v 0.372930 0.215311 4.145283
v 0.372930 0.215311 4.817471
v 0.407769 0.138419 4.145283
v 0.407769 0.138419 4.817471
v 0.426938 0.056207 4.145283
v 0.426938 0.056208 4.817471
v 0.429700 -0.028164 4.145283
v 0.429700 -0.028164 4.817471
v 0.415949 -0.111453 4.145283
v 0.415949 -0.111453 4.817471
v 0.386213 -0.190459 4.145283
v 0.386213 -0.190459 4.817471
v 0.341636 -0.262146 4.145283
v 0.341636 -0.262146 4.817471
v 0.283929 -0.323759 4.145283
v 0.283929 -0.323759 4.817471
v 0.215311 -0.372930 4.145283
v 0.215311 -0.372930 4.817471
v 0.138419 -0.407769 4.145283
v 0.138419 -0.407769 4.817471
v 0.056207 -0.426938 4.145283
v 0.056208 -0.426938 4.817471
v -0.028164 -0.429700 4.145283
v -0.028164 -0.429700 4.817471
v -0.111453 -0.415949 4.145283
v -0.111453 -0.415949 4.817471
v -0.190459 -0.386213 4.145283
v -0.190459 -0.386213 4.817471
v -0.262146 -0.341636 4.145283
v -0.262146 -0.341636 4.817471
v -0.323759 -0.283929 4.145283
v -0.323759 -0.283929 4.817471
v -0.372930 -0.215311 4.145283
v -0.372930 -0.215311 4.817471
v -0.407769 -0.138419 4.145283
v -0.407769 -0.138419 4.817471
v -0.426938 -0.056208 4.145283
v -0.426938 -0.056207 4.817471
v -0.429700 0.028164 4.145283
v -0.429700 0.028164 4.817471
v -0.415949 0.111453 4.145283
v -0.415949 0.111453 4.817471
v -0.386213 0.190459 4.145283
v -0.386213 0.190459 4.817471
v -0.341636 0.262146 4.145283
v -0.341636 0.262146 4.817471
v -0.283929 0.323759 4.145283
v -0.283929 0.323759 4.817471
v -0.215311 0.372930 4.145283
v -0.215311 0.372930 4.817471
v -0.138419 0.407769 4.145283
v -0.138419 0.407769 4.817471
v -0.056208 0.426938 4.145283
v -0.056207 0.426938 4.817471
v 0.028164 0.429700 4.145283
v 0.028164 0.429700 4.817471
v 0.133744 0.499139 4.145283
v 0.228551 0.463456 4.145283
v 0.228551 0.463456 4.817471
v 0.133744 0.499139 4.817471
v 0.133744 0.499139 4.321383
v 0.133744 0.499139 4.714213
v 0.228551 0.463456 4.714213
v 0.228551 0.463456 4.321383
v 0.314575 0.409963 4.145283
v 0.314575 0.409963 4.817471
v 0.314575 0.409963 4.714213
v 0.314575 0.409963 4.321383
v 0.388511 0.340715 4.145283
v 0.388511 0.340715 4.817471
v 0.388511 0.340715 4.714213
v 0.388511 0.340715 4.321383
v 0.447516 0.258373 4.145283
v 0.447516 0.258373 4.817471
v 0.447516 0.258373 4.714213
v 0.447516 0.258373 4.321383
v 0.489323 0.166103 4.145283
v 0.489323 0.166103 4.817471
v 0.489323 0.166103 4.714213
v 0.489323 0.166103 4.321383
v 0.512326 0.067449 4.145283
v 0.512326 0.067449 4.817471
v 0.512326 0.067449 4.714213
v 0.512326 0.067449 4.321383
v 0.515640 -0.033797 4.145283
v 0.515640 -0.033797 4.817471
v 0.515640 -0.033797 4.714213
v 0.515640 -0.033797 4.321383
v 0.499139 -0.133744 4.145283
v 0.499139 -0.133744 4.817471
v 0.499139 -0.133744 4.714213
v 0.499139 -0.133744 4.321383
v 0.463456 -0.228551 4.145283
v 0.463456 -0.228551 4.817471
v 0.463456 -0.228551 4.714213
v 0.463456 -0.228551 4.321383
v 0.409963 -0.314575 4.145283
v 0.409963 -0.314575 4.817471
v 0.409963 -0.314575 4.714213
v 0.409963 -0.314575 4.321383
v 0.340715 -0.388511 4.145283
v 0.340715 -0.388511 4.817471
v 0.340715 -0.388511 4.714213
v 0.340715 -0.388511 4.321383
v 0.258373 -0.447516 4.145283
v 0.258373 -0.447516 4.817471
v 0.258373 -0.447516 4.714213
v 0.258373 -0.447516 4.321383
v 0.166103 -0.489323 4.145283
v 0.166103 -0.489323 4.817471
v 0.166103 -0.489323 4.714213
v 0.166103 -0.489323 4.321383
v 0.067449 -0.512326 4.145283
v 0.067449 -0.512326 4.817471
v 0.067449 -0.512326 4.714213
v 0.067449 -0.512326 4.321383
v -0.033797 -0.515640 4.145283
v -0.033797 -0.515640 4.817471
v -0.033797 -0.515640 4.714213
v -0.033797 -0.515640 4.321383
v -0.133744 -0.499139 4.145283
v -0.133744 -0.499139 4.817471
v -0.133744 -0.499139 4.714213
v -0.133744 -0.499139 4.321383
v -0.228551 -0.463456 4.145283
v -0.228551 -0.463456 4.817471
v -0.228551 -0.463456 4.714213
v -0.228551 -0.463456 4.321383
v -0.314575 -0.409963 4.145283
v -0.314575 -0.409963 4.817471
v -0.314575 -0.409963 4.714213
v -0.314575 -0.409963 4.321383
v -0.388511 -0.340715 4.145283
v -0.388511 -0.340715 4.817471
v -0.388511 -0.340715 4.714213
v -0.388511 -0.340715 4.321383
v -0.447516 -0.258373 4.145283
v -0.447516 -0.258373 4.817471
v -0.447516 -0.258373 4.714213
v -0.447516 -0.258373 4.321383
v -0.489323 -0.166103 4.145283
v -0.489323 -0.166103 4.817471
v -0.489323 -0.166103 4.714213
v -0.489323 -0.166103 4.321383
v -0.512326 -0.067449 4.145283
v -0.512326 -0.067449 4.817471
v -0.512326 -0.067449 4.714213
v -0.512326 -0.067449 4.321383
v -0.515640 0.033797 4.145283
v -0.515640 0.033797 4.817471
v -0.515640 0.033797 4.714213
v -0.515640 0.033797 4.321383
v -0.499139 0.133744 4.145283
v -0.499139 0.133744 4.817471
v -0.499139 0.133744 4.714213
v -0.499139 0.133744 4.321383
v -0.463456 0.228551 4.145283
v -0.463456 0.228551 4.817471
v -0.463456 0.228551 4.714213
v -0.463456 0.228551 4.321383
v -0.409963 0.314575 4.145283
v -0.409963 0.314575 4.817471
v -0.409963 0.314575 4.714213
v -0.409963 0.314575 4.321383
v -0.340715 0.388511 4.145283
v -0.340715 0.388511 4.817471
v -0.340715 0.388511 4.714213
v -0.340715 0.388511 4.321383
v -0.258373 0.447516 4.145283
v -0.258373 0.447516 4.817471
v -0.258373 0.447516 4.714213
v -0.258373 0.447516 4.321383
v -0.166103 0.489323 4.145283
v -0.166103 0.489323 4.817471
v -0.166103 0.489323 4.714213
v -0.166103 0.489323 4.321383
v -0.067449 0.512326 4.145283
v -0.067449 0.512326 4.817471
v -0.067449 0.512326 4.714213
v -0.067449 0.512326 4.321383
v 0.033797 0.515640 4.145283
v 0.033797 0.515640 4.817471
v 0.033797 0.515640 4.714213
v 0.033797 0.515640 4.321383
vt 1.000000 0.896101
vt 0.968750 0.896101
vt 0.968750 0.896101
vt 1.000000 0.896101
vt 0.031250 0.896101
vt 0.000000 0.896101
vt 0.000000 0.896101
vt 0.031250 0.896101
vt 0.937500 0.603899
vt 0.906250 0.603899
vt 0.906250 0.896101
vt 0.937500 0.896101
vt 0.843750 0.603899
vt 0.875000 0.603899
vt 0.875000 0.603899
vt 0.843750 0.603899
vt 0.812500 0.603899
vt 0.812500 0.603899
vt 0.781250 0.603899
vt 0.781250 0.603899
vt 0.750000 0.603899
vt 0.750000 0.603899
vt 0.718750 0.603899
vt 0.718750 0.603899
vt 0.687500 0.603899
vt 0.687500 0.603899
vt 0.687500 0.896101
vt 0.687500 0.896101
vt 0.656250 0.603899
vt 0.656250 0.896101
vt 0.593750 0.603899
vt 0.625000 0.603899
vt 0.625000 0.603899
vt 0.593750 0.603899
vt 0.562500 0.603899
vt 0.562500 0.603899
vt 0.531250 0.603899
vt 0.531250 0.603899
vt 0.500000 0.603899
vt 0.500000 0.603899
vt 0.468750 0.603899
vt 0.468750 0.603899
vt 0.437500 0.603899
vt 0.437500 0.603899
vt 0.437500 0.896101
vt 0.437500 0.896101
vt 0.406250 0.603899
vt 0.406250 0.896101
vt 0.343750 0.603899
vt 0.375000 0.603899
vt 0.375000 0.603899
vt 0.343750 0.603899
vt 0.312500 0.603899
vt 0.312500 0.603899
vt 0.281250 0.603899
vt 0.281250 0.603899
vt 0.250000 0.603899
vt 0.250000 0.603899
vt 0.218750 0.603899
vt 0.218750 0.603899
vt 0.187500 0.603899
vt 0.187500 0.603899
vt 0.187500 0.896101
vt 0.187500 0.896101
vt 0.156250 0.603899
vt 0.156250 0.896101
vt 0.062500 0.896101
vt 0.062500 0.896101
vt 0.093750 0.896101
vt 0.093750 0.896101
vt 0.125000 0.896101
vt 0.125000 0.896101
vt 0.296822 0.485388
vt 0.341844 0.471731
vt 0.383337 0.449553
vt 0.419706 0.419706
vt 0.449553 0.383337
vt 0.471731 0.341844
vt 0.485388 0.296822
vt 0.490000 0.250000
vt 0.485388 0.203178
vt 0.471731 0.158156
vt 0.449553 0.116663
vt 0.419706 0.080294
vt 0.383337 0.050447
vt 0.341844 0.028269
vt 0.296822 0.014612
vt 0.250000 0.010000
vt 0.203178 0.014612
vt 0.158156 0.028269
vt 0.116663 0.050447
vt 0.080294 0.080294
vt 0.050447 0.116663
vt 0.028269 0.158156
vt 0.014612 0.203178
vt 0.010000 0.250000
vt 0.014612 0.296822
vt 0.028269 0.341844
vt 0.050447 0.383337
vt 0.080294 0.419706
vt 0.116663 0.449553
vt 0.158156 0.471731
vt 0.203178 0.485388
vt 0.250000 0.490000
vt 0.156250 0.896101
vt 0.156250 0.603899
vt 0.750000 0.490000
vt 0.703178 0.485388
vt 0.658156 0.471731
vt 0.616663 0.449553
vt 0.580294 0.419706
vt 0.550447 0.383337
vt 0.528269 0.341844
vt 0.514612 0.296822
vt 0.510000 0.250000
vt 0.514612 0.203178
vt 0.528269 0.158156
vt 0.550447 0.116663
vt 0.580294 0.080294
vt 0.616663 0.050447
vt 0.658156 0.028269
vt 0.703178 0.014612
vt 0.750000 0.010000
vt 0.796822 0.014612
vt 0.841844 0.028269
vt 0.883337 0.050447
vt 0.919706 0.080294
vt 0.949553 0.116663
vt 0.971731 0.158156
vt 0.985388 0.203178
vt 0.990000 0.250000
vt 0.985388 0.296822
vt 0.971731 0.341844
vt 0.949553 0.383337
vt 0.919706 0.419706
vt 0.883337 0.449553
vt 0.841844 0.471731
vt 0.796822 0.485388
vt 1.000000 0.603899
vt 1.000000 0.500000
vt 0.968750 0.500000
vt 0.968750 0.603899
vt 0.968750 1.000000
vt 1.000000 1.000000
vt 0.937500 0.500000
vt 0.937500 1.000000
vt 0.906250 0.500000
vt 0.906250 1.000000
vt 0.875000 0.500000
vt 0.875000 0.896101
vt 0.875000 1.000000
vt 0.843750 0.500000
vt 0.843750 0.896101
vt 0.843750 1.000000
vt 0.812500 0.500000
vt 0.812500 0.896101
vt 0.812500 1.000000
vt 0.781250 0.500000
vt 0.781250 0.896101
vt 0.781250 1.000000
vt 0.750000 0.500000
vt 0.750000 0.896101
vt 0.750000 1.000000
vt 0.718750 0.500000
vt 0.718750 0.896101
vt 0.718750 1.000000
vt 0.687500 0.500000
vt 0.687500 1.000000
vt 0.656250 0.500000
vt 0.656250 1.000000
vt 0.625000 0.500000
vt 0.625000 0.896101
vt 0.625000 1.000000
vt 0.593750 0.500000
vt 0.593750 0.896101
vt 0.593750 1.000000
vt 0.562500 0.500000
vt 0.562500 0.896101
vt 0.562500 1.000000
vt 0.531250 0.500000
vt 0.531250 0.896101
vt 0.531250 1.000000
vt 0.500000 0.500000
vt 0.500000 0.896101
vt 0.500000 1.000000
vt 0.468750 0.500000
vt 0.468750 0.896101
vt 0.468750 1.000000
vt 0.437500 0.500000
vt 0.437500 1.000000
vt 0.406250 0.500000
vt 0.406250 1.000000
vt 0.375000 0.500000
vt 0.375000 0.896101
vt 0.375000 1.000000
vt 0.343750 0.500000
vt 0.343750 0.896101
vt 0.343750 1.000000
vt 0.312500 0.500000
vt 0.312500 0.896101
vt 0.312500 1.000000
vt 0.281250 0.500000
vt 0.281250 0.896101
vt 0.281250 1.000000
vt 0.250000 0.500000
vt 0.250000 0.896101
vt 0.250000 1.000000
vt 0.218750 0.500000
vt 0.218750 0.896101
vt 0.218750 1.000000
vt 0.187500 0.500000
vt 0.187500 1.000000
vt 0.156250 0.500000
vt 0.156250 1.000000
vt 0.125000 0.500000
vt 0.125000 0.603899
vt 0.125000 1.000000
vt 0.093750 0.500000
vt 0.093750 0.603899
vt 0.093750 1.000000
vt 0.062500 0.500000
vt 0.062500 0.603899
vt 0.062500 1.000000
vt 0.031250 0.500000
vt 0.031250 0.603899
vt 0.031250 1.000000
vt 0.000000 0.500000
vt 0.000000 0.603899
vt 0.000000 1.000000
vt 0.125000 0.603899
vt 0.093750 0.603899
vt 0.937500 0.603899
vt 0.937500 0.896101
vt 0.906250 0.896101
vt 0.906250 0.603899
vt 0.718750 0.896101
vt 0.750000 0.896101
vt 0.781250 0.896101
vt 0.812500 0.896101
vt 0.843750 0.896101
vt 0.875000 0.896101
vt 0.656250 0.896101
vt 0.656250 0.603899
vt 0.468750 0.896101
vt 0.500000 0.896101
vt 0.531250 0.896101
vt 0.562500 0.896101
vt 0.593750 0.896101
vt 0.625000 0.896101
vt 0.406250 0.896101
vt 0.406250 0.603899
vt 0.218750 0.896101
vt 0.250000 0.896101
vt 0.281250 0.896101
vt 0.312500 0.896101
vt 0.343750 0.896101
vt 0.375000 0.896101
vt 0.062500 0.603899
vt 0.031250 0.603899
vt 0.000000 0.603899
vt 0.296822 0.485388
vt 0.250000 0.490000
vt 0.203178 0.485388
vt 0.158156 0.471731
vt 0.116663 0.449553
vt 0.080294 0.419706
vt 0.050447 0.383337
vt 0.028269 0.341844
vt 0.014612 0.296822
vt 0.010000 0.250000
vt 0.014612 0.203178
vt 0.028269 0.158156
vt 0.050447 0.116663
vt 0.080294 0.080294
vt 0.116663 0.050447
vt 0.158156 0.028269
vt 0.203178 0.014612
vt 0.250000 0.010000
vt 0.296822 0.014612
vt 0.341844 0.028269
vt 0.383337 0.050447
vt 0.419706 0.080294
vt 0.449553 0.116663
vt 0.471731 0.158156
vt 0.485388 0.203178
vt 0.490000 0.250000
vt 0.485388 0.296822
vt 0.471731 0.341844
vt 0.449553 0.383337
vt 0.419706 0.419706
vt 0.383337 0.449553
vt 0.341844 0.471731
vt 0.968750 0.603899
vt 1.000000 0.603899
vt 0.750000 0.490000
vt 0.796822 0.485388
vt 0.841844 0.471731
vt 0.883337 0.449553
vt 0.919706 0.419706
vt 0.949553 0.383337
vt 0.971731 0.341844
vt 0.985388 0.296822
vt 0.990000 0.250000
vt 0.985388 0.203178
vt 0.971731 0.158156
vt 0.949553 0.116663
vt 0.919706 0.080294
vt 0.883337 0.050447
vt 0.841844 0.028269
vt 0.796822 0.014612
vt 0.750000 0.010000
vt 0.703178 0.014612
vt 0.658156 0.028269
vt 0.616663 0.050447
vt 0.580294 0.080294
vt 0.550447 0.116663
vt 0.528269 0.158156
vt 0.514612 0.203178
vt 0.510000 0.250000
vt 0.514612 0.296822
vt 0.528269 0.341844
vt 0.550447 0.383337
vt 0.580294 0.419706
vt 0.616663 0.449553
vt 0.658156 0.471731
vt 0.703178 0.485388
vt 0.968750 0.500000
vt 1.000000 0.500000
vt 1.000000 1.000000
vt 0.968750 1.000000
vt 0.937500 0.500000
vt 0.937500 1.000000
vt 0.906250 0.500000
vt 0.906250 1.000000
vt 0.875000 0.500000
vt 0.875000 1.000000
vt 0.843750 0.500000
vt 0.843750 1.000000
vt 0.812500 0.500000
vt 0.812500 1.000000
vt 0.781250 0.500000
vt 0.781250 1.000000
vt 0.750000 0.500000
vt 0.750000 1.000000
vt 0.718750 0.500000
vt 0.718750 1.000000
vt 0.687500 0.500000
vt 0.687500 1.000000
vt 0.656250 0.500000
vt 0.656250 1.000000
vt 0.625000 0.500000
vt 0.625000 1.000000
vt 0.593750 0.500000
vt 0.593750 1.000000
vt 0.562500 0.500000
vt 0.562500 1.000000
vt 0.531250 0.500000
vt 0.531250 1.000000
vt 0.500000 0.500000
vt 0.500000 1.000000
vt 0.468750 0.500000
vt 0.468750 1.000000
vt 0.437500 0.500000
vt 0.437500 1.000000
vt 0.406250 0.500000
vt 0.406250 1.000000
vt 0.375000 0.500000
vt 0.375000 1.000000
vt 0.343750 0.500000
vt 0.343750 1.000000
vt 0.312500 0.500000
vt 0.312500 1.000000
vt 0.281250 0.500000
vt 0.281250 1.000000
vt 0.250000 0.500000
vt 0.250000 1.000000
vt 0.218750 0.500000
vt 0.218750 1.000000
vt 0.187500 0.500000
vt 0.187500 1.000000
vt 0.156250 0.500000
vt 0.156250 1.000000
vt 0.125000 0.500000
vt 0.125000 1.000000
vt 0.093750 0.500000
vt 0.093750 1.000000
vt 0.062500 0.500000
vt 0.062500 1.000000
vt 0.031250 0.500000
vt 0.031250 1.000000
vt 0.000000 0.500000
vt 0.000000 1.000000
vn 0.0000 0.0000 -1.0000
vn -0.6836 -0.7299 0.0000
vn 0.0000 0.0000 1.0000
vn 0.6088 0.7934 -0.0000
vn -0.7299 0.6836 0.0000
vn 0.7934 -0.6088 0.0000
vn 0.6836 0.7299 -0.0000
vn -0.6088 -0.7934 0.0000
vn 0.7299 -0.6836 0.0000
vn 0.7518 0.6593 -0.0000
vn -0.3523 -0.9359 0.0000
vn -0.3522 -0.9359 0.0000
vn -0.5281 -0.8492 0.0000
vn -0.8128 -0.5825 0.0000
vn -0.9109 -0.4127 0.0000
vn -0.9739 -0.2271 0.0000
vn -0.9995 -0.0327 0.0000
vn -0.9866 0.1629 0.0000
vn -0.9359 0.3523 0.0000
vn -0.9359 0.3522 0.0000
vn -0.8492 0.5281 0.0000
vn -0.5825 0.8128 0.0000
vn -0.4127 0.9109 0.0000
vn -0.2271 0.9739 0.0000
vn -0.0327 0.9995 0.0000
vn 0.1629 0.9866 0.0000
vn 0.3523 0.9359 0.0000
vn 0.3522 0.9359 0.0000
vn 0.5281 0.8492 0.0000
vn 0.8128 0.5825 0.0000
vn 0.9109 0.4127 0.0000
vn 0.9739 0.2271 0.0000
vn 0.9995 0.0327 0.0000
vn 0.9866 -0.1629 0.0000
vn 0.9359 -0.3523 0.0000
vn 0.9359 -0.3522 0.0000
vn 0.8492 -0.5281 0.0000
vn 0.5825 -0.8128 0.0000
vn 0.4127 -0.9109 0.0000
vn 0.2271 -0.9739 0.0000
vn 0.0327 -0.9995 0.0000
vn -0.1629 -0.9866 0.0000
vn -0.6593 0.7518 -0.0000
vn -0.7518 -0.6593 0.0000
vn 0.6593 -0.7518 0.0000
vn -0.7934 0.6088 -0.0000
usemtl Black
s off
f 649/596/516 650/597/516 519/598/516 517/599/516
f 770/600/516 649/601/516 517/602/516 579/603/516
f 520/604/517 522/605/517 523/606/517 521/607/517
f 667/608/518 663/609/518 524/610/518 526/611/518
f 671/612/518 667/608/518 526/611/518 528/613/518
f 675/614/518 671/612/518 528/613/518 530/615/518
f 679/616/518 675/614/518 530/615/518 532/617/518
f 683/618/518 679/616/518 532/617/518 534/619/518
f 687/620/518 683/618/518 534/619/518 536/621/518
f 686/622/519 687/620/519 536/621/519 537/623/519
f 536/621/520 538/624/520 539/625/520 537/623/520
f 699/626/518 695/627/518 540/628/518 542/629/518
f 703/630/518 699/626/518 542/629/518 544/631/518
f 707/632/518 703/630/518 544/631/518 546/633/518
f 711/634/518 707/632/518 546/633/518 548/635/518
f 715/636/518 711/634/518 548/635/518 550/637/518
f 719/638/518 715/636/518 550/637/518 552/639/518
f 718/640/521 719/638/521 552/639/521 553/641/521
f 552/639/522 554/642/522 555/643/522 553/641/522
f 731/644/518 727/645/518 556/646/518 558/647/518
f 735/648/518 731/644/518 558/647/518 560/649/518
f 739/650/518 735/648/518 560/649/518 562/651/518
f 743/652/518 739/650/518 562/651/518 564/653/518
f 747/654/518 743/652/518 564/653/518 566/655/518
f 751/656/518 747/654/518 566/655/518 568/657/518
f 750/658/523 751/656/523 568/657/523 569/659/523
f 568/657/524 570/660/524 571/661/524 569/659/524
f 766/662/516 770/600/516 579/603/516 577/663/516
f 762/664/516 766/662/516 577/663/516 575/665/516
f 758/666/516 762/664/516 575/665/516 573/667/516
f 582/668/516 585/669/516 587/670/516 589/671/516 591/672/516 593/673/516 595/674/516 597/675/516 599/676/516 601/677/516 603/678/516 605/679/516 607/680/516 609/681/516 611/682/516 613/683/516 615/684/516 617/685/516 619/686/516 621/687/516 623/688/516 625/689/516 627/690/516 629/691/516 631/692/516 633/693/516 635/694/516 637/695/516 639/696/516 641/697/516 643/698/516 583/699/516
f 754/700/516 758/666/516 573/667/516 571/661/516
f 755/701/525 754/700/525 571/661/525 570/660/525
f 580/702/518 642/703/518 640/704/518 638/705/518 636/706/518 634/707/518 632/708/518 630/709/518 628/710/518 626/711/518 624/712/518 622/713/518 620/714/518 618/715/518 616/716/518 614/717/518 612/718/518 610/719/518 608/720/518 606/721/518 604/722/518 602/723/518 600/724/518 598/725/518 596/726/518 594/727/518 592/728/518 590/729/518 588/730/518 586/731/518 584/732/518 581/733/518
f 516/734/526 580/735/526 581/736/526 518/737/526
f 519/598/527 582/738/527 583/739/527 517/599/527
f 518/737/528 581/736/528 584/740/528 520/604/528
f 521/607/528 585/741/528 582/738/528 519/598/528
f 520/604/517 584/740/517 586/742/517 522/605/517
f 523/606/517 587/743/517 585/741/517 521/607/517
f 522/605/529 586/742/529 588/744/529 524/610/529
f 525/745/529 589/746/529 587/743/529 523/606/529
f 524/610/530 588/744/530 590/747/530 526/611/530
f 527/748/530 591/749/530 589/746/530 525/745/530
f 526/611/531 590/747/531 592/750/531 528/613/531
f 529/751/531 593/752/531 591/749/531 527/748/531
f 528/613/532 592/750/532 594/753/532 530/615/532
f 531/754/532 595/755/532 593/752/532 529/751/532
f 530/615/533 594/753/533 596/756/533 532/617/533
f 533/757/533 597/758/533 595/755/533 531/754/533
f 532/617/534 596/756/534 598/759/534 534/619/534
f 535/760/535 599/761/535 597/758/535 533/757/535
f 534/619/536 598/759/536 600/762/536 536/621/536
f 537/623/536 601/763/536 599/761/536 535/760/536
f 536/621/520 600/762/520 602/764/520 538/624/520
f 539/625/520 603/765/520 601/763/520 537/623/520
f 538/624/537 602/764/537 604/766/537 540/628/537
f 541/767/537 605/768/537 603/765/537 539/625/537
f 540/628/538 604/766/538 606/769/538 542/629/538
f 543/770/538 607/771/538 605/768/538 541/767/538
f 542/629/539 606/769/539 608/772/539 544/631/539
f 545/773/539 609/774/539 607/771/539 543/770/539
f 544/631/540 608/772/540 610/775/540 546/633/540
f 547/776/540 611/777/540 609/774/540 545/773/540
f 546/633/541 610/775/541 612/778/541 548/635/541
f 549/779/541 613/780/541 611/777/541 547/776/541
f 548/635/542 612/778/542 614/781/542 550/637/542
f 551/782/543 615/783/543 613/780/543 549/779/543
f 550/637/544 614/781/544 616/784/544 552/639/544
f 553/641/544 617/785/544 615/783/544 551/782/544
f 552/639/522 616/784/522 618/786/522 554/642/522
f 555/643/522 619/787/522 617/785/522 553/641/522
f 554/642/545 618/786/545 620/788/545 556/646/545
f 557/789/545 621/790/545 619/787/545 555/643/545
f 556/646/546 620/788/546 622/791/546 558/647/546
f 559/792/546 623/793/546 621/790/546 557/789/546
f 558/647/547 622/791/547 624/794/547 560/649/547
f 561/795/547 625/796/547 623/793/547 559/792/547
f 560/649/548 624/794/548 626/797/548 562/651/548
f 563/798/548 627/799/548 625/796/548 561/795/548
f 562/651/549 626/797/549 628/800/549 564/653/549
f 565/801/549 629/802/549 627/799/549 563/798/549
f 564/653/550 628/800/550 630/803/550 566/655/550
f 567/804/551 631/805/551 629/802/551 565/801/551
f 566/655/552 630/803/552 632/806/552 568/657/552
f 569/659/552 633/807/552 631/805/552 567/804/552
f 568/657/524 632/806/524 634/808/524 570/660/524
f 571/661/524 635/809/524 633/807/524 569/659/524
f 570/660/553 634/808/553 636/810/553 572/811/553
f 573/667/553 637/812/553 635/809/553 571/661/553
f 572/811/554 636/810/554 638/813/554 574/814/554
f 575/665/554 639/815/554 637/812/554 573/667/554
f 574/814/555 638/813/555 640/816/555 576/817/555
f 577/663/555 641/818/555 639/815/555 575/665/555
f 576/817/556 640/816/556 642/819/556 578/820/556
f 579/603/556 643/821/556 641/818/556 577/663/556
f 578/820/557 642/819/557 580/822/557 516/823/557
f 517/602/557 583/824/557 643/821/557 579/603/557
f 759/825/518 755/701/518 570/660/518 572/811/518
f 763/826/518 759/825/518 572/811/518 574/814/518
f 655/827/522 654/828/522 658/829/522 659/830/522
f 682/831/516 686/622/516 537/623/516 535/760/516
f 678/832/516 682/831/516 535/760/516 533/757/516
f 674/833/516 678/832/516 533/757/516 531/754/516
f 670/834/516 674/833/516 531/754/516 529/751/516
f 666/835/516 670/834/516 529/751/516 527/748/516
f 662/836/516 666/835/516 527/748/516 525/745/516
f 658/829/516 662/836/516 525/745/516 523/606/516
f 687/620/524 686/622/524 690/837/524 691/838/524
f 714/839/516 718/640/516 553/641/516 551/782/516
f 710/840/516 714/839/516 551/782/516 549/779/516
f 706/841/516 710/840/516 549/779/516 547/776/516
f 702/842/516 706/841/516 547/776/516 545/773/516
f 698/843/516 702/842/516 545/773/516 543/770/516
f 694/844/516 698/843/516 543/770/516 541/767/516
f 690/837/516 694/844/516 541/767/516 539/625/516
f 719/638/517 718/640/517 722/845/517 723/846/517
f 746/847/516 750/658/516 569/659/516 567/804/516
f 742/848/516 746/847/516 567/804/516 565/801/516
f 738/849/516 742/848/516 565/801/516 563/798/516
f 734/850/516 738/849/516 563/798/516 561/795/516
f 730/851/516 734/850/516 561/795/516 559/792/516
f 726/852/516 730/851/516 559/792/516 557/789/516
f 722/845/516 726/852/516 557/789/516 555/643/516
f 751/656/520 750/658/520 754/700/520 755/701/520
f 767/853/518 763/826/518 574/814/518 576/817/518
f 771/854/518 767/853/518 576/817/518 578/820/518
f 648/855/518 771/854/518 578/820/518 516/823/518
f 646/856/518 647/857/518 769/858/518 765/859/518 761/860/518 757/861/518 753/862/518 749/863/518 745/864/518 741/865/518 737/866/518 733/867/518 729/868/518 725/869/518 721/870/518 717/871/518 713/872/518 709/873/518 705/874/518 701/875/518 697/876/518 693/877/518 689/878/518 685/879/518 681/880/518 677/881/518 673/882/518 669/883/518 665/884/518 661/885/518 657/886/518 653/887/518
f 651/888/518 648/889/518 516/734/518 518/737/518
f 655/827/518 651/888/518 518/737/518 520/604/518
f 644/890/516 645/891/516 652/892/516 656/893/516 660/894/516 664/895/516 668/896/516 672/897/516 676/898/516 680/899/516 684/900/516 688/901/516 692/902/516 696/903/516 700/904/516 704/905/516 708/906/516 712/907/516 716/908/516 720/909/516 724/910/516 728/911/516 732/912/516 736/913/516 740/914/516 744/915/516 748/916/516 752/917/516 756/918/516 760/919/516 764/920/516 768/921/516
f 648/889/542 651/888/542 645/922/542 644/923/542
f 650/597/543 649/596/543 647/924/543 646/925/543
f 651/888/544 655/827/544 652/926/544 645/922/544
f 654/828/544 650/597/544 646/925/544 653/927/544
f 655/827/522 659/830/522 656/928/522 652/926/522
f 658/829/522 654/828/522 653/927/522 657/929/522
f 659/830/545 663/609/545 660/930/545 656/928/545
f 662/836/545 658/829/545 657/929/545 661/931/545
f 663/609/546 667/608/546 664/932/546 660/930/546
f 666/835/546 662/836/546 661/931/546 665/933/546
f 667/608/547 671/612/547 668/934/547 664/932/547
f 670/834/547 666/835/547 665/933/547 669/935/547
f 671/612/548 675/614/548 672/936/548 668/934/548
f 674/833/548 670/834/548 669/935/548 673/937/548
f 675/614/549 679/616/549 676/938/549 672/936/549
f 678/832/549 674/833/549 673/937/549 677/939/549
f 679/616/550 683/618/550 680/940/550 676/938/550
f 682/831/550 678/832/550 677/939/550 681/941/550
f 683/618/552 687/620/552 684/942/552 680/940/552
f 686/622/552 682/831/552 681/941/552 685/943/552
f 687/620/524 691/838/524 688/944/524 684/942/524
f 690/837/524 686/622/524 685/943/524 689/945/524
f 691/838/553 695/627/553 692/946/553 688/944/553
f 694/844/553 690/837/553 689/945/553 693/947/553
f 695/627/554 699/626/554 696/948/554 692/946/554
f 698/843/554 694/844/554 693/947/554 697/949/554
f 699/626/555 703/630/555 700/950/555 696/948/555
f 702/842/555 698/843/555 697/949/555 701/951/555
f 703/630/556 707/632/556 704/952/556 700/950/556
f 706/841/556 702/842/556 701/951/556 705/953/556
f 707/632/557 711/634/557 708/954/557 704/952/557
f 710/840/557 706/841/557 705/953/557 709/955/557
f 711/634/527 715/636/527 712/956/527 708/954/527
f 714/839/526 710/840/526 709/955/526 713/957/526
f 715/636/528 719/638/528 716/958/528 712/956/528
f 718/640/528 714/839/528 713/957/528 717/959/528
f 719/638/517 723/846/517 720/960/517 716/958/517
f 722/845/517 718/640/517 717/959/517 721/961/517
f 723/846/529 727/645/529 724/962/529 720/960/529
f 726/852/529 722/845/529 721/961/529 725/963/529
f 727/645/530 731/644/530 728/964/530 724/962/530
f 730/851/530 726/852/530 725/963/530 729/965/530
f 731/644/531 735/648/531 732/966/531 728/964/531
f 734/850/531 730/851/531 729/965/531 733/967/531
f 735/648/532 739/650/532 736/968/532 732/966/532
f 738/849/532 734/850/532 733/967/532 737/969/532
f 739/650/533 743/652/533 740/970/533 736/968/533
f 742/848/533 738/849/533 737/969/533 741/971/533
f 743/652/534 747/654/534 744/972/534 740/970/534
f 746/847/534 742/848/534 741/971/534 745/973/534
f 747/654/536 751/656/536 748/974/536 744/972/536
f 750/658/536 746/847/536 745/973/536 749/975/536
f 751/656/520 755/701/520 752/976/520 748/974/520
f 754/700/520 750/658/520 749/975/520 753/977/520
f 755/701/537 759/825/537 756/978/537 752/976/537
f 758/666/537 754/700/537 753/977/537 757/979/537
f 759/825/538 763/826/538 760/980/538 756/978/538
f 762/664/538 758/666/538 757/979/538 761/981/538
f 763/826/539 767/853/539 764/982/539 760/980/539
f 766/662/539 762/664/539 761/981/539 765/983/539
f 767/853/540 771/854/540 768/984/540 764/982/540
f 770/600/540 766/662/540 765/983/540 769/985/540
f 771/854/541 648/855/541 644/986/541 768/984/541
f 649/601/541 770/600/541 769/985/541 647/987/541
f 727/645/518 723/846/518 554/642/518 556/646/518
f 723/846/558 722/845/558 555/643/558 554/642/558
f 695/627/518 691/838/518 538/624/518 540/628/518
f 691/838/559 690/837/559 539/625/559 538/624/559
f 663/609/518 659/830/518 522/605/518 524/610/518
f 659/830/560 658/829/560 523/606/560 522/605/560
f 650/597/516 654/828/516 521/607/516 519/598/516
f 654/828/561 655/827/561 520/604/561 521/607/561
o Cylinder.001
v -0.054121 -0.170458 5.007013
v 0.054121 -0.170458 4.961915
v -0.019810 -0.136147 4.992717
v 0.019810 -0.136147 4.976211
v 0.054121 -0.170458 5.023240
v -0.054121 -0.170458 5.068337
v 0.019810 -0.136147 5.037535
v -0.019810 -0.136147 5.054042
v 0.378892 -0.732977 4.826606
v 0.324771 -0.826718 4.849154
v 0.391450 -0.779847 4.821373
v 0.371641 -0.814159 4.829627
v 0.324771 -0.826718 4.910479
v 0.378892 -0.732977 4.887930
v 0.371641 -0.814159 4.890951
v 0.391450 -0.779847 4.882698
v -0.324771 -0.826718 5.119774
v -0.378892 -0.732977 5.142322
v -0.371641 -0.814159 5.139301
v -0.391450 -0.779847 5.147555
v -0.378892 -0.732977 5.203647
v -0.324771 -0.826718 5.181098
v -0.391450 -0.779847 5.208879
v -0.371641 -0.814159 5.200625
vt 0.291671 0.500000
vt 0.291671 1.000000
vt 0.041662 1.000000
vt 0.041662 0.500000
vt 0.625004 0.500000
vt 0.625004 1.000000
vt 0.374996 1.000000
vt 0.374996 0.500000
vt 0.405890 0.130000
vt 0.428388 0.136028
vt 0.437896 0.152498
vt 0.431868 0.174995
vt 0.275978 0.445005
vt 0.259509 0.461474
vt 0.240491 0.461474
vt 0.224022 0.445005
vt 0.068132 0.174995
vt 0.062104 0.152498
vt 0.071612 0.136028
vt 0.094110 0.130000
vt 0.958338 0.500000
vt 0.958338 1.000000
vt 0.708329 1.000000
vt 0.708329 0.500000
vt 0.023622 1.000000
vt 0.023622 0.500000
vt -0.000000 1.000000
vt -0.000000 0.500000
vt 1.000000 0.500000
vt 1.000000 1.000000
vt 0.643045 0.500000
vt 0.643045 1.000000
vt 0.690289 0.500000
vt 0.690289 1.000000
vt 0.309711 0.500000
vt 0.309711 1.000000
vt 0.356955 0.500000
vt 0.356955 1.000000
vt 0.724022 0.445005
vt 0.740491 0.461474
vt 0.759509 0.461474
vt 0.775978 0.445005
vt 0.931868 0.174995
vt 0.937896 0.152498
vt 0.928388 0.136028
vt 0.905890 0.130000
vt 0.594110 0.130000
vt 0.571612 0.136028
vt 0.562104 0.152498
vt 0.568132 0.174995
vn -0.8660 0.5000 0.0000
vn 0.0000 -1.0000 0.0000
vn 0.3846 -0.0000 0.9231
vn 0.8660 0.5000 0.0000
vn -0.7071 0.7071 0.0000
vn 0.0000 1.0000 0.0000
vn 0.7071 0.7071 0.0000
vn 0.2588 -0.9659 0.0000
vn 0.8660 -0.5000 0.0000
vn 0.9659 0.2588 0.0000
vn -0.9659 0.2588 0.0000
vn -0.8660 -0.5000 0.0000
vn -0.2588 -0.9659 0.0000
vn -0.3846 -0.0000 -0.9231
usemtl Black
s off
f 789/988/562 792/989/562 777/990/562 772/991/562
f 781/992/563 784/993/563 793/994/563 788/995/563
f 784/996/564 786/997/564 787/998/564 785/999/564 776/1000/564 778/1001/564 779/1002/564 777/1003/564 792/1004/564 794/1005/564 795/1006/564 793/1007/564
f 773/1008/565 776/1009/565 785/1010/565 780/1011/565
f 772/991/566 777/990/566 779/1012/566 774/1013/566
f 774/1013/567 779/1012/567 778/1014/567 775/1015/567
f 775/1016/568 778/1017/568 776/1009/568 773/1008/568
f 784/993/569 781/992/569 783/1018/569 786/1019/569
f 786/1019/570 783/1018/570 782/1020/570 787/1021/570
f 787/1021/571 782/1020/571 780/1011/571 785/1010/571
f 792/989/572 789/988/572 791/1022/572 794/1023/572
f 794/1023/573 791/1022/573 790/1024/573 795/1025/573
f 795/1025/574 790/1024/574 788/995/574 793/994/574
f 772/1026/575 774/1027/575 775/1028/575 773/1029/575 780/1030/575 782/1031/575 783/1032/575 781/1033/575 788/1034/575 790/1035/575 791/1036/575 789/1037/575
o Cylinder.002
v 0.131359 -0.036678 5.007013
v 0.077238 0.057063 4.961915
v 0.084489 -0.024119 4.992717
v 0.064679 0.010193 4.976211
v 0.077238 0.057063 5.023240
v 0.131359 -0.036678 5.068337
v 0.064679 0.010193 5.037535
v 0.084489 -0.024119 5.054042
v 0.402009 0.619582 4.826606
v 0.510251 0.619582 4.849154
v 0.436320 0.653893 4.821373
v 0.475940 0.653893 4.829627
v 0.510251 0.619582 4.910479
v 0.402009 0.619582 4.887930
v 0.475940 0.653893 4.890951
v 0.436320 0.653893 4.882698
v 0.835021 0.057063 5.119774
v 0.780900 -0.036678 5.142322
v 0.847580 0.010193 5.139301
v 0.827771 -0.024119 5.147554
v 0.780900 -0.036678 5.203647
v 0.835021 0.057063 5.181098
v 0.827771 -0.024119 5.208879
v 0.847580 0.010193 5.200625
vt 0.291671 0.500000
vt 0.291671 1.000000
vt 0.041662 1.000000
vt 0.041662 0.500000
vt 0.625004 0.500000
vt 0.625004 1.000000
vt 0.374996 1.000000
vt 0.374996 0.500000
vt 0.405890 0.130000
vt 0.428388 0.136028
vt 0.437896 0.152498
vt 0.431868 0.174995
vt 0.275978 0.445005
vt 0.259509 0.461474
vt 0.240491 0.461474
vt 0.224022 0.445005
vt 0.068132 0.174995
vt 0.062104 0.152498
vt 0.071612 0.136028
vt 0.094110 0.130000
vt 0.958338 0.500000
vt 0.958338 1.000000
vt 0.708329 1.000000
vt 0.708329 0.500000
vt 0.023622 1.000000
vt 0.023622 0.500000
vt -0.000000 1.000000
vt -0.000000 0.500000
vt 1.000000 0.500000
vt 1.000000 1.000000
vt 0.643045 0.500000
vt 0.643045 1.000000
vt 0.690289 0.500000
vt 0.690289 1.000000
vt 0.309711 0.500000
vt 0.309711 1.000000
vt 0.356955 0.500000
vt 0.356955 1.000000
vt 0.724022 0.445005
vt 0.740491 0.461474
vt 0.759509 0.461474
vt 0.775978 0.445005
vt 0.931868 0.174995
vt 0.937896 0.152498
vt 0.928388 0.136028
vt 0.905890 0.130000
vt 0.594110 0.130000
vt 0.571612 0.136028
vt 0.562104 0.152498
vt 0.568132 0.174995
vn 0.0000 -1.0000 0.0000
vn 0.8660 0.5000 0.0000
vn -0.1923 0.3331 0.9231
vn -0.8660 0.5000 -0.0000
vn -0.2588 -0.9659 0.0000
vn -0.8660 -0.5000 0.0000
vn -0.9659 0.2588 -0.0000
vn 0.7071 0.7071 0.0000
vn 0.0000 1.0000 0.0000
vn -0.7071 0.7071 0.0000
vn 0.2588 -0.9659 0.0000
vn 0.8660 -0.5000 0.0000
vn 0.9659 0.2588 -0.0000
vn 0.1923 -0.3331 -0.9231
usemtl Black
s off
f 813/1038/576 816/1039/576 801/1040/576 796/1041/576
f 805/1042/577 808/1043/577 817/1044/577 812/1045/577
f 808/1046/578 810/1047/578 811/1048/578 809/1049/578 800/1050/578 802/1051/578 803/1052/578 801/1053/578 816/1054/578 818/1055/578 819/1056/578 817/1057/578
f 797/1058/579 800/1059/579 809/1060/579 804/1061/579
f 796/1041/580 801/1040/580 803/1062/580 798/1063/580
f 798/1063/581 803/1062/581 802/1064/581 799/1065/581
f 799/1066/582 802/1067/582 800/1059/582 797/1058/582
f 808/1043/583 805/1042/583 807/1068/583 810/1069/583
f 810/1069/584 807/1068/584 806/1070/584 811/1071/584
f 811/1071/585 806/1070/585 804/1061/585 809/1060/585
f 816/1039/586 813/1038/586 815/1072/586 818/1073/586
f 818/1073/587 815/1072/587 814/1074/587 819/1075/587
f 819/1075/588 814/1074/588 812/1045/588 817/1044/588
f 796/1076/589 798/1077/589 799/1078/589 797/1079/589 804/1080/589 806/1081/589 807/1082/589 805/1083/589 812/1084/589 814/1085/589 815/1086/589 813/1087/589
o Cylinder.003
v -0.077238 0.057063 5.007013
v -0.131359 -0.036678 4.961915
v -0.064679 0.010193 4.992717
v -0.084489 -0.024119 4.976211
v -0.131359 -0.036678 5.023240
v -0.077238 0.057063 5.068337
v -0.084489 -0.024119 5.037535
v -0.064679 0.010193 5.054042
v -0.780900 -0.036678 4.826606
v -0.835021 0.057063 4.849154
v -0.827771 -0.024119 4.821373
v -0.847580 0.010192 4.829627
v -0.835021 0.057063 4.910479
v -0.780900 -0.036678 4.887930
v -0.847580 0.010193 4.890951
v -0.827771 -0.024119 4.882698
v -0.510251 0.619582 5.119774
v -0.402009 0.619582 5.142322
v -0.475940 0.653893 5.139301
v -0.436320 0.653893 5.147555
v -0.402009 0.619582 5.203647
v -0.510251 0.619582 5.181098
v -0.436320 0.653893 5.208879
v -0.475940 0.653893 5.200625
vt 0.291671 0.500000
vt 0.291671 1.000000
vt 0.041662 1.000000
vt 0.041662 0.500000
vt 0.625004 0.500000
vt 0.625004 1.000000
vt 0.374996 1.000000
vt 0.374996 0.500000
vt 0.405890 0.130000
vt 0.428388 0.136028
vt 0.437896 0.152498
vt 0.431868 0.174995
vt 0.275978 0.445005
vt 0.259509 0.461474
vt 0.240491 0.461474
vt 0.224022 0.445005
vt 0.068132 0.174995
vt 0.062104 0.152498
vt 0.071612 0.136028
vt 0.094110 0.130000
vt 0.958338 0.500000
vt 0.958338 1.000000
vt 0.708329 1.000000
vt 0.708329 0.500000
vt 0.023622 1.000000
vt 0.023622 0.500000
vt -0.000000 1.000000
vt -0.000000 0.500000
vt 1.000000 0.500000
vt 1.000000 1.000000
vt 0.643045 0.500000
vt 0.643045 1.000000
vt 0.690289 0.500000
vt 0.690289 1.000000
vt 0.309711 0.500000
vt 0.309711 1.000000
vt 0.356955 0.500000
vt 0.356955 1.000000
vt 0.724022 0.445005
vt 0.740491 0.461474
vt 0.759509 0.461474
vt 0.775978 0.445005
vt 0.931868 0.174995
vt 0.937896 0.152498
vt 0.928388 0.136028
vt 0.905890 0.130000
vt 0.594110 0.130000
vt 0.571612 0.136028
vt 0.562104 0.152498
vt 0.568132 0.174995
vn 0.8660 0.5000 0.0000
vn -0.8660 0.5000 0.0000
vn -0.1923 -0.3331 0.9231
vn 0.0000 -1.0000 0.0000
vn 0.9659 0.2588 -0.0000
vn 0.8660 -0.5000 -0.0000
vn 0.2588 -0.9659 0.0000
vn -0.9659 0.2588 -0.0000
vn -0.8660 -0.5000 0.0000
vn -0.2588 -0.9659 0.0000
vn 0.7071 0.7071 0.0000
vn -0.0000 1.0000 0.0000
vn -0.7071 0.7071 0.0000
vn 0.1923 0.3331 -0.9231
usemtl Black
s off
f 837/1088/590 840/1089/590 825/1090/590 820/1091/590
f 829/1092/591 832/1093/591 841/1094/591 836/1095/591
f 832/1096/592 834/1097/592 835/1098/592 833/1099/592 824/1100/592 826/1101/592 827/1102/592 825/1103/592 840/1104/592 842/1105/592 843/1106/592 841/1107/592
f 821/1108/593 824/1109/593 833/1110/593 828/1111/593
f 820/1091/594 825/1090/594 827/1112/594 822/1113/594
f 822/1113/595 827/1112/595 826/1114/595 823/1115/595
f 823/1116/596 826/1117/596 824/1109/596 821/1108/596
f 832/1093/597 829/1092/597 831/1118/597 834/1119/597
f 834/1119/598 831/1118/598 830/1120/598 835/1121/598
f 835/1121/599 830/1120/599 828/1111/599 833/1110/599
f 840/1089/600 837/1088/600 839/1122/600 842/1123/600
f 842/1123/601 839/1122/601 838/1124/601 843/1125/601
f 843/1125/602 838/1124/602 836/1095/602 841/1094/602
f 820/1126/603 822/1127/603 823/1128/603 821/1129/603 828/1130/603 830/1131/603 831/1132/603 829/1133/603 836/1134/603 838/1135/603 839/1136/603 837/1137/603
o Cube.001_Cube.003
v -1.104943 -0.245202 0.560699
v -1.104943 -0.221058 0.621937
v -1.104943 -0.241315 0.597489
v -1.104943 -0.235563 0.612079
v -1.104943 0.221058 0.621937
v -1.104943 0.245202 0.560699
v -1.104943 0.235563 0.612079
v -1.104943 0.241315 0.597489
v -1.104943 -0.221058 -0.621937
v -1.104943 -0.245202 -0.560699
v -1.104943 -0.235563 -0.612079
v -1.104943 -0.241315 -0.597489
v -1.104943 0.245202 -0.560699
v -1.104943 0.221058 -0.621937
v -1.104943 0.241315 -0.597489
v -1.104943 0.235563 -0.612079
v 1.104943 -0.221058 0.621937
v 1.104943 -0.245202 0.560699
v 1.104943 -0.235563 0.612079
v 1.104943 -0.241315 0.597489
v 1.104943 0.245202 0.560699
v 1.104943 0.221058 0.621937
v 1.104943 0.241315 0.597489
v 1.104943 0.235563 0.612079
v 1.104943 -0.245202 -0.560699
v 1.104943 -0.221058 -0.621937
v 1.104943 -0.241315 -0.597489
v 1.104943 -0.235563 -0.612079
v 1.104943 0.221058 -0.621937
v 1.104943 0.245202 -0.560699
v 1.104943 0.235563 -0.612079
v 1.104943 0.241315 -0.597489
v 1.104943 -0.339219 -0.663779
v 1.104943 -0.350000 -0.577559
v -1.104943 -0.350000 -0.577559
v -1.104943 -0.339219 -0.663779
v 1.104943 -0.309764 -0.726897
v -1.104943 -0.309764 -0.726897
v 1.104943 -0.269527 -0.750000
v -1.104943 -0.269527 -0.750000
v -1.104943 0.339219 -0.663779
v -1.104943 0.350000 -0.577559
v 1.104943 0.350000 -0.577559
v 1.104943 0.339219 -0.663779
v -1.104943 0.309764 -0.726897
v 1.104943 0.309764 -0.726897
v -1.104943 0.269527 -0.750000
v 1.104943 0.269527 -0.750000
v -1.104943 -0.339219 0.663779
v -1.104943 -0.350000 0.577559
v 1.104943 -0.350000 0.577559
v 1.104943 -0.339219 0.663779
v -1.104943 -0.309764 0.726897
v 1.104943 -0.309764 0.726897
v -1.104943 -0.269527 0.750000
v 1.104943 -0.269527 0.750000
v 1.104943 0.339219 0.663779
v 1.104943 0.350000 0.577559
v -1.104943 0.350000 0.577559
v -1.104943 0.339219 0.663779
v 1.104943 0.309764 0.726897
v -1.104943 0.309764 0.726897
v 1.104943 0.269527 0.750000
v -1.104943 0.269527 0.750000
v -1.040763 -0.235785 0.598051
v -1.040763 0.235785 0.598051
v -1.040763 0.235785 -0.598051
v -1.040763 -0.235785 -0.598051
v 1.040763 -0.235785 0.598051
v 1.040763 0.235785 0.598051
v 1.040763 0.235785 -0.598051
v 1.040763 -0.235785 -0.598051
v 1.040763 -0.024878 -0.518272
v 1.040763 -0.150878 -0.248272
v 1.040763 -0.235753 -0.598021
v 1.040763 -0.086722 -0.478210
v 1.040763 -0.099186 -0.530067
v 1.040763 -0.125153 -0.495924
v 1.040763 -0.163551 -0.393077
v 1.040763 -0.132183 -0.380795
v 1.040763 -0.146107 -0.451494
v 1.040763 -0.176326 -0.559316
v 1.040763 -0.194575 -0.520290
v 1.040763 -0.160684 -0.509935
v -1.040763 -0.235753 -0.598021
v -1.040763 -0.150878 -0.248272
v -1.040763 -0.024878 -0.518272
v -1.040763 -0.194575 -0.520290
v -1.040763 -0.176326 -0.559316
v -1.040763 -0.160684 -0.509935
v -1.040763 -0.132183 -0.380795
v -1.040763 -0.163551 -0.393077
v -1.040763 -0.146107 -0.451494
v -1.040763 -0.099186 -0.530067
v -1.040763 -0.086722 -0.478210
v -1.040763 -0.125153 -0.495924
v -1.040763 0.024878 -0.518272
v -1.040763 0.150878 -0.248272
v -1.040763 0.235753 -0.598021
v -1.040763 0.086722 -0.478210
v -1.040763 0.099186 -0.530067
v -1.040763 0.125153 -0.495924
v -1.040763 0.163551 -0.393077
v -1.040763 0.132183 -0.380795
v -1.040763 0.146107 -0.451494
v -1.040763 0.176326 -0.559316
v -1.040763 0.194575 -0.520290
v -1.040763 0.160684 -0.509935
v 1.040763 0.235753 -0.598021
v 1.040763 0.150878 -0.248272
v 1.040763 0.024878 -0.518272
v 1.040763 0.194575 -0.520290
v 1.040763 0.176326 -0.559316
v 1.040763 0.160684 -0.509935
v 1.040763 0.132183 -0.380795
v 1.040763 0.163551 -0.393077
v 1.040763 0.146107 -0.451494
v 1.040763 0.099186 -0.530067
v 1.040763 0.086722 -0.478210
v 1.040763 0.125153 -0.495924
v -1.040763 -0.024878 0.518272
v -1.040763 -0.150878 0.248272
v -1.040763 -0.235753 0.598021
v -1.040763 -0.086722 0.478210
v -1.040763 -0.099186 0.530067
v -1.040763 -0.125153 0.495924
v -1.040763 -0.163551 0.393077
v -1.040763 -0.132183 0.380795
v -1.040763 -0.146107 0.451494
v -1.040763 -0.176326 0.559316
v -1.040763 -0.194575 0.520290
v -1.040763 -0.160684 0.509935
v 1.040763 -0.235753 0.598021
v 1.040763 -0.150878 0.248272
v 1.040763 -0.024878 0.518272
v 1.040763 -0.194575 0.520290
v 1.040763 -0.176326 0.559316
v 1.040763 -0.160684 0.509935
v 1.040763 -0.132183 0.380795
v 1.040763 -0.163551 0.393077
v 1.040763 -0.146107 0.451494
v 1.040763 -0.099186 0.530067
v 1.040763 -0.086722 0.478210
v 1.040763 -0.125153 0.495924
v 1.040763 0.024878 0.518272
v 1.040763 0.150878 0.248272
v 1.040763 0.235753 0.598021
v 1.040763 0.086722 0.478210
v 1.040763 0.099186 0.530067
v 1.040763 0.125153 0.495924
v 1.040763 0.163551 0.393077
v 1.040763 0.132183 0.380795
v 1.040763 0.146107 0.451494
v 1.040763 0.176326 0.559316
v 1.040763 0.194575 0.520290
v 1.040763 0.160684 0.509935
v -1.040763 0.235753 0.598021
v -1.040763 0.150878 0.248272
v -1.040763 0.024878 0.518272
v -1.040763 0.194575 0.520290
v -1.040763 0.176326 0.559316
v -1.040763 0.160684 0.509935
v -1.040763 0.132183 0.380795
v -1.040763 0.163551 0.393077
v -1.040763 0.146107 0.451494
v -1.040763 0.099186 0.530067
v -1.040763 0.086722 0.478210
v -1.040763 0.125153 0.495924
vt 0.403740 0.750000
vt 0.596260 0.750000
vt 0.596260 1.000000
vt 0.403740 1.000000
vt 0.593450 0.728656
vt 0.406550 0.728656
vt 0.406550 0.728656
vt 0.593450 0.728656
vt 0.625000 0.528740
vt 0.875000 0.528740
vt 0.875000 0.721260
vt 0.625000 0.721260
vt 0.397987 0.525419
vt 0.400418 0.522987
vt 0.397987 0.525419
vt 0.403740 0.250000
vt 0.596260 0.250000
vt 0.596260 0.500000
vt 0.403740 0.500000
vt 0.375000 0.528740
vt 0.125000 0.528740
vt 0.125000 0.514370
vt 0.375000 0.514370
vt 0.125000 0.500000
vt 0.375000 0.500000
vt 0.375000 0.250000
vt 0.625000 0.500000
vt 0.875000 0.500000
vt 0.625000 0.250000
vt 0.610630 0.500000
vt 0.610630 0.250000
vt 0.125000 0.721260
vt 0.375000 0.721260
vt 0.375000 0.735630
vt 0.125000 0.735630
vt 0.375000 0.750000
vt 0.125000 0.750000
vt 0.375000 1.000000
vt 0.875000 0.750000
vt 0.625000 0.750000
vt 0.625000 1.000000
vt 0.610630 1.000000
vt 0.610630 0.750000
vt 0.396344 0.531550
vt 0.378850 0.514370
vt 0.396344 0.218450
vt 0.397987 0.224582
vt 0.378850 0.235630
vt 0.375000 0.221260
vt 0.389370 0.503850
vt 0.400418 0.227013
vt 0.389370 0.246150
vt 0.406550 0.521344
vt 0.406550 0.228656
vt 0.602013 0.224582
vt 0.603656 0.218450
vt 0.625000 0.221260
vt 0.621149 0.235630
vt 0.603656 0.531550
vt 0.602013 0.525418
vt 0.621150 0.514370
vt 0.599581 0.227013
vt 0.610630 0.246150
vt 0.599582 0.522987
vt 0.610630 0.503850
vt 0.593450 0.228656
vt 0.593450 0.521344
vt 0.397987 0.025418
vt 0.396344 0.031550
vt 0.375000 0.028740
vt 0.378850 0.014370
vt 0.396344 0.718450
vt 0.397987 0.724581
vt 0.378850 0.735630
vt 0.400418 0.022987
vt 0.389370 0.003850
vt 0.400418 0.727013
vt 0.389370 0.746150
vt 0.406550 0.021344
vt 0.403740 0.000000
vt 0.602013 0.724582
vt 0.603656 0.718450
vt 0.621149 0.735630
vt 0.603656 0.031550
vt 0.602013 0.025418
vt 0.621150 0.014370
vt 0.625000 0.028740
vt 0.599581 0.727013
vt 0.610630 0.746150
vt 0.599582 0.022987
vt 0.610630 0.003850
vt 0.593450 0.021344
vt 0.596260 0.000000
vt 0.406563 0.521356
vt 0.422708 0.542835
vt 0.434428 0.567611
vt 0.438637 0.588886
vt 0.435235 0.654583
vt 0.428851 0.675310
vt 0.414635 0.698743
vt 0.396358 0.718439
vt 0.396344 0.718450
vt 0.406550 0.521344
vt 0.400418 0.022987
vt 0.400418 0.227013
vt 0.603656 0.718450
vt 0.603656 0.531550
vt 0.400418 0.522987
vt 0.593450 0.521344
vt 0.406550 0.228656
vt 0.602013 0.025418
vt 0.603656 0.218450
vt 0.602013 0.724582
vt 0.602013 0.525418
vt 0.599582 0.022987
vt 0.602013 0.224582
vt 0.599581 0.727013
vt 0.599582 0.522987
vt 0.593450 0.021344
vt 0.599581 0.227013
vt 0.396344 0.031550
vt 0.396344 0.218450
vt 0.396344 0.531550
vt 0.406550 0.021344
vt 0.397987 0.724581
vt 0.603656 0.031550
vt 0.397987 0.025418
vt 0.397987 0.224582
vt 0.593450 0.228656
vt 0.400418 0.727013
vt 0.406563 0.021356
vt 0.422708 0.042835
vt 0.434428 0.067611
vt 0.438637 0.088886
vt 0.435235 0.154582
vt 0.428851 0.175310
vt 0.414635 0.198743
vt 0.396358 0.218439
vt 0.421950 0.705179
vt 0.454762 0.695857
vt 0.486051 0.693032
vt 0.506848 0.694109
vt 0.537677 0.700150
vt 0.569351 0.712812
vt 0.593437 0.728644
vt 0.603642 0.031561
vt 0.578050 0.044821
vt 0.545238 0.054143
vt 0.513949 0.056968
vt 0.493152 0.055891
vt 0.462323 0.049850
vt 0.430649 0.037188
vt 0.421950 0.205179
vt 0.454762 0.195857
vt 0.486051 0.193032
vt 0.506848 0.194109
vt 0.537677 0.200150
vt 0.569351 0.212812
vt 0.593437 0.228644
vt 0.577292 0.207165
vt 0.565572 0.182389
vt 0.561363 0.161114
vt 0.564765 0.095418
vt 0.571149 0.074690
vt 0.585365 0.051257
vt 0.577292 0.707165
vt 0.565572 0.682389
vt 0.561363 0.661114
vt 0.564765 0.595417
vt 0.571149 0.574690
vt 0.585365 0.551257
vt 0.603642 0.531561
vt 0.493152 0.555891
vt 0.467028 0.559853
vt 0.451239 0.553720
vt 0.462323 0.549850
vt 0.447359 0.571758
vt 0.440029 0.561999
vt 0.437772 0.550618
vt 0.430649 0.537188
vt 0.450805 0.562119
vt 0.442023 0.562102
vt 0.436432 0.552104
vt 0.430422 0.192557
vt 0.433843 0.181470
vt 0.442142 0.172521
vt 0.460476 0.186393
vt 0.444138 0.190862
vt 0.429449 0.186960
vt 0.435875 0.180832
vt 0.444291 0.187905
vt 0.532972 0.190147
vt 0.548761 0.196279
vt 0.552641 0.178242
vt 0.559971 0.188001
vt 0.562228 0.199382
vt 0.549196 0.187881
vt 0.557977 0.187898
vt 0.563568 0.197896
vt 0.569578 0.557443
vt 0.578050 0.544821
vt 0.566157 0.568530
vt 0.557858 0.577479
vt 0.539524 0.563607
vt 0.555862 0.559138
vt 0.513949 0.556968
vt 0.545238 0.554143
vt 0.570551 0.563040
vt 0.564124 0.569168
vt 0.555709 0.562095
vt 0.467028 0.059853
vt 0.451239 0.053721
vt 0.447359 0.071758
vt 0.440029 0.061999
vt 0.437772 0.050618
vt 0.450805 0.062119
vt 0.442023 0.062102
vt 0.436432 0.052104
vt 0.430422 0.692557
vt 0.433843 0.681470
vt 0.442142 0.672521
vt 0.460476 0.686393
vt 0.444138 0.690862
vt 0.429449 0.686960
vt 0.435875 0.680832
vt 0.444291 0.687905
vt 0.532972 0.690147
vt 0.548761 0.696279
vt 0.552641 0.678242
vt 0.559971 0.688001
vt 0.562228 0.699382
vt 0.549196 0.687881
vt 0.557977 0.687898
vt 0.563568 0.697896
vt 0.569578 0.057443
vt 0.566157 0.068530
vt 0.557858 0.077479
vt 0.539524 0.063607
vt 0.555862 0.059138
vt 0.570551 0.063040
vt 0.564124 0.069168
vt 0.555709 0.062095
vn 0.0000 0.0000 1.0000
vn 0.3488 0.0000 -0.9372
vn 0.0000 1.0000 0.0000
vn 0.0767 0.9276 0.3657
vn 0.0000 0.0000 -1.0000
vn 0.0000 -0.9923 -0.1241
vn 0.0000 -0.9062 -0.4229
vn 0.0000 -0.4979 -0.8672
vn 0.0000 0.9923 -0.1241
vn 0.0000 0.9062 -0.4229
vn 0.0000 0.4979 -0.8672
vn 0.0000 -0.9923 0.1241
vn 0.0000 -0.9062 0.4229
vn 0.0000 -0.4979 0.8672
vn 0.0000 0.9923 0.1241
vn 0.0000 0.9062 0.4229
vn 0.0000 0.4979 0.8672
vn 0.0000 -1.0000 0.0000
vn 1.0000 0.0000 0.0000
vn -1.0000 0.0000 0.0000
vn -0.1760 0.5533 -0.8142
vn -0.0767 0.9276 0.3657
vn 0.1452 -0.9894 0.0000
vn 0.1760 0.5533 -0.8142
vn 0.1760 0.5533 0.8142
vn 0.3488 0.0000 0.9372
vn 0.0845 -0.9909 -0.1047
vn -0.1760 0.5533 0.8142
vn -0.0845 -0.9909 -0.1047
vn -0.0845 -0.9909 0.1047
vn 0.0767 -0.9276 -0.3657
vn 0.0845 -0.9909 0.1047
vn -0.0767 -0.9276 -0.3657
vn -0.0767 -0.9276 0.3657
vn 0.1760 -0.5533 -0.8142
vn 0.0767 -0.9276 0.3657
vn -0.1760 -0.5533 -0.8142
vn -0.1760 -0.5533 0.8142
vn -0.1452 0.9894 0.0000
vn 0.1760 -0.5533 0.8142
vn 0.1452 0.9894 0.0000
vn -0.0845 0.9909 -0.1047
vn -0.3488 0.0000 -0.9372
vn 0.0845 0.9909 -0.1047
vn 0.0845 0.9909 0.1047
vn -0.1452 -0.9894 0.0000
vn -0.0767 0.9276 -0.3657
vn -0.0845 0.9909 0.1047
vn -0.3488 0.0000 0.9372
vn 0.0767 0.9276 -0.3657
usemtl Black
s off
f 899/1138/604 906/1139/604 907/1140/604 898/1141/604
f 865/1142/605 860/1143/605 912/1144/605 913/1145/605
f 886/1146/606 885/1147/606 902/1148/606 901/1149/606
f 870/1150/607 871/1151/607 915/1152/607
f 883/1153/608 890/1154/608 891/1155/608 882/1156/608
f 877/1157/609 878/1158/609 879/1159/609 876/1160/609
f 876/1160/610 879/1159/610 881/1161/610 880/1162/610
f 880/1162/611 881/1163/611 883/1153/611 882/1156/611
f 885/1147/612 886/1146/612 887/1164/612 884/1165/612
f 884/1166/613 887/1164/613 889/1167/613 888/1168/613
f 888/1168/614 889/1167/614 891/1155/614 890/1154/614
f 893/1169/615 894/1170/615 895/1171/615 892/1172/615
f 892/1172/616 895/1171/616 897/1173/616 896/1174/616
f 896/1175/617 897/1173/617 899/1138/617 898/1141/617
f 901/1149/618 902/1148/618 903/1176/618 900/1177/618
f 900/1177/619 903/1178/619 905/1179/619 904/1180/619
f 904/1180/620 905/1179/620 907/1140/620 906/1139/620
f 878/1158/621 877/1157/621 894/1170/621 893/1169/621
f 870/1150/622 868/1181/622 877/1157/622 876/1182/622
f 853/1183/623 855/1184/623 879/1185/623 878/1186/623
f 871/1151/622 870/1150/622 876/1182/622 880/1187/622
f 855/1184/623 854/1188/623 881/1189/623 879/1185/623
f 869/1190/622 871/1151/622 880/1187/622 882/1156/622
f 854/1188/623 852/1191/623 883/1153/623 881/1189/623
f 858/1192/623 856/1193/623 885/1194/623 884/1195/623
f 873/1196/622 875/1197/622 887/1198/622 886/1146/622
f 859/1199/623 858/1192/623 884/1195/623 888/1200/623
f 875/1197/622 874/1201/622 889/1202/622 887/1198/622
f 857/1203/623 859/1199/623 888/1200/623 890/1154/623
f 874/1201/622 872/1204/622 891/1155/622 889/1202/622
f 846/1205/623 844/1206/623 893/1207/623 892/1208/623
f 861/1209/622 863/1210/622 895/1211/622 894/1170/622
f 847/1212/623 846/1205/623 892/1208/623 896/1213/623
f 863/1210/622 862/1214/622 897/1215/622 895/1211/622
f 845/1216/623 847/1212/623 896/1213/623 898/1217/623
f 862/1214/622 860/1143/622 899/1138/622 897/1215/622
f 866/1218/622 864/1219/622 901/1149/622 900/1220/622
f 849/1221/623 851/1222/623 903/1223/623 902/1224/623
f 867/1225/622 866/1218/622 900/1220/622 904/1226/622
f 851/1222/623 850/1227/623 905/1228/623 903/1223/623
f 865/1142/622 867/1225/622 904/1226/622 906/1139/622
f 850/1227/623 848/1229/623 907/1230/623 905/1228/623
f 844/1206/623 853/1183/623 878/1186/623 893/1207/623
f 868/1181/622 861/1209/622 894/1170/622 877/1157/622
f 848/1229/623 845/1216/623 898/1217/623 907/1230/623
f 856/1193/623 849/1221/623 902/1224/623 885/1194/623
f 852/1191/623 857/1203/623 890/1154/623 883/1153/623
f 860/1143/622 865/1142/622 906/1139/622 899/1138/622
f 864/1219/622 873/1196/622 886/1146/622 901/1149/622
f 872/1204/622 869/1190/622 882/1156/622 891/1155/622
f 918/1231/622 926/1232/622 922/1233/622 917/1234/622 977/1235/622 983/1236/622 979/1237/622 976/1238/622 912/1239/622 915/1240/622
f 847/1212/624 845/1216/624 908/1241/624
f 854/1188/625 855/1184/625 911/1242/625
f 873/1196/626 864/1219/626 913/1243/626 914/1244/626
f 860/1143/627 862/1214/627 912/1144/627
f 871/1151/628 869/1190/628 915/1245/628
f 869/1190/629 872/1204/629 914/1246/629 915/1240/629
f 864/1219/630 866/1218/630 913/1243/630
f 852/1191/631 854/1188/631 911/1247/631
f 851/1222/632 849/1221/632 909/1248/632
f 856/1193/633 858/1192/633 910/1249/633
f 866/1218/634 867/1225/634 913/1250/634
f 875/1197/635 873/1196/635 914/1251/635
f 850/1227/636 851/1222/636 909/1252/636
f 858/1192/637 859/1199/637 910/1253/637
f 867/1225/638 865/1142/638 913/1254/638
f 874/1201/639 875/1197/639 914/1255/639
f 848/1229/640 850/1227/640 909/1256/640
f 859/1199/641 857/1203/641 910/1257/641
f 853/1183/642 844/1206/642 908/1258/642 911/1259/642
f 872/1204/643 874/1201/643 914/1246/643
f 861/1209/644 868/1181/644 915/1260/644 912/1239/644
f 844/1206/645 846/1205/645 908/1258/645
f 845/1216/646 848/1229/646 909/1256/646 908/1261/646
f 863/1210/647 861/1209/647 912/1262/647
f 868/1181/648 870/1150/648 915/1260/648
f 849/1221/649 856/1193/649 910/1249/649 909/1263/649
f 846/1205/650 847/1212/650 908/1264/650
f 855/1184/651 853/1183/651 911/1265/651
f 857/1203/652 852/1191/652 911/1247/652 910/1266/652
f 862/1214/653 863/1210/653 912/1267/653
f 966/1268/623 974/1269/623 970/1270/623 965/1271/623 929/1272/623 935/1273/623 931/1274/623 928/1275/623 911/1259/623 908/1261/623
f 976/1238/622 980/1276/622 985/1277/622 978/1278/622 988/1279/622 992/1280/622 997/1281/622 990/1282/622 913/1145/622 912/1239/622
f 1000/1283/623 1004/1284/623 1009/1285/623 1002/1286/623 964/1287/623 968/1288/623 973/1289/623 966/1268/623 908/1261/623 909/1263/623
f 928/1275/623 932/1290/623 937/1291/623 930/1292/623 940/1293/623 944/1294/623 949/1295/623 942/1296/623 910/1266/623 911/1259/623
f 942/1296/623 950/1297/623 946/1298/623 941/1299/623 1001/1300/623 1007/1301/623 1003/1302/623 1000/1283/623 909/1263/623 910/1266/623
f 990/1282/622 998/1303/622 994/1304/622 989/1305/622 953/1306/622 959/1307/622 955/1308/622 952/1309/622 914/1244/622 913/1145/622
f 916/1310/622 919/1311/622 921/1312/622 920/1313/622
f 919/1311/622 923/1314/622 924/1315/622 921/1312/622
f 917/1234/622 922/1233/622 924/1315/622 923/1314/622
f 922/1233/622 926/1232/622 927/1316/622 924/1315/622
f 918/1231/622 925/1317/622 927/1316/622 926/1232/622
f 925/1317/622 920/1313/622 921/1312/622 927/1316/622
f 921/1318/622 924/1319/622 927/1320/622
f 928/1275/623 931/1274/623 933/1321/623 932/1290/623
f 931/1274/623 935/1273/623 936/1322/623 933/1321/623
f 929/1272/623 934/1323/623 936/1322/623 935/1273/623
f 934/1323/623 938/1324/623 939/1325/623 936/1322/623
f 930/1292/623 937/1291/623 939/1325/623 938/1324/623
f 937/1291/623 932/1290/623 933/1321/623 939/1325/623
f 933/1326/623 936/1327/623 939/1328/623
f 940/1293/623 943/1329/623 945/1330/623 944/1294/623
f 943/1329/623 947/1331/623 948/1332/623 945/1330/623
f 941/1299/623 946/1298/623 948/1332/623 947/1331/623
f 946/1298/623 950/1297/623 951/1333/623 948/1332/623
f 942/1296/623 949/1295/623 951/1333/623 950/1297/623
f 949/1295/623 944/1294/623 945/1330/623 951/1333/623
f 945/1334/623 948/1335/623 951/1336/623
f 952/1309/622 955/1308/622 957/1337/622 956/1338/622
f 955/1308/622 959/1307/622 960/1339/622 957/1337/622
f 953/1306/622 958/1340/622 960/1339/622 959/1307/622
f 958/1340/622 962/1341/622 963/1342/622 960/1339/622
f 954/1343/622 961/1344/622 963/1342/622 962/1341/622
f 961/1344/622 956/1338/622 957/1337/622 963/1342/622
f 957/1345/622 960/1346/622 963/1347/622
f 964/1287/623 967/1348/623 969/1349/623 968/1288/623
f 967/1348/623 971/1350/623 972/1351/623 969/1349/623
f 965/1271/623 970/1270/623 972/1351/623 971/1350/623
f 970/1270/623 974/1269/623 975/1352/623 972/1351/623
f 966/1268/623 973/1289/623 975/1352/623 974/1269/623
f 973/1289/623 968/1288/623 969/1349/623 975/1352/623
f 969/1353/623 972/1354/623 975/1355/623
f 976/1238/622 979/1237/622 981/1356/622 980/1276/622
f 979/1237/622 983/1236/622 984/1357/622 981/1356/622
f 977/1235/622 982/1358/622 984/1357/622 983/1236/622
f 982/1358/622 986/1359/622 987/1360/622 984/1357/622
f 978/1278/622 985/1277/622 987/1360/622 986/1359/622
f 985/1277/622 980/1276/622 981/1356/622 987/1360/622
f 981/1361/622 984/1362/622 987/1363/622
f 988/1279/622 991/1364/622 993/1365/622 992/1280/622
f 991/1364/622 995/1366/622 996/1367/622 993/1365/622
f 989/1305/622 994/1304/622 996/1367/622 995/1366/622
f 994/1304/622 998/1303/622 999/1368/622 996/1367/622
f 990/1282/622 997/1281/622 999/1368/622 998/1303/622
f 997/1281/622 992/1280/622 993/1365/622 999/1368/622
f 993/1369/622 996/1370/622 999/1371/622
f 1000/1283/623 1003/1302/623 1005/1372/623 1004/1284/623
f 1003/1302/623 1007/1301/623 1008/1373/623 1005/1372/623
f 1001/1300/623 1006/1374/623 1008/1373/623 1007/1301/623
f 1006/1374/623 1010/1375/623 1011/1376/623 1008/1373/623
f 1002/1286/623 1009/1285/623 1011/1376/623 1010/1375/623
f 1009/1285/623 1004/1284/623 1005/1372/623 1011/1376/623
f 1005/1377/623 1008/1378/623 1011/1379/623
f 952/1309/622 956/1338/622 961/1344/622 954/1343/622 916/1310/622 920/1313/622 925/1317/622 918/1231/622 915/1240/622 914/1244/622
usemtl Light
f 965/1271/623 971/1350/623 967/1348/623 964/1287/623 1002/1286/623 1010/1375/623 1006/1374/623 1001/1300/623 941/1299/623 947/1331/623 943/1329/623 940/1293/623 930/1292/623 938/1324/623 934/1323/623 929/1272/623
f 917/1234/622 923/1314/622 919/1311/622 916/1310/622 954/1343/622 962/1341/622 958/1340/622 953/1306/622 989/1305/622 995/1366/622 991/1364/622 988/1279/622 978/1278/622 986/1359/622 982/1358/622 977/1235/622
o Cube.002_Cube.006
v -1.104943 -0.245202 -1.192631
v -1.104943 -0.221058 -1.131392
v -1.104943 -0.241315 -1.155840
v -1.104943 -0.235563 -1.141250
v -1.104943 0.221058 -1.131392
v -1.104943 0.245202 -1.192631
v -1.104943 0.235563 -1.141250
v -1.104943 0.241315 -1.155840
v -1.104943 -0.221058 -2.375267
v -1.104943 -0.245202 -2.314029
v -1.104943 -0.235563 -2.365409
v -1.104943 -0.241315 -2.350819
v -1.104943 0.245202 -2.314029
v -1.104943 0.221058 -2.375267
v -1.104943 0.241315 -2.350819
v -1.104943 0.235563 -2.365409
v 1.104943 -0.221058 -1.131392
v 1.104943 -0.245202 -1.192631
v 1.104943 -0.235563 -1.141250
v 1.104943 -0.241315 -1.155840
v 1.104943 0.245202 -1.192631
v 1.104943 0.221058 -1.131392
v 1.104943 0.241315 -1.155840
v 1.104943 0.235563 -1.141250
v 1.104943 -0.245202 -2.314029
v 1.104943 -0.221058 -2.375267
v 1.104943 -0.241315 -2.350819
v 1.104943 -0.235563 -2.365409
v 1.104943 0.221058 -2.375267
v 1.104943 0.245202 -2.314029
v 1.104943 0.235563 -2.365409
v 1.104943 0.241315 -2.350819
v 1.104943 -0.339219 -2.417109
v 1.104943 -0.350000 -2.330889
v -1.104943 -0.350000 -2.330889
v -1.104943 -0.339219 -2.417109
v 1.104943 -0.309764 -2.480227
v -1.104943 -0.309764 -2.480227
v 1.104943 -0.269527 -2.503330
v -1.104943 -0.269527 -2.503330
v -1.104943 0.339219 -2.417109
v -1.104943 0.350000 -2.330889
v 1.104943 0.350000 -2.330889
v 1.104943 0.339219 -2.417109
v -1.104943 0.309764 -2.480227
v 1.104943 0.309764 -2.480227
v -1.104943 0.269527 -2.503330
v 1.104943 0.269527 -2.503330
v -1.104943 -0.339219 -1.089550
v -1.104943 -0.350000 -1.175771
v 1.104943 -0.350000 -1.175771
v 1.104943 -0.339219 -1.089550
v -1.104943 -0.309764 -1.026432
v 1.104943 -0.309764 -1.026432
v -1.104943 -0.269527 -1.003330
v 1.104943 -0.269527 -1.003330
v 1.104943 0.339219 -1.089550
v 1.104943 0.350000 -1.175771
v -1.104943 0.350000 -1.175771
v -1.104943 0.339219 -1.089550
v 1.104943 0.309764 -1.026432
v -1.104943 0.309764 -1.026432
v 1.104943 0.269527 -1.003330
v -1.104943 0.269527 -1.003330
v -1.040763 -0.235785 -1.155278
v -1.040763 0.235785 -1.155278
v -1.040763 0.235785 -2.351381
v -1.040763 -0.235785 -2.351381
v 1.040763 -0.235785 -1.155278
v 1.040763 0.235785 -1.155278
v 1.040763 0.235785 -2.351381
v 1.040763 -0.235785 -2.351381
v 1.040763 -0.024878 -2.271602
v 1.040763 -0.150878 -2.001602
v 1.040763 -0.235753 -2.351351
v 1.040763 -0.086722 -2.231540
v 1.040763 -0.099186 -2.283397
v 1.040763 -0.125153 -2.249254
v 1.040763 -0.163551 -2.146406
v 1.040763 -0.132183 -2.134125
v 1.040763 -0.146107 -2.204823
v 1.040763 -0.176326 -2.312645
v 1.040763 -0.194575 -2.273620
v 1.040763 -0.160684 -2.263264
v -1.040763 -0.235753 -2.351351
v -1.040763 -0.150878 -2.001602
v -1.040763 -0.024878 -2.271602
v -1.040763 -0.194575 -2.273620
v -1.040763 -0.176326 -2.312645
v -1.040763 -0.160684 -2.263264
v -1.040763 -0.132183 -2.134125
v -1.040763 -0.163551 -2.146406
v -1.040763 -0.146107 -2.204824
v -1.040763 -0.099186 -2.283397
v -1.040763 -0.086722 -2.231540
v -1.040763 -0.125153 -2.249254
v -1.040763 0.024878 -2.271602
v -1.040763 0.150878 -2.001602
v -1.040763 0.235753 -2.351351
v -1.040763 0.086722 -2.231540
v -1.040763 0.099186 -2.283397
v -1.040763 0.125153 -2.249254
v -1.040763 0.163551 -2.146406
v -1.040763 0.132183 -2.134125
v -1.040763 0.146107 -2.204823
v -1.040763 0.176326 -2.312645
v -1.040763 0.194575 -2.273620
v -1.040763 0.160684 -2.263264
v 1.040763 0.235753 -2.351351
v 1.040763 0.150878 -2.001602
v 1.040763 0.024878 -2.271602
v 1.040763 0.194575 -2.273620
v 1.040763 0.176326 -2.312645
v 1.040763 0.160684 -2.263264
v 1.040763 0.132183 -2.134125
v 1.040763 0.163551 -2.146406
v 1.040763 0.146107 -2.204824
v 1.040763 0.099186 -2.283397
v 1.040763 0.086722 -2.231540
v 1.040763 0.125153 -2.249254
v -1.040763 -0.024878 -1.235057
v -1.040763 -0.150878 -1.505057
v -1.040763 -0.235753 -1.155308
v -1.040763 -0.086722 -1.275120
v -1.040763 -0.099186 -1.223262
v -1.040763 -0.125153 -1.257405
v -1.040763 -0.163551 -1.360253
v -1.040763 -0.132183 -1.372535
v -1.040763 -0.146107 -1.301836
v -1.040763 -0.176326 -1.194014
v -1.040763 -0.194575 -1.233039
v -1.040763 -0.160684 -1.243395
v 1.040763 -0.235753 -1.155308
v 1.040763 -0.150878 -1.505057
v 1.040763 -0.024878 -1.235057
v 1.040763 -0.194575 -1.233039
v 1.040763 -0.176326 -1.194014
v 1.040763 -0.160684 -1.243395
v 1.040763 -0.132183 -1.372535
v 1.040763 -0.163551 -1.360253
v 1.040763 -0.146107 -1.301836
v 1.040763 -0.099186 -1.223262
v 1.040763 -0.086722 -1.275120
v 1.040763 -0.125153 -1.257405
v 1.040763 0.024878 -1.235057
v 1.040763 0.150878 -1.505057
v 1.040763 0.235753 -1.155308
v 1.040763 0.086722 -1.275120
v 1.040763 0.099186 -1.223262
v 1.040763 0.125153 -1.257405
v 1.040763 0.163551 -1.360253
v 1.040763 0.132183 -1.372535
v 1.040763 0.146107 -1.301836
v 1.040763 0.176326 -1.194014
v 1.040763 0.194575 -1.233039
v 1.040763 0.160684 -1.243395
v -1.040763 0.235753 -1.155308
v -1.040763 0.150878 -1.505057
v -1.040763 0.024878 -1.235057
v -1.040763 0.194575 -1.233039
v -1.040763 0.176326 -1.194014
v -1.040763 0.160684 -1.243395
v -1.040763 0.132183 -1.372535
v -1.040763 0.163551 -1.360253
v -1.040763 0.146107 -1.301836
v -1.040763 0.099186 -1.223262
v -1.040763 0.086722 -1.275120
v -1.040763 0.125153 -1.257405
vt 0.403740 0.750000
vt 0.596260 0.750000
vt 0.596260 1.000000
vt 0.403740 1.000000
vt 0.593450 0.728656
vt 0.406550 0.728656
vt 0.406550 0.728656
vt 0.593450 0.728656
vt 0.625000 0.528740
vt 0.875000 0.528740
vt 0.875000 0.721260
vt 0.625000 0.721260
vt 0.397987 0.525419
vt 0.400418 0.522987
vt 0.397987 0.525419
vt 0.403740 0.250000
vt 0.596260 0.250000
vt 0.596260 0.500000
vt 0.403740 0.500000
vt 0.375000 0.528740
vt 0.125000 0.528740
vt 0.125000 0.514370
vt 0.375000 0.514370
vt 0.125000 0.500000
vt 0.375000 0.500000
vt 0.375000 0.250000
vt 0.625000 0.500000
vt 0.875000 0.500000
vt 0.625000 0.250000
vt 0.610630 0.500000
vt 0.610630 0.250000
vt 0.125000 0.721260
vt 0.375000 0.721260
vt 0.375000 0.735630
vt 0.125000 0.735630
vt 0.375000 0.750000
vt 0.125000 0.750000
vt 0.375000 1.000000
vt 0.875000 0.750000
vt 0.625000 0.750000
vt 0.625000 1.000000
vt 0.610630 1.000000
vt 0.610630 0.750000
vt 0.396344 0.531550
vt 0.378850 0.514370
vt 0.396344 0.218450
vt 0.397987 0.224582
vt 0.378850 0.235630
vt 0.375000 0.221260
vt 0.389370 0.503850
vt 0.400418 0.227013
vt 0.389370 0.246150
vt 0.406550 0.521344
vt 0.406550 0.228656
vt 0.602013 0.224582
vt 0.603656 0.218450
vt 0.625000 0.221260
vt 0.621149 0.235630
vt 0.603656 0.531550
vt 0.602013 0.525418
vt 0.621150 0.514370
vt 0.599581 0.227013
vt 0.610630 0.246150
vt 0.599582 0.522987
vt 0.610630 0.503850
vt 0.593450 0.228656
vt 0.593450 0.521344
vt 0.397987 0.025418
vt 0.396344 0.031550
vt 0.375000 0.028740
vt 0.378850 0.014370
vt 0.396344 0.718450
vt 0.397987 0.724581
vt 0.378850 0.735630
vt 0.400418 0.022987
vt 0.389370 0.003850
vt 0.400418 0.727013
vt 0.389370 0.746150
vt 0.406550 0.021344
vt 0.403740 0.000000
vt 0.602013 0.724582
vt 0.603656 0.718450
vt 0.621149 0.735630
vt 0.603656 0.031550
vt 0.602013 0.025418
vt 0.621150 0.014370
vt 0.625000 0.028740
vt 0.599581 0.727013
vt 0.610630 0.746150
vt 0.599582 0.022987
vt 0.610630 0.003850
vt 0.593450 0.021344
vt 0.596260 0.000000
vt 0.406563 0.521356
vt 0.422708 0.542835
vt 0.434428 0.567611
vt 0.438637 0.588886
vt 0.435235 0.654583
vt 0.428851 0.675310
vt 0.414635 0.698743
vt 0.396358 0.718439
vt 0.396344 0.718450
vt 0.406550 0.521344
vt 0.400418 0.022987
vt 0.400418 0.227013
vt 0.603656 0.718450
vt 0.603656 0.531550
vt 0.400418 0.522987
vt 0.593450 0.521344
vt 0.406550 0.228656
vt 0.602013 0.025418
vt 0.603656 0.218450
vt 0.602013 0.724582
vt 0.602013 0.525418
vt 0.599582 0.022987
vt 0.602013 0.224582
vt 0.599581 0.727013
vt 0.599582 0.522987
vt 0.593450 0.021344
vt 0.599581 0.227013
vt 0.396344 0.031550
vt 0.396344 0.218450
vt 0.396344 0.531550
vt 0.406550 0.021344
vt 0.397987 0.724581
vt 0.603656 0.031550
vt 0.397987 0.025418
vt 0.397987 0.224582
vt 0.593450 0.228656
vt 0.400418 0.727013
vt 0.406563 0.021356
vt 0.422708 0.042835
vt 0.434428 0.067611
vt 0.438637 0.088886
vt 0.435235 0.154582
vt 0.428851 0.175310
vt 0.414635 0.198743
vt 0.396358 0.218439
vt 0.421950 0.705179
vt 0.454762 0.695857
vt 0.486051 0.693032
vt 0.506848 0.694109
vt 0.537677 0.700150
vt 0.569351 0.712812
vt 0.593437 0.728644
vt 0.603642 0.031561
vt 0.578050 0.044821
vt 0.545238 0.054143
vt 0.513949 0.056968
vt 0.493152 0.055891
vt 0.462323 0.049850
vt 0.430649 0.037188
vt 0.421950 0.205179
vt 0.454762 0.195857
vt 0.486051 0.193032
vt 0.506848 0.194109
vt 0.537677 0.200150
vt 0.569351 0.212812
vt 0.593437 0.228644
vt 0.577292 0.207165
vt 0.565572 0.182389
vt 0.561363 0.161114
vt 0.564765 0.095418
vt 0.571149 0.074690
vt 0.585365 0.051257
vt 0.577292 0.707165
vt 0.565572 0.682389
vt 0.561363 0.661114
vt 0.564765 0.595417
vt 0.571149 0.574690
vt 0.585365 0.551257
vt 0.603642 0.531561
vt 0.493152 0.555891
vt 0.467028 0.559853
vt 0.451239 0.553720
vt 0.462323 0.549850
vt 0.447359 0.571758
vt 0.440029 0.561999
vt 0.437772 0.550618
vt 0.430649 0.537188
vt 0.450805 0.562119
vt 0.442023 0.562102
vt 0.436432 0.552104
vt 0.430422 0.192557
vt 0.433843 0.181470
vt 0.442142 0.172521
vt 0.460476 0.186393
vt 0.444138 0.190862
vt 0.429449 0.186960
vt 0.435875 0.180832
vt 0.444291 0.187905
vt 0.532972 0.190147
vt 0.548761 0.196279
vt 0.552641 0.178242
vt 0.559971 0.188001
vt 0.562228 0.199382
vt 0.549196 0.187881
vt 0.557977 0.187898
vt 0.563568 0.197896
vt 0.569578 0.557443
vt 0.578050 0.544821
vt 0.566157 0.568530
vt 0.557858 0.577479
vt 0.539524 0.563607
vt 0.555862 0.559138
vt 0.513949 0.556968
vt 0.545238 0.554143
vt 0.570551 0.563040
vt 0.564124 0.569168
vt 0.555709 0.562095
vt 0.467028 0.059853
vt 0.451239 0.053721
vt 0.447359 0.071758
vt 0.440029 0.061999
vt 0.437772 0.050618
vt 0.450805 0.062119
vt 0.442023 0.062102
vt 0.436432 0.052104
vt 0.430422 0.692557
vt 0.433843 0.681470
vt 0.442142 0.672521
vt 0.460476 0.686393
vt 0.444138 0.690862
vt 0.429449 0.686960
vt 0.435875 0.680832
vt 0.444291 0.687905
vt 0.532972 0.690147
vt 0.548761 0.696279
vt 0.552641 0.678242
vt 0.559971 0.688001
vt 0.562228 0.699382
vt 0.549196 0.687881
vt 0.557977 0.687898
vt 0.563568 0.697896
vt 0.569578 0.057443
vt 0.566157 0.068530
vt 0.557858 0.077479
vt 0.539524 0.063607
vt 0.555862 0.059138
vt 0.570551 0.063040
vt 0.564124 0.069168
vt 0.555709 0.062095
vn 0.0000 0.0000 1.0000
vn 0.3488 0.0000 -0.9372
vn 0.0000 1.0000 0.0000
vn 0.0767 0.9276 0.3657
vn 0.0000 0.0000 -1.0000
vn 0.0000 -0.9923 -0.1241
vn 0.0000 -0.9062 -0.4229
vn 0.0000 -0.4979 -0.8672
vn 0.0000 0.9923 -0.1241
vn 0.0000 0.9062 -0.4229
vn 0.0000 0.4979 -0.8672
vn 0.0000 -0.9923 0.1241
vn 0.0000 -0.9062 0.4229
vn 0.0000 -0.4979 0.8672
vn 0.0000 0.9923 0.1241
vn 0.0000 0.9062 0.4229
vn 0.0000 0.4979 0.8672
vn 0.0000 -1.0000 0.0000
vn 1.0000 0.0000 0.0000
vn -1.0000 0.0000 0.0000
vn -0.1760 0.5533 -0.8142
vn -0.0767 0.9276 0.3657
vn 0.1452 -0.9894 0.0000
vn 0.1760 0.5533 -0.8142
vn 0.1760 0.5533 0.8142
vn 0.3488 0.0000 0.9372
vn 0.0845 -0.9909 -0.1047
vn -0.1760 0.5533 0.8142
vn -0.0845 -0.9909 -0.1047
vn -0.0845 -0.9909 0.1047
vn 0.0767 -0.9276 -0.3657
vn 0.0845 -0.9909 0.1047
vn -0.0767 -0.9276 -0.3657
vn -0.0767 -0.9276 0.3657
vn 0.1760 -0.5533 -0.8142
vn 0.0767 -0.9276 0.3657
vn -0.1760 -0.5533 -0.8142
vn -0.1760 -0.5533 0.8142
vn -0.1452 0.9894 0.0000
vn 0.1760 -0.5533 0.8142
vn 0.1452 0.9894 0.0000
vn -0.0845 0.9909 -0.1047
vn -0.3488 0.0000 -0.9372
vn 0.0845 0.9909 -0.1047
vn 0.0845 0.9909 0.1047
vn -0.1452 -0.9894 0.0000
vn -0.0767 0.9276 -0.3657
vn -0.0845 0.9909 0.1047
vn -0.3488 0.0000 0.9372
vn 0.0767 0.9276 -0.3657
usemtl Black
s off
f 1067/1380/654 1074/1381/654 1075/1382/654 1066/1383/654
f 1033/1384/655 1028/1385/655 1080/1386/655 1081/1387/655
f 1054/1388/656 1053/1389/656 1070/1390/656 1069/1391/656
f 1038/1392/657 1039/1393/657 1083/1394/657
f 1051/1395/658 1058/1396/658 1059/1397/658 1050/1398/658
f 1045/1399/659 1046/1400/659 1047/1401/659 1044/1402/659
f 1044/1402/660 1047/1401/660 1049/1403/660 1048/1404/660
f 1048/1404/661 1049/1405/661 1051/1395/661 1050/1398/661
f 1053/1389/662 1054/1388/662 1055/1406/662 1052/1407/662
f 1052/1408/663 1055/1406/663 1057/1409/663 1056/1410/663
f 1056/1410/664 1057/1409/664 1059/1397/664 1058/1396/664
f 1061/1411/665 1062/1412/665 1063/1413/665 1060/1414/665
f 1060/1414/666 1063/1413/666 1065/1415/666 1064/1416/666
f 1064/1417/667 1065/1415/667 1067/1380/667 1066/1383/667
f 1069/1391/668 1070/1390/668 1071/1418/668 1068/1419/668
f 1068/1419/669 1071/1420/669 1073/1421/669 1072/1422/669
f 1072/1422/670 1073/1421/670 1075/1382/670 1074/1381/670
f 1046/1400/671 1045/1399/671 1062/1412/671 1061/1411/671
f 1038/1392/672 1036/1423/672 1045/1399/672 1044/1424/672
f 1021/1425/673 1023/1426/673 1047/1427/673 1046/1428/673
f 1039/1393/672 1038/1392/672 1044/1424/672 1048/1429/672
f 1023/1426/673 1022/1430/673 1049/1431/673 1047/1427/673
f 1037/1432/672 1039/1393/672 1048/1429/672 1050/1398/672
f 1022/1430/673 1020/1433/673 1051/1395/673 1049/1431/673
f 1026/1434/673 1024/1435/673 1053/1436/673 1052/1437/673
f 1041/1438/672 1043/1439/672 1055/1440/672 1054/1388/672
f 1027/1441/673 1026/1434/673 1052/1437/673 1056/1442/673
f 1043/1439/672 1042/1443/672 1057/1444/672 1055/1440/672
f 1025/1445/673 1027/1441/673 1056/1442/673 1058/1396/673
f 1042/1443/672 1040/1446/672 1059/1397/672 1057/1444/672
f 1014/1447/673 1012/1448/673 1061/1449/673 1060/1450/673
f 1029/1451/672 1031/1452/672 1063/1453/672 1062/1412/672
f 1015/1454/673 1014/1447/673 1060/1450/673 1064/1455/673
f 1031/1452/672 1030/1456/672 1065/1457/672 1063/1453/672
f 1013/1458/673 1015/1454/673 1064/1455/673 1066/1459/673
f 1030/1456/672 1028/1385/672 1067/1380/672 1065/1457/672
f 1034/1460/672 1032/1461/672 1069/1391/672 1068/1462/672
f 1017/1463/673 1019/1464/673 1071/1465/673 1070/1466/673
f 1035/1467/672 1034/1460/672 1068/1462/672 1072/1468/672
f 1019/1464/673 1018/1469/673 1073/1470/673 1071/1465/673
f 1033/1384/672 1035/1467/672 1072/1468/672 1074/1381/672
f 1018/1469/673 1016/1471/673 1075/1472/673 1073/1470/673
f 1012/1448/673 1021/1425/673 1046/1428/673 1061/1449/673
f 1036/1423/672 1029/1451/672 1062/1412/672 1045/1399/672
f 1016/1471/673 1013/1458/673 1066/1459/673 1075/1472/673
f 1024/1435/673 1017/1463/673 1070/1466/673 1053/1436/673
f 1020/1433/673 1025/1445/673 1058/1396/673 1051/1395/673
f 1028/1385/672 1033/1384/672 1074/1381/672 1067/1380/672
f 1032/1461/672 1041/1438/672 1054/1388/672 1069/1391/672
f 1040/1446/672 1037/1432/672 1050/1398/672 1059/1397/672
f 1086/1473/672 1094/1474/672 1090/1475/672 1085/1476/672 1145/1477/672 1151/1478/672 1147/1479/672 1144/1480/672 1080/1481/672 1083/1482/672
f 1015/1454/674 1013/1458/674 1076/1483/674
f 1022/1430/675 1023/1426/675 1079/1484/675
f 1041/1438/676 1032/1461/676 1081/1485/676 1082/1486/676
f 1028/1385/677 1030/1456/677 1080/1386/677
f 1039/1393/678 1037/1432/678 1083/1487/678
f 1037/1432/679 1040/1446/679 1082/1488/679 1083/1482/679
f 1032/1461/680 1034/1460/680 1081/1485/680
f 1020/1433/681 1022/1430/681 1079/1489/681
f 1019/1464/682 1017/1463/682 1077/1490/682
f 1024/1435/683 1026/1434/683 1078/1491/683
f 1034/1460/684 1035/1467/684 1081/1492/684
f 1043/1439/685 1041/1438/685 1082/1493/685
f 1018/1469/686 1019/1464/686 1077/1494/686
f 1026/1434/687 1027/1441/687 1078/1495/687
f 1035/1467/688 1033/1384/688 1081/1496/688
f 1042/1443/689 1043/1439/689 1082/1497/689
f 1016/1471/690 1018/1469/690 1077/1498/690
f 1027/1441/691 1025/1445/691 1078/1499/691
f 1021/1425/692 1012/1448/692 1076/1500/692 1079/1501/692
f 1040/1446/693 1042/1443/693 1082/1488/693
f 1029/1451/694 1036/1423/694 1083/1502/694 1080/1481/694
f 1012/1448/695 1014/1447/695 1076/1500/695
f 1013/1458/696 1016/1471/696 1077/1498/696 1076/1503/696
f 1031/1452/697 1029/1451/697 1080/1504/697
f 1036/1423/698 1038/1392/698 1083/1502/698
f 1017/1463/699 1024/1435/699 1078/1491/699 1077/1505/699
f 1014/1447/700 1015/1454/700 1076/1506/700
f 1023/1426/701 1021/1425/701 1079/1507/701
f 1025/1445/702 1020/1433/702 1079/1489/702 1078/1508/702
f 1030/1456/703 1031/1452/703 1080/1509/703
f 1134/1510/673 1142/1511/673 1138/1512/673 1133/1513/673 1097/1514/673 1103/1515/673 1099/1516/673 1096/1517/673 1079/1501/673 1076/1503/673
f 1144/1480/672 1148/1518/672 1153/1519/672 1146/1520/672 1156/1521/672 1160/1522/672 1165/1523/672 1158/1524/672 1081/1387/672 1080/1481/672
f 1168/1525/673 1172/1526/673 1177/1527/673 1170/1528/673 1132/1529/673 1136/1530/673 1141/1531/673 1134/1510/673 1076/1503/673 1077/1505/673
f 1096/1517/673 1100/1532/673 1105/1533/673 1098/1534/673 1108/1535/673 1112/1536/673 1117/1537/673 1110/1538/673 1078/1508/673 1079/1501/673
f 1110/1538/673 1118/1539/673 1114/1540/673 1109/1541/673 1169/1542/673 1175/1543/673 1171/1544/673 1168/1525/673 1077/1505/673 1078/1508/673
f 1158/1524/672 1166/1545/672 1162/1546/672 1157/1547/672 1121/1548/672 1127/1549/672 1123/1550/672 1120/1551/672 1082/1486/672 1081/1387/672
f 1084/1552/672 1087/1553/672 1089/1554/672 1088/1555/672
f 1087/1553/672 1091/1556/672 1092/1557/672 1089/1554/672
f 1085/1476/672 1090/1475/672 1092/1557/672 1091/1556/672
f 1090/1475/672 1094/1474/672 1095/1558/672 1092/1557/672
f 1086/1473/672 1093/1559/672 1095/1558/672 1094/1474/672
f 1093/1559/672 1088/1555/672 1089/1554/672 1095/1558/672
f 1089/1560/672 1092/1561/672 1095/1562/672
f 1096/1517/673 1099/1516/673 1101/1563/673 1100/1532/673
f 1099/1516/673 1103/1515/673 1104/1564/673 1101/1563/673
f 1097/1514/673 1102/1565/673 1104/1564/673 1103/1515/673
f 1102/1565/673 1106/1566/673 1107/1567/673 1104/1564/673
f 1098/1534/673 1105/1533/673 1107/1567/673 1106/1566/673
f 1105/1533/673 1100/1532/673 1101/1563/673 1107/1567/673
f 1101/1568/673 1104/1569/673 1107/1570/673
f 1108/1535/673 1111/1571/673 1113/1572/673 1112/1536/673
f 1111/1571/673 1115/1573/673 1116/1574/673 1113/1572/673
f 1109/1541/673 1114/1540/673 1116/1574/673 1115/1573/673
f 1114/1540/673 1118/1539/673 1119/1575/673 1116/1574/673
f 1110/1538/673 1117/1537/673 1119/1575/673 1118/1539/673
f 1117/1537/673 1112/1536/673 1113/1572/673 1119/1575/673
f 1113/1576/673 1116/1577/673 1119/1578/673
f 1120/1551/672 1123/1550/672 1125/1579/672 1124/1580/672
f 1123/1550/672 1127/1549/672 1128/1581/672 1125/1579/672
f 1121/1548/672 1126/1582/672 1128/1581/672 1127/1549/672
f 1126/1582/672 1130/1583/672 1131/1584/672 1128/1581/672
f 1122/1585/672 1129/1586/672 1131/1584/672 1130/1583/672
f 1129/1586/672 1124/1580/672 1125/1579/672 1131/1584/672
f 1125/1587/672 1128/1588/672 1131/1589/672
f 1132/1529/673 1135/1590/673 1137/1591/673 1136/1530/673
f 1135/1590/673 1139/1592/673 1140/1593/673 1137/1591/673
f 1133/1513/673 1138/1512/673 1140/1593/673 1139/1592/673
f 1138/1512/673 1142/1511/673 1143/1594/673 1140/1593/673
f 1134/1510/673 1141/1531/673 1143/1594/673 1142/1511/673
f 1141/1531/673 1136/1530/673 1137/1591/673 1143/1594/673
f 1137/1595/673 1140/1596/673 1143/1597/673
f 1144/1480/672 1147/1479/672 1149/1598/672 1148/1518/672
f 1147/1479/672 1151/1478/672 1152/1599/672 1149/1598/672
f 1145/1477/672 1150/1600/672 1152/1599/672 1151/1478/672
f 1150/1600/672 1154/1601/672 1155/1602/672 1152/1599/672
f 1146/1520/672 1153/1519/672 1155/1602/672 1154/1601/672
f 1153/1519/672 1148/1518/672 1149/1598/672 1155/1602/672
f 1149/1603/672 1152/1604/672 1155/1605/672
f 1156/1521/672 1159/1606/672 1161/1607/672 1160/1522/672
f 1159/1606/672 1163/1608/672 1164/1609/672 1161/1607/672
f 1157/1547/672 1162/1546/672 1164/1609/672 1163/1608/672
f 1162/1546/672 1166/1545/672 1167/1610/672 1164/1609/672
f 1158/1524/672 1165/1523/672 1167/1610/672 1166/1545/672
f 1165/1523/672 1160/1522/672 1161/1607/672 1167/1610/672
f 1161/1611/672 1164/1612/672 1167/1613/672
f 1168/1525/673 1171/1544/673 1173/1614/673 1172/1526/673
f 1171/1544/673 1175/1543/673 1176/1615/673 1173/1614/673
f 1169/1542/673 1174/1616/673 1176/1615/673 1175/1543/673
f 1174/1616/673 1178/1617/673 1179/1618/673 1176/1615/673
f 1170/1528/673 1177/1527/673 1179/1618/673 1178/1617/673
f 1177/1527/673 1172/1526/673 1173/1614/673 1179/1618/673
f 1173/1619/673 1176/1620/673 1179/1621/673
f 1120/1551/672 1124/1580/672 1129/1586/672 1122/1585/672 1084/1552/672 1088/1555/672 1093/1559/672 1086/1473/672 1083/1482/672 1082/1486/672
usemtl Light
f 1133/1513/673 1139/1592/673 1135/1590/673 1132/1529/673 1170/1528/673 1178/1617/673 1174/1616/673 1169/1542/673 1109/1541/673 1115/1573/673 1111/1571/673 1108/1535/673 1098/1534/673 1106/1566/673 1102/1565/673 1097/1514/673
f 1085/1476/672 1091/1556/672 1087/1553/672 1084/1552/672 1122/1585/672 1130/1583/672 1126/1582/672 1121/1548/672 1157/1547/672 1163/1608/672 1159/1606/672 1156/1521/672 1146/1520/672 1154/1601/672 1150/1600/672 1145/1477/672
o Cube.003_Cube.007
v -1.104943 -0.245202 -1.192631
v -1.104943 -0.221058 -1.131392
v -1.104943 -0.241315 -1.155840
v -1.104943 -0.235563 -1.141250
v -1.104943 0.221058 -1.131392
v -1.104943 0.245202 -1.192631
v -1.104943 0.235563 -1.141250
v -1.104943 0.241315 -1.155840
v -1.104943 -0.221058 -2.375267
v -1.104943 -0.245202 -2.314029
v -1.104943 -0.235563 -2.365409
v -1.104943 -0.241315 -2.350819
v -1.104943 0.245202 -2.314029
v -1.104943 0.221058 -2.375267
v -1.104943 0.241315 -2.350819
v -1.104943 0.235563 -2.365409
v 1.104943 -0.221058 -1.131392
v 1.104943 -0.245202 -1.192631
v 1.104943 -0.235563 -1.141250
v 1.104943 -0.241315 -1.155840
v 1.104943 0.245202 -1.192631
v 1.104943 0.221058 -1.131392
v 1.104943 0.241315 -1.155840
v 1.104943 0.235563 -1.141250
v 1.104943 -0.245202 -2.314029
v 1.104943 -0.221058 -2.375267
v 1.104943 -0.241315 -2.350819
v 1.104943 -0.235563 -2.365409
v 1.104943 0.221058 -2.375267
v 1.104943 0.245202 -2.314029
v 1.104943 0.235563 -2.365409
v 1.104943 0.241315 -2.350819
v 1.104943 -0.339219 -2.417109
v 1.104943 -0.350000 -2.330889
v -1.104943 -0.350000 -2.330889
v -1.104943 -0.339219 -2.417109
v 1.104943 -0.309764 -2.480227
v -1.104943 -0.309764 -2.480227
v 1.104943 -0.269527 -2.503330
v -1.104943 -0.269527 -2.503330
v -1.104943 0.339219 -2.417109
v -1.104943 0.350000 -2.330889
v 1.104943 0.350000 -2.330889
v 1.104943 0.339219 -2.417109
v -1.104943 0.309764 -2.480227
v 1.104943 0.309764 -2.480227
v -1.104943 0.269527 -2.503330
v 1.104943 0.269527 -2.503330
v -1.104943 -0.339219 -1.089550
v -1.104943 -0.350000 -1.175771
v 1.104943 -0.350000 -1.175771
v 1.104943 -0.339219 -1.089550
v -1.104943 -0.309764 -1.026432
v 1.104943 -0.309764 -1.026432
v -1.104943 -0.269527 -1.003330
v 1.104943 -0.269527 -1.003330
v 1.104943 0.339219 -1.089550
v 1.104943 0.350000 -1.175771
v -1.104943 0.350000 -1.175771
v -1.104943 0.339219 -1.089550
v 1.104943 0.309764 -1.026432
v -1.104943 0.309764 -1.026432
v 1.104943 0.269527 -1.003330
v -1.104943 0.269527 -1.003330
v -1.040763 -0.235785 -1.155278
v -1.040763 0.235785 -1.155278
v -1.040763 0.235785 -2.351381
v -1.040763 -0.235785 -2.351381
v 1.040763 -0.235785 -1.155278
v 1.040763 0.235785 -1.155278
v 1.040763 0.235785 -2.351381
v 1.040763 -0.235785 -2.351381
v 1.040763 -0.024878 -2.271602
v 1.040763 -0.150878 -2.001602
v 1.040763 -0.235753 -2.351351
v 1.040763 -0.086722 -2.231540
v 1.040763 -0.099186 -2.283397
v 1.040763 -0.125153 -2.249254
v 1.040763 -0.163551 -2.146406
v 1.040763 -0.132183 -2.134125
v 1.040763 -0.146107 -2.204823
v 1.040763 -0.176326 -2.312645
v 1.040763 -0.194575 -2.273620
v 1.040763 -0.160684 -2.263264
v -1.040763 -0.235753 -2.351351
v -1.040763 -0.150878 -2.001602
v -1.040763 -0.024878 -2.271602
v -1.040763 -0.194575 -2.273620
v -1.040763 -0.176326 -2.312645
v -1.040763 -0.160684 -2.263264
v -1.040763 -0.132183 -2.134125
v -1.040763 -0.163551 -2.146406
v -1.040763 -0.146107 -2.204824
v -1.040763 -0.099186 -2.283397
v -1.040763 -0.086722 -2.231540
v -1.040763 -0.125153 -2.249254
v -1.040763 0.024878 -2.271602
v -1.040763 0.150878 -2.001602
v -1.040763 0.235753 -2.351351
v -1.040763 0.086722 -2.231540
v -1.040763 0.099186 -2.283397
v -1.040763 0.125153 -2.249254
v -1.040763 0.163551 -2.146406
v -1.040763 0.132183 -2.134125
v -1.040763 0.146107 -2.204823
v -1.040763 0.176326 -2.312645
v -1.040763 0.194575 -2.273620
v -1.040763 0.160684 -2.263264
v 1.040763 0.235753 -2.351351
v 1.040763 0.150878 -2.001602
v 1.040763 0.024878 -2.271602
v 1.040763 0.194575 -2.273620
v 1.040763 0.176326 -2.312645
v 1.040763 0.160684 -2.263264
v 1.040763 0.132183 -2.134125
v 1.040763 0.163551 -2.146406
v 1.040763 0.146107 -2.204824
v 1.040763 0.099186 -2.283397
v 1.040763 0.086722 -2.231540
v 1.040763 0.125153 -2.249254
v -1.040763 -0.024878 -1.235057
v -1.040763 -0.150878 -1.505057
v -1.040763 -0.235753 -1.155308
v -1.040763 -0.086722 -1.275120
v -1.040763 -0.099186 -1.223262
v -1.040763 -0.125153 -1.257405
v -1.040763 -0.163551 -1.360253
v -1.040763 -0.132183 -1.372535
v -1.040763 -0.146107 -1.301836
v -1.040763 -0.176326 -1.194014
v -1.040763 -0.194575 -1.233039
v -1.040763 -0.160684 -1.243395
v 1.040763 -0.235753 -1.155308
v 1.040763 -0.150878 -1.505057
v 1.040763 -0.024878 -1.235057
v 1.040763 -0.194575 -1.233039
v 1.040763 -0.176326 -1.194014
v 1.040763 -0.160684 -1.243395
v 1.040763 -0.132183 -1.372535
v 1.040763 -0.163551 -1.360253
v 1.040763 -0.146107 -1.301836
v 1.040763 -0.099186 -1.223262
v 1.040763 -0.086722 -1.275120
v 1.040763 -0.125153 -1.257405
v 1.040763 0.024878 -1.235057
v 1.040763 0.150878 -1.505057
v 1.040763 0.235753 -1.155308
v 1.040763 0.086722 -1.275120
v 1.040763 0.099186 -1.223262
v 1.040763 0.125153 -1.257405
v 1.040763 0.163551 -1.360253
v 1.040763 0.132183 -1.372535
v 1.040763 0.146107 -1.301836
v 1.040763 0.176326 -1.194014
v 1.040763 0.194575 -1.233039
v 1.040763 0.160684 -1.243395
v -1.040763 0.235753 -1.155308
v -1.040763 0.150878 -1.505057
v -1.040763 0.024878 -1.235057
v -1.040763 0.194575 -1.233039
v -1.040763 0.176326 -1.194014
v -1.040763 0.160684 -1.243395
v -1.040763 0.132183 -1.372535
v -1.040763 0.163551 -1.360253
v -1.040763 0.146107 -1.301836
v -1.040763 0.099186 -1.223262
v -1.040763 0.086722 -1.275120
v -1.040763 0.125153 -1.257405
vt 0.403740 0.750000
vt 0.596260 0.750000
vt 0.596260 1.000000
vt 0.403740 1.000000
vt 0.593450 0.728656
vt 0.406550 0.728656
vt 0.406550 0.728656
vt 0.593450 0.728656
vt 0.625000 0.528740
vt 0.875000 0.528740
vt 0.875000 0.721260
vt 0.625000 0.721260
vt 0.397987 0.525419
vt 0.400418 0.522987
vt 0.397987 0.525419
vt 0.403740 0.250000
vt 0.596260 0.250000
vt 0.596260 0.500000
vt 0.403740 0.500000
vt 0.375000 0.528740
vt 0.125000 0.528740
vt 0.125000 0.514370
vt 0.375000 0.514370
vt 0.125000 0.500000
vt 0.375000 0.500000
vt 0.375000 0.250000
vt 0.625000 0.500000
vt 0.875000 0.500000
vt 0.625000 0.250000
vt 0.610630 0.500000
vt 0.610630 0.250000
vt 0.125000 0.721260
vt 0.375000 0.721260
vt 0.375000 0.735630
vt 0.125000 0.735630
vt 0.375000 0.750000
vt 0.125000 0.750000
vt 0.375000 1.000000
vt 0.875000 0.750000
vt 0.625000 0.750000
vt 0.625000 1.000000
vt 0.610630 1.000000
vt 0.610630 0.750000
vt 0.396344 0.531550
vt 0.378850 0.514370
vt 0.396344 0.218450
vt 0.397987 0.224582
vt 0.378850 0.235630
vt 0.375000 0.221260
vt 0.389370 0.503850
vt 0.400418 0.227013
vt 0.389370 0.246150
vt 0.406550 0.521344
vt 0.406550 0.228656
vt 0.602013 0.224582
vt 0.603656 0.218450
vt 0.625000 0.221260
vt 0.621149 0.235630
vt 0.603656 0.531550
vt 0.602013 0.525418
vt 0.621150 0.514370
vt 0.599581 0.227013
vt 0.610630 0.246150
vt 0.599582 0.522987
vt 0.610630 0.503850
vt 0.593450 0.228656
vt 0.593450 0.521344
vt 0.397987 0.025418
vt 0.396344 0.031550
vt 0.375000 0.028740
vt 0.378850 0.014370
vt 0.396344 0.718450
vt 0.397987 0.724581
vt 0.378850 0.735630
vt 0.400418 0.022987
vt 0.389370 0.003850
vt 0.400418 0.727013
vt 0.389370 0.746150
vt 0.406550 0.021344
vt 0.403740 0.000000
vt 0.602013 0.724582
vt 0.603656 0.718450
vt 0.621149 0.735630
vt 0.603656 0.031550
vt 0.602013 0.025418
vt 0.621150 0.014370
vt 0.625000 0.028740
vt 0.599581 0.727013
vt 0.610630 0.746150
vt 0.599582 0.022987
vt 0.610630 0.003850
vt 0.593450 0.021344
vt 0.596260 0.000000
vt 0.406563 0.521356
vt 0.422708 0.542835
vt 0.434428 0.567611
vt 0.438637 0.588886
vt 0.435235 0.654583
vt 0.428851 0.675310
vt 0.414635 0.698743
vt 0.396358 0.718439
vt 0.396344 0.718450
vt 0.406550 0.521344
vt 0.400418 0.022987
vt 0.400418 0.227013
vt 0.603656 0.718450
vt 0.603656 0.531550
vt 0.400418 0.522987
vt 0.593450 0.521344
vt 0.406550 0.228656
vt 0.602013 0.025418
vt 0.603656 0.218450
vt 0.602013 0.724582
vt 0.602013 0.525418
vt 0.599582 0.022987
vt 0.602013 0.224582
vt 0.599581 0.727013
vt 0.599582 0.522987
vt 0.593450 0.021344
vt 0.599581 0.227013
vt 0.396344 0.031550
vt 0.396344 0.218450
vt 0.396344 0.531550
vt 0.406550 0.021344
vt 0.397987 0.724581
vt 0.603656 0.031550
vt 0.397987 0.025418
vt 0.397987 0.224582
vt 0.593450 0.228656
vt 0.400418 0.727013
vt 0.406563 0.021356
vt 0.422708 0.042835
vt 0.434428 0.067611
vt 0.438637 0.088886
vt 0.435235 0.154582
vt 0.428851 0.175310
vt 0.414635 0.198743
vt 0.396358 0.218439
vt 0.421950 0.705179
vt 0.454762 0.695857
vt 0.486051 0.693032
vt 0.506848 0.694109
vt 0.537677 0.700150
vt 0.569351 0.712812
vt 0.593437 0.728644
vt 0.603642 0.031561
vt 0.578050 0.044821
vt 0.545238 0.054143
vt 0.513949 0.056968
vt 0.493152 0.055891
vt 0.462323 0.049850
vt 0.430649 0.037188
vt 0.421950 0.205179
vt 0.454762 0.195857
vt 0.486051 0.193032
vt 0.506848 0.194109
vt 0.537677 0.200150
vt 0.569351 0.212812
vt 0.593437 0.228644
vt 0.577292 0.207165
vt 0.565572 0.182389
vt 0.561363 0.161114
vt 0.564765 0.095418
vt 0.571149 0.074690
vt 0.585365 0.051257
vt 0.577292 0.707165
vt 0.565572 0.682389
vt 0.561363 0.661114
vt 0.564765 0.595417
vt 0.571149 0.574690
vt 0.585365 0.551257
vt 0.603642 0.531561
vt 0.493152 0.555891
vt 0.467028 0.559853
vt 0.451239 0.553720
vt 0.462323 0.549850
vt 0.447359 0.571758
vt 0.440029 0.561999
vt 0.437772 0.550618
vt 0.430649 0.537188
vt 0.450805 0.562119
vt 0.442023 0.562102
vt 0.436432 0.552104
vt 0.430422 0.192557
vt 0.433843 0.181470
vt 0.442142 0.172521
vt 0.460476 0.186393
vt 0.444138 0.190862
vt 0.429449 0.186960
vt 0.435875 0.180832
vt 0.444291 0.187905
vt 0.532972 0.190147
vt 0.548761 0.196279
vt 0.552641 0.178242
vt 0.559971 0.188001
vt 0.562228 0.199382
vt 0.549196 0.187881
vt 0.557977 0.187898
vt 0.563568 0.197896
vt 0.569578 0.557443
vt 0.578050 0.544821
vt 0.566157 0.568530
vt 0.557858 0.577479
vt 0.539524 0.563607
vt 0.555862 0.559138
vt 0.513949 0.556968
vt 0.545238 0.554143
vt 0.570551 0.563040
vt 0.564124 0.569168
vt 0.555709 0.562095
vt 0.467028 0.059853
vt 0.451239 0.053721
vt 0.447359 0.071758
vt 0.440029 0.061999
vt 0.437772 0.050618
vt 0.450805 0.062119
vt 0.442023 0.062102
vt 0.436432 0.052104
vt 0.430422 0.692557
vt 0.433843 0.681470
vt 0.442142 0.672521
vt 0.460476 0.686393
vt 0.444138 0.690862
vt 0.429449 0.686960
vt 0.435875 0.680832
vt 0.444291 0.687905
vt 0.532972 0.690147
vt 0.548761 0.696279
vt 0.552641 0.678242
vt 0.559971 0.688001
vt 0.562228 0.699382
vt 0.549196 0.687881
vt 0.557977 0.687898
vt 0.563568 0.697896
vt 0.569578 0.057443
vt 0.566157 0.068530
vt 0.557858 0.077479
vt 0.539524 0.063607
vt 0.555862 0.059138
vt 0.570551 0.063040
vt 0.564124 0.069168
vt 0.555709 0.062095
vn 0.0000 0.0000 1.0000
vn 0.3488 0.0000 -0.9372
vn 0.0000 1.0000 0.0000
vn 0.0767 0.9276 0.3657
vn 0.0000 0.0000 -1.0000
vn 0.0000 -0.9923 -0.1241
vn 0.0000 -0.9062 -0.4229
vn 0.0000 -0.4979 -0.8672
vn 0.0000 0.9923 -0.1241
vn 0.0000 0.9062 -0.4229
vn 0.0000 0.4979 -0.8672
vn 0.0000 -0.9923 0.1241
vn 0.0000 -0.9062 0.4229
vn 0.0000 -0.4979 0.8672
vn 0.0000 0.9923 0.1241
vn 0.0000 0.9062 0.4229
vn 0.0000 0.4979 0.8672
vn 0.0000 -1.0000 0.0000
vn 1.0000 0.0000 0.0000
vn -1.0000 0.0000 0.0000
vn -0.1760 0.5533 -0.8142
vn -0.0767 0.9276 0.3657
vn 0.1452 -0.9894 0.0000
vn 0.1760 0.5533 -0.8142
vn 0.1760 0.5533 0.8142
vn 0.3488 0.0000 0.9372
vn 0.0845 -0.9909 -0.1047
vn -0.1760 0.5533 0.8142
vn -0.0845 -0.9909 -0.1047
vn -0.0845 -0.9909 0.1047
vn 0.0767 -0.9276 -0.3657
vn 0.0845 -0.9909 0.1047
vn -0.0767 -0.9276 -0.3657
vn -0.0767 -0.9276 0.3657
vn 0.1760 -0.5533 -0.8142
vn 0.0767 -0.9276 0.3657
vn -0.1760 -0.5533 -0.8142
vn -0.1760 -0.5533 0.8142
vn -0.1452 0.9894 0.0000
vn 0.1760 -0.5533 0.8142
vn 0.1452 0.9894 0.0000
vn -0.0845 0.9909 -0.1047
vn -0.3488 0.0000 -0.9372
vn 0.0845 0.9909 -0.1047
vn 0.0845 0.9909 0.1047
vn -0.1452 -0.9894 0.0000
vn -0.0767 0.9276 -0.3657
vn -0.0845 0.9909 0.1047
vn -0.3488 0.0000 0.9372
vn 0.0767 0.9276 -0.3657
usemtl Black
s off
f 1235/1622/704 1242/1623/704 1243/1624/704 1234/1625/704
f 1201/1626/705 1196/1627/705 1248/1628/705 1249/1629/705
f 1222/1630/706 1221/1631/706 1238/1632/706 1237/1633/706
f 1206/1634/707 1207/1635/707 1251/1636/707
f 1219/1637/708 1226/1638/708 1227/1639/708 1218/1640/708
f 1213/1641/709 1214/1642/709 1215/1643/709 1212/1644/709
f 1212/1644/710 1215/1643/710 1217/1645/710 1216/1646/710
f 1216/1646/711 1217/1647/711 1219/1637/711 1218/1640/711
f 1221/1631/712 1222/1630/712 1223/1648/712 1220/1649/712
f 1220/1650/713 1223/1648/713 1225/1651/713 1224/1652/713
f 1224/1652/714 1225/1651/714 1227/1639/714 1226/1638/714
f 1229/1653/715 1230/1654/715 1231/1655/715 1228/1656/715
f 1228/1656/716 1231/1655/716 1233/1657/716 1232/1658/716
f 1232/1659/717 1233/1657/717 1235/1622/717 1234/1625/717
f 1237/1633/718 1238/1632/718 1239/1660/718 1236/1661/718
f 1236/1661/719 1239/1662/719 1241/1663/719 1240/1664/719
f 1240/1664/720 1241/1663/720 1243/1624/720 1242/1623/720
f 1214/1642/721 1213/1641/721 1230/1654/721 1229/1653/721
f 1206/1634/722 1204/1665/722 1213/1641/722 1212/1666/722
f 1189/1667/723 1191/1668/723 1215/1669/723 1214/1670/723
f 1207/1635/722 1206/1634/722 1212/1666/722 1216/1671/722
f 1191/1668/723 1190/1672/723 1217/1673/723 1215/1669/723
f 1205/1674/722 1207/1635/722 1216/1671/722 1218/1640/722
f 1190/1672/723 1188/1675/723 1219/1637/723 1217/1673/723
f 1194/1676/723 1192/1677/723 1221/1678/723 1220/1679/723
f 1209/1680/722 1211/1681/722 1223/1682/722 1222/1630/722
f 1195/1683/723 1194/1676/723 1220/1679/723 1224/1684/723
f 1211/1681/722 1210/1685/722 1225/1686/722 1223/1682/722
f 1193/1687/723 1195/1683/723 1224/1684/723 1226/1638/723
f 1210/1685/722 1208/1688/722 1227/1639/722 1225/1686/722
f 1182/1689/723 1180/1690/723 1229/1691/723 1228/1692/723
f 1197/1693/722 1199/1694/722 1231/1695/722 1230/1654/722
f 1183/1696/723 1182/1689/723 1228/1692/723 1232/1697/723
f 1199/1694/722 1198/1698/722 1233/1699/722 1231/1695/722
f 1181/1700/723 1183/1696/723 1232/1697/723 1234/1701/723
f 1198/1698/722 1196/1627/722 1235/1622/722 1233/1699/722
f 1202/1702/722 1200/1703/722 1237/1633/722 1236/1704/722
f 1185/1705/723 1187/1706/723 1239/1707/723 1238/1708/723
f 1203/1709/722 1202/1702/722 1236/1704/722 1240/1710/722
f 1187/1706/723 1186/1711/723 1241/1712/723 1239/1707/723
f 1201/1626/722 1203/1709/722 1240/1710/722 1242/1623/722
f 1186/1711/723 1184/1713/723 1243/1714/723 1241/1712/723
f 1180/1690/723 1189/1667/723 1214/1670/723 1229/1691/723
f 1204/1665/722 1197/1693/722 1230/1654/722 1213/1641/722
f 1184/1713/723 1181/1700/723 1234/1701/723 1243/1714/723
f 1192/1677/723 1185/1705/723 1238/1708/723 1221/1678/723
f 1188/1675/723 1193/1687/723 1226/1638/723 1219/1637/723
f 1196/1627/722 1201/1626/722 1242/1623/722 1235/1622/722
f 1200/1703/722 1209/1680/722 1222/1630/722 1237/1633/722
f 1208/1688/722 1205/1674/722 1218/1640/722 1227/1639/722
f 1254/1715/722 1262/1716/722 1258/1717/722 1253/1718/722 1313/1719/722 1319/1720/722 1315/1721/722 1312/1722/722 1248/1723/722 1251/1724/722
f 1183/1696/724 1181/1700/724 1244/1725/724
f 1190/1672/725 1191/1668/725 1247/1726/725
f 1209/1680/726 1200/1703/726 1249/1727/726 1250/1728/726
f 1196/1627/727 1198/1698/727 1248/1628/727
f 1207/1635/728 1205/1674/728 1251/1729/728
f 1205/1674/729 1208/1688/729 1250/1730/729 1251/1724/729
f 1200/1703/730 1202/1702/730 1249/1727/730
f 1188/1675/731 1190/1672/731 1247/1731/731
f 1187/1706/732 1185/1705/732 1245/1732/732
f 1192/1677/733 1194/1676/733 1246/1733/733
f 1202/1702/734 1203/1709/734 1249/1734/734
f 1211/1681/735 1209/1680/735 1250/1735/735
f 1186/1711/736 1187/1706/736 1245/1736/736
f 1194/1676/737 1195/1683/737 1246/1737/737
f 1203/1709/738 1201/1626/738 1249/1738/738
f 1210/1685/739 1211/1681/739 1250/1739/739
f 1184/1713/740 1186/1711/740 1245/1740/740
f 1195/1683/741 1193/1687/741 1246/1741/741
f 1189/1667/742 1180/1690/742 1244/1742/742 1247/1743/742
f 1208/1688/743 1210/1685/743 1250/1730/743
f 1197/1693/744 1204/1665/744 1251/1744/744 1248/1723/744
f 1180/1690/745 1182/1689/745 1244/1742/745
f 1181/1700/746 1184/1713/746 1245/1740/746 1244/1745/746
f 1199/1694/747 1197/1693/747 1248/1746/747
f 1204/1665/748 1206/1634/748 1251/1744/748
f 1185/1705/749 1192/1677/749 1246/1733/749 1245/1747/749
f 1182/1689/750 1183/1696/750 1244/1748/750
f 1191/1668/751 1189/1667/751 1247/1749/751
f 1193/1687/752 1188/1675/752 1247/1731/752 1246/1750/752
f 1198/1698/753 1199/1694/753 1248/1751/753
f 1302/1752/723 1310/1753/723 1306/1754/723 1301/1755/723 1265/1756/723 1271/1757/723 1267/1758/723 1264/1759/723 1247/1743/723 1244/1745/723
f 1312/1722/722 1316/1760/722 1321/1761/722 1314/1762/722 1324/1763/722 1328/1764/722 1333/1765/722 1326/1766/722 1249/1629/722 1248/1723/722
f 1336/1767/723 1340/1768/723 1345/1769/723 1338/1770/723 1300/1771/723 1304/1772/723 1309/1773/723 1302/1752/723 1244/1745/723 1245/1747/723
f 1264/1759/723 1268/1774/723 1273/1775/723 1266/1776/723 1276/1777/723 1280/1778/723 1285/1779/723 1278/1780/723 1246/1750/723 1247/1743/723
f 1278/1780/723 1286/1781/723 1282/1782/723 1277/1783/723 1337/1784/723 1343/1785/723 1339/1786/723 1336/1767/723 1245/1747/723 1246/1750/723
f 1326/1766/722 1334/1787/722 1330/1788/722 1325/1789/722 1289/1790/722 1295/1791/722 1291/1792/722 1288/1793/722 1250/1728/722 1249/1629/722
f 1252/1794/722 1255/1795/722 1257/1796/722 1256/1797/722
f 1255/1795/722 1259/1798/722 1260/1799/722 1257/1796/722
f 1253/1718/722 1258/1717/722 1260/1799/722 1259/1798/722
f 1258/1717/722 1262/1716/722 1263/1800/722 1260/1799/722
f 1254/1715/722 1261/1801/722 1263/1800/722 1262/1716/722
f 1261/1801/722 1256/1797/722 1257/1796/722 1263/1800/722
f 1257/1802/722 1260/1803/722 1263/1804/722
f 1264/1759/723 1267/1758/723 1269/1805/723 1268/1774/723
f 1267/1758/723 1271/1757/723 1272/1806/723 1269/1805/723
f 1265/1756/723 1270/1807/723 1272/1806/723 1271/1757/723
f 1270/1807/723 1274/1808/723 1275/1809/723 1272/1806/723
f 1266/1776/723 1273/1775/723 1275/1809/723 1274/1808/723
f 1273/1775/723 1268/1774/723 1269/1805/723 1275/1809/723
f 1269/1810/723 1272/1811/723 1275/1812/723
f 1276/1777/723 1279/1813/723 1281/1814/723 1280/1778/723
f 1279/1813/723 1283/1815/723 1284/1816/723 1281/1814/723
f 1277/1783/723 1282/1782/723 1284/1816/723 1283/1815/723
f 1282/1782/723 1286/1781/723 1287/1817/723 1284/1816/723
f 1278/1780/723 1285/1779/723 1287/1817/723 1286/1781/723
f 1285/1779/723 1280/1778/723 1281/1814/723 1287/1817/723
f 1281/1818/723 1284/1819/723 1287/1820/723
f 1288/1793/722 1291/1792/722 1293/1821/722 1292/1822/722
f 1291/1792/722 1295/1791/722 1296/1823/722 1293/1821/722
f 1289/1790/722 1294/1824/722 1296/1823/722 1295/1791/722
f 1294/1824/722 1298/1825/722 1299/1826/722 1296/1823/722
f 1290/1827/722 1297/1828/722 1299/1826/722 1298/1825/722
f 1297/1828/722 1292/1822/722 1293/1821/722 1299/1826/722
f 1293/1829/722 1296/1830/722 1299/1831/722
f 1300/1771/723 1303/1832/723 1305/1833/723 1304/1772/723
f 1303/1832/723 1307/1834/723 1308/1835/723 1305/1833/723
f 1301/1755/723 1306/1754/723 1308/1835/723 1307/1834/723
f 1306/1754/723 1310/1753/723 1311/1836/723 1308/1835/723
f 1302/1752/723 1309/1773/723 1311/1836/723 1310/1753/723
f 1309/1773/723 1304/1772/723 1305/1833/723 1311/1836/723
f 1305/1837/723 1308/1838/723 1311/1839/723
f 1312/1722/722 1315/1721/722 1317/1840/722 1316/1760/722
f 1315/1721/722 1319/1720/722 1320/1841/722 1317/1840/722
f 1313/1719/722 1318/1842/722 1320/1841/722 1319/1720/722
f 1318/1842/722 1322/1843/722 1323/1844/722 1320/1841/722
f 1314/1762/722 1321/1761/722 1323/1844/722 1322/1843/722
f 1321/1761/722 1316/1760/722 1317/1840/722 1323/1844/722
f 1317/1845/722 1320/1846/722 1323/1847/722
f 1324/1763/722 1327/1848/722 1329/1849/722 1328/1764/722
f 1327/1848/722 1331/1850/722 1332/1851/722 1329/1849/722
f 1325/1789/722 1330/1788/722 1332/1851/722 1331/1850/722
f 1330/1788/722 1334/1787/722 1335/1852/722 1332/1851/722
f 1326/1766/722 1333/1765/722 1335/1852/722 1334/1787/722
f 1333/1765/722 1328/1764/722 1329/1849/722 1335/1852/722
f 1329/1853/722 1332/1854/722 1335/1855/722
f 1336/1767/723 1339/1786/723 1341/1856/723 1340/1768/723
f 1339/1786/723 1343/1785/723 1344/1857/723 1341/1856/723
f 1337/1784/723 1342/1858/723 1344/1857/723 1343/1785/723
f 1342/1858/723 1346/1859/723 1347/1860/723 1344/1857/723
f 1338/1770/723 1345/1769/723 1347/1860/723 1346/1859/723
f 1345/1769/723 1340/1768/723 1341/1856/723 1347/1860/723
f 1341/1861/723 1344/1862/723 1347/1863/723
f 1288/1793/722 1292/1822/722 1297/1828/722 1290/1827/722 1252/1794/722 1256/1797/722 1261/1801/722 1254/1715/722 1251/1724/722 1250/1728/722
usemtl Light
f 1301/1755/723 1307/1834/723 1303/1832/723 1300/1771/723 1338/1770/723 1346/1859/723 1342/1858/723 1337/1784/723 1277/1783/723 1283/1815/723 1279/1813/723 1276/1777/723 1266/1776/723 1274/1808/723 1270/1807/723 1265/1756/723
f 1253/1718/722 1259/1798/722 1255/1795/722 1252/1794/722 1290/1827/722 1298/1825/722 1294/1824/722 1289/1790/722 1325/1789/722 1331/1850/722 1327/1848/722 1324/1763/722 1314/1762/722 1322/1843/722 1318/1842/722 1313/1719/722
o Cube.005_Cube.008
v -1.104943 -0.245202 2.291163
v -1.104943 -0.221058 2.352401
v -1.104943 -0.241315 2.327953
v -1.104943 -0.235563 2.342544
v -1.104943 0.221058 2.352401
v -1.104943 0.245202 2.291163
v -1.104943 0.235563 2.342544
v -1.104943 0.241315 2.327953
v -1.104943 -0.221058 1.108527
v -1.104943 -0.245202 1.169765
v -1.104943 -0.235563 1.118385
v -1.104943 -0.241315 1.132975
v -1.104943 0.245202 1.169765
v -1.104943 0.221058 1.108527
v -1.104943 0.241315 1.132975
v -1.104943 0.235563 1.118385
v 1.104943 -0.221058 2.352401
v 1.104943 -0.245202 2.291163
v 1.104943 -0.235563 2.342544
v 1.104943 -0.241315 2.327953
v 1.104943 0.245202 2.291163
v 1.104943 0.221058 2.352401
v 1.104943 0.241315 2.327953
v 1.104943 0.235563 2.342544
v 1.104943 -0.245202 1.169765
v 1.104943 -0.221058 1.108527
v 1.104943 -0.241315 1.132975
v 1.104943 -0.235563 1.118385
v 1.104943 0.221058 1.108527
v 1.104943 0.245202 1.169765
v 1.104943 0.235563 1.118385
v 1.104943 0.241315 1.132975
v 1.104943 -0.339219 1.066685
v 1.104943 -0.350000 1.152905
v -1.104943 -0.350000 1.152905
v -1.104943 -0.339219 1.066685
v 1.104943 -0.309764 1.003567
v -1.104943 -0.309764 1.003567
v 1.104943 -0.269527 0.980464
v -1.104943 -0.269527 0.980464
v -1.104943 0.339219 1.066685
v -1.104943 0.350000 1.152905
v 1.104943 0.350000 1.152905
v 1.104943 0.339219 1.066685
v -1.104943 0.309764 1.003567
v 1.104943 0.309764 1.003567
v -1.104943 0.269527 0.980464
v 1.104943 0.269527 0.980464
v -1.104943 -0.339219 2.394243
v -1.104943 -0.350000 2.308023
v 1.104943 -0.350000 2.308023
v 1.104943 -0.339219 2.394243
v -1.104943 -0.309764 2.457361
v 1.104943 -0.309764 2.457361
v -1.104943 -0.269527 2.480464
v 1.104943 -0.269527 2.480464
v 1.104943 0.339219 2.394243
v 1.104943 0.350000 2.308023
v -1.104943 0.350000 2.308023
v -1.104943 0.339219 2.394243
v 1.104943 0.309764 2.457361
v -1.104943 0.309764 2.457361
v 1.104943 0.269527 2.480464
v -1.104943 0.269527 2.480464
v -1.040763 -0.235785 2.328516
v -1.040763 0.235785 2.328516
v -1.040763 0.235785 1.132413
v -1.040763 -0.235785 1.132413
v 1.040763 -0.235785 2.328516
v 1.040763 0.235785 2.328516
v 1.040763 0.235785 1.132413
v 1.040763 -0.235785 1.132413
v 1.040763 -0.024878 1.212192
v 1.040763 -0.150878 1.482192
v 1.040763 -0.235753 1.132443
v 1.040763 -0.086722 1.252254
v 1.040763 -0.099186 1.200397
v 1.040763 -0.125153 1.234540
v 1.040763 -0.163551 1.337387
v 1.040763 -0.132183 1.349669
v 1.040763 -0.146107 1.278970
v 1.040763 -0.176326 1.171149
v 1.040763 -0.194575 1.210174
v 1.040763 -0.160684 1.220530
v -1.040763 -0.235753 1.132443
v -1.040763 -0.150878 1.482192
v -1.040763 -0.024878 1.212192
v -1.040763 -0.194575 1.210174
v -1.040763 -0.176326 1.171149
v -1.040763 -0.160684 1.220530
v -1.040763 -0.132183 1.349669
v -1.040763 -0.163551 1.337387
v -1.040763 -0.146107 1.278970
v -1.040763 -0.099186 1.200397
v -1.040763 -0.086722 1.252254
v -1.040763 -0.125153 1.234540
v -1.040763 0.024878 1.212192
v -1.040763 0.150878 1.482192
v -1.040763 0.235753 1.132443
v -1.040763 0.086722 1.252254
v -1.040763 0.099186 1.200397
v -1.040763 0.125153 1.234540
v -1.040763 0.163551 1.337387
v -1.040763 0.132183 1.349669
v -1.040763 0.146107 1.278970
v -1.040763 0.176326 1.171149
v -1.040763 0.194575 1.210174
v -1.040763 0.160684 1.220530
v 1.040763 0.235753 1.132443
v 1.040763 0.150878 1.482192
v 1.040763 0.024878 1.212192
v 1.040763 0.194575 1.210174
v 1.040763 0.176326 1.171149
v 1.040763 0.160684 1.220530
v 1.040763 0.132183 1.349669
v 1.040763 0.163551 1.337387
v 1.040763 0.146107 1.278970
v 1.040763 0.099186 1.200397
v 1.040763 0.086722 1.252254
v 1.040763 0.125153 1.234540
v -1.040763 -0.024878 2.248736
v -1.040763 -0.150878 1.978736
v -1.040763 -0.235753 2.328485
v -1.040763 -0.086722 2.208674
v -1.040763 -0.099186 2.260531
v -1.040763 -0.125153 2.226388
v -1.040763 -0.163551 2.123541
v -1.040763 -0.132183 2.111259
v -1.040763 -0.146107 2.181958
v -1.040763 -0.176326 2.289780
v -1.040763 -0.194575 2.250754
v -1.040763 -0.160684 2.240399
v 1.040763 -0.235753 2.328485
v 1.040763 -0.150878 1.978736
v 1.040763 -0.024878 2.248736
v 1.040763 -0.194575 2.250754
v 1.040763 -0.176326 2.289780
v 1.040763 -0.160684 2.240399
v 1.040763 -0.132183 2.111259
v 1.040763 -0.163551 2.123541
v 1.040763 -0.146107 2.181958
v 1.040763 -0.099186 2.260531
v 1.040763 -0.086722 2.208674
v 1.040763 -0.125153 2.226388
v 1.040763 0.024878 2.248736
v 1.040763 0.150878 1.978736
v 1.040763 0.235753 2.328485
v 1.040763 0.086722 2.208674
v 1.040763 0.099186 2.260531
v 1.040763 0.125153 2.226388
v 1.040763 0.163551 2.123541
v 1.040763 0.132183 2.111259
v 1.040763 0.146107 2.181958
v 1.040763 0.176326 2.289780
v 1.040763 0.194575 2.250754
v 1.040763 0.160684 2.240399
v -1.040763 0.235753 2.328485
v -1.040763 0.150878 1.978736
v -1.040763 0.024878 2.248736
v -1.040763 0.194575 2.250754
v -1.040763 0.176326 2.289780
v -1.040763 0.160684 2.240399
v -1.040763 0.132183 2.111259
v -1.040763 0.163551 2.123541
v -1.040763 0.146107 2.181958
v -1.040763 0.099186 2.260531
v -1.040763 0.086722 2.208674
v -1.040763 0.125153 2.226388
vt 0.403740 0.750000
vt 0.596260 0.750000
vt 0.596260 1.000000
vt 0.403740 1.000000
vt 0.593450 0.728656
vt 0.406550 0.728656
vt 0.406550 0.728656
vt 0.593450 0.728656
vt 0.625000 0.528740
vt 0.875000 0.528740
vt 0.875000 0.721260
vt 0.625000 0.721260
vt 0.397987 0.525419
vt 0.400418 0.522987
vt 0.397987 0.525419
vt 0.403740 0.250000
vt 0.596260 0.250000
vt 0.596260 0.500000
vt 0.403740 0.500000
vt 0.375000 0.528740
vt 0.125000 0.528740
vt 0.125000 0.514370
vt 0.375000 0.514370
vt 0.125000 0.500000
vt 0.375000 0.500000
vt 0.375000 0.250000
vt 0.625000 0.500000
vt 0.875000 0.500000
vt 0.625000 0.250000
vt 0.610630 0.500000
vt 0.610630 0.250000
vt 0.125000 0.721260
vt 0.375000 0.721260
vt 0.375000 0.735630
vt 0.125000 0.735630
vt 0.375000 0.750000
vt 0.125000 0.750000
vt 0.375000 1.000000
vt 0.875000 0.750000
vt 0.625000 0.750000
vt 0.625000 1.000000
vt 0.610630 1.000000
vt 0.610630 0.750000
vt 0.396344 0.531550
vt 0.378850 0.514370
vt 0.396344 0.218450
vt 0.397987 0.224582
vt 0.378850 0.235630
vt 0.375000 0.221260
vt 0.389370 0.503850
vt 0.400418 0.227013
vt 0.389370 0.246150
vt 0.406550 0.521344
vt 0.406550 0.228656
vt 0.602013 0.224582
vt 0.603656 0.218450
vt 0.625000 0.221260
vt 0.621149 0.235630
vt 0.603656 0.531550
vt 0.602013 0.525418
vt 0.621150 0.514370
vt 0.599581 0.227013
vt 0.610630 0.246150
vt 0.599582 0.522987
vt 0.610630 0.503850
vt 0.593450 0.228656
vt 0.593450 0.521344
vt 0.397987 0.025418
vt 0.396344 0.031550
vt 0.375000 0.028740
vt 0.378850 0.014370
vt 0.396344 0.718450
vt 0.397987 0.724581
vt 0.378850 0.735630
vt 0.400418 0.022987
vt 0.389370 0.003850
vt 0.400418 0.727013
vt 0.389370 0.746150
vt 0.406550 0.021344
vt 0.403740 0.000000
vt 0.602013 0.724582
vt 0.603656 0.718450
vt 0.621149 0.735630
vt 0.603656 0.031550
vt 0.602013 0.025418
vt 0.621150 0.014370
vt 0.625000 0.028740
vt 0.599581 0.727013
vt 0.610630 0.746150
vt 0.599582 0.022987
vt 0.610630 0.003850
vt 0.593450 0.021344
vt 0.596260 0.000000
vt 0.406563 0.521356
vt 0.422708 0.542835
vt 0.434428 0.567611
vt 0.438637 0.588886
vt 0.435235 0.654583
vt 0.428851 0.675310
vt 0.414635 0.698743
vt 0.396358 0.718439
vt 0.396344 0.718450
vt 0.406550 0.521344
vt 0.400418 0.022987
vt 0.400418 0.227013
vt 0.603656 0.718450
vt 0.603656 0.531550
vt 0.400418 0.522987
vt 0.593450 0.521344
vt 0.406550 0.228656
vt 0.602013 0.025418
vt 0.603656 0.218450
vt 0.602013 0.724582
vt 0.602013 0.525418
vt 0.599582 0.022987
vt 0.602013 0.224582
vt 0.599581 0.727013
vt 0.599582 0.522987
vt 0.593450 0.021344
vt 0.599581 0.227013
vt 0.396344 0.031550
vt 0.396344 0.218450
vt 0.396344 0.531550
vt 0.406550 0.021344
vt 0.397987 0.724581
vt 0.603656 0.031550
vt 0.397987 0.025418
vt 0.397987 0.224582
vt 0.593450 0.228656
vt 0.400418 0.727013
vt 0.406563 0.021356
vt 0.422708 0.042835
vt 0.434428 0.067611
vt 0.438637 0.088886
vt 0.435235 0.154582
vt 0.428851 0.175310
vt 0.414635 0.198743
vt 0.396358 0.218439
vt 0.421950 0.705179
vt 0.454762 0.695857
vt 0.486051 0.693032
vt 0.506848 0.694109
vt 0.537677 0.700150
vt 0.569351 0.712812
vt 0.593437 0.728644
vt 0.603642 0.031561
vt 0.578050 0.044821
vt 0.545238 0.054143
vt 0.513949 0.056968
vt 0.493152 0.055891
vt 0.462323 0.049850
vt 0.430649 0.037188
vt 0.421950 0.205179
vt 0.454762 0.195857
vt 0.486051 0.193032
vt 0.506848 0.194109
vt 0.537677 0.200150
vt 0.569351 0.212812
vt 0.593437 0.228644
vt 0.577292 0.207165
vt 0.565572 0.182389
vt 0.561363 0.161114
vt 0.564765 0.095418
vt 0.571149 0.074690
vt 0.585365 0.051257
vt 0.577292 0.707165
vt 0.565572 0.682389
vt 0.561363 0.661114
vt 0.564765 0.595417
vt 0.571149 0.574690
vt 0.585365 0.551257
vt 0.603642 0.531561
vt 0.493152 0.555891
vt 0.467028 0.559853
vt 0.451239 0.553720
vt 0.462323 0.549850
vt 0.447359 0.571758
vt 0.440029 0.561999
vt 0.437772 0.550618
vt 0.430649 0.537188
vt 0.450805 0.562119
vt 0.442023 0.562102
vt 0.436432 0.552104
vt 0.430422 0.192557
vt 0.433843 0.181470
vt 0.442142 0.172521
vt 0.460476 0.186393
vt 0.444138 0.190862
vt 0.429449 0.186960
vt 0.435875 0.180832
vt 0.444291 0.187905
vt 0.532972 0.190147
vt 0.548761 0.196279
vt 0.552641 0.178242
vt 0.559971 0.188001
vt 0.562228 0.199382
vt 0.549196 0.187881
vt 0.557977 0.187898
vt 0.563568 0.197896
vt 0.569578 0.557443
vt 0.578050 0.544821
vt 0.566157 0.568530
vt 0.557858 0.577479
vt 0.539524 0.563607
vt 0.555862 0.559138
vt 0.513949 0.556968
vt 0.545238 0.554143
vt 0.570551 0.563040
vt 0.564124 0.569168
vt 0.555709 0.562095
vt 0.467028 0.059853
vt 0.451239 0.053721
vt 0.447359 0.071758
vt 0.440029 0.061999
vt 0.437772 0.050618
vt 0.450805 0.062119
vt 0.442023 0.062102
vt 0.436432 0.052104
vt 0.430422 0.692557
vt 0.433843 0.681470
vt 0.442142 0.672521
vt 0.460476 0.686393
vt 0.444138 0.690862
vt 0.429449 0.686960
vt 0.435875 0.680832
vt 0.444291 0.687905
vt 0.532972 0.690147
vt 0.548761 0.696279
vt 0.552641 0.678242
vt 0.559971 0.688001
vt 0.562228 0.699382
vt 0.549196 0.687881
vt 0.557977 0.687898
vt 0.563568 0.697896
vt 0.569578 0.057443
vt 0.566157 0.068530
vt 0.557858 0.077479
vt 0.539524 0.063607
vt 0.555862 0.059138
vt 0.570551 0.063040
vt 0.564124 0.069168
vt 0.555709 0.062095
vn 0.0000 0.0000 1.0000
vn 0.3488 0.0000 -0.9372
vn 0.0000 1.0000 0.0000
vn 0.0767 0.9276 0.3657
vn 0.0000 0.0000 -1.0000
vn 0.0000 -0.9923 -0.1241
vn 0.0000 -0.9062 -0.4229
vn 0.0000 -0.4979 -0.8672
vn 0.0000 0.9923 -0.1241
vn 0.0000 0.9062 -0.4229
vn 0.0000 0.4979 -0.8672
vn 0.0000 -0.9923 0.1241
vn 0.0000 -0.9062 0.4229
vn 0.0000 -0.4979 0.8672
vn 0.0000 0.9923 0.1241
vn 0.0000 0.9062 0.4229
vn 0.0000 0.4979 0.8672
vn 0.0000 -1.0000 0.0000
vn 1.0000 0.0000 0.0000
vn -1.0000 0.0000 0.0000
vn -0.1760 0.5533 -0.8142
vn -0.0767 0.9276 0.3657
vn 0.1452 -0.9894 0.0000
vn 0.1760 0.5533 -0.8142
vn 0.1760 0.5533 0.8142
vn 0.3488 0.0000 0.9372
vn 0.0845 -0.9909 -0.1047
vn -0.1760 0.5533 0.8142
vn -0.0845 -0.9909 -0.1047
vn -0.0845 -0.9909 0.1047
vn 0.0767 -0.9276 -0.3657
vn 0.0845 -0.9909 0.1047
vn -0.0767 -0.9276 -0.3657
vn -0.0767 -0.9276 0.3657
vn 0.1760 -0.5533 -0.8142
vn 0.0767 -0.9276 0.3657
vn -0.1760 -0.5533 -0.8142
vn -0.1760 -0.5533 0.8142
vn -0.1452 0.9894 0.0000
vn 0.1760 -0.5533 0.8142
vn 0.1452 0.9894 0.0000
vn -0.0845 0.9909 -0.1047
vn -0.3488 0.0000 -0.9372
vn 0.0845 0.9909 -0.1047
vn 0.0845 0.9909 0.1047
vn -0.1452 -0.9894 0.0000
vn -0.0767 0.9276 -0.3657
vn -0.0845 0.9909 0.1047
vn -0.3488 0.0000 0.9372
vn 0.0767 0.9276 -0.3657
usemtl Black
s off
f 1403/1864/754 1410/1865/754 1411/1866/754 1402/1867/754
f 1369/1868/755 1364/1869/755 1416/1870/755 1417/1871/755
f 1390/1872/756 1389/1873/756 1406/1874/756 1405/1875/756
f 1374/1876/757 1375/1877/757 1419/1878/757
f 1387/1879/758 1394/1880/758 1395/1881/758 1386/1882/758
f 1381/1883/759 1382/1884/759 1383/1885/759 1380/1886/759
f 1380/1886/760 1383/1885/760 1385/1887/760 1384/1888/760
f 1384/1888/761 1385/1889/761 1387/1879/761 1386/1882/761
f 1389/1873/762 1390/1872/762 1391/1890/762 1388/1891/762
f 1388/1892/763 1391/1890/763 1393/1893/763 1392/1894/763
f 1392/1894/764 1393/1893/764 1395/1881/764 1394/1880/764
f 1397/1895/765 1398/1896/765 1399/1897/765 1396/1898/765
f 1396/1898/766 1399/1897/766 1401/1899/766 1400/1900/766
f 1400/1901/767 1401/1899/767 1403/1864/767 1402/1867/767
f 1405/1875/768 1406/1874/768 1407/1902/768 1404/1903/768
f 1404/1903/769 1407/1904/769 1409/1905/769 1408/1906/769
f 1408/1906/770 1409/1905/770 1411/1866/770 1410/1865/770
f 1382/1884/771 1381/1883/771 1398/1896/771 1397/1895/771
f 1374/1876/772 1372/1907/772 1381/1883/772 1380/1908/772
f 1357/1909/773 1359/1910/773 1383/1911/773 1382/1912/773
f 1375/1877/772 1374/1876/772 1380/1908/772 1384/1913/772
f 1359/1910/773 1358/1914/773 1385/1915/773 1383/1911/773
f 1373/1916/772 1375/1877/772 1384/1913/772 1386/1882/772
f 1358/1914/773 1356/1917/773 1387/1879/773 1385/1915/773
f 1362/1918/773 1360/1919/773 1389/1920/773 1388/1921/773
f 1377/1922/772 1379/1923/772 1391/1924/772 1390/1872/772
f 1363/1925/773 1362/1918/773 1388/1921/773 1392/1926/773
f 1379/1923/772 1378/1927/772 1393/1928/772 1391/1924/772
f 1361/1929/773 1363/1925/773 1392/1926/773 1394/1880/773
f 1378/1927/772 1376/1930/772 1395/1881/772 1393/1928/772
f 1350/1931/773 1348/1932/773 1397/1933/773 1396/1934/773
f 1365/1935/772 1367/1936/772 1399/1937/772 1398/1896/772
f 1351/1938/773 1350/1931/773 1396/1934/773 1400/1939/773
f 1367/1936/772 1366/1940/772 1401/1941/772 1399/1937/772
f 1349/1942/773 1351/1938/773 1400/1939/773 1402/1943/773
f 1366/1940/772 1364/1869/772 1403/1864/772 1401/1941/772
f 1370/1944/772 1368/1945/772 1405/1875/772 1404/1946/772
f 1353/1947/773 1355/1948/773 1407/1949/773 1406/1950/773
f 1371/1951/772 1370/1944/772 1404/1946/772 1408/1952/772
f 1355/1948/773 1354/1953/773 1409/1954/773 1407/1949/773
f 1369/1868/772 1371/1951/772 1408/1952/772 1410/1865/772
f 1354/1953/773 1352/1955/773 1411/1956/773 1409/1954/773
f 1348/1932/773 1357/1909/773 1382/1912/773 1397/1933/773
f 1372/1907/772 1365/1935/772 1398/1896/772 1381/1883/772
f 1352/1955/773 1349/1942/773 1402/1943/773 1411/1956/773
f 1360/1919/773 1353/1947/773 1406/1950/773 1389/1920/773
f 1356/1917/773 1361/1929/773 1394/1880/773 1387/1879/773
f 1364/1869/772 1369/1868/772 1410/1865/772 1403/1864/772
f 1368/1945/772 1377/1922/772 1390/1872/772 1405/1875/772
f 1376/1930/772 1373/1916/772 1386/1882/772 1395/1881/772
f 1422/1957/772 1430/1958/772 1426/1959/772 1421/1960/772 1481/1961/772 1487/1962/772 1483/1963/772 1480/1964/772 1416/1965/772 1419/1966/772
f 1351/1938/774 1349/1942/774 1412/1967/774
f 1358/1914/775 1359/1910/775 1415/1968/775
f 1377/1922/776 1368/1945/776 1417/1969/776 1418/1970/776
f 1364/1869/777 1366/1940/777 1416/1870/777
f 1375/1877/778 1373/1916/778 1419/1971/778
f 1373/1916/779 1376/1930/779 1418/1972/779 1419/1966/779
f 1368/1945/780 1370/1944/780 1417/1969/780
f 1356/1917/781 1358/1914/781 1415/1973/781
f 1355/1948/782 1353/1947/782 1413/1974/782
f 1360/1919/783 1362/1918/783 1414/1975/783
f 1370/1944/784 1371/1951/784 1417/1976/784
f 1379/1923/785 1377/1922/785 1418/1977/785
f 1354/1953/786 1355/1948/786 1413/1978/786
f 1362/1918/787 1363/1925/787 1414/1979/787
f 1371/1951/788 1369/1868/788 1417/1980/788
f 1378/1927/789 1379/1923/789 1418/1981/789
f 1352/1955/790 1354/1953/790 1413/1982/790
f 1363/1925/791 1361/1929/791 1414/1983/791
f 1357/1909/792 1348/1932/792 1412/1984/792 1415/1985/792
f 1376/1930/793 1378/1927/793 1418/1972/793
f 1365/1935/794 1372/1907/794 1419/1986/794 1416/1965/794
f 1348/1932/795 1350/1931/795 1412/1984/795
f 1349/1942/796 1352/1955/796 1413/1982/796 1412/1987/796
f 1367/1936/797 1365/1935/797 1416/1988/797
f 1372/1907/798 1374/1876/798 1419/1986/798
f 1353/1947/799 1360/1919/799 1414/1975/799 1413/1989/799
f 1350/1931/800 1351/1938/800 1412/1990/800
f 1359/1910/801 1357/1909/801 1415/1991/801
f 1361/1929/802 1356/1917/802 1415/1973/802 1414/1992/802
f 1366/1940/803 1367/1936/803 1416/1993/803
f 1470/1994/773 1478/1995/773 1474/1996/773 1469/1997/773 1433/1998/773 1439/1999/773 1435/2000/773 1432/2001/773 1415/1985/773 1412/1987/773
f 1480/1964/772 1484/2002/772 1489/2003/772 1482/2004/772 1492/2005/772 1496/2006/772 1501/2007/772 1494/2008/772 1417/1871/772 1416/1965/772
f 1504/2009/773 1508/2010/773 1513/2011/773 1506/2012/773 1468/2013/773 1472/2014/773 1477/2015/773 1470/1994/773 1412/1987/773 1413/1989/773
f 1432/2001/773 1436/2016/773 1441/2017/773 1434/2018/773 1444/2019/773 1448/2020/773 1453/2021/773 1446/2022/773 1414/1992/773 1415/1985/773
f 1446/2022/773 1454/2023/773 1450/2024/773 1445/2025/773 1505/2026/773 1511/2027/773 1507/2028/773 1504/2009/773 1413/1989/773 1414/1992/773
f 1494/2008/772 1502/2029/772 1498/2030/772 1493/2031/772 1457/2032/772 1463/2033/772 1459/2034/772 1456/2035/772 1418/1970/772 1417/1871/772
f 1420/2036/772 1423/2037/772 1425/2038/772 1424/2039/772
f 1423/2037/772 1427/2040/772 1428/2041/772 1425/2038/772
f 1421/1960/772 1426/1959/772 1428/2041/772 1427/2040/772
f 1426/1959/772 1430/1958/772 1431/2042/772 1428/2041/772
f 1422/1957/772 1429/2043/772 1431/2042/772 1430/1958/772
f 1429/2043/772 1424/2039/772 1425/2038/772 1431/2042/772
f 1425/2044/772 1428/2045/772 1431/2046/772
f 1432/2001/773 1435/2000/773 1437/2047/773 1436/2016/773
f 1435/2000/773 1439/1999/773 1440/2048/773 1437/2047/773
f 1433/1998/773 1438/2049/773 1440/2048/773 1439/1999/773
f 1438/2049/773 1442/2050/773 1443/2051/773 1440/2048/773
f 1434/2018/773 1441/2017/773 1443/2051/773 1442/2050/773
f 1441/2017/773 1436/2016/773 1437/2047/773 1443/2051/773
f 1437/2052/773 1440/2053/773 1443/2054/773
f 1444/2019/773 1447/2055/773 1449/2056/773 1448/2020/773
f 1447/2055/773 1451/2057/773 1452/2058/773 1449/2056/773
f 1445/2025/773 1450/2024/773 1452/2058/773 1451/2057/773
f 1450/2024/773 1454/2023/773 1455/2059/773 1452/2058/773
f 1446/2022/773 1453/2021/773 1455/2059/773 1454/2023/773
f 1453/2021/773 1448/2020/773 1449/2056/773 1455/2059/773
f 1449/2060/773 1452/2061/773 1455/2062/773
f 1456/2035/772 1459/2034/772 1461/2063/772 1460/2064/772
f 1459/2034/772 1463/2033/772 1464/2065/772 1461/2063/772
f 1457/2032/772 1462/2066/772 1464/2065/772 1463/2033/772
f 1462/2066/772 1466/2067/772 1467/2068/772 1464/2065/772
f 1458/2069/772 1465/2070/772 1467/2068/772 1466/2067/772
f 1465/2070/772 1460/2064/772 1461/2063/772 1467/2068/772
f 1461/2071/772 1464/2072/772 1467/2073/772
f 1468/2013/773 1471/2074/773 1473/2075/773 1472/2014/773
f 1471/2074/773 1475/2076/773 1476/2077/773 1473/2075/773
f 1469/1997/773 1474/1996/773 1476/2077/773 1475/2076/773
f 1474/1996/773 1478/1995/773 1479/2078/773 1476/2077/773
f 1470/1994/773 1477/2015/773 1479/2078/773 1478/1995/773
f 1477/2015/773 1472/2014/773 1473/2075/773 1479/2078/773
f 1473/2079/773 1476/2080/773 1479/2081/773
f 1480/1964/772 1483/1963/772 1485/2082/772 1484/2002/772
f 1483/1963/772 1487/1962/772 1488/2083/772 1485/2082/772
f 1481/1961/772 1486/2084/772 1488/2083/772 1487/1962/772
f 1486/2084/772 1490/2085/772 1491/2086/772 1488/2083/772
f 1482/2004/772 1489/2003/772 1491/2086/772 1490/2085/772
f 1489/2003/772 1484/2002/772 1485/2082/772 1491/2086/772
f 1485/2087/772 1488/2088/772 1491/2089/772
f 1492/2005/772 1495/2090/772 1497/2091/772 1496/2006/772
f 1495/2090/772 1499/2092/772 1500/2093/772 1497/2091/772
f 1493/2031/772 1498/2030/772 1500/2093/772 1499/2092/772
f 1498/2030/772 1502/2029/772 1503/2094/772 1500/2093/772
f 1494/2008/772 1501/2007/772 1503/2094/772 1502/2029/772
f 1501/2007/772 1496/2006/772 1497/2091/772 1503/2094/772
f 1497/2095/772 1500/2096/772 1503/2097/772
f 1504/2009/773 1507/2028/773 1509/2098/773 1508/2010/773
f 1507/2028/773 1511/2027/773 1512/2099/773 1509/2098/773
f 1505/2026/773 1510/2100/773 1512/2099/773 1511/2027/773
f 1510/2100/773 1514/2101/773 1515/2102/773 1512/2099/773
f 1506/2012/773 1513/2011/773 1515/2102/773 1514/2101/773
f 1513/2011/773 1508/2010/773 1509/2098/773 1515/2102/773
f 1509/2103/773 1512/2104/773 1515/2105/773
f 1456/2035/772 1460/2064/772 1465/2070/772 1458/2069/772 1420/2036/772 1424/2039/772 1429/2043/772 1422/1957/772 1419/1966/772 1418/1970/772
usemtl Light
f 1469/1997/773 1475/2076/773 1471/2074/773 1468/2013/773 1506/2012/773 1514/2101/773 1510/2100/773 1505/2026/773 1445/2025/773 1451/2057/773 1447/2055/773 1444/2019/773 1434/2018/773 1442/2050/773 1438/2049/773 1433/1998/773
f 1421/1960/772 1427/2040/772 1423/2037/772 1420/2036/772 1458/2069/772 1466/2067/772 1462/2066/772 1457/2032/772 1493/2031/772 1499/2092/772 1495/2090/772 1492/2005/772 1482/2004/772 1490/2085/772 1486/2084/772 1481/1961/772
o Cube.006_Cube.009
v -0.330463 0.913303 2.130535
v -0.230110 1.224688 2.030182
v 0.330463 0.913303 2.130535
v 0.230110 1.224688 2.030182
v -0.330463 0.913303 -2.168602
v -0.013806 0.913303 -2.485259
v -0.324378 0.913303 -2.230379
v -0.306359 0.913303 -2.289781
v -0.277097 0.913303 -2.344527
v -0.237716 0.913303 -2.392512
v -0.189731 0.913303 -2.431892
v -0.134985 0.913303 -2.461154
v -0.075583 0.913303 -2.479174
v -0.008876 1.224688 -2.384906
v -0.230110 1.224688 -2.163672
v -0.055910 1.224688 -2.380274
v -0.096396 1.224688 -2.367992
v -0.133709 1.224688 -2.348049
v -0.166413 1.224688 -2.321209
v -0.193253 1.224688 -2.288504
v -0.213197 1.224688 -2.251192
v -0.225478 1.224688 -2.210706
v 0.013806 0.913303 -2.485259
v 0.330463 0.913303 -2.168602
v 0.075583 0.913303 -2.479174
v 0.134985 0.913303 -2.461154
v 0.189731 0.913303 -2.431892
v 0.237716 0.913303 -2.392512
v 0.277097 0.913303 -2.344527
v 0.306359 0.913303 -2.289781
v 0.324378 0.913303 -2.230379
v 0.230110 1.224688 -2.163672
v 0.008876 1.224688 -2.384906
v 0.225478 1.224688 -2.210706
v 0.213197 1.224688 -2.251192
v 0.193253 1.224688 -2.288504
v 0.166413 1.224688 -2.321209
v 0.133709 1.224688 -2.348049
v 0.096396 1.224688 -2.367992
v 0.055910 1.224688 -2.380274
v 0.330463 1.224688 2.130535
v -0.330463 1.224688 2.130535
v -0.075583 1.224688 -2.479174
v -0.013806 1.224688 -2.485259
v -0.134985 1.224688 -2.461154
v -0.189731 1.224688 -2.431892
v -0.237716 1.224688 -2.392512
v -0.277097 1.224688 -2.344527
v -0.306359 1.224688 -2.289781
v -0.324378 1.224688 -2.230379
v -0.330463 1.224688 -2.168602
v 0.324378 1.224688 -2.230379
v 0.330463 1.224688 -2.168602
v 0.306359 1.224688 -2.289781
v 0.277097 1.224688 -2.344527
v 0.237716 1.224688 -2.392512
v 0.189731 1.224688 -2.431892
v 0.134985 1.224688 -2.461154
v 0.075583 1.224688 -2.479174
v 0.013806 1.224688 -2.485259
v 0.230110 1.154705 2.030182
v -0.230110 1.154705 2.030182
v -0.055910 1.154705 -2.380274
v -0.008876 1.154705 -2.384906
v -0.096396 1.154705 -2.367992
v -0.133709 1.154705 -2.348049
v -0.166413 1.154705 -2.321209
v -0.193253 1.154705 -2.288504
v -0.213197 1.154705 -2.251192
v -0.225478 1.154705 -2.210706
v -0.230110 1.154705 -2.163672
v 0.225478 1.154705 -2.210706
v 0.230110 1.154705 -2.163672
v 0.213197 1.154705 -2.251192
v 0.193253 1.154705 -2.288504
v 0.166413 1.154705 -2.321209
v 0.133709 1.154705 -2.348049
v 0.096396 1.154705 -2.367992
v 0.055910 1.154705 -2.380274
v 0.008876 1.154705 -2.384906
vt 0.662959 0.524142
vt 0.664711 0.520611
vt 0.669357 0.517572
vt 0.676901 0.514771
vt 0.687053 0.512316
vt 0.699424 0.510301
vt 0.713537 0.508803
vt 0.728852 0.507881
vt 0.746643 0.507534
vt 0.753357 0.507534
vt 0.771148 0.507881
vt 0.786463 0.508803
vt 0.800576 0.510301
vt 0.812947 0.512316
vt 0.823099 0.514771
vt 0.830643 0.517572
vt 0.835289 0.520611
vt 0.837041 0.524142
vt 0.837041 0.742466
vt 0.662959 0.742466
vt 0.375000 0.369778
vt 0.625000 0.369778
vt 0.625000 0.380222
vt 0.375000 0.380222
vt 0.669357 0.517572
vt 0.676901 0.514771
vt 0.375000 0.750000
vt 0.625000 0.750000
vt 0.625000 1.000000
vt 0.375000 1.000000
vt 0.375000 0.000000
vt 0.625000 0.000000
vt 0.625000 0.226228
vt 0.375000 0.226228
vt 0.375000 0.523772
vt 0.625000 0.523772
vt 0.375000 0.346410
vt 0.625000 0.346410
vt 0.375000 0.323941
vt 0.625000 0.323941
vt 0.375000 0.303233
vt 0.625000 0.303233
vt 0.375000 0.250000
vt 0.625000 0.250000
vt 0.375000 0.239435
vt 0.625000 0.239435
vt 0.375000 0.235325
vt 0.625000 0.235325
vt 0.375000 0.230865
vt 0.625000 0.230865
vt 0.375000 0.519135
vt 0.625000 0.519135
vt 0.375000 0.514675
vt 0.625000 0.514675
vt 0.375000 0.510565
vt 0.625000 0.510565
vt 0.375000 0.500000
vt 0.625000 0.500000
vt 0.375000 0.446767
vt 0.625000 0.446767
vt 0.375000 0.426059
vt 0.625000 0.426059
vt 0.375000 0.403590
vt 0.625000 0.403590
vt 0.125000 0.523772
vt 0.127301 0.519135
vt 0.134118 0.514675
vt 0.145186 0.510565
vt 0.160082 0.506963
vt 0.178233 0.504006
vt 0.198941 0.501810
vt 0.221410 0.500457
vt 0.244778 0.500000
vt 0.255222 0.500000
vt 0.278590 0.500457
vt 0.301059 0.501810
vt 0.321767 0.504006
vt 0.339918 0.506963
vt 0.354814 0.510565
vt 0.365882 0.514675
vt 0.372699 0.519135
vt 0.125000 0.750000
vt 0.662959 0.742466
vt 0.837041 0.742466
vt 0.875000 0.750000
vt 0.771148 0.507881
vt 0.753357 0.507534
vt 0.755222 0.500000
vt 0.778590 0.500457
vt 0.786463 0.508803
vt 0.801059 0.501810
vt 0.800576 0.510301
vt 0.821767 0.504006
vt 0.812947 0.512316
vt 0.839918 0.506963
vt 0.823099 0.514771
vt 0.854814 0.510565
vt 0.830643 0.517572
vt 0.865882 0.514675
vt 0.835289 0.520611
vt 0.872698 0.519135
vt 0.837041 0.524142
vt 0.875000 0.523772
vt 0.664711 0.520611
vt 0.662959 0.524142
vt 0.627302 0.519135
vt 0.634118 0.514675
vt 0.645186 0.510565
vt 0.687053 0.512316
vt 0.660082 0.506963
vt 0.699424 0.510301
vt 0.678233 0.504006
vt 0.713537 0.508803
vt 0.698941 0.501810
vt 0.728852 0.507881
vt 0.721410 0.500457
vt 0.746643 0.507534
vt 0.744778 0.500000
vn 0.0000 1.0000 -0.0000
vn 0.0000 0.0000 -1.0000
vn -0.8819 0.0000 0.4714
vn 0.0000 0.0000 1.0000
vn -1.0000 0.0000 0.0000
vn 1.0000 0.0000 0.0000
vn -0.0980 0.0000 -0.9952
vn -0.2903 0.0000 -0.9569
vn -0.4714 0.0000 -0.8819
vn -0.6344 0.0000 -0.7730
vn -0.7730 0.0000 -0.6344
vn -0.8819 0.0000 -0.4714
vn -0.9569 0.0000 -0.2903
vn -0.9952 0.0000 -0.0980
vn 0.9952 0.0000 -0.0980
vn 0.9569 0.0000 -0.2903
vn 0.8819 0.0000 -0.4714
vn 0.7730 0.0000 -0.6344
vn 0.6344 0.0000 -0.7730
vn 0.4714 0.0000 -0.8819
vn 0.2903 0.0000 -0.9569
vn 0.0980 0.0000 -0.9952
vn 0.0000 -1.0000 0.0000
vn 0.6344 0.0000 0.7730
vn -0.7730 0.0000 0.6344
vn 0.7730 0.0000 0.6344
vn -0.6344 0.0000 0.7730
vn 0.8819 0.0000 0.4714
vn -0.4714 0.0000 0.8819
vn 0.9569 0.0000 0.2903
vn -0.2903 0.0000 0.9569
vn 0.9952 0.0000 0.0980
vn 0.0980 0.0000 0.9952
vn -0.0980 0.0000 0.9952
vn -0.9952 0.0000 0.0980
vn 0.2903 0.0000 0.9569
vn -0.9569 0.0000 0.2903
vn 0.4714 0.0000 0.8819
usemtl Light
s off
f 1588/2106/804 1587/2107/804 1589/2108/804 1590/2109/804 1591/2110/804 1592/2111/804 1593/2112/804 1594/2113/804 1595/2114/804 1579/2115/804 1578/2116/804 1580/2117/804 1581/2118/804 1582/2119/804 1583/2120/804 1584/2121/804 1585/2122/804 1586/2123/804 1577/2124/804 1576/2125/804
usemtl Black
f 1521/2126/805 1559/2127/805 1575/2128/805 1538/2129/805
f 1550/2130/806 1551/2131/806 1590/2109/806 1589/2108/806
f 1518/2132/807 1556/2133/807 1557/2134/807 1516/2135/807
f 1516/2136/808 1557/2137/808 1566/2138/808 1520/2139/808
f 1539/2140/809 1568/2141/809 1556/2133/809 1518/2132/809
f 1559/2127/810 1521/2126/810 1528/2142/810 1558/2143/810
f 1558/2143/811 1528/2142/811 1527/2144/811 1560/2145/811
f 1560/2145/812 1527/2144/812 1526/2146/812 1561/2147/812
f 1561/2147/813 1526/2146/813 1525/2148/813 1562/2149/813
f 1562/2149/814 1525/2148/814 1524/2150/814 1563/2151/814
f 1563/2151/815 1524/2150/815 1523/2152/815 1564/2153/815
f 1564/2153/816 1523/2152/816 1522/2154/816 1565/2155/816
f 1565/2155/817 1522/2154/817 1520/2139/817 1566/2138/817
f 1568/2141/818 1539/2140/818 1546/2156/818 1567/2157/818
f 1567/2157/819 1546/2156/819 1545/2158/819 1569/2159/819
f 1569/2159/820 1545/2158/820 1544/2160/820 1570/2161/820
f 1570/2161/821 1544/2160/821 1543/2162/821 1571/2163/821
f 1571/2163/822 1543/2162/822 1542/2164/822 1572/2165/822
f 1572/2165/823 1542/2164/823 1541/2166/823 1573/2167/823
f 1573/2167/824 1541/2166/824 1540/2168/824 1574/2169/824
f 1574/2169/825 1540/2168/825 1538/2129/825 1575/2128/825
f 1520/2170/826 1522/2171/826 1523/2172/826 1524/2173/826 1525/2174/826 1526/2175/826 1527/2176/826 1528/2177/826 1521/2178/826 1538/2179/826 1540/2180/826 1541/2181/826 1542/2182/826 1543/2183/826 1544/2184/826 1545/2185/826 1546/2186/826 1539/2140/826 1518/2132/826 1516/2187/826
f 1519/2188/804 1517/2189/804 1557/2190/804 1556/2133/804
f 1531/2191/804 1529/2192/804 1559/2193/804 1558/2194/804
f 1532/2195/804 1531/2191/804 1558/2194/804 1560/2196/804
f 1533/2197/804 1532/2195/804 1560/2196/804 1561/2198/804
f 1534/2199/804 1533/2197/804 1561/2198/804 1562/2200/804
f 1535/2201/804 1534/2199/804 1562/2200/804 1563/2202/804
f 1536/2203/804 1535/2201/804 1563/2202/804 1564/2204/804
f 1537/2205/804 1536/2203/804 1564/2204/804 1565/2206/804
f 1530/2207/804 1537/2205/804 1565/2206/804 1566/2208/804
f 1549/2209/804 1547/2210/804 1568/2141/804 1567/2211/804
f 1550/2130/804 1549/2209/804 1567/2211/804 1569/2212/804
f 1551/2131/804 1550/2130/804 1569/2212/804 1570/2213/804
f 1552/2214/804 1551/2131/804 1570/2213/804 1571/2215/804
f 1553/2216/804 1552/2214/804 1571/2215/804 1572/2217/804
f 1554/2218/804 1553/2216/804 1572/2217/804 1573/2219/804
f 1555/2220/804 1554/2218/804 1573/2219/804 1574/2221/804
f 1548/2222/804 1555/2220/804 1574/2221/804 1575/2223/804
f 1517/2189/804 1530/2207/804 1566/2208/804 1557/2190/804
f 1529/2192/804 1548/2222/804 1575/2223/804 1559/2193/804
f 1547/2210/804 1519/2188/804 1556/2133/804 1568/2141/804
f 1533/2197/827 1534/2199/827 1582/2119/827 1581/2118/827
f 1519/2188/808 1547/2210/808 1588/2106/808 1576/2125/808
f 1551/2131/828 1552/2214/828 1591/2110/828 1590/2109/828
f 1534/2199/829 1535/2201/829 1583/2120/829 1582/2119/829
f 1552/2214/830 1553/2216/830 1592/2111/830 1591/2110/830
f 1535/2201/831 1536/2203/831 1584/2121/831 1583/2120/831
f 1553/2216/832 1554/2218/832 1593/2112/832 1592/2111/832
f 1536/2203/833 1537/2205/833 1585/2122/833 1584/2121/833
f 1517/2189/805 1519/2188/805 1576/2125/805 1577/2124/805
f 1554/2218/834 1555/2220/834 1594/2113/834 1593/2112/834
f 1537/2205/835 1530/2207/835 1586/2123/835 1585/2122/835
f 1529/2192/836 1531/2191/836 1578/2116/836 1579/2115/836
f 1555/2220/837 1548/2222/837 1595/2114/837 1594/2113/837
f 1547/2210/838 1549/2209/838 1587/2107/838 1588/2106/838
f 1531/2191/839 1532/2195/839 1580/2117/839 1578/2116/839
f 1530/2207/809 1517/2189/809 1577/2124/809 1586/2123/809
f 1549/2209/840 1550/2130/840 1589/2108/840 1587/2107/840
f 1532/2195/841 1533/2197/841 1581/2118/841 1580/2117/841
f 1548/2222/807 1529/2192/807 1579/2115/807 1595/2114/807
o Cube.007_Cube.010
v -0.357877 0.798051 2.944573
v -0.500000 0.798051 2.797256
v -0.428939 0.798051 2.924836
v -0.480959 0.798051 2.870914
v -0.151450 1.798051 2.344520
v -0.009327 1.798051 2.491837
v -0.132409 1.798051 2.418178
v -0.080389 1.798051 2.472100
v -0.500000 0.798051 2.081177
v -0.356695 0.798051 1.944573
v -0.480801 0.798051 2.012875
v -0.428348 0.798051 1.962874
v -0.008145 1.798051 2.082628
v -0.151450 1.798051 2.219233
v -0.079797 1.798051 2.100930
v -0.132251 1.798051 2.150930
v 0.500000 0.798051 2.797256
v 0.357877 0.798051 2.944573
v 0.480959 0.798051 2.870914
v 0.428939 0.798051 2.924836
v 0.009327 1.798051 2.491837
v 0.151450 1.798051 2.344520
v 0.080389 1.798051 2.472100
v 0.132409 1.798051 2.418178
v 0.356695 0.798051 1.944573
v 0.500000 0.798051 2.081177
v 0.428348 0.798051 1.962874
v 0.480801 0.798051 2.012875
v 0.151450 1.798051 2.219233
v 0.008145 1.798051 2.082628
v 0.132251 1.798051 2.150930
v 0.079797 1.798051 2.100930
vt 0.375000 0.785531
vt 0.625000 0.867302
vt 0.625000 0.882698
vt 0.375000 0.964469
vt 0.375000 0.534151
vt 0.625000 0.583456
vt 0.625000 0.659999
vt 0.375000 0.713171
vt 0.640846 0.541728
vt 0.684139 0.511181
vt 0.743277 0.500000
vt 0.756723 0.500000
vt 0.815861 0.511181
vt 0.859154 0.541728
vt 0.875000 0.583456
vt 0.875000 0.659999
vt 0.859285 0.704999
vt 0.816349 0.737942
vt 0.757699 0.750000
vt 0.742302 0.750000
vt 0.683651 0.737942
vt 0.640715 0.704999
vt 0.375000 0.036829
vt 0.625000 0.090001
vt 0.625000 0.166544
vt 0.375000 0.215849
vt 0.375000 0.285826
vt 0.625000 0.368277
vt 0.625000 0.381723
vt 0.375000 0.464174
vt 0.625000 1.000000
vt 0.381352 1.000000
vt 0.381352 0.000000
vt 0.625000 0.000000
vt 0.626479 0.044478
vt 0.376479 0.017960
vt 0.375620 0.267826
vt 0.625620 0.309094
vt 0.376492 0.232814
vt 0.626492 0.207936
vt 0.376492 0.517186
vt 0.626492 0.542064
vt 0.375620 0.482174
vt 0.625620 0.440906
vt 0.376854 0.767502
vt 0.626854 0.808564
vt 0.376479 0.732040
vt 0.626479 0.705522
vt 0.125000 0.534151
vt 0.129800 0.517076
vt 0.142913 0.504575
vt 0.160826 0.500000
vt 0.339174 0.500000
vt 0.357087 0.504575
vt 0.370200 0.517075
vt 0.370240 0.731585
vt 0.357235 0.745066
vt 0.339469 0.750000
vt 0.160531 0.750000
vt 0.142765 0.745066
vt 0.129760 0.731585
vt 0.125000 0.713171
vn 0.0000 0.4124 0.9110
vn 0.9443 0.3291 0.0000
vn 0.0000 1.0000 -0.0000
vn -0.9443 0.3291 -0.0000
vn 0.0000 0.1368 -0.9906
vn -0.2365 0.4679 0.8515
vn -0.6265 0.4920 0.6044
vn -0.8826 0.4109 0.2282
vn -0.2417 0.2149 -0.9463
vn -0.6532 0.3223 -0.6852
vn -0.9020 0.3494 -0.2536
vn 0.9020 0.3494 -0.2536
vn 0.6532 0.3223 -0.6852
vn 0.2417 0.2149 -0.9463
vn 0.2365 0.4679 0.8515
vn 0.6265 0.4920 0.6044
vn 0.8826 0.4109 0.2282
vn 0.0000 -1.0000 -0.0000
usemtl Black
s off
f 1613/2224/842 1616/2225/842 1601/2226/842 1596/2227/842
f 1621/2228/843 1624/2229/843 1617/2230/843 1612/2231/843
f 1624/2229/844 1626/2232/844 1627/2233/844 1625/2234/844 1608/2235/844 1610/2236/844 1611/2237/844 1609/2238/844 1600/2239/844 1602/2240/844 1603/2241/844 1601/2242/844 1616/2243/844 1618/2244/844 1619/2245/844 1617/2230/844
f 1597/2246/845 1600/2247/845 1609/2248/845 1604/2249/845
f 1605/2250/846 1608/2251/846 1625/2252/846 1620/2253/846
f 1596/2227/847 1601/2226/847 1603/2254/847 1598/2255/847
f 1598/2256/848 1603/2257/848 1602/2258/848 1599/2259/848
f 1599/2259/849 1602/2258/849 1600/2247/849 1597/2246/849
f 1608/2251/850 1605/2250/850 1607/2260/850 1610/2261/850
f 1610/2261/851 1607/2260/851 1606/2262/851 1611/2263/851
f 1611/2263/852 1606/2262/852 1604/2249/852 1609/2248/852
f 1624/2229/853 1621/2228/853 1623/2264/853 1626/2265/853
f 1626/2265/854 1623/2264/854 1622/2266/854 1627/2267/854
f 1627/2267/855 1622/2266/855 1620/2253/855 1625/2252/855
f 1616/2225/856 1613/2224/856 1615/2268/856 1618/2269/856
f 1618/2269/857 1615/2268/857 1614/2270/857 1619/2271/857
f 1619/2271/858 1614/2270/858 1612/2231/858 1617/2230/858
f 1604/2272/859 1606/2273/859 1607/2274/859 1605/2275/859 1620/2276/859 1622/2277/859 1623/2278/859 1621/2228/859 1612/2231/859 1614/2279/859 1615/2280/859 1613/2281/859 1596/2282/859 1598/2283/859 1599/2284/859 1597/2285/859
o Cube.004
v -1.891364 -0.291720 3.090745
v -1.391316 -0.270538 3.012532
v -1.891364 -0.291720 2.897165
v -1.391316 -0.270538 2.975378
v 1.891364 -0.291720 3.090745
v 1.391316 -0.270538 3.012532
v 1.891364 -0.291720 2.897165
v 1.391316 -0.270538 2.975378
v 0.850306 -0.321843 2.673384
v -0.850306 -0.321843 2.673384
v -0.992687 -0.242917 2.888502
v 0.992687 -0.242917 2.888502
v -0.850306 -0.321843 3.314525
v 0.850306 -0.321843 3.314525
v 0.992687 -0.242917 3.099407
v -0.992687 -0.242917 3.099407
v -1.891364 -0.273338 3.090745
v -1.891364 -0.273338 2.897165
v 0.850306 -0.243215 2.673384
v 1.891364 -0.273338 2.897165
v 1.891364 -0.273338 3.090745
v -0.850306 -0.243215 3.314525
v -0.850306 -0.243215 2.673384
v 0.850306 -0.243215 3.314525
vt 0.375000 0.000000
vt 0.625000 0.000000
vt 0.625000 0.250000
vt 0.375000 0.250000
vt 0.375000 0.416667
vt 0.625000 0.416667
vt 0.625000 0.500000
vt 0.375000 0.500000
vt 0.625000 0.750000
vt 0.375000 0.750000
vt 0.375000 0.916667
vt 0.625000 0.916667
vt 0.625000 1.000000
vt 0.375000 1.000000
vt 0.291667 0.500000
vt 0.291667 0.750000
vt 0.708837 0.537747
vt 0.791163 0.537747
vt 0.791163 0.712253
vt 0.708837 0.712253
vt 0.125000 0.500000
vt 0.208333 0.500000
vt 0.208333 0.750000
vt 0.125000 0.750000
vt 0.625000 0.833333
vt 0.375000 0.833333
vt 0.625000 0.333333
vt 0.375000 0.333333
vt 0.867254 0.645990
vt 0.867254 0.604010
vt 0.875000 0.500000
vt 0.875000 0.750000
vt 0.632746 0.604010
vt 0.708333 0.500000
vt 0.632746 0.645990
vt 0.791667 0.750000
vt 0.791667 0.500000
vt 0.708333 0.750000
vn -1.0000 0.0000 0.0000
vn 0.2102 0.0000 -0.9777
vn 1.0000 0.0000 0.0000
vn -0.2102 0.0000 0.9777
vn 0.0289 -0.9996 0.0000
vn 0.0000 1.0000 0.0000
vn -0.0289 -0.9996 0.0000
vn 0.0000 -1.0000 0.0000
vn 0.2102 0.0000 0.9777
vn 0.0000 0.0000 1.0000
vn -0.2102 0.0000 -0.9777
vn 0.0000 0.0000 -1.0000
vn -0.0056 1.0000 0.0000
vn 0.0335 0.9990 0.0303
vn 0.0056 1.0000 0.0000
vn -0.0335 0.9990 -0.0303
vn -0.0335 0.9990 0.0303
vn 0.0000 1.0000 -0.0014
vn 0.0335 0.9990 -0.0303
vn 0.0000 1.0000 0.0014
vn -0.0691 0.9976 0.0000
vn 0.0691 0.9976 0.0000
usemtl Black
s off
f 1628/2286/860 1644/2287/860 1645/2288/860 1630/2289/860
f 1636/2290/861 1646/2291/861 1647/2292/861 1634/2293/861
f 1634/2293/862 1647/2292/862 1648/2294/862 1632/2295/862
f 1640/2296/863 1649/2297/863 1644/2298/863 1628/2299/863
f 1636/2300/864 1634/2293/864 1632/2295/864 1641/2301/864
f 1639/2302/865 1638/2303/865 1643/2304/865 1642/2305/865
f 1630/2306/866 1637/2307/866 1640/2308/866 1628/2309/866
f 1637/2307/867 1636/2300/867 1641/2301/867 1640/2308/867
f 1632/2295/868 1648/2294/868 1651/2310/868 1641/2311/868
f 1641/2311/869 1651/2310/869 1649/2297/869 1640/2296/869
f 1630/2289/870 1645/2288/870 1650/2312/870 1637/2313/870
f 1637/2313/871 1650/2312/871 1646/2291/871 1636/2290/871
f 1629/2314/872 1631/2315/872 1645/2316/872 1644/2317/872
f 1639/2302/873 1635/2318/873 1647/2292/873 1646/2319/873
f 1635/2318/874 1633/2320/874 1648/2294/874 1647/2292/874
f 1643/2304/875 1629/2314/875 1644/2317/875 1649/2321/875
f 1631/2315/876 1638/2303/876 1650/2322/876 1645/2316/876
f 1638/2303/877 1639/2302/877 1646/2319/877 1650/2322/877
f 1633/2320/878 1642/2305/878 1651/2323/878 1648/2294/878
f 1642/2305/879 1643/2304/879 1649/2321/879 1651/2323/879
usemtl Light
f 1638/2303/880 1631/2315/880 1629/2314/880 1643/2304/880
f 1635/2318/881 1639/2302/881 1642/2305/881 1633/2320/881
