# Blender v3.6.1 OBJ File: 'subAlternate2.blend'
# www.blender.org
mtllib subAlternate2.mtl
o Cube.001_Cube.002
v -0.855129 0.000000 2.079608
v 0.855129 0.000000 2.079608
v 0.271833 -0.000000 -4.997691
v -0.271833 -0.000000 -4.997691
v 0.092807 0.000000 -5.115711
v 0.000000 0.000000 -5.131249
v -0.092807 0.000000 -5.115711
v -0.184980 0.000000 -5.070158
v 0.184980 0.000000 -5.070158
v -0.192768 0.495992 2.176795
v 0.192768 0.495992 2.176795
v 0.000000 0.561143 2.361206
v -0.067473 0.564627 2.296886
v -0.133999 0.540076 2.209015
v -0.192964 -0.495962 2.176664
v 0.067473 0.564627 2.296886
v -0.134137 -0.540060 2.208911
v -0.067544 -0.564640 2.296757
v 0.000000 -0.561143 2.361205
v 0.133999 0.540076 2.209015
v 0.192964 -0.495962 2.176664
v -1.189569 -0.000000 -1.695884
v -1.304296 -0.000000 -3.002850
v -1.277815 0.000000 -1.986684
v -1.335932 -0.000000 -2.336885
v -1.327048 -0.000000 -2.693477
v -1.260079 -0.000000 -3.255878
v -0.749210 0.000000 -4.386801
v -1.170786 -0.000000 -3.551957
v -1.034908 -0.000000 -3.870811
v -0.880529 0.000000 -4.163949
v 0.134137 -0.540060 2.208911
v 0.067544 -0.564640 2.296757
v 1.189569 -0.000000 -1.695884
v 1.304296 -0.000000 -3.002850
v 1.277815 0.000000 -1.986684
v 1.335932 -0.000000 -2.336885
v 1.327048 -0.000000 -2.693477
v 1.260079 -0.000000 -3.255878
v 0.749210 0.000000 -4.386801
v -0.712926 -0.000000 0.394477
v -1.116558 0.000000 -1.464869
v -0.753380 -0.000000 -0.119628
v -0.899625 0.000000 -0.654955
v -1.024236 0.000000 -1.130151
v 1.170786 -0.000000 -3.551957
v 1.034908 -0.000000 -3.870811
v 0.880529 0.000000 -4.163949
v 0.712926 -0.000000 0.394477
v 1.116558 0.000000 -1.464869
v 0.753380 -0.000000 -0.119628
v 0.899625 0.000000 -0.654955
v 1.024236 0.000000 -1.130151
v 0.271798 -0.520183 -1.693295
v 0.299302 -0.711465 -3.002407
v -0.271798 -0.520183 -1.693295
v -0.299302 -0.711465 -3.002407
v -0.289329 -0.567697 -1.984630
v -0.300623 -0.634979 -2.335576
v -0.303639 -0.692068 -2.692755
v 0.289329 -0.567697 -1.984630
v 0.300623 -0.634979 -2.335576
v 0.303639 -0.692068 -2.692755
v 0.098561 -0.579424 -1.693497
v 0.109171 -0.801566 -3.002454
v 0.000000 -0.587291 -1.693523
v 0.000000 -0.814034 -3.002461
v 0.000000 -0.650916 -2.022715
v 0.000000 -0.726941 -2.350321
v 0.000000 -0.791571 -2.676777
v -0.098561 -0.579424 -1.693497
v -0.109171 -0.801566 -3.002454
v -0.101786 -0.642028 -2.022698
v -0.104639 -0.716532 -2.350307
v -0.107057 -0.779553 -2.676766
v -0.191095 -0.556453 -1.693419
v -0.211189 -0.765846 -3.002436
v -0.203535 -0.608136 -1.984712
v -0.211626 -0.682350 -2.335636
v -0.214014 -0.745980 -2.692799
v -0.292031 -0.715289 -3.255594
v -0.267848 -0.389227 -4.386774
v -0.282999 -0.688540 -3.551795
v -0.272945 -0.611988 -3.870726
v -0.266744 -0.508285 -4.163905
v 0.101786 -0.642028 -2.022698
v 0.104639 -0.716532 -2.350307
v 0.107057 -0.779553 -2.676766
v 0.191095 -0.556453 -1.693419
v 0.211189 -0.765846 -3.002436
v -0.206260 -0.768475 -3.255613
v -0.190847 -0.418495 -4.417373
v -0.200131 -0.738987 -3.554137
v -0.193335 -0.656743 -3.879698
v -0.189442 -0.546547 -4.182798
v -0.106691 -0.803192 -3.255625
v -0.099282 -0.438171 -4.436606
v -0.103607 -0.771815 -3.555609
v -0.100204 -0.685965 -3.885337
v -0.098369 -0.571984 -4.194676
v 0.000000 -0.815270 -3.255630
v 0.000000 -0.445171 -4.443167
v 0.000000 -0.783221 -3.556112
v 0.000000 -0.696153 -3.887261
v 0.000000 -0.580963 -4.198728
v 0.203535 -0.608136 -1.984712
v 0.211626 -0.682350 -2.335636
v 0.214014 -0.745980 -2.692799
v 0.292031 -0.715289 -3.255594
v 0.267848 -0.389227 -4.386774
v 0.282999 -0.688540 -3.551795
v 0.272945 -0.611988 -3.870726
v 0.266744 -0.508285 -4.163905
v 0.206260 -0.768475 -3.255613
v 0.190847 -0.418495 -4.417373
v -0.299603 0.711405 -3.002407
v -0.272240 0.520170 -1.693295
v -0.303886 0.692018 -2.692755
v -0.300890 0.634943 -2.335576
v -0.289679 0.567674 -1.984631
v 0.200131 -0.738987 -3.554137
v 0.193335 -0.656743 -3.879698
v 0.189442 -0.546547 -4.182798
v 0.106691 -0.803192 -3.255625
v 0.099282 -0.438171 -4.436606
v -0.191401 0.556446 -1.693420
v -0.211399 0.765814 -3.002436
v -0.203780 0.608125 -1.984712
v -0.211814 0.682332 -2.335636
v -0.214188 0.745954 -2.692799
v -0.098717 0.579422 -1.693497
v -0.109278 0.801557 -3.002454
v -0.101903 0.642025 -2.022698
v -0.104730 0.716527 -2.350307
v -0.107143 0.779546 -2.676766
v 0.000000 0.587291 -1.693523
v 0.000000 0.814034 -3.002461
v 0.000000 0.650916 -2.022715
v 0.000000 0.726941 -2.350321
v 0.000000 0.791571 -2.676777
v 0.103607 -0.771815 -3.555609
v 0.100204 -0.685965 -3.885337
v 0.098369 -0.571984 -4.194676
v 0.299603 0.711405 -3.002407
v 0.272240 0.520170 -1.693295
v 0.303886 0.692018 -2.692755
v 0.300890 0.634943 -2.335576
v 0.289679 0.567674 -1.984631
v 0.191401 0.556446 -1.693420
v 0.211399 0.765814 -3.002436
v -0.268012 0.389209 -4.386775
v -0.292421 0.715217 -3.255594
v -0.267011 0.508252 -4.163905
v -0.273398 0.611928 -3.870726
v -0.283486 0.688460 -3.551795
v 0.203780 0.608125 -1.984712
v 0.211814 0.682332 -2.335636
v 0.214188 0.745954 -2.692799
v 0.098717 0.579422 -1.693497
v 0.109278 0.801557 -3.002454
v 0.101903 0.642025 -2.022698
v 0.104730 0.716527 -2.350307
v 0.107143 0.779546 -2.676766
v 0.000000 0.815270 -3.255630
v 0.000000 0.445171 -4.443167
v 0.000000 0.783221 -3.556112
v 0.000000 0.696153 -3.887261
v 0.000000 0.580963 -4.198728
v -0.106826 0.803182 -3.255625
v -0.099357 0.438167 -4.436606
v -0.103771 0.771804 -3.555609
v -0.100353 0.685956 -3.885337
v -0.098463 0.571978 -4.194676
v -0.206528 0.768437 -3.255612
v -0.190979 0.418483 -4.417372
v -0.200460 0.738946 -3.554137
v -0.193637 0.656712 -3.879698
v -0.189626 0.546530 -4.182798
v -0.253201 0.487981 -1.462017
v -0.169502 0.305476 0.399543
v -0.231938 0.440017 -1.127366
v -0.205130 0.354959 -0.653650
v -0.173973 0.302414 -0.119189
v 0.268012 0.389209 -4.386775
v 0.292421 0.715217 -3.255594
v -0.177916 0.521688 -1.462206
v -0.120084 0.329757 0.399184
v -0.162930 0.470563 -1.127688
v -0.144379 0.381304 -0.654165
v -0.123008 0.325450 -0.119681
v -0.091733 0.542945 -1.462324
v -0.062234 0.345370 0.398960
v -0.087046 0.466259 -0.997533
v -0.077776 0.375801 -0.530165
v -0.066874 0.341593 -0.067159
v 0.000000 0.550208 -1.462364
v 0.000000 0.350766 0.398883
v 0.000000 0.472510 -0.997613
v 0.000000 0.381133 -0.530283
v 0.000000 0.346512 -0.067265
v 0.267011 0.508252 -4.163905
v 0.273398 0.611928 -3.870726
v 0.283486 0.688460 -3.551795
v 0.106826 0.803182 -3.255625
v 0.099357 0.438167 -4.436606
v 0.103771 0.771804 -3.555609
v 0.100353 0.685956 -3.885337
v 0.098463 0.571978 -4.194676
v 0.206528 0.768437 -3.255612
v 0.190979 0.418483 -4.417372
v -0.169495 -0.305476 0.399543
v -0.252717 -0.487986 -1.462016
v -0.173989 -0.302416 -0.119189
v -0.205056 -0.354955 -0.653650
v -0.231517 -0.440012 -1.127365
v 0.200460 0.738946 -3.554137
v 0.193637 0.656712 -3.879698
v 0.189626 0.546530 -4.182798
v 0.253201 0.487981 -1.462017
v 0.169502 0.305476 0.399543
v 0.231938 0.440017 -1.127366
v 0.205130 0.354959 -0.653650
v 0.173973 0.302414 -0.119189
v 0.177916 0.521688 -1.462206
v 0.120084 0.329757 0.399184
v 0.000000 -0.350766 0.398883
v 0.000000 -0.550208 -1.462364
v 0.000000 -0.346512 -0.067265
v 0.000000 -0.381133 -0.530283
v 0.000000 -0.472510 -0.997613
v -0.062241 -0.345369 0.398960
v -0.091564 -0.542946 -1.462324
v -0.066872 -0.341593 -0.067159
v -0.077773 -0.375801 -0.530165
v -0.086917 -0.466258 -0.997533
v -0.120090 -0.329756 0.399184
v -0.177584 -0.521691 -1.462205
v -0.123017 -0.325451 -0.119682
v -0.144324 -0.381302 -0.654165
v -0.162641 -0.470560 -1.127688
v -0.689900 0.085095 2.053253
v -0.533046 0.182123 2.033800
v -0.366057 0.324671 2.079669
v -0.387254 0.271935 -4.373087
v -0.496421 0.153161 -4.346181
v -0.609972 0.064367 -4.347933
v -0.698674 0.065777 -4.111186
v -0.555179 0.178059 -4.108683
v -0.418257 0.347423 -4.145506
v -0.808243 0.052439 -3.813582
v -0.629146 0.182265 -3.810774
v -0.459832 0.407915 -3.851031
v -0.902362 0.030480 -3.509267
v -0.693498 0.168494 -3.507069
v -0.499847 0.444969 -3.537236
v -0.960535 0.017122 -3.241910
v -0.731652 0.154979 -3.241089
v -0.524996 0.452890 -3.250854
v -0.926260 0.054101 -1.727450
v -0.702173 0.168922 -1.727949
v -0.495704 0.354456 -1.704277
v -0.527564 0.377048 -1.995040
v -0.746755 0.161997 -2.017459
v -0.987909 0.041838 -2.016793
v -0.547508 0.407886 -2.344047
v -0.773787 0.155629 -2.362357
v -1.025623 0.029367 -2.361665
v -0.550197 0.433862 -2.697982
v -0.771642 0.151164 -2.709369
v -1.016060 0.019736 -2.708906
v -0.539975 0.446584 -3.003933
v -0.754402 0.150845 -3.007386
v -0.993254 0.015786 -3.007342
v -0.533352 0.051006 0.397734
v -0.401941 0.117141 0.399484
v -0.293952 0.209810 0.400205
v -0.304772 0.210934 -0.118833
v -0.421354 0.120525 -0.120493
v -0.562896 0.053861 -0.120770
v -0.367198 0.247058 -0.654742
v -0.515942 0.137432 -0.659603
v -0.687885 0.058396 -0.660020
v -0.420461 0.306779 -1.131845
v -0.595985 0.161949 -1.142955
v -0.792819 0.062124 -1.143495
v -0.460787 0.337328 -1.470902
v -0.654457 0.170422 -1.490483
v -0.868121 0.060553 -1.490420
v 0.162930 0.470563 -1.127688
v 0.144379 0.381304 -0.654165
v 0.123008 0.325450 -0.119681
v 0.091733 0.542945 -1.462324
v 0.062234 0.345370 0.398960
v 0.087046 0.466259 -0.997533
v 0.077776 0.375801 -0.530165
v 0.066874 0.341593 -0.067159
v 0.169495 -0.305476 0.399543
v 0.252717 -0.487986 -1.462016
v 0.173989 -0.302416 -0.119189
v 0.205056 -0.354955 -0.653650
v 0.231517 -0.440012 -1.127365
v 0.062241 -0.345369 0.398960
v 0.091564 -0.542946 -1.462324
v 0.066872 -0.341593 -0.067159
v 0.077773 -0.375801 -0.530165
v 0.086917 -0.466258 -0.997533
v 0.120090 -0.329756 0.399184
v 0.177584 -0.521691 -1.462205
v 0.123017 -0.325451 -0.119682
v 0.144324 -0.381302 -0.654165
v 0.162641 -0.470560 -1.127688
v 0.689900 0.085095 2.053253
v 0.533046 0.182123 2.033800
v 0.366057 0.324671 2.079669
v 0.387254 0.271935 -4.373087
v 0.496421 0.153161 -4.346181
v 0.609972 0.064367 -4.347933
v 0.698674 0.065777 -4.111186
v 0.555179 0.178059 -4.108683
v 0.418257 0.347423 -4.145506
v 0.808243 0.052439 -3.813582
v 0.629146 0.182265 -3.810774
v 0.459832 0.407915 -3.851031
v 0.902362 0.030480 -3.509267
v 0.693498 0.168494 -3.507069
v 0.499847 0.444969 -3.537236
v 0.960535 0.017122 -3.241910
v 0.731652 0.154979 -3.241089
v 0.524996 0.452890 -3.250854
v 0.926260 0.054101 -1.727450
v 0.702173 0.168922 -1.727949
v 0.495704 0.354456 -1.704277
v 0.527564 0.377048 -1.995040
v 0.746755 0.161997 -2.017459
v 0.987909 0.041838 -2.016793
v 0.547508 0.407886 -2.344047
v 0.773787 0.155629 -2.362357
v 1.025623 0.029367 -2.361665
v 0.550197 0.433862 -2.697982
v 0.771642 0.151164 -2.709369
v 1.016060 0.019736 -2.708906
v 0.539975 0.446584 -3.003933
v 0.754402 0.150845 -3.007386
v 0.993254 0.015786 -3.007342
v 0.533352 0.051006 0.397734
v 0.401941 0.117141 0.399484
v 0.293952 0.209810 0.400205
v 0.304772 0.210934 -0.118833
v 0.421354 0.120525 -0.120493
v 0.562896 0.053861 -0.120770
v 0.367198 0.247058 -0.654742
v 0.515942 0.137432 -0.659603
v 0.687885 0.058396 -0.660020
v 0.420461 0.306779 -1.131845
v 0.595985 0.161949 -1.142955
v 0.792819 0.062124 -1.143495
v 0.460787 0.337328 -1.470902
v 0.654457 0.170422 -1.490483
v 0.868121 0.060553 -1.490420
vt 0.589635 0.251883
vt 0.617762 0.251364
vt 0.617936 0.285070
vt 0.589854 0.285601
vt 0.003532 0.739239
vt 0.336884 0.738563
vt 0.337098 0.976021
vt 0.003020 0.964363
vt 0.000830 0.462705
vt 0.336619 0.460781
vt 0.336663 0.491421
vt 0.001232 0.493181
vt 0.105312 0.354556
vt 0.105291 0.308028
vt 0.193119 0.307666
vt 0.193190 0.353278
vt 0.886048 0.439384
vt 0.996199 0.445297
vt 0.995495 0.476016
vt 0.885743 0.470956
vt 0.615769 0.737378
vt 0.615583 0.668218
vt 0.650430 0.668002
vt 0.650182 0.737146
vt 0.613026 0.007367
vt 0.653359 0.016660
vt 0.650103 0.099248
vt 0.615372 0.095580
vt 0.649558 0.596817
vt 0.997670 0.592674
vt 0.997922 0.664613
vt 0.615979 0.597081
vt 0.336603 0.287042
vt 0.000077 0.289041
vt 0.000271 0.255142
vt 0.336608 0.253288
vt 0.206773 1.000000
vt 0.165757 0.996624
vt 0.156774 0.988325
vt 0.148863 0.976969
vt 0.142837 0.973054
vt 0.126573 0.961352
vt 0.110229 0.956366
vt 0.093729 0.959906
vt 0.075742 0.964363
vt 0.179065 0.976021
vt 0.188321 0.980205
vt 0.198036 0.991705
vt 0.991751 0.085753
vt 0.884306 0.095001
vt 0.795531 0.100259
vt 0.689194 0.103680
vt 0.589361 0.108351
vt 0.589361 0.018041
vt 0.336332 0.101485
vt 0.002738 0.102321
vt 0.335962 0.018931
vt 0.884134 0.725267
vt 0.991830 0.724226
vt 0.993686 0.954773
vt 0.885087 0.952473
vt 0.587421 0.737637
vt 0.617744 0.979084
vt 0.590457 0.991141
vt 0.004600 0.406503
vt 0.004724 0.359396
vt 0.105734 0.400776
vt 0.467703 0.528872
vt 0.466554 0.465585
vt 0.495961 0.465437
vt 0.495961 0.528734
vt 0.403684 0.512022
vt 0.403228 0.466671
vt 0.434584 0.465996
vt 0.436480 0.511357
vt 0.404158 0.577960
vt 0.438329 0.577421
vt 0.501724 0.459817
vt 0.501643 0.490506
vt 0.405670 0.490872
vt 0.405632 0.460209
vt 0.371617 0.491183
vt 0.371468 0.460537
vt 0.501467 0.737903
vt 0.503296 1.000000
vt 0.558653 0.465996
vt 0.559489 0.434955
vt 0.589361 0.435631
vt 0.589361 0.466671
vt 0.525368 0.465585
vt 0.527258 0.434544
vt 0.495961 0.434413
vt 0.432081 0.351087
vt 0.433163 0.307833
vt 0.466207 0.309395
vt 0.465175 0.348805
vt 0.464664 0.434544
vt 0.464492 0.390880
vt 0.495961 0.390733
vt 0.558292 0.243989
vt 0.558914 0.272281
vt 0.525598 0.272335
vt 0.524155 0.244296
vt 0.467518 0.105563
vt 0.435444 0.106592
vt 0.434745 0.010184
vt 0.467588 0.005248
vt 0.502162 0.252364
vt 0.502262 0.286094
vt 0.405958 0.286513
vt 0.405904 0.252774
vt 0.371579 0.286834
vt 0.371569 0.253088
vt 0.367695 0.008913
vt 0.369763 0.097175
vt 0.617154 0.458940
vt 0.617484 0.420231
vt 0.646579 0.419762
vt 0.647214 0.458511
vt 0.617824 0.373663
vt 0.646000 0.373156
vt 0.436626 0.174030
vt 0.436291 0.211070
vt 0.403559 0.210336
vt 0.403679 0.173648
vt 0.435280 0.243989
vt 0.403289 0.243498
vt 0.495961 0.272339
vt 0.495960 0.244389
vt 0.495961 0.348647
vt 0.558207 0.106592
vt 0.558569 0.010184
vt 0.402560 0.397036
vt 0.402564 0.351786
vt 0.431851 0.396307
vt 0.495960 0.105232
vt 0.495960 0.003576
vt 0.524332 0.005248
vt 0.524402 0.105563
vt 0.555858 0.980915
vt 0.555020 0.727249
vt 0.589361 0.727123
vt 0.589361 0.975785
vt 0.402841 0.435631
vt 0.432972 0.434955
vt 0.401662 0.002458
vt 0.403858 0.094289
vt 0.589361 0.243498
vt 0.589361 0.272218
vt 0.473360 0.993374
vt 0.439975 0.980915
vt 0.441591 0.727249
vt 0.474819 0.727326
vt 0.404324 0.975785
vt 0.404950 0.727123
vt 0.497470 0.000000
vt 0.499892 0.093021
vt 0.495962 1.002157
vt 0.495961 0.727354
vt 0.372401 0.738381
vt 0.373852 0.980205
vt 0.404809 0.653626
vt 0.440923 0.653411
vt 0.407679 0.991705
vt 0.405984 0.738157
vt 0.518563 0.993374
vt 0.517103 0.727326
vt 0.469567 0.594847
vt 0.495961 0.594763
vt 0.495961 0.309274
vt 0.434081 0.272281
vt 0.466323 0.272335
vt 0.302031 0.437277
vt 0.302218 0.468434
vt 0.194466 0.468943
vt 0.194006 0.437329
vt 0.502118 0.372724
vt 0.502291 0.329421
vt 0.589847 0.328939
vt 0.589524 0.372258
vt 0.501891 0.416146
vt 0.589104 0.415697
vt 0.589120 0.211831
vt 0.501883 0.212231
vt 0.587059 0.126101
vt 0.588168 0.167653
vt 0.501327 0.167846
vt 0.500645 0.125999
vt 0.516226 0.000797
vt 0.525365 0.009157
vt 0.533747 0.020618
vt 0.540439 0.024682
vt 0.614908 0.034977
vt 0.591219 0.039001
vt 0.568303 0.042068
vt 0.542698 0.036430
vt 0.515375 0.023961
vt 0.506465 0.019838
vt 0.496851 0.008338
vt 0.487898 0.000000
vt 0.003527 0.085753
vt 0.403081 0.018041
vt 0.403462 0.108351
vt 0.302818 0.103680
vt 0.196228 0.100259
vt 0.109481 0.095001
vt 0.109791 0.725267
vt 0.108073 0.952474
vt 0.003918 0.954773
vt 0.003543 0.724227
vt 0.998131 0.096062
vt 0.588764 0.459385
vt 0.585918 0.093459
vt 0.588457 0.490107
vt 0.647814 0.489310
vt 0.616861 0.489700
vt 0.467766 0.244296
vt 0.646930 0.974409
vt 0.582005 0.001683
vt 0.402996 0.272218
vt 0.404590 0.126923
vt 0.405212 0.168490
vt 0.405687 0.212697
vt 0.405736 0.416547
vt 0.405902 0.373132
vt 0.406022 0.329833
vt 0.370460 0.128809
vt 0.371020 0.169543
vt 0.371414 0.213197
vt 0.371389 0.421932
vt 0.371458 0.375431
vt 0.371567 0.328043
vt 0.336448 0.131534
vt 0.336535 0.170936
vt 0.336592 0.213704
vt 0.336587 0.422179
vt 0.336584 0.375668
vt 0.336597 0.328261
vt 0.589361 0.138143
vt 0.557580 0.137705
vt 0.589361 0.173648
vt 0.557594 0.174030
vt 0.589361 0.210336
vt 0.557768 0.211070
vt 0.560070 0.396307
vt 0.589361 0.397036
vt 0.559951 0.351087
vt 0.589361 0.351786
vt 0.559390 0.307833
vt 0.589361 0.308233
vt 0.522844 0.137482
vt 0.522767 0.174309
vt 0.523053 0.211550
vt 0.527429 0.390880
vt 0.526747 0.348805
vt 0.525714 0.309395
vt 0.495960 0.137404
vt 0.495960 0.174416
vt 0.495960 0.211733
vt 0.468868 0.211550
vt 0.469076 0.137482
vt 0.469153 0.174309
vt 0.436654 0.137705
vt 0.402771 0.308233
vt 0.616051 0.127227
vt 0.616762 0.167928
vt 0.617398 0.211525
vt 0.618017 0.326255
vt 0.647932 0.168656
vt 0.646870 0.211339
vt 0.649080 0.129306
vt 0.403712 0.138143
vt 0.645897 0.284542
vt 0.645723 0.325724
vt 0.646230 0.250849
vt 0.473096 0.660795
vt 0.997017 0.413651
vt 0.997170 0.452767
vt 0.996957 0.319271
vt 0.996923 0.366747
vt 0.997566 0.163621
vt 0.997293 0.205538
vt 0.997872 0.125207
vt 0.997014 0.278145
vt 0.997110 0.244615
vt 0.405703 0.676058
vt 0.501251 0.675779
vt 0.405498 0.614515
vt 0.501223 0.614190
vt 0.405579 0.552552
vt 0.501465 0.552197
vt 0.372129 0.669246
vt 0.371830 0.598287
vt 0.371756 0.535539
vt 0.336832 0.669455
vt 0.336748 0.598530
vt 0.336708 0.535778
vt 0.587449 0.613865
vt 0.588063 0.551826
vt 0.616509 0.534180
vt 0.587208 0.675499
vt 0.495961 0.660758
vt 0.518827 0.660795
vt 0.522355 0.594847
vt 0.524219 0.528872
vt 0.555366 0.653411
vt 0.556711 0.577421
vt 0.557670 0.511357
vt 0.589361 0.653626
vt 0.589361 0.577960
vt 0.589361 0.512022
vt 0.106340 0.439384
vt 0.106891 0.470956
vt 0.004284 0.476017
vt 0.004426 0.445297
vt 0.997297 0.483853
vt 0.997974 0.733283
vt 0.997625 0.957219
vt 0.000342 0.424327
vt 0.000000 0.377908
vt 0.000000 0.330358
vt 0.002095 0.132563
vt 0.001343 0.172267
vt 0.000689 0.215319
vt 0.648521 0.533843
vt 0.003260 0.670907
vt 0.002444 0.600190
vt 0.001747 0.537394
vt 0.993172 0.113165
vt 0.884853 0.124449
vt 0.994821 0.150920
vt 0.885510 0.162163
vt 0.996241 0.193530
vt 0.886059 0.201749
vt 0.997132 0.233971
vt 0.886383 0.237053
vt 0.689913 0.437277
vt 0.690067 0.398805
vt 0.690150 0.353530
vt 0.690143 0.308879
vt 0.690067 0.271195
vt 0.997456 0.528837
vt 0.107311 0.162163
vt 0.106320 0.201749
vt 0.004434 0.193530
vt 0.004147 0.150921
vt 0.301772 0.353530
vt 0.301779 0.308879
vt 0.302701 0.579706
vt 0.302441 0.514153
vt 0.301985 0.241374
vt 0.301862 0.271195
vt 0.193236 0.268989
vt 0.193466 0.238961
vt 0.195032 0.515480
vt 0.003600 0.655146
vt 0.003860 0.583598
vt 0.108567 0.581997
vt 0.109605 0.654892
vt 0.196544 0.654656
vt 0.196661 0.725983
vt 0.688969 0.726645
vt 0.689012 0.654297
vt 0.689302 0.579706
vt 0.689539 0.514153
vt 0.689743 0.468434
vt 0.193532 0.398894
vt 0.193922 0.205112
vt 0.105738 0.237054
vt 0.302396 0.169426
vt 0.302645 0.133171
vt 0.195540 0.129956
vt 0.997540 0.268686
vt 0.886544 0.268220
vt 0.689955 0.241374
vt 0.798437 0.238961
vt 0.798679 0.268988
vt 0.994595 0.520486
vt 0.885346 0.517241
vt 0.796789 0.515480
vt 0.797385 0.468942
vt 0.993401 0.583597
vt 0.884813 0.581997
vt 0.796025 0.580895
vt 0.992112 0.655146
vt 0.884237 0.654892
vt 0.795198 0.654656
vt 0.795076 0.725983
vt 0.997699 0.310980
vt 0.886630 0.308028
vt 0.798802 0.307666
vt 0.997675 0.359395
vt 0.886619 0.354555
vt 0.798727 0.353278
vt 0.997059 0.406502
vt 0.886384 0.400776
vt 0.798368 0.398894
vt 0.797869 0.437329
vt 0.689796 0.207146
vt 0.797958 0.205112
vt 0.689580 0.169426
vt 0.797162 0.166954
vt 0.689353 0.133171
vt 0.796255 0.129956
vt 0.689450 0.959786
vt 0.796558 0.951303
vt 0.195252 0.951303
vt 0.302539 0.959786
vt 0.303065 0.726645
vt 0.194678 0.166954
vt 0.108494 0.124449
vt 0.302159 0.207147
vt 0.301863 0.398805
vt 0.004729 0.310980
vt 0.004697 0.268686
vt 0.105446 0.268220
vt 0.195759 0.580895
vt 0.303018 0.654297
vt 0.107606 0.517241
vt 0.004101 0.520487
vt 0.004614 0.233971
vt 0.003814 0.113165
vn 0.3299 -0.9440 0.0031
vn -0.5479 -0.8334 -0.0721
vn -0.4868 -0.8593 0.1568
vn 0.4607 0.8872 -0.0258
vn -0.2135 0.9759 0.0464
vn 0.4264 -0.9045 -0.0034
vn 0.4397 -0.7565 -0.4842
vn 0.4554 -0.8823 0.1188
vn 0.4010 -0.9092 0.1118
vn -0.5851 -0.8092 -0.0534
vn -0.4691 0.0604 0.8811
vn -0.5861 0.7252 -0.3613
vn -0.5643 -0.6979 -0.4410
vn -0.3693 0.9283 -0.0425
vn 0.2324 -0.9660 -0.1131
vn 0.1179 0.9930 -0.0016
vn 0.0743 0.9837 0.1638
vn 0.4014 0.9026 0.1554
vn 0.3936 0.9005 0.1846
vn -0.0783 -0.9844 0.1578
vn -0.2372 -0.9585 0.1582
vn -0.0403 -0.9931 -0.1105
vn -0.4036 0.9011 0.1588
vn -0.2369 0.9586 0.1582
vn -0.0782 0.9844 0.1578
vn 0.2981 0.9382 0.1759
vn 0.0817 0.9788 0.1880
vn -0.3297 0.9441 0.0032
vn -0.4042 -0.9008 0.1589
vn 0.2708 0.8085 -0.5225
vn -0.1130 -0.9936 0.0051
vn -0.3299 -0.9440 0.0031
vn -0.4397 -0.7565 -0.4842
vn -0.5261 -0.8504 -0.0018
vn 0.4119 -0.8945 0.1735
vn 0.4407 -0.8775 0.1891
vn 0.5041 0.8354 -0.2190
vn 0.5219 0.8479 -0.0934
vn -0.1129 0.9936 0.0051
vn 0.0906 0.9705 0.2234
vn -0.4397 0.7565 -0.4842
vn 0.4404 0.8777 0.1890
vn -0.0926 0.8361 -0.5407
vn -0.2708 0.8085 -0.5225
vn -0.5101 0.8542 -0.1007
vn 0.4115 0.8948 0.1734
vn -0.2708 -0.8085 -0.5225
vn -0.5258 0.8506 -0.0017
vn 0.2322 0.9661 -0.1131
vn 0.5101 0.8542 -0.1007
vn -0.0927 -0.8361 -0.5407
vn -0.0401 0.9931 -0.1105
vn -0.5100 -0.8543 -0.1008
vn 0.4264 0.9045 -0.0034
vn 0.0403 -0.9931 -0.1105
vn -0.2324 -0.9660 -0.1131
vn 0.4009 0.9093 0.1119
vn -0.2322 0.9661 -0.1131
vn 0.0686 0.9792 0.1912
vn 0.1033 0.9761 0.1912
vn 0.3183 0.9460 0.0620
vn 0.0401 0.9931 -0.1105
vn 0.1122 0.9913 0.0681
vn 0.6629 0.7354 0.1407
vn 0.1034 -0.9761 0.1912
vn 0.0907 -0.9705 0.2234
vn 0.1106 -0.9883 -0.1050
vn 0.1005 -0.9333 -0.3448
vn 0.4691 0.0604 0.8811
vn 0.5861 0.7252 -0.3613
vn 0.3693 0.9283 -0.0425
vn 0.5643 -0.6979 -0.4410
vn 0.1123 -0.9913 0.0681
vn 0.0818 -0.9787 0.1880
vn 0.1049 -0.9620 -0.2522
vn 0.0963 -0.8706 -0.4824
vn 0.0783 -0.9844 0.1578
vn 0.4036 0.9011 0.1588
vn 0.4042 -0.9008 0.1589
vn 0.3297 0.9441 0.0032
vn 0.5100 -0.8543 -0.1008
vn 0.0927 -0.8361 -0.5407
vn 0.5258 0.8506 -0.0017
vn 0.2708 -0.8085 -0.5225
vn 0.2372 -0.9585 0.1582
vn 0.2369 0.9586 0.1582
vn 0.1130 -0.9936 0.0051
vn 0.0782 0.9844 0.1578
vn -0.0963 -0.8706 -0.4824
vn -0.1005 -0.9333 -0.3448
vn -0.1049 -0.9620 -0.2522
vn -0.1106 -0.9883 -0.1050
vn -0.0818 -0.9787 0.1880
vn -0.0907 -0.9705 0.2234
vn -0.1034 -0.9761 0.1912
vn -0.1123 -0.9913 0.0681
vn -0.2860 -0.8404 -0.4604
vn -0.2972 -0.8957 -0.3307
vn -0.3100 -0.9198 -0.2408
vn -0.3247 -0.9404 -0.1006
vn -0.2433 -0.9528 0.1816
vn -0.2546 -0.9438 0.2110
vn -0.2982 -0.9381 0.1759
vn -0.3184 -0.9459 0.0620
vn -0.4733 -0.7761 -0.4167
vn -0.4872 -0.8194 -0.3022
vn -0.5046 -0.8351 -0.2190
vn -0.5222 -0.8477 -0.0935
vn -0.4119 -0.8945 0.1735
vn -0.4407 -0.8775 0.1891
vn -0.4877 -0.8602 0.1491
vn -0.5197 -0.8530 0.0481
vn -0.4731 0.7762 -0.4168
vn -0.4868 0.8195 -0.3024
vn -0.5041 0.8354 -0.2190
vn -0.5219 0.8479 -0.0934
vn -0.4115 0.8948 0.1734
vn -0.4404 0.8777 0.1890
vn -0.4875 0.8603 0.1490
vn -0.5195 0.8531 0.0481
vn -0.2859 0.8404 -0.4605
vn -0.2970 0.8958 -0.3307
vn -0.3097 0.9198 -0.2408
vn -0.3245 0.9405 -0.1006
vn -0.2430 0.9529 0.1816
vn -0.2544 0.9438 0.2109
vn -0.2981 0.9382 0.1759
vn -0.3183 0.9460 0.0620
vn -0.0962 0.8706 -0.4824
vn -0.1004 0.9333 -0.3448
vn -0.1048 0.9620 -0.2522
vn -0.1106 0.9883 -0.1050
vn -0.0817 0.9788 0.1880
vn -0.0906 0.9705 0.2234
vn -0.1033 0.9761 0.1912
vn -0.1122 0.9913 0.0681
vn 0.2430 0.9529 0.1816
vn 0.3245 0.9405 -0.1006
vn 0.2970 0.8958 -0.3307
vn 0.5195 0.8531 0.0481
vn 0.2860 -0.8404 -0.4604
vn 0.2972 -0.8957 -0.3307
vn 0.3247 -0.9404 -0.1006
vn 0.3100 -0.9198 -0.2408
vn 0.2544 0.9438 0.2109
vn 0.3097 0.9198 -0.2408
vn 0.2859 0.8404 -0.4605
vn 0.4875 0.8603 0.1490
vn 0.2433 -0.9528 0.1816
vn 0.2982 -0.9381 0.1759
vn 0.5046 -0.8351 -0.2190
vn 0.4872 -0.8194 -0.3022
vn 0.4868 0.8195 -0.3024
vn 0.4731 0.7762 -0.4168
vn 0.5197 -0.8530 0.0481
vn 0.4877 -0.8602 0.1491
vn 0.2546 -0.9438 0.2110
vn 0.3184 -0.9459 0.0620
vn 0.5222 -0.8477 -0.0935
vn 0.4733 -0.7761 -0.4167
vn 0.2659 0.9640 -0.0059
vn 0.2205 0.9708 0.0948
vn 0.2282 0.9605 0.1592
vn 0.2709 0.9440 0.1883
vn 0.4896 -0.8573 0.1589
vn 0.5408 -0.8388 0.0626
vn 0.6025 -0.7644 -0.2296
vn 0.6031 -0.7407 -0.2962
vn 0.5066 -0.8521 0.1319
vn 0.5690 -0.8223 0.0009
vn 0.5977 -0.7903 -0.1349
vn 0.5902 -0.7202 -0.3648
vn -0.0796 -0.9968 -0.0082
vn -0.0704 -0.9947 0.0748
vn -0.0686 -0.9792 0.1912
vn -0.0744 -0.9837 0.1638
vn -0.2659 -0.9640 -0.0059
vn -0.2205 -0.9708 0.0948
vn -0.2712 -0.9439 0.1882
vn -0.2286 -0.9604 0.1592
vn -0.4264 -0.9045 -0.0034
vn -0.4010 -0.9092 0.1118
vn -0.3941 -0.9004 0.1843
vn -0.4020 -0.9023 0.1554
vn 0.2712 -0.9439 0.1882
vn 0.2205 -0.9708 0.0948
vn 0.0744 -0.9837 0.1638
vn 0.0704 -0.9947 0.0748
vn 0.2286 -0.9604 0.1592
vn 0.2659 -0.9640 -0.0059
vn 0.0686 -0.9792 0.1912
vn 0.0796 -0.9968 -0.0082
vn 0.1106 0.9883 -0.1050
vn 0.1049 0.9620 -0.2522
vn 0.1004 0.9333 -0.3448
vn 0.0962 0.8706 -0.4824
vn -0.0796 0.9968 -0.0082
vn -0.0704 0.9947 0.0748
vn -0.0686 0.9792 0.1912
vn -0.0743 0.9837 0.1638
vn -0.2659 0.9640 -0.0059
vn -0.2205 0.9708 0.0948
vn -0.2709 0.9440 0.1883
vn -0.2282 0.9605 0.1592
vn -0.4264 0.9045 -0.0034
vn -0.4009 0.9093 0.1119
vn -0.3936 0.9005 0.1846
vn -0.4014 0.9026 0.1554
vn 0.5261 -0.8504 -0.0018
vn 0.1129 0.9936 0.0051
vn 0.0926 0.8361 -0.5407
vn 0.4397 0.7564 -0.4842
vn 0.5851 -0.8092 -0.0534
vn 0.2135 0.9759 0.0464
vn 0.4868 -0.8593 0.1568
vn 0.5479 -0.8334 -0.0721
vn -0.4896 -0.8573 0.1589
vn -0.5066 -0.8521 0.1319
vn -0.5408 -0.8388 0.0626
vn -0.5690 -0.8223 0.0009
vn -0.5902 -0.7202 -0.3648
vn -0.6031 -0.7407 -0.2962
vn -0.6025 -0.7644 -0.2296
vn -0.5977 -0.7903 -0.1349
vn 0.0704 0.9947 0.0748
vn 0.0796 0.9968 -0.0082
vn 0.4020 -0.9023 0.1554
vn 0.3941 -0.9004 0.1843
vn -0.4761 -0.8792 0.0181
vn -0.4554 -0.8823 0.1188
vn -0.4662 -0.8715 0.1523
vn -0.4840 -0.8631 0.1439
vn -0.3309 0.9298 -0.1612
vn -0.2539 0.9629 -0.0917
vn -0.1603 0.9868 -0.0244
vn -0.0837 0.9965 0.0017
vn -0.6090 0.7797 0.1455
vn -0.6501 0.7480 0.1338
vn -0.7000 0.7086 0.0884
vn -0.7320 0.6810 0.0183
vn 0.4662 -0.8715 0.1523
vn 0.1603 0.9868 -0.0244
vn 0.7000 0.7086 0.0884
vn 0.5602 0.8106 0.1706
vn 0.8148 0.5774 -0.0514
vn 0.6457 0.7514 0.1356
vn 0.2671 0.9610 0.0715
vn 0.4375 0.8988 0.0260
vn -0.5913 0.8065 0.0072
vn -0.5591 0.8208 0.1169
vn -0.5602 0.8106 0.1706
vn -0.5795 0.8017 0.1464
vn 0.4501 0.8914 0.0531
vn 0.5321 0.8450 -0.0535
vn 0.7249 0.6459 -0.2396
vn 0.7604 0.5889 -0.2739
vn -0.0537 0.9985 -0.0057
vn -0.7443 0.6676 -0.0195
vn -0.8148 0.5774 -0.0514
vn -0.5033 0.8627 -0.0495
vn -0.2429 0.9683 0.0575
vn -0.4529 0.8864 0.0961
vn -0.6457 0.7514 0.1356
vn -0.2593 0.9635 0.0658
vn -0.4340 0.8943 0.1092
vn -0.6147 0.7737 0.1532
vn -0.2671 0.9610 0.0715
vn -0.4194 0.9019 0.1033
vn -0.5991 0.7906 0.1265
vn -0.2727 0.9619 0.0211
vn -0.4375 0.8988 0.0260
vn -0.6319 0.7748 0.0217
vn -0.0574 0.9983 -0.0108
vn -0.4825 0.8750 -0.0387
vn -0.7981 0.6020 -0.0239
vn -0.0798 0.9967 -0.0157
vn -0.4607 0.8872 -0.0258
vn -0.7673 0.6410 0.0203
vn -0.1179 0.9930 -0.0016
vn -0.4470 0.8944 0.0175
vn -0.7251 0.6848 0.0732
vn -0.1684 0.9855 0.0227
vn -0.4501 0.8914 0.0531
vn -0.6875 0.7178 0.1099
vn -0.7469 0.6597 -0.0830
vn -0.8201 0.5654 -0.0883
vn -0.5321 0.8450 -0.0535
vn -0.7384 0.6512 -0.1754
vn -0.8106 0.5638 -0.1583
vn -0.5645 0.8195 -0.0990
vn -0.7249 0.6459 -0.2396
vn -0.7916 0.5714 -0.2168
vn -0.5898 0.7895 -0.1697
vn -0.6968 0.6404 -0.3230
vn -0.7604 0.5889 -0.2739
vn -0.5975 0.7686 -0.2284
vn -0.6499 0.7553 -0.0847
vn -0.6400 0.7641 -0.0807
vn -0.4946 0.8663 -0.0693
vn -0.5893 0.7934 0.1526
vn -0.6629 0.7354 0.1407
vn -0.4548 0.8864 0.0866
vn 0.4548 0.8864 0.0866
vn 0.4946 0.8663 -0.0693
vn 0.6499 0.7553 -0.0847
vn 0.6968 0.6404 -0.3230
vn 0.5898 0.7895 -0.1697
vn 0.7916 0.5714 -0.2168
vn 0.5645 0.8195 -0.0990
vn 0.8106 0.5638 -0.1583
vn 0.7384 0.6512 -0.1754
vn 0.8201 0.5654 -0.0883
vn 0.7469 0.6597 -0.0830
vn 0.6875 0.7178 0.1099
vn 0.7673 0.6410 0.0203
vn 0.7981 0.6020 -0.0239
vn 0.0574 0.9983 -0.0108
vn 0.2727 0.9619 0.0211
vn 0.5991 0.7906 0.1265
vn 0.4194 0.9019 0.1033
vn 0.6147 0.7737 0.1532
vn 0.4340 0.8943 0.1092
vn 0.2593 0.9635 0.0658
vn 0.4529 0.8864 0.0961
vn 0.2429 0.9683 0.0575
vn 0.5033 0.8627 -0.0495
vn 0.7443 0.6676 -0.0195
vn 0.0537 0.9985 -0.0057
vn 0.5795 0.8017 0.1464
vn 0.5591 0.8208 0.1169
vn 0.5913 0.8065 0.0072
vn 0.7320 0.6810 0.0183
vn 0.6501 0.7480 0.1338
vn 0.6090 0.7797 0.1455
vn 0.0837 0.9965 0.0017
vn 0.2539 0.9629 -0.0917
vn 0.3309 0.9298 -0.1612
vn 0.4840 -0.8631 0.1439
vn 0.5975 0.7686 -0.2284
vn 0.6400 0.7641 -0.0807
vn 0.5893 0.7934 0.1526
vn 0.1684 0.9855 0.0227
vn 0.7251 0.6848 0.0732
vn 0.4470 0.8944 0.0175
vn 0.6319 0.7748 0.0217
vn 0.4825 0.8750 -0.0387
vn 0.0798 0.9967 -0.0157
vn 0.4761 -0.8792 0.0181
usemtl None
s off
f 124/1/1 114/2/1 90/3/1 65/4/1
f 41/5/2 211/6/2 15/7/2 1/8/2
f 22/9/3 56/10/3 212/11/3 42/12/3
f 338/13/4 341/14/4 340/15/4 337/16/4
f 259/17/5 22/18/5 42/19/5 288/20/5
f 307/21/6 309/22/6 299/23/6 297/24/6
f 9/25/7 3/26/7 110/27/7 115/28/7
f 299/23/8 300/29/8 52/30/8 51/31/8
f 309/22/9 310/32/9 300/29/9 299/23/9
f 57/33/10 23/34/10 27/35/10 81/36/10
f 19/37/11 12/38/11 13/39/11 14/40/11 10/41/11 243/42/11 242/43/11 241/44/11 1/45/11 15/46/11 17/47/11 18/48/11
f 28/49/12 246/50/12 245/51/12 244/52/12 151/53/12 4/54/12
f 82/55/13 28/56/13 4/57/13
f 274/58/14 41/59/14 1/60/14 241/61/14
f 302/62/15 307/21/15 32/63/15 33/64/15
f 36/65/16 37/66/16 338/13/16 335/67/16
f 294/68/17 292/69/17 196/70/17 198/71/17
f 221/72/18 219/73/18 224/74/18 289/75/18
f 222/76/19 221/72/19 289/75/19 290/77/19
f 66/78/20 227/79/20 232/80/20 71/81/20
f 71/81/21 232/80/21 237/82/21 76/83/21
f 226/84/22 302/62/22 33/64/22 19/85/22
f 186/86/23 126/87/23 117/88/23 179/89/23
f 191/90/24 131/91/24 126/87/24 186/86/24
f 196/70/25 136/92/25 131/91/25 191/90/25
f 157/93/26 158/94/26 163/95/26 162/96/26
f 159/97/27 161/98/27 138/99/27 136/92/27
f 174/100/28 127/101/28 132/102/28 169/103/28
f 76/83/29 237/82/29 212/11/29 56/10/29
f 205/104/30 210/105/30 9/106/30 5/107/30
f 101/108/31 67/109/31 72/110/31 96/111/31
f 96/111/32 72/110/32 77/112/32 91/113/32
f 8/114/33 92/115/33 82/55/33 4/57/33
f 91/113/34 77/112/34 57/33/34 81/36/34
f 89/116/35 106/117/35 61/118/35 54/119/35
f 106/117/36 107/120/36 62/121/36 61/118/36
f 217/122/37 216/123/37 203/124/37 202/125/37
f 216/123/38 209/126/38 185/127/38 203/124/38
f 169/103/39 132/102/39 137/128/39 164/129/39
f 161/98/40 162/96/40 139/130/40 138/99/40
f 175/131/41 8/132/41 4/54/41 151/53/41
f 148/133/42 147/134/42 157/93/42 156/135/42
f 165/136/43 6/137/43 7/138/43 170/139/43
f 170/139/44 7/138/44 8/132/44 175/131/44
f 14/140/45 187/141/45 180/142/45 10/143/45
f 145/144/46 148/133/46 156/135/46 149/145/46
f 7/146/47 97/147/47 92/115/47 8/114/47
f 152/148/48 116/149/48 127/101/48 174/100/48
f 16/150/49 20/151/49 225/152/49 293/153/49
f 20/151/50 11/154/50 220/155/50 225/152/50
f 6/156/51 102/157/51 97/147/51 7/146/51
f 12/158/52 16/150/52 293/153/52 197/159/52
f 236/160/53 17/161/53 15/7/53 211/6/53
f 220/155/54 223/162/54 291/163/54 225/152/54
f 226/84/55 19/85/55 18/164/55 231/165/55
f 231/165/56 18/164/56 17/161/56 236/160/56
f 223/162/57 222/76/57 290/77/57 291/163/57
f 13/166/58 192/167/58 187/141/58 14/140/58
f 295/168/59 294/68/59 198/71/59 199/169/59
f 162/96/60 163/95/60 140/170/60 139/130/60
f 158/94/61 150/171/61 160/172/61 163/95/61
f 12/158/62 197/159/62 192/167/62 13/166/62
f 163/95/63 160/172/63 137/128/63 140/170/63
f 332/173/64 357/174/64 358/175/64 331/176/64
f 69/177/65 70/178/65 88/179/65 87/180/65
f 68/181/66 69/177/66 87/180/66 86/182/66
f 141/183/67 124/1/67 101/108/67 103/184/67
f 143/185/68 142/186/68 104/187/68 105/188/68
f 19/189/69 33/190/69 32/191/69 21/192/69 2/193/69 312/194/69 313/195/69 314/196/69 11/197/69 20/198/69 16/199/69 12/200/69
f 40/201/70 3/202/70 184/203/70 315/204/70 316/205/70 317/206/70
f 345/207/71 312/208/71 2/209/71 49/210/71
f 110/27/72 3/26/72 40/211/72
f 70/178/73 67/109/73 65/4/73 88/179/73
f 66/78/74 68/181/74 86/182/74 64/212/74
f 142/186/75 141/183/75 103/184/75 104/187/75
f 125/213/76 143/185/76 105/188/76 102/157/76
f 66/78/77 64/212/77 303/214/77 227/79/77
f 224/74/78 219/73/78 145/144/78 149/145/78
f 89/116/79 54/119/79 298/215/79 308/216/79
f 209/126/80 204/217/80 160/172/80 150/171/80
f 307/21/81 297/24/81 21/218/81 32/63/81
f 6/156/82 5/219/82 125/213/82 102/157/82
f 185/127/83 209/126/83 150/171/83 144/220/83
f 5/219/84 9/25/84 115/28/84 125/213/84
f 64/212/85 89/116/85 308/216/85 303/214/85
f 292/69/86 224/74/86 149/145/86 159/97/86
f 101/108/87 124/1/87 65/4/87 67/109/87
f 196/70/88 292/69/88 159/97/88 136/92/88
f 97/147/89 102/157/89 105/188/89 100/221/89
f 100/221/90 105/188/90 104/187/90 99/222/90
f 99/222/91 104/187/91 103/184/91 98/223/91
f 98/223/92 103/184/92 101/108/92 96/111/92
f 66/78/93 71/81/93 73/224/93 68/181/93
f 68/181/94 73/224/94 74/225/94 69/177/94
f 69/177/95 74/225/95 75/226/95 70/178/95
f 70/178/96 75/226/96 72/110/96 67/109/96
f 92/115/97 97/147/97 100/221/97 95/227/97
f 95/227/98 100/221/98 99/222/98 94/228/98
f 94/228/99 99/222/99 98/223/99 93/229/99
f 93/229/100 98/223/100 96/111/100 91/113/100
f 71/81/101 76/83/101 78/230/101 73/224/101
f 73/224/102 78/230/102 79/231/102 74/225/102
f 74/225/103 79/231/103 80/232/103 75/226/103
f 75/226/104 80/232/104 77/112/104 72/110/104
f 82/55/105 92/115/105 95/227/105 85/233/105
f 85/233/106 95/227/106 94/228/106 84/234/106
f 84/234/107 94/228/107 93/229/107 83/235/107
f 83/235/108 93/229/108 91/113/108 81/36/108
f 76/83/109 56/10/109 58/236/109 78/230/109
f 78/230/110 58/236/110 59/237/110 79/231/110
f 79/231/111 59/237/111 60/238/111 80/232/111
f 80/232/112 60/238/112 57/33/112 77/112/112
f 175/131/113 151/53/113 153/239/113 178/240/113
f 178/240/114 153/239/114 154/241/114 177/242/114
f 177/242/115 154/241/115 155/243/115 176/244/115
f 176/244/116 155/243/116 152/148/116 174/100/116
f 117/88/117 126/87/117 128/245/117 120/246/117
f 120/246/118 128/245/118 129/247/118 119/248/118
f 119/248/119 129/247/119 130/249/119 118/250/119
f 118/250/120 130/249/120 127/101/120 116/149/120
f 170/139/121 175/131/121 178/240/121 173/251/121
f 173/251/122 178/240/122 177/242/122 172/252/122
f 172/252/123 177/242/123 176/244/123 171/253/123
f 171/253/124 176/244/124 174/100/124 169/103/124
f 126/87/125 131/91/125 133/254/125 128/245/125
f 128/245/126 133/254/126 134/255/126 129/247/126
f 129/247/127 134/255/127 135/256/127 130/249/127
f 130/249/128 135/256/128 132/102/128 127/101/128
f 165/136/129 170/139/129 173/251/129 168/257/129
f 168/257/130 173/251/130 172/252/130 167/258/130
f 167/258/131 172/252/131 171/253/131 166/259/131
f 166/259/132 171/253/132 169/103/132 164/129/132
f 131/91/133 136/92/133 138/99/133 133/254/133
f 133/254/134 138/99/134 139/130/134 134/255/134
f 134/255/135 139/130/135 140/170/135 135/256/135
f 135/256/136 140/170/136 137/128/136 132/102/136
f 149/145/137 156/135/137 161/98/137 159/97/137
f 206/260/138 204/217/138 209/126/138 216/123/138
f 208/261/139 207/262/139 217/122/139 218/263/139
f 146/264/140 144/220/140 150/171/140 158/94/140
f 115/28/141 123/265/141 143/185/141 125/213/141
f 123/265/142 122/266/142 142/186/142 143/185/142
f 121/267/143 114/2/143 124/1/143 141/183/143
f 122/266/144 121/267/144 141/183/144 142/186/144
f 156/135/145 157/93/145 162/96/145 161/98/145
f 207/262/146 206/260/146 216/123/146 217/122/146
f 205/104/147 208/261/147 218/263/147 210/105/147
f 147/134/148 146/264/148 158/94/148 157/93/148
f 64/212/149 86/182/149 106/117/149 89/116/149
f 87/180/150 88/179/150 108/268/150 107/120/150
f 112/269/151 111/270/151 121/267/151 122/266/151
f 113/271/152 112/269/152 122/266/152 123/265/152
f 218/263/153 217/122/153 202/125/153 201/272/153
f 210/105/154 218/263/154 201/272/154 184/203/154
f 108/268/155 90/3/155 55/273/155 63/274/155
f 107/120/156 108/268/156 63/274/156 62/121/156
f 86/182/157 87/180/157 107/120/157 106/117/157
f 88/179/158 65/4/158 90/3/158 108/268/158
f 111/270/159 109/275/159 114/2/159 121/267/159
f 110/27/160 113/271/160 123/265/160 115/28/160
f 225/152/161 291/163/161 296/276/161 293/153/161
f 291/163/162 290/77/162 295/168/162 296/276/162
f 289/75/163 224/74/163 292/69/163 294/68/163
f 290/77/164 289/75/164 294/68/164 295/168/164
f 54/119/165 61/118/165 36/277/165 34/278/165
f 62/121/166 63/274/166 38/279/166 37/280/166
f 47/281/167 46/282/167 111/270/167 112/269/167
f 48/283/168 47/281/168 112/269/168 113/271/168
f 61/118/169 62/121/169 37/280/169 36/277/169
f 63/274/170 55/273/170 35/284/170 38/279/170
f 46/282/171 39/285/171 109/275/171 111/270/171
f 40/211/172 48/283/172 113/271/172 110/27/172
f 226/84/173 231/165/173 233/286/173 228/287/173
f 228/287/174 233/286/174 234/288/174 229/289/174
f 229/289/175 234/288/175 235/290/175 230/291/175
f 230/291/176 235/290/176 232/80/176 227/79/176
f 231/165/177 236/160/177 238/292/177 233/286/177
f 233/286/178 238/292/178 239/293/178 234/288/178
f 234/288/179 239/293/179 240/294/179 235/290/179
f 235/290/180 240/294/180 237/82/180 232/80/180
f 236/160/181 211/6/181 213/295/181 238/292/181
f 238/292/182 213/295/182 214/296/182 239/293/182
f 239/293/183 214/296/183 215/297/183 240/294/183
f 240/294/184 215/297/184 212/11/184 237/82/184
f 305/298/185 306/299/185 311/300/185 310/32/185
f 304/301/186 305/298/186 310/32/186 309/22/186
f 230/291/187 227/79/187 303/214/187 306/299/187
f 228/287/188 229/289/188 305/298/188 304/301/188
f 306/299/189 303/214/189 308/216/189 311/300/189
f 302/62/190 304/301/190 309/22/190 307/21/190
f 229/289/191 230/291/191 306/299/191 305/298/191
f 226/84/192 228/287/192 304/301/192 302/62/192
f 166/259/193 164/129/193 204/217/193 206/260/193
f 167/258/194 166/259/194 206/260/194 207/262/194
f 168/257/195 167/258/195 207/262/195 208/261/195
f 165/136/196 168/257/196 208/261/196 205/104/196
f 192/167/197 197/159/197 200/302/197 195/303/197
f 195/303/198 200/302/198 199/169/198 194/304/198
f 194/304/199 199/169/199 198/71/199 193/305/199
f 193/305/200 198/71/200 196/70/200 191/90/200
f 187/141/201 192/167/201 195/303/201 190/306/201
f 190/306/202 195/303/202 194/304/202 189/307/202
f 189/307/203 194/304/203 193/305/203 188/308/203
f 188/308/204 193/305/204 191/90/204 186/86/204
f 180/142/205 187/141/205 190/306/205 183/309/205
f 183/309/206 190/306/206 189/307/206 182/310/206
f 182/310/207 189/307/207 188/308/207 181/311/207
f 181/311/208 188/308/208 186/86/208 179/89/208
f 114/2/209 109/275/209 55/273/209 90/3/209
f 204/217/210 164/129/210 137/128/210 160/172/210
f 165/136/211 205/104/211 5/107/211 6/137/211
f 210/105/212 184/203/212 3/202/212 9/106/212
f 55/273/213 109/275/213 39/285/213 35/284/213
f 330/312/214 359/313/214 50/314/214 34/315/214
f 34/278/215 50/316/215 298/215/215 54/119/215
f 49/317/216 2/318/216 21/218/216 297/24/216
f 56/10/217 22/9/217 24/319/217 58/236/217
f 58/236/218 24/319/218 25/320/218 59/237/218
f 59/237/219 25/320/219 26/321/219 60/238/219
f 60/238/220 26/321/220 23/34/220 57/33/220
f 28/56/221 82/55/221 85/233/221 31/322/221
f 31/322/222 85/233/222 84/234/222 30/323/222
f 30/323/223 84/234/223 83/235/223 29/324/223
f 29/324/224 83/235/224 81/36/224 27/35/224
f 296/276/225 295/168/225 199/169/225 200/302/225
f 293/153/226 296/276/226 200/302/226 197/159/226
f 311/300/227 308/216/227 298/215/227 301/325/227
f 310/32/228 311/300/228 301/325/228 300/29/228
f 211/6/229 41/5/229 43/326/229 213/295/229
f 213/295/230 43/326/230 44/327/230 214/296/230
f 214/296/231 44/327/231 45/328/231 215/297/231
f 215/297/232 45/328/232 42/12/232 212/11/232
f 246/50/233 28/49/233 31/329/233 247/330/233
f 247/330/234 31/329/234 30/331/234 250/332/234
f 250/332/235 30/331/235 29/333/235 253/334/235
f 253/334/236 29/333/236 27/335/236 256/336/236
f 261/337/237 117/88/237 120/246/237 262/338/237
f 262/338/238 120/246/238 119/248/238 265/339/238
f 265/339/239 119/248/239 118/250/239 268/340/239
f 268/340/240 118/250/240 116/149/240 271/341/240
f 300/29/241 301/325/241 53/342/241 52/30/241
f 321/343/242 324/344/242 46/345/242 47/346/242
f 336/347/243 339/348/243 146/264/243 147/134/243
f 351/349/244 354/350/244 221/72/244 222/76/244
f 329/351/245 342/352/245 343/353/245 328/354/245
f 355/355/246 358/175/246 357/174/246 354/350/246
f 51/356/247 52/357/247 353/358/247 350/359/247
f 345/207/248 350/359/248 349/360/248 346/361/248
f 276/362/249 180/142/249 183/309/249 277/363/249
f 277/363/250 183/309/250 182/310/250 280/364/250
f 280/364/251 182/310/251 181/311/251 283/365/251
f 283/365/252 181/311/252 179/89/252 286/366/252
f 330/312/253 335/67/253 334/367/253 331/176/253
f 325/368/254 328/354/254 327/369/254 324/344/254
f 201/272/255 202/125/255 323/370/255 320/371/255
f 315/204/256 320/371/256 319/372/256 316/205/256
f 256/336/257 27/335/257 23/373/257 273/374/257
f 152/148/258 258/375/258 271/341/258 116/149/258
f 258/375/259 257/376/259 272/377/259 271/341/259
f 257/376/260 256/336/260 273/374/260 272/377/260
f 45/378/261 285/379/261 288/20/261 42/19/261
f 285/379/262 284/380/262 287/381/262 288/20/262
f 284/380/263 283/365/263 286/366/263 287/381/263
f 44/382/264 282/383/264 285/379/264 45/378/264
f 282/383/265 281/384/265 284/380/265 285/379/265
f 281/384/266 280/364/266 283/365/266 284/380/266
f 43/385/267 279/386/267 282/383/267 44/382/267
f 279/386/268 278/387/268 281/384/268 282/383/268
f 278/387/269 277/363/269 280/364/269 281/384/269
f 41/59/270 274/58/270 279/386/270 43/385/270
f 274/58/271 275/388/271 278/387/271 279/386/271
f 275/388/272 276/362/272 277/363/272 278/387/272
f 26/389/273 270/390/273 273/374/273 23/373/273
f 270/390/274 269/391/274 272/377/274 273/374/274
f 269/391/275 268/340/275 271/341/275 272/377/275
f 25/392/276 267/393/276 270/390/276 26/389/276
f 267/393/277 266/394/277 269/391/277 270/390/277
f 266/394/278 265/339/278 268/340/278 269/391/278
f 24/395/279 264/396/279 267/393/279 25/392/279
f 264/396/280 263/397/280 266/394/280 267/393/280
f 263/397/281 262/338/281 265/339/281 266/394/281
f 22/18/282 259/17/282 264/396/282 24/395/282
f 259/17/283 260/398/283 263/397/283 264/396/283
f 260/398/284 261/337/284 262/338/284 263/397/284
f 155/243/285 255/399/285 258/375/285 152/148/285
f 255/399/286 254/400/286 257/376/286 258/375/286
f 254/400/287 253/334/287 256/336/287 257/376/287
f 154/241/288 252/401/288 255/399/288 155/243/288
f 252/401/289 251/402/289 254/400/289 255/399/289
f 251/402/290 250/332/290 253/334/290 254/400/290
f 153/239/291 249/403/291 252/401/291 154/241/291
f 249/403/292 248/404/292 251/402/292 252/401/292
f 248/404/293 247/330/293 250/332/293 251/402/293
f 151/53/294 244/52/294 249/403/294 153/239/294
f 244/52/295 245/51/295 248/404/295 249/403/295
f 245/51/296 246/50/296 247/330/296 248/404/296
f 180/142/297 276/362/297 243/405/297 10/143/297
f 276/362/298 275/388/298 242/406/298 243/405/298
f 275/388/299 274/58/299 241/61/299 242/406/299
f 117/88/300 261/337/300 286/366/300 179/89/300
f 261/337/301 260/398/301 287/381/301 286/366/301
f 260/398/302 259/17/302 288/20/302 287/381/302
f 331/176/303 358/175/303 359/313/303 330/312/303
f 346/361/304 313/407/304 312/208/304 345/207/304
f 220/155/305 11/154/305 314/408/305 347/409/305
f 184/203/306 201/272/306 320/371/306 315/204/306
f 319/372/307 322/410/307 321/343/307 318/411/307
f 320/371/308 323/370/308 322/410/308 319/372/308
f 322/410/309 325/368/309 324/344/309 321/343/309
f 323/370/310 326/412/310 325/368/310 322/410/310
f 202/125/311 203/124/311 326/412/311 323/370/311
f 326/412/312 329/351/312 328/354/312 325/368/312
f 203/124/313 185/127/313 329/351/313 326/412/313
f 331/176/314 334/367/314 333/413/314 332/173/314
f 337/16/315 340/15/315 339/348/315 336/347/315
f 340/15/316 343/353/316 342/352/316 339/348/316
f 38/414/317 35/415/317 344/416/317 341/14/317
f 49/210/318 51/356/318 350/359/318 345/207/318
f 349/360/319 352/417/319 351/349/319 348/418/319
f 350/359/320 353/358/320 352/417/320 349/360/320
f 352/417/321 355/355/321 354/350/321 351/349/321
f 353/358/322 356/419/322 355/355/322 352/417/322
f 52/357/323 53/420/323 356/419/323 353/358/323
f 356/419/324 359/313/324 358/175/324 355/355/324
f 53/420/325 50/314/325 359/313/325 356/419/325
f 328/354/326 343/353/326 344/416/326 327/369/326
f 185/127/327 144/220/327 342/352/327 329/351/327
f 327/369/328 344/416/328 35/415/328 39/421/328
f 354/350/329 357/174/329 219/73/329 221/72/329
f 348/418/330 351/349/330 222/76/330 223/162/330
f 347/409/331 348/418/331 223/162/331 220/155/331
f 339/348/332 342/352/332 144/220/332 146/264/332
f 333/413/333 336/347/333 147/134/333 148/133/333
f 332/173/334 333/413/334 148/133/334 145/144/334
f 324/344/335 327/369/335 39/421/335 46/345/335
f 318/411/336 321/343/336 47/346/336 48/422/336
f 317/206/337 318/411/337 48/422/337 40/201/337
f 301/325/338 298/215/338 50/316/338 53/342/338
f 316/205/339 319/372/339 318/411/339 317/206/339
f 347/409/340 314/408/340 313/407/340 346/361/340
f 145/144/341 219/73/341 357/174/341 332/173/341
f 34/315/342 36/65/342 335/67/342 330/312/342
f 334/367/343 337/16/343 336/347/343 333/413/343
f 335/67/344 338/13/344 337/16/344 334/367/344
f 346/361/345 349/360/345 348/418/345 347/409/345
f 341/14/346 344/416/346 343/353/346 340/15/346
f 37/66/347 38/414/347 341/14/347 338/13/347
f 297/24/348 299/23/348 51/31/348 49/317/348
o Cube.002_Cube.003
v 0.701158 0.383648 7.176050
v 0.416717 0.232749 1.523060
v 0.136930 0.143984 1.616947
v 0.350727 0.394619 1.363558
v 0.202985 0.436609 1.540730
v 0.518647 0.284900 1.962666
v 0.582851 0.306843 2.348359
v 0.641938 0.322177 2.752333
v 0.716172 0.358410 3.155835
v 0.827844 0.446778 3.555901
v 0.970011 0.583118 3.940501
v 1.088326 0.698568 4.331273
v 1.132083 0.737351 4.758056
v 1.059569 0.668785 5.208413
v 0.821942 0.453452 5.726239
v 0.649502 0.270847 6.230632
v 0.610406 0.176137 6.671651
v 0.428540 0.187400 6.749632
v 0.394411 0.198554 6.356255
v 0.465648 0.280751 5.873443
v 0.668438 0.468384 5.344282
v 0.776122 0.576995 4.882316
v 0.774435 0.582306 4.444203
v 0.685505 0.496961 4.044006
v 0.561723 0.379601 3.651264
v 0.462011 0.304640 3.243409
v 0.387764 0.269240 2.837156
v 0.328428 0.254208 2.430341
v 0.254192 0.220828 2.045713
v 0.620359 0.411481 6.608450
v 0.805363 0.655033 6.121103
v 1.125220 0.976697 5.593905
v 1.301882 1.137064 5.091960
v 1.285365 1.120530 4.660710
v 1.190981 1.031442 4.247081
v 1.045107 0.889163 3.864116
v 0.883078 0.732475 3.485008
v 0.754751 0.625109 3.089388
v 0.678582 0.586322 2.683292
v 0.618264 0.569740 2.276868
v 0.535897 0.534579 1.891876
v 0.298036 0.492741 1.980719
v 0.360672 0.511828 2.366915
v 0.417830 0.524478 2.771404
v 0.491574 0.560046 3.175028
v 0.604624 0.650309 3.574439
v 0.748546 0.789142 3.957973
v 0.865911 0.904088 4.348535
v 0.902335 0.936812 4.777240
v 0.815279 0.856080 5.231644
v 0.572922 0.636814 5.753608
v 0.419812 0.469667 6.260122
v 0.402197 0.394360 6.694753
v 0.388396 0.343253 1.465362
v 0.179288 0.300510 1.586986
v 0.282257 0.362357 2.016342
v 0.349287 0.387479 2.398623
v 0.406709 0.400424 2.802575
v 0.480453 0.435705 3.205310
v 0.586206 0.517653 3.607846
v 0.720591 0.646646 3.994725
v 0.823591 0.747139 4.389321
v 0.837817 0.756430 4.824584
v 0.729837 0.652053 5.284763
v 0.496354 0.439261 5.815766
v 0.388669 0.320237 6.311914
v 0.402580 0.283343 6.721139
v 0.526675 0.409822 1.933637
v 0.593400 0.429813 2.318895
v 0.651481 0.443967 2.722797
v 0.724765 0.479403 3.126221
v 0.844035 0.576526 3.522884
v 0.996714 0.724123 3.903225
v 1.130054 0.854936 4.288340
v 1.199481 0.920173 4.707935
v 1.164279 0.889126 5.148665
v 0.924689 0.674230 5.662097
v 0.678484 0.419096 6.183032
v 0.576962 0.258900 6.650244
v 0.288427 0.196398 1.578022
v 0.294538 0.420884 1.470888
v 0.416331 0.515455 1.942105
v 0.482272 0.532267 2.328184
v 0.539344 0.545019 2.732356
v 0.612372 0.580118 3.135848
v 0.732397 0.678267 3.532168
v 0.885984 0.827133 3.911989
v 1.018885 0.957716 4.297031
v 1.084695 1.019998 4.717636
v 1.041659 0.982439 5.160386
v 0.796354 0.762769 5.675659
v 0.561755 0.516991 6.197613
v 0.473307 0.368888 6.662021
v 0.505870 0.173970 6.709641
v 0.501428 0.219129 6.297392
v 0.617982 0.345063 5.802329
v 0.850282 0.556992 5.273816
v 0.952569 0.656596 4.815206
v 0.934831 0.644389 4.380753
v 0.831341 0.543631 3.986017
v 0.697838 0.415895 3.598581
v 0.592740 0.334848 3.195724
v 0.518745 0.299236 2.793048
v 0.460380 0.284981 2.389347
v 0.392637 0.258506 2.007280
v 0.151162 0.233105 0.815517
v -0.701158 0.383648 7.176050
v -0.416717 0.232749 1.523060
v -0.136930 0.143984 1.616947
v -0.350727 0.394619 1.363558
v -0.202985 0.436609 1.540730
v -0.518647 0.284900 1.962666
v -0.582851 0.306843 2.348359
v -0.641938 0.322177 2.752333
v -0.716172 0.358410 3.155835
v -0.827844 0.446778 3.555901
v -0.970011 0.583118 3.940501
v -1.088326 0.698568 4.331273
v -1.132083 0.737351 4.758056
v -1.059569 0.668785 5.208413
v -0.821942 0.453452 5.726239
v -0.649502 0.270847 6.230632
v -0.610406 0.176137 6.671651
v -0.428540 0.187400 6.749632
v -0.394411 0.198554 6.356255
v -0.465648 0.280751 5.873443
v -0.668438 0.468384 5.344282
v -0.776122 0.576995 4.882316
v -0.774435 0.582306 4.444203
v -0.685505 0.496961 4.044006
v -0.561723 0.379601 3.651264
v -0.462011 0.304640 3.243409
v -0.387764 0.269240 2.837156
v -0.328428 0.254208 2.430341
v -0.254192 0.220828 2.045713
v -0.620359 0.411481 6.608450
v -0.805363 0.655033 6.121103
v -1.125220 0.976697 5.593905
v -1.301882 1.137064 5.091960
v -1.285365 1.120530 4.660710
v -1.190981 1.031442 4.247081
v -1.045107 0.889163 3.864116
v -0.883078 0.732475 3.485008
v -0.754751 0.625109 3.089388
v -0.678582 0.586322 2.683292
v -0.618264 0.569740 2.276868
v -0.535897 0.534579 1.891876
v -0.298036 0.492741 1.980719
v -0.360672 0.511828 2.366915
v -0.417830 0.524478 2.771404
v -0.491574 0.560046 3.175028
v -0.604624 0.650309 3.574439
v -0.748546 0.789142 3.957973
v -0.865911 0.904088 4.348535
v -0.902335 0.936812 4.777240
v -0.815279 0.856080 5.231644
v -0.572922 0.636814 5.753608
v -0.419812 0.469667 6.260122
v -0.402197 0.394360 6.694753
v -0.388396 0.343253 1.465362
v -0.179288 0.300510 1.586986
v -0.282257 0.362357 2.016342
v -0.349287 0.387479 2.398623
v -0.406709 0.400424 2.802575
v -0.480453 0.435705 3.205310
v -0.586206 0.517653 3.607846
v -0.720591 0.646646 3.994725
v -0.823591 0.747139 4.389321
v -0.837817 0.756430 4.824584
v -0.729837 0.652053 5.284763
v -0.496354 0.439261 5.815766
v -0.388669 0.320237 6.311914
v -0.402580 0.283343 6.721139
v -0.526675 0.409822 1.933637
v -0.593400 0.429813 2.318895
v -0.651481 0.443967 2.722797
v -0.724765 0.479403 3.126221
v -0.844035 0.576526 3.522884
v -0.996714 0.724123 3.903225
v -1.130054 0.854936 4.288340
v -1.199481 0.920173 4.707935
v -1.164279 0.889126 5.148665
v -0.924689 0.674230 5.662097
v -0.678484 0.419096 6.183032
v -0.576962 0.258900 6.650244
v -0.288427 0.196398 1.578022
v -0.294538 0.420884 1.470888
v -0.416331 0.515455 1.942105
v -0.482272 0.532267 2.328184
v -0.539344 0.545019 2.732356
v -0.612372 0.580118 3.135848
v -0.732397 0.678267 3.532168
v -0.885984 0.827133 3.911989
v -1.018885 0.957716 4.297031
v -1.084695 1.019998 4.717636
v -1.041659 0.982439 5.160386
v -0.796354 0.762769 5.675659
v -0.561755 0.516991 6.197613
v -0.473307 0.368888 6.662021
v -0.505870 0.173970 6.709641
v -0.501428 0.219129 6.297392
v -0.617982 0.345063 5.802329
v -0.850282 0.556992 5.273816
v -0.952569 0.656596 4.815206
v -0.934831 0.644389 4.380753
v -0.831341 0.543631 3.986017
v -0.697838 0.415895 3.598581
v -0.592740 0.334848 3.195724
v -0.518745 0.299236 2.793048
v -0.460380 0.284981 2.389347
v -0.392637 0.258506 2.007280
v -0.151162 0.233105 0.815517
v 0.701158 -0.383648 7.176050
v 0.416717 -0.232749 1.523060
v 0.136930 -0.143984 1.616947
v 0.350727 -0.394619 1.363558
v 0.202985 -0.436609 1.540730
v 0.518647 -0.284900 1.962666
v 0.582851 -0.306843 2.348359
v 0.641938 -0.322177 2.752333
v 0.716172 -0.358410 3.155835
v 0.827844 -0.446778 3.555901
v 0.970011 -0.583118 3.940501
v 1.088326 -0.698568 4.331273
v 1.132083 -0.737351 4.758056
v 1.059569 -0.668785 5.208413
v 0.821942 -0.453452 5.726239
v 0.649502 -0.270847 6.230632
v 0.610406 -0.176137 6.671651
v 0.428540 -0.187400 6.749632
v 0.394411 -0.198554 6.356255
v 0.465648 -0.280751 5.873443
v 0.668438 -0.468384 5.344282
v 0.776122 -0.576995 4.882316
v 0.774435 -0.582306 4.444203
v 0.685505 -0.496961 4.044006
v 0.561723 -0.379601 3.651264
v 0.462011 -0.304640 3.243409
v 0.387764 -0.269240 2.837156
v 0.328428 -0.254208 2.430341
v 0.254192 -0.220828 2.045713
v 0.620359 -0.411481 6.608450
v 0.805363 -0.655033 6.121103
v 1.125220 -0.976697 5.593905
v 1.301882 -1.137064 5.091960
v 1.285365 -1.120530 4.660710
v 1.190981 -1.031442 4.247081
v 1.045107 -0.889163 3.864116
v 0.883078 -0.732475 3.485008
v 0.754751 -0.625109 3.089388
v 0.678582 -0.586322 2.683292
v 0.618264 -0.569740 2.276868
v 0.535897 -0.534579 1.891876
v 0.298036 -0.492741 1.980719
v 0.360672 -0.511828 2.366915
v 0.417830 -0.524478 2.771404
v 0.491574 -0.560046 3.175028
v 0.604624 -0.650309 3.574439
v 0.748546 -0.789142 3.957973
v 0.865911 -0.904088 4.348535
v 0.902335 -0.936812 4.777240
v 0.815279 -0.856080 5.231644
v 0.572922 -0.636814 5.753608
v 0.419812 -0.469667 6.260122
v 0.402197 -0.394360 6.694753
v 0.388396 -0.343253 1.465362
v 0.179288 -0.300510 1.586986
v 0.282257 -0.362357 2.016342
v 0.349287 -0.387479 2.398623
v 0.406709 -0.400424 2.802575
v 0.480453 -0.435705 3.205310
v 0.586206 -0.517653 3.607846
v 0.720591 -0.646646 3.994725
v 0.823591 -0.747139 4.389321
v 0.837817 -0.756430 4.824584
v 0.729837 -0.652053 5.284763
v 0.496354 -0.439261 5.815766
v 0.388669 -0.320237 6.311914
v 0.402580 -0.283343 6.721139
v 0.526675 -0.409822 1.933637
v 0.593400 -0.429813 2.318895
v 0.651481 -0.443967 2.722797
v 0.724765 -0.479403 3.126221
v 0.844035 -0.576526 3.522884
v 0.996714 -0.724123 3.903225
v 1.130054 -0.854936 4.288340
v 1.199481 -0.920173 4.707935
v 1.164279 -0.889126 5.148665
v 0.924689 -0.674230 5.662097
v 0.678484 -0.419096 6.183032
v 0.576962 -0.258900 6.650244
v 0.288427 -0.196398 1.578022
v 0.294538 -0.420884 1.470888
v 0.416331 -0.515455 1.942105
v 0.482272 -0.532267 2.328184
v 0.539344 -0.545019 2.732356
v 0.612372 -0.580118 3.135848
v 0.732397 -0.678267 3.532168
v 0.885984 -0.827133 3.911989
v 1.018885 -0.957716 4.297031
v 1.084695 -1.019998 4.717636
v 1.041659 -0.982439 5.160386
v 0.796354 -0.762769 5.675659
v 0.561755 -0.516991 6.197613
v 0.473307 -0.368888 6.662021
v 0.505870 -0.173970 6.709641
v 0.501428 -0.219129 6.297392
v 0.617982 -0.345063 5.802329
v 0.850282 -0.556992 5.273816
v 0.952569 -0.656596 4.815206
v 0.934831 -0.644389 4.380753
v 0.831341 -0.543631 3.986017
v 0.697838 -0.415895 3.598581
v 0.592740 -0.334848 3.195724
v 0.518745 -0.299236 2.793048
v 0.460380 -0.284981 2.389347
v 0.392637 -0.258506 2.007280
v 0.151162 -0.233105 0.815517
v -0.701158 -0.383648 7.176050
v -0.416717 -0.232749 1.523060
v -0.136930 -0.143984 1.616947
v -0.350727 -0.394619 1.363558
v -0.202985 -0.436609 1.540730
v -0.518647 -0.284900 1.962666
v -0.582851 -0.306843 2.348359
v -0.641938 -0.322177 2.752333
v -0.716172 -0.358410 3.155835
v -0.827844 -0.446778 3.555901
v -0.970011 -0.583118 3.940501
v -1.088326 -0.698568 4.331273
v -1.132083 -0.737351 4.758056
v -1.059569 -0.668785 5.208413
v -0.821942 -0.453452 5.726239
v -0.649502 -0.270847 6.230632
v -0.610406 -0.176137 6.671651
v -0.428540 -0.187400 6.749632
v -0.394411 -0.198554 6.356255
v -0.465648 -0.280751 5.873443
v -0.668438 -0.468384 5.344282
v -0.776122 -0.576995 4.882316
v -0.774435 -0.582306 4.444203
v -0.685505 -0.496961 4.044006
v -0.561723 -0.379601 3.651264
v -0.462011 -0.304640 3.243409
v -0.387764 -0.269240 2.837156
v -0.328428 -0.254208 2.430341
v -0.254192 -0.220828 2.045713
v -0.620359 -0.411481 6.608450
v -0.805363 -0.655033 6.121103
v -1.125220 -0.976697 5.593905
v -1.301882 -1.137064 5.091960
v -1.285365 -1.120530 4.660710
v -1.190981 -1.031442 4.247081
v -1.045107 -0.889163 3.864116
v -0.883078 -0.732475 3.485008
v -0.754751 -0.625109 3.089388
v -0.678582 -0.586322 2.683292
v -0.618264 -0.569740 2.276868
v -0.535897 -0.534579 1.891876
v -0.298036 -0.492741 1.980719
v -0.360672 -0.511828 2.366915
v -0.417830 -0.524478 2.771404
v -0.491574 -0.560046 3.175028
v -0.604624 -0.650309 3.574439
v -0.748546 -0.789142 3.957973
v -0.865911 -0.904088 4.348535
v -0.902335 -0.936812 4.777240
v -0.815279 -0.856080 5.231644
v -0.572922 -0.636814 5.753608
v -0.419812 -0.469667 6.260122
v -0.402197 -0.394360 6.694753
v -0.388396 -0.343253 1.465362
v -0.179288 -0.300510 1.586986
v -0.282257 -0.362357 2.016342
v -0.349287 -0.387479 2.398623
v -0.406709 -0.400424 2.802575
v -0.480453 -0.435705 3.205310
v -0.586206 -0.517653 3.607846
v -0.720591 -0.646646 3.994725
v -0.823591 -0.747139 4.389321
v -0.837817 -0.756430 4.824584
v -0.729837 -0.652053 5.284763
v -0.496354 -0.439261 5.815766
v -0.388669 -0.320237 6.311914
v -0.402580 -0.283343 6.721139
v -0.526675 -0.409822 1.933637
v -0.593400 -0.429813 2.318895
v -0.651481 -0.443967 2.722797
v -0.724765 -0.479403 3.126221
v -0.844035 -0.576526 3.522884
v -0.996714 -0.724123 3.903225
v -1.130054 -0.854936 4.288340
v -1.199481 -0.920173 4.707935
v -1.164279 -0.889126 5.148665
v -0.924689 -0.674230 5.662097
v -0.678484 -0.419096 6.183032
v -0.576962 -0.258900 6.650244
v -0.288427 -0.196398 1.578022
v -0.294538 -0.420884 1.470888
v -0.416331 -0.515455 1.942105
v -0.482272 -0.532267 2.328184
v -0.539344 -0.545019 2.732356
v -0.612372 -0.580118 3.135848
v -0.732397 -0.678267 3.532168
v -0.885984 -0.827133 3.911989
v -1.018885 -0.957716 4.297031
v -1.084695 -1.019998 4.717636
v -1.041659 -0.982439 5.160386
v -0.796354 -0.762769 5.675659
v -0.561755 -0.516991 6.197613
v -0.473307 -0.368888 6.662021
v -0.505870 -0.173970 6.709641
v -0.501428 -0.219129 6.297392
v -0.617982 -0.345063 5.802329
v -0.850282 -0.556992 5.273816
v -0.952569 -0.656596 4.815206
v -0.934831 -0.644389 4.380753
v -0.831341 -0.543631 3.986017
v -0.697838 -0.415895 3.598581
v -0.592740 -0.334848 3.195724
v -0.518745 -0.299236 2.793048
v -0.460380 -0.284981 2.389347
v -0.392637 -0.258506 2.007280
v -0.151162 -0.233105 0.815517
vt 0.897132 0.811374
vt 0.953180 0.806514
vt 0.997194 0.874893
vt 0.934353 0.879638
vt 0.038099 1.000000
vt 0.044490 0.878769
vt 0.079149 0.885248
vt 0.512400 0.089282
vt 0.052553 0.082124
vt 0.121801 0.000000
vt 0.929147 0.081021
vt 0.929099 0.083960
vt 0.877897 0.000000
vt 0.032653 0.077394
vt 0.011278 0.073745
vt 0.000000 0.875062
vt 0.045341 0.806793
vt 0.082156 0.810575
vt 0.068838 0.745926
vt 0.101705 0.750162
vt 0.083378 0.681773
vt 0.115263 0.686479
vt 0.106816 0.617513
vt 0.138581 0.622774
vt 0.146299 0.552649
vt 0.181535 0.558670
vt 0.202234 0.489796
vt 0.243371 0.496609
vt 0.240191 0.426163
vt 0.289059 0.433686
vt 0.230760 0.357607
vt 0.286683 0.365424
vt 0.164363 0.286542
vt 0.221022 0.294623
vt 0.049517 0.205979
vt 0.091012 0.214097
vt 0.000000 0.131279
vt 0.021947 0.137728
vt 0.001351 0.069520
vt 0.875230 0.895534
vt 0.514670 0.911310
vt 0.513735 0.826461
vt 0.825922 0.820920
vt 0.513406 0.765460
vt 0.807216 0.760089
vt 0.513213 0.701384
vt 0.792845 0.696440
vt 0.512911 0.637094
vt 0.769985 0.632611
vt 0.512253 0.573601
vt 0.721710 0.569089
vt 0.511353 0.512111
vt 0.653933 0.507533
vt 0.510551 0.450227
vt 0.595594 0.445477
vt 0.510082 0.384268
vt 0.570271 0.378919
vt 0.510092 0.316584
vt 0.596688 0.310434
vt 0.511297 0.240379
vt 0.724246 0.233235
vt 0.513431 0.162330
vt 0.860016 0.155205
vt 0.514815 0.089083
vt 0.108561 0.895599
vt 0.112841 0.815470
vt 0.157910 0.820578
vt 0.129686 0.754502
vt 0.175444 0.759615
vt 0.143088 0.690739
vt 0.188843 0.695900
vt 0.166441 0.626893
vt 0.211869 0.632083
vt 0.213496 0.563190
vt 0.262833 0.568780
vt 0.280483 0.501542
vt 0.335058 0.507601
vt 0.333838 0.439086
vt 0.396731 0.445831
vt 0.343524 0.371591
vt 0.422098 0.379267
vt 0.289520 0.301443
vt 0.391366 0.310443
vt 0.155474 0.222423
vt 0.256384 0.232493
vt 0.061755 0.144963
vt 0.119955 0.153535
vt 0.994802 0.069881
vt 0.967957 0.075751
vt 0.997194 0.131544
vt 0.954454 0.139925
vt 0.949686 0.206003
vt 0.884184 0.215689
vt 0.838905 0.286097
vt 0.759353 0.295314
vt 0.774975 0.356869
vt 0.698709 0.365663
vt 0.765541 0.425370
vt 0.697608 0.433823
vt 0.801141 0.489166
vt 0.740745 0.496971
vt 0.853976 0.552254
vt 0.798660 0.559368
vt 0.891840 0.617238
vt 0.839429 0.623650
vt 0.914982 0.681515
vt 0.862586 0.687367
vt 0.929868 0.745634
vt 0.877078 0.750988
vt 0.892355 0.149051
vt 0.793752 0.225499
vt 0.666746 0.303394
vt 0.621386 0.372871
vt 0.633574 0.440193
vt 0.684210 0.502925
vt 0.746521 0.564997
vt 0.790751 0.628938
vt 0.814065 0.692791
vt 0.828963 0.756467
vt 0.847025 0.817364
vt 0.881802 0.887158
vt 0.962510 0.999497
vt 0.511710 0.163184
vt 0.510666 0.242029
vt 0.510083 0.318637
vt 0.510082 0.386318
vt 0.510316 0.452109
vt 0.510713 0.513697
vt 0.511158 0.574858
vt 0.511481 0.638150
vt 0.511625 0.702414
vt 0.511713 0.766520
vt 0.511867 0.827509
vt 0.512322 0.912113
vt 0.897132 0.811374
vt 0.934353 0.879638
vt 0.997194 0.874893
vt 0.953180 0.806514
vt 0.038099 1.000000
vt 0.079149 0.885248
vt 0.044490 0.878769
vt 0.512400 0.089282
vt 0.121801 0.000000
vt 0.052553 0.082124
vt 0.929147 0.081021
vt 0.877897 0.000000
vt 0.929099 0.083960
vt 0.032653 0.077394
vt 0.011278 0.073745
vt 0.082156 0.810575
vt 0.045341 0.806793
vt 0.000000 0.875062
vt 0.101705 0.750162
vt 0.068838 0.745926
vt 0.115263 0.686479
vt 0.083378 0.681773
vt 0.138581 0.622774
vt 0.106816 0.617513
vt 0.181535 0.558670
vt 0.146299 0.552649
vt 0.243371 0.496609
vt 0.202234 0.489796
vt 0.289059 0.433686
vt 0.240191 0.426163
vt 0.286683 0.365424
vt 0.230760 0.357607
vt 0.221022 0.294623
vt 0.164363 0.286542
vt 0.091012 0.214097
vt 0.049517 0.205979
vt 0.021947 0.137728
vt 0.000000 0.131279
vt 0.001351 0.069520
vt 0.875230 0.895534
vt 0.825922 0.820920
vt 0.513735 0.826461
vt 0.514670 0.911310
vt 0.807216 0.760089
vt 0.513406 0.765460
vt 0.792845 0.696440
vt 0.513213 0.701384
vt 0.769985 0.632611
vt 0.512911 0.637094
vt 0.721710 0.569089
vt 0.512253 0.573601
vt 0.653933 0.507533
vt 0.511353 0.512111
vt 0.595594 0.445477
vt 0.510551 0.450227
vt 0.570271 0.378919
vt 0.510082 0.384268
vt 0.596688 0.310434
vt 0.510092 0.316584
vt 0.724246 0.233235
vt 0.511297 0.240379
vt 0.860016 0.155205
vt 0.513431 0.162330
vt 0.514815 0.089083
vt 0.108561 0.895599
vt 0.157910 0.820578
vt 0.112841 0.815470
vt 0.175444 0.759615
vt 0.129686 0.754502
vt 0.188843 0.695900
vt 0.143088 0.690739
vt 0.211869 0.632083
vt 0.166441 0.626893
vt 0.262833 0.568780
vt 0.213496 0.563190
vt 0.335058 0.507601
vt 0.280483 0.501542
vt 0.396731 0.445831
vt 0.333838 0.439086
vt 0.422098 0.379267
vt 0.343524 0.371591
vt 0.391366 0.310443
vt 0.289520 0.301443
vt 0.256384 0.232493
vt 0.155474 0.222423
vt 0.119955 0.153535
vt 0.061755 0.144963
vt 0.967957 0.075751
vt 0.994802 0.069881
vt 0.954454 0.139925
vt 0.997194 0.131544
vt 0.884184 0.215689
vt 0.949686 0.206003
vt 0.759353 0.295314
vt 0.838905 0.286097
vt 0.698709 0.365663
vt 0.774975 0.356869
vt 0.697608 0.433823
vt 0.765541 0.425370
vt 0.740745 0.496971
vt 0.801141 0.489166
vt 0.798660 0.559368
vt 0.853976 0.552254
vt 0.839429 0.623650
vt 0.891840 0.617238
vt 0.862586 0.687367
vt 0.914982 0.681515
vt 0.877078 0.750988
vt 0.929868 0.745634
vt 0.892355 0.149051
vt 0.793752 0.225499
vt 0.666746 0.303394
vt 0.621386 0.372871
vt 0.633574 0.440193
vt 0.684210 0.502925
vt 0.746521 0.564997
vt 0.790751 0.628938
vt 0.814065 0.692791
vt 0.828963 0.756467
vt 0.847025 0.817364
vt 0.881802 0.887158
vt 0.962510 0.999497
vt 0.511710 0.163184
vt 0.510666 0.242029
vt 0.510083 0.318637
vt 0.510082 0.386318
vt 0.510316 0.452109
vt 0.510713 0.513697
vt 0.511158 0.574858
vt 0.511481 0.638150
vt 0.511625 0.702414
vt 0.511713 0.766520
vt 0.511867 0.827509
vt 0.512322 0.912113
vt 0.897132 0.811374
vt 0.934353 0.879638
vt 0.997194 0.874893
vt 0.953180 0.806514
vt 0.038099 1.000000
vt 0.079149 0.885248
vt 0.044490 0.878769
vt 0.512400 0.089282
vt 0.121801 0.000000
vt 0.052553 0.082124
vt 0.929147 0.081021
vt 0.877897 0.000000
vt 0.929099 0.083960
vt 0.032653 0.077394
vt 0.011278 0.073745
vt 0.082156 0.810575
vt 0.045341 0.806793
vt 0.000000 0.875062
vt 0.101705 0.750162
vt 0.068838 0.745926
vt 0.115263 0.686479
vt 0.083378 0.681773
vt 0.138581 0.622774
vt 0.106816 0.617513
vt 0.181535 0.558670
vt 0.146299 0.552649
vt 0.243371 0.496609
vt 0.202234 0.489796
vt 0.289059 0.433686
vt 0.240191 0.426163
vt 0.286683 0.365424
vt 0.230760 0.357607
vt 0.221022 0.294623
vt 0.164363 0.286542
vt 0.091012 0.214097
vt 0.049517 0.205979
vt 0.021947 0.137728
vt 0.000000 0.131279
vt 0.001351 0.069520
vt 0.875230 0.895534
vt 0.825922 0.820920
vt 0.513735 0.826461
vt 0.514670 0.911310
vt 0.807216 0.760089
vt 0.513406 0.765460
vt 0.792845 0.696440
vt 0.513213 0.701384
vt 0.769985 0.632611
vt 0.512911 0.637094
vt 0.721710 0.569089
vt 0.512253 0.573601
vt 0.653933 0.507533
vt 0.511353 0.512111
vt 0.595594 0.445477
vt 0.510551 0.450227
vt 0.570271 0.378919
vt 0.510082 0.384268
vt 0.596688 0.310434
vt 0.510092 0.316584
vt 0.724246 0.233235
vt 0.511297 0.240379
vt 0.860016 0.155205
vt 0.513431 0.162330
vt 0.514815 0.089083
vt 0.108561 0.895599
vt 0.157910 0.820578
vt 0.112841 0.815470
vt 0.175444 0.759615
vt 0.129686 0.754502
vt 0.188843 0.695900
vt 0.143088 0.690739
vt 0.211869 0.632083
vt 0.166441 0.626893
vt 0.262833 0.568780
vt 0.213496 0.563190
vt 0.335058 0.507601
vt 0.280483 0.501542
vt 0.396731 0.445831
vt 0.333838 0.439086
vt 0.422098 0.379267
vt 0.343524 0.371591
vt 0.391366 0.310443
vt 0.289520 0.301443
vt 0.256384 0.232493
vt 0.155474 0.222423
vt 0.119955 0.153535
vt 0.061755 0.144963
vt 0.967957 0.075751
vt 0.994802 0.069881
vt 0.954454 0.139925
vt 0.997194 0.131544
vt 0.884184 0.215689
vt 0.949686 0.206003
vt 0.759353 0.295314
vt 0.838905 0.286097
vt 0.698709 0.365663
vt 0.774975 0.356869
vt 0.697608 0.433823
vt 0.765541 0.425370
vt 0.740745 0.496971
vt 0.801141 0.489166
vt 0.798660 0.559368
vt 0.853976 0.552254
vt 0.839429 0.623650
vt 0.891840 0.617238
vt 0.862586 0.687367
vt 0.914982 0.681515
vt 0.877078 0.750988
vt 0.929868 0.745634
vt 0.892355 0.149051
vt 0.793752 0.225499
vt 0.666746 0.303394
vt 0.621386 0.372871
vt 0.633574 0.440193
vt 0.684210 0.502925
vt 0.746521 0.564997
vt 0.790751 0.628938
vt 0.814065 0.692791
vt 0.828963 0.756467
vt 0.847025 0.817364
vt 0.881802 0.887158
vt 0.962510 0.999497
vt 0.511710 0.163184
vt 0.510666 0.242029
vt 0.510083 0.318637
vt 0.510082 0.386318
vt 0.510316 0.452109
vt 0.510713 0.513697
vt 0.511158 0.574858
vt 0.511481 0.638150
vt 0.511625 0.702414
vt 0.511713 0.766520
vt 0.511867 0.827509
vt 0.512322 0.912113
vt 0.897132 0.811374
vt 0.953180 0.806514
vt 0.997194 0.874893
vt 0.934353 0.879638
vt 0.038099 1.000000
vt 0.044490 0.878769
vt 0.079149 0.885248
vt 0.512400 0.089282
vt 0.052553 0.082124
vt 0.121801 0.000000
vt 0.929147 0.081021
vt 0.929099 0.083960
vt 0.877897 0.000000
vt 0.032653 0.077394
vt 0.011278 0.073745
vt 0.000000 0.875062
vt 0.045341 0.806793
vt 0.082156 0.810575
vt 0.068838 0.745926
vt 0.101705 0.750162
vt 0.083378 0.681773
vt 0.115263 0.686479
vt 0.106816 0.617513
vt 0.138581 0.622774
vt 0.146299 0.552649
vt 0.181535 0.558670
vt 0.202234 0.489796
vt 0.243371 0.496609
vt 0.240191 0.426163
vt 0.289059 0.433686
vt 0.230760 0.357607
vt 0.286683 0.365424
vt 0.164363 0.286542
vt 0.221022 0.294623
vt 0.049517 0.205979
vt 0.091012 0.214097
vt 0.000000 0.131279
vt 0.021947 0.137728
vt 0.001351 0.069520
vt 0.875230 0.895534
vt 0.514670 0.911310
vt 0.513735 0.826461
vt 0.825922 0.820920
vt 0.513406 0.765460
vt 0.807216 0.760089
vt 0.513213 0.701384
vt 0.792845 0.696440
vt 0.512911 0.637094
vt 0.769985 0.632611
vt 0.512253 0.573601
vt 0.721710 0.569089
vt 0.511353 0.512111
vt 0.653933 0.507533
vt 0.510551 0.450227
vt 0.595594 0.445477
vt 0.510082 0.384268
vt 0.570271 0.378919
vt 0.510092 0.316584
vt 0.596688 0.310434
vt 0.511297 0.240379
vt 0.724246 0.233235
vt 0.513431 0.162330
vt 0.860016 0.155205
vt 0.514815 0.089083
vt 0.108561 0.895599
vt 0.112841 0.815470
vt 0.157910 0.820578
vt 0.129686 0.754502
vt 0.175444 0.759615
vt 0.143088 0.690739
vt 0.188843 0.695900
vt 0.166441 0.626893
vt 0.211869 0.632083
vt 0.213496 0.563190
vt 0.262833 0.568780
vt 0.280483 0.501542
vt 0.335058 0.507601
vt 0.333838 0.439086
vt 0.396731 0.445831
vt 0.343524 0.371591
vt 0.422098 0.379267
vt 0.289520 0.301443
vt 0.391366 0.310443
vt 0.155474 0.222423
vt 0.256384 0.232493
vt 0.061755 0.144963
vt 0.119955 0.153535
vt 0.994802 0.069881
vt 0.967957 0.075751
vt 0.997194 0.131544
vt 0.954454 0.139925
vt 0.949686 0.206003
vt 0.884184 0.215689
vt 0.838905 0.286097
vt 0.759353 0.295314
vt 0.774975 0.356869
vt 0.698709 0.365663
vt 0.765541 0.425370
vt 0.697608 0.433823
vt 0.801141 0.489166
vt 0.740745 0.496971
vt 0.853976 0.552254
vt 0.798660 0.559368
vt 0.891840 0.617238
vt 0.839429 0.623650
vt 0.914982 0.681515
vt 0.862586 0.687367
vt 0.929868 0.745634
vt 0.877078 0.750988
vt 0.892355 0.149051
vt 0.793752 0.225499
vt 0.666746 0.303394
vt 0.621386 0.372871
vt 0.633574 0.440193
vt 0.684210 0.502925
vt 0.746521 0.564997
vt 0.790751 0.628938
vt 0.814065 0.692791
vt 0.828963 0.756467
vt 0.847025 0.817364
vt 0.881802 0.887158
vt 0.962510 0.999497
vt 0.511710 0.163184
vt 0.510666 0.242029
vt 0.510083 0.318637
vt 0.510082 0.386318
vt 0.510316 0.452109
vt 0.510713 0.513697
vt 0.511158 0.574858
vt 0.511481 0.638150
vt 0.511625 0.702414
vt 0.511713 0.766520
vt 0.511867 0.827509
vt 0.512322 0.912113
vn 0.3135 -0.9468 0.0724
vn -0.9838 0.1782 0.0203
vn -0.2493 0.9649 0.0828
vn 0.9120 0.2947 -0.2853
vn -0.8419 0.1220 0.5257
vn -0.9439 0.2628 0.1998
vn -0.9647 0.2077 0.1619
vn -0.9744 0.1803 0.1341
vn -0.9698 0.1830 0.1614
vn -0.9560 0.2134 0.2011
vn -0.9369 0.2668 0.2260
vn -0.9400 0.3034 0.1560
vn -0.9502 0.3112 0.0159
vn -0.9494 0.2703 -0.1596
vn -0.9332 0.1374 -0.3321
vn -0.9843 0.0240 -0.1750
vn -0.9906 -0.1270 0.0517
vn 0.9528 -0.0840 -0.2918
vn 0.9681 -0.1799 -0.1745
vn 0.9672 -0.2165 -0.1331
vn 0.9602 -0.2316 -0.1560
vn 0.9368 -0.2696 -0.2232
vn 0.9157 -0.3106 -0.2550
vn 0.9155 -0.3427 -0.2110
vn 0.9172 -0.3830 -0.1094
vn 0.8960 -0.4439 0.0118
vn 0.8563 -0.4873 0.1710
vn 0.8576 -0.4724 0.2032
vn 0.9207 -0.3717 0.1191
vn -0.1042 0.9849 -0.1381
vn -0.1818 0.9832 -0.0154
vn -0.1684 0.9857 -0.0072
vn -0.1817 0.9819 -0.0529
vn -0.2369 0.9587 -0.1576
vn -0.3060 0.9241 -0.2290
vn -0.3500 0.9197 -0.1782
vn -0.3929 0.9179 -0.0554
vn -0.4418 0.8955 0.0540
vn -0.4397 0.8825 0.1667
vn -0.3404 0.9099 0.2370
vn 0.0087 0.9702 0.2421
vn 0.0444 -0.9180 0.3941
vn 0.0012 -0.9976 -0.0698
vn 0.2341 -0.9591 -0.1592
vn 0.3314 -0.9196 -0.2111
vn 0.3840 -0.9156 -0.1195
vn 0.3873 -0.9220 -0.0013
vn 0.3754 -0.9185 0.1242
vn 0.3413 -0.9231 0.1774
vn 0.2800 -0.9534 0.1127
vn 0.2378 -0.9704 0.0416
vn 0.2259 -0.9741 0.0024
vn 0.2532 -0.9670 0.0286
vn 0.9826 0.0703 0.1719
vn 0.9292 -0.2490 0.2731
vn 0.8981 -0.3462 0.2712
vn 0.9242 -0.3755 0.0697
vn 0.9413 -0.3264 -0.0858
vn 0.9369 -0.2741 -0.2169
vn 0.9348 -0.2204 -0.2785
vn 0.9579 -0.1550 -0.2416
vn 0.9790 -0.1143 -0.1688
vn 0.9838 -0.1141 -0.1385
vn 0.9807 -0.1114 -0.1605
vn 0.9670 -0.0104 -0.2545
vn -0.9926 0.1207 0.0117
vn -0.9546 0.2370 -0.1806
vn -0.9123 0.2830 -0.2961
vn -0.9346 0.3300 -0.1325
vn -0.9495 0.3113 0.0405
vn -0.9436 0.2708 0.1905
vn -0.9388 0.2248 0.2610
vn -0.9598 0.1664 0.2261
vn -0.9774 0.1289 0.1674
vn -0.9831 0.1234 0.1354
vn -0.9769 0.1455 0.1565
vn -0.9607 0.2012 0.1915
vn 0.3023 -0.9480 -0.1000
vn 0.9347 0.0564 -0.3508
vn 0.1997 -0.9795 0.0275
vn 0.1825 -0.9832 0.0095
vn 0.2009 -0.9783 0.0502
vn 0.2499 -0.9588 0.1348
vn 0.3108 -0.9278 0.2064
vn 0.3473 -0.9246 0.1564
vn 0.3829 -0.9234 0.0273
vn 0.4202 -0.9033 -0.0863
vn 0.4145 -0.8924 -0.1783
vn 0.3437 -0.9207 -0.1848
vn 0.1445 -0.9774 -0.1543
vn -0.3251 0.9037 0.2785
vn -0.4671 0.8572 0.2168
vn -0.5071 0.8550 0.1091
vn -0.4830 0.8756 0.0064
vn -0.4404 0.8944 -0.0777
vn -0.4157 0.8941 -0.1668
vn -0.3966 0.8968 -0.1961
vn -0.3547 0.9260 -0.1291
vn -0.3025 0.9526 -0.0312
vn -0.2735 0.9618 0.0048
vn -0.2247 0.9742 -0.0225
vn -0.1295 0.9735 -0.1886
vn 0.9390 0.0069 -0.3439
vn 0.2627 -0.9627 0.0643
vn -0.8286 -0.0588 0.5568
vn 0.2724 0.9507 -0.1480
vn 0.9397 -0.3080 -0.1489
vn 0.1476 -0.9237 0.3535
vn -0.0542 0.9630 -0.2641
vn -0.9646 0.2634 0.0122
vn -0.0386 0.9628 -0.2674
vn 0.2360 -0.9677 -0.0891
vn -0.3135 -0.9468 0.0724
vn 0.9838 0.1782 0.0203
vn 0.2493 0.9649 0.0828
vn -0.9120 0.2947 -0.2853
vn 0.8419 0.1220 0.5257
vn 0.9439 0.2628 0.1998
vn 0.9647 0.2077 0.1619
vn 0.9744 0.1803 0.1341
vn 0.9698 0.1830 0.1614
vn 0.9560 0.2134 0.2011
vn 0.9369 0.2668 0.2260
vn 0.9400 0.3034 0.1560
vn 0.9502 0.3112 0.0159
vn 0.9494 0.2703 -0.1596
vn 0.9332 0.1374 -0.3321
vn 0.9843 0.0240 -0.1750
vn 0.9906 -0.1270 0.0517
vn -0.9528 -0.0840 -0.2918
vn -0.9681 -0.1799 -0.1745
vn -0.9672 -0.2165 -0.1331
vn -0.9602 -0.2316 -0.1560
vn -0.9368 -0.2696 -0.2232
vn -0.9157 -0.3106 -0.2550
vn -0.9155 -0.3427 -0.2110
vn -0.9172 -0.3830 -0.1094
vn -0.8960 -0.4439 0.0118
vn -0.8563 -0.4873 0.1710
vn -0.8576 -0.4724 0.2032
vn -0.9207 -0.3717 0.1191
vn 0.1042 0.9849 -0.1381
vn 0.1818 0.9832 -0.0154
vn 0.1684 0.9857 -0.0072
vn 0.1817 0.9819 -0.0529
vn 0.2369 0.9587 -0.1576
vn 0.3060 0.9241 -0.2290
vn 0.3500 0.9197 -0.1782
vn 0.3929 0.9179 -0.0554
vn 0.4418 0.8955 0.0540
vn 0.4397 0.8825 0.1667
vn 0.3404 0.9099 0.2370
vn -0.0087 0.9702 0.2421
vn -0.0444 -0.9180 0.3941
vn -0.0012 -0.9976 -0.0698
vn -0.2341 -0.9591 -0.1592
vn -0.3314 -0.9196 -0.2111
vn -0.3840 -0.9156 -0.1195
vn -0.3873 -0.9220 -0.0013
vn -0.3754 -0.9185 0.1242
vn -0.3413 -0.9231 0.1774
vn -0.2800 -0.9534 0.1127
vn -0.2378 -0.9704 0.0416
vn -0.2259 -0.9741 0.0024
vn -0.2532 -0.9670 0.0286
vn -0.9826 0.0703 0.1719
vn -0.9292 -0.2490 0.2731
vn -0.8981 -0.3462 0.2712
vn -0.9242 -0.3755 0.0697
vn -0.9413 -0.3264 -0.0858
vn -0.9369 -0.2741 -0.2169
vn -0.9348 -0.2204 -0.2785
vn -0.9579 -0.1550 -0.2416
vn -0.9790 -0.1143 -0.1688
vn -0.9838 -0.1141 -0.1385
vn -0.9807 -0.1114 -0.1605
vn -0.9670 -0.0104 -0.2545
vn 0.9926 0.1207 0.0117
vn 0.9546 0.2370 -0.1806
vn 0.9123 0.2830 -0.2961
vn 0.9346 0.3300 -0.1325
vn 0.9494 0.3113 0.0405
vn 0.9436 0.2708 0.1905
vn 0.9388 0.2248 0.2610
vn 0.9598 0.1664 0.2261
vn 0.9774 0.1289 0.1674
vn 0.9831 0.1234 0.1354
vn 0.9769 0.1455 0.1565
vn 0.9607 0.2012 0.1915
vn -0.3023 -0.9480 -0.1000
vn -0.9347 0.0564 -0.3508
vn -0.1997 -0.9795 0.0275
vn -0.1825 -0.9832 0.0095
vn -0.2009 -0.9783 0.0502
vn -0.2499 -0.9588 0.1348
vn -0.3108 -0.9278 0.2064
vn -0.3473 -0.9246 0.1564
vn -0.3829 -0.9234 0.0273
vn -0.4202 -0.9033 -0.0863
vn -0.4145 -0.8924 -0.1783
vn -0.3437 -0.9207 -0.1848
vn -0.1445 -0.9774 -0.1543
vn 0.3251 0.9037 0.2785
vn 0.4671 0.8572 0.2168
vn 0.5071 0.8550 0.1091
vn 0.4830 0.8756 0.0064
vn 0.4404 0.8944 -0.0777
vn 0.4157 0.8941 -0.1668
vn 0.3966 0.8968 -0.1961
vn 0.3547 0.9260 -0.1291
vn 0.3025 0.9526 -0.0312
vn 0.2735 0.9618 0.0048
vn 0.2247 0.9742 -0.0225
vn 0.1295 0.9735 -0.1886
vn -0.9390 0.0069 -0.3439
vn -0.2627 -0.9627 0.0643
vn 0.8286 -0.0588 0.5568
vn -0.2724 0.9507 -0.1480
vn -0.9397 -0.3080 -0.1489
vn -0.1476 -0.9237 0.3535
vn 0.0542 0.9630 -0.2641
vn 0.9646 0.2634 0.0122
vn 0.0386 0.9628 -0.2674
vn -0.2360 -0.9677 -0.0891
vn 0.3135 0.9468 0.0724
vn -0.9838 -0.1782 0.0203
vn -0.2493 -0.9649 0.0828
vn 0.9120 -0.2947 -0.2853
vn -0.8419 -0.1220 0.5257
vn -0.9439 -0.2628 0.1998
vn -0.9647 -0.2077 0.1619
vn -0.9744 -0.1803 0.1341
vn -0.9698 -0.1830 0.1614
vn -0.9560 -0.2134 0.2011
vn -0.9369 -0.2668 0.2260
vn -0.9400 -0.3034 0.1560
vn -0.9502 -0.3112 0.0159
vn -0.9494 -0.2703 -0.1596
vn -0.9332 -0.1374 -0.3321
vn -0.9843 -0.0240 -0.1750
vn -0.9906 0.1270 0.0517
vn 0.9528 0.0840 -0.2918
vn 0.9681 0.1799 -0.1745
vn 0.9672 0.2165 -0.1331
vn 0.9602 0.2316 -0.1560
vn 0.9368 0.2696 -0.2232
vn 0.9157 0.3106 -0.2550
vn 0.9155 0.3427 -0.2110
vn 0.9172 0.3830 -0.1094
vn 0.8960 0.4439 0.0118
vn 0.8563 0.4873 0.1710
vn 0.8576 0.4724 0.2032
vn 0.9207 0.3717 0.1191
vn -0.1042 -0.9849 -0.1381
vn -0.1818 -0.9832 -0.0154
vn -0.1684 -0.9857 -0.0072
vn -0.1817 -0.9819 -0.0529
vn -0.2369 -0.9587 -0.1576
vn -0.3060 -0.9241 -0.2290
vn -0.3500 -0.9197 -0.1782
vn -0.3929 -0.9179 -0.0554
vn -0.4418 -0.8955 0.0540
vn -0.4397 -0.8825 0.1667
vn -0.3404 -0.9099 0.2370
vn 0.0087 -0.9702 0.2421
vn 0.0444 0.9180 0.3941
vn 0.0012 0.9976 -0.0698
vn 0.2341 0.9591 -0.1592
vn 0.3314 0.9196 -0.2111
vn 0.3840 0.9156 -0.1195
vn 0.3873 0.9220 -0.0013
vn 0.3754 0.9185 0.1242
vn 0.3413 0.9231 0.1774
vn 0.2800 0.9534 0.1127
vn 0.2378 0.9704 0.0416
vn 0.2259 0.9741 0.0024
vn 0.2532 0.9670 0.0286
vn 0.9826 -0.0703 0.1719
vn 0.9292 0.2490 0.2731
vn 0.8981 0.3462 0.2712
vn 0.9242 0.3755 0.0697
vn 0.9413 0.3264 -0.0858
vn 0.9369 0.2741 -0.2169
vn 0.9348 0.2204 -0.2785
vn 0.9579 0.1550 -0.2416
vn 0.9790 0.1143 -0.1688
vn 0.9838 0.1141 -0.1385
vn 0.9807 0.1114 -0.1605
vn 0.9670 0.0104 -0.2545
vn -0.9926 -0.1207 0.0117
vn -0.9546 -0.2370 -0.1806
vn -0.9123 -0.2830 -0.2961
vn -0.9346 -0.3300 -0.1325
vn -0.9494 -0.3113 0.0405
vn -0.9436 -0.2708 0.1905
vn -0.9388 -0.2248 0.2610
vn -0.9598 -0.1664 0.2261
vn -0.9774 -0.1289 0.1674
vn -0.9831 -0.1234 0.1354
vn -0.9769 -0.1455 0.1565
vn -0.9607 -0.2012 0.1915
vn 0.3023 0.9480 -0.1000
vn 0.9347 -0.0564 -0.3508
vn 0.1997 0.9795 0.0275
vn 0.1825 0.9832 0.0095
vn 0.2009 0.9783 0.0502
vn 0.2499 0.9588 0.1348
vn 0.3108 0.9278 0.2064
vn 0.3473 0.9246 0.1564
vn 0.3829 0.9234 0.0273
vn 0.4202 0.9033 -0.0863
vn 0.4145 0.8924 -0.1783
vn 0.3437 0.9207 -0.1848
vn 0.1445 0.9774 -0.1543
vn -0.3251 -0.9037 0.2785
vn -0.4671 -0.8572 0.2168
vn -0.5071 -0.8550 0.1091
vn -0.4830 -0.8756 0.0064
vn -0.4404 -0.8944 -0.0777
vn -0.4157 -0.8941 -0.1668
vn -0.3966 -0.8968 -0.1961
vn -0.3547 -0.9260 -0.1291
vn -0.3025 -0.9526 -0.0312
vn -0.2735 -0.9618 0.0048
vn -0.2247 -0.9742 -0.0225
vn -0.1295 -0.9735 -0.1886
vn 0.9390 -0.0069 -0.3439
vn 0.2627 0.9627 0.0643
vn -0.8286 0.0588 0.5568
vn 0.2724 -0.9507 -0.1480
vn 0.9397 0.3080 -0.1489
vn 0.1476 0.9237 0.3535
vn -0.0542 -0.9630 -0.2641
vn -0.9646 -0.2634 0.0122
vn -0.0386 -0.9628 -0.2674
vn 0.2360 0.9677 -0.0891
vn -0.3135 0.9468 0.0724
vn 0.9838 -0.1782 0.0203
vn 0.2493 -0.9649 0.0828
vn -0.9120 -0.2947 -0.2853
vn 0.8419 -0.1220 0.5257
vn 0.9439 -0.2628 0.1998
vn 0.9647 -0.2077 0.1619
vn 0.9744 -0.1803 0.1341
vn 0.9698 -0.1830 0.1614
vn 0.9560 -0.2134 0.2011
vn 0.9369 -0.2668 0.2260
vn 0.9400 -0.3034 0.1560
vn 0.9502 -0.3112 0.0159
vn 0.9494 -0.2703 -0.1596
vn 0.9332 -0.1374 -0.3321
vn 0.9843 -0.0240 -0.1750
vn 0.9906 0.1270 0.0517
vn -0.9528 0.0840 -0.2918
vn -0.9681 0.1799 -0.1745
vn -0.9672 0.2165 -0.1331
vn -0.9602 0.2316 -0.1560
vn -0.9368 0.2696 -0.2232
vn -0.9157 0.3106 -0.2550
vn -0.9155 0.3427 -0.2110
vn -0.9172 0.3830 -0.1094
vn -0.8960 0.4439 0.0118
vn -0.8563 0.4873 0.1710
vn -0.8576 0.4724 0.2032
vn -0.9207 0.3717 0.1191
vn 0.1042 -0.9849 -0.1381
vn 0.1818 -0.9832 -0.0154
vn 0.1684 -0.9857 -0.0072
vn 0.1817 -0.9819 -0.0529
vn 0.2369 -0.9587 -0.1576
vn 0.3060 -0.9241 -0.2290
vn 0.3500 -0.9197 -0.1782
vn 0.3929 -0.9179 -0.0554
vn 0.4418 -0.8955 0.0540
vn 0.4397 -0.8825 0.1667
vn 0.3404 -0.9099 0.2370
vn -0.0087 -0.9702 0.2421
vn -0.0444 0.9180 0.3941
vn -0.0012 0.9976 -0.0698
vn -0.2341 0.9591 -0.1592
vn -0.3314 0.9196 -0.2111
vn -0.3840 0.9156 -0.1195
vn -0.3873 0.9220 -0.0013
vn -0.3754 0.9185 0.1242
vn -0.3413 0.9231 0.1774
vn -0.2800 0.9534 0.1127
vn -0.2378 0.9704 0.0416
vn -0.2259 0.9741 0.0024
vn -0.2532 0.9670 0.0286
vn -0.9826 -0.0703 0.1719
vn -0.9292 0.2490 0.2731
vn -0.8981 0.3462 0.2712
vn -0.9242 0.3755 0.0697
vn -0.9413 0.3264 -0.0858
vn -0.9369 0.2741 -0.2169
vn -0.9348 0.2204 -0.2785
vn -0.9579 0.1550 -0.2416
vn -0.9790 0.1143 -0.1688
vn -0.9838 0.1141 -0.1385
vn -0.9807 0.1114 -0.1605
vn -0.9670 0.0104 -0.2545
vn 0.9926 -0.1207 0.0117
vn 0.9546 -0.2370 -0.1806
vn 0.9123 -0.2830 -0.2961
vn 0.9346 -0.3300 -0.1325
vn 0.9495 -0.3113 0.0405
vn 0.9436 -0.2708 0.1905
vn 0.9388 -0.2248 0.2610
vn 0.9598 -0.1664 0.2261
vn 0.9774 -0.1289 0.1674
vn 0.9831 -0.1234 0.1354
vn 0.9769 -0.1455 0.1565
vn 0.9607 -0.2012 0.1915
vn -0.3023 0.9480 -0.1000
vn -0.9347 -0.0564 -0.3508
vn -0.1997 0.9795 0.0275
vn -0.1825 0.9832 0.0095
vn -0.2009 0.9783 0.0502
vn -0.2499 0.9588 0.1348
vn -0.3108 0.9278 0.2064
vn -0.3473 0.9246 0.1564
vn -0.3829 0.9234 0.0273
vn -0.4202 0.9033 -0.0863
vn -0.4145 0.8924 -0.1783
vn -0.3437 0.9207 -0.1848
vn -0.1445 0.9774 -0.1543
vn 0.3251 -0.9037 0.2785
vn 0.4671 -0.8572 0.2168
vn 0.5071 -0.8550 0.1091
vn 0.4830 -0.8756 0.0064
vn 0.4404 -0.8944 -0.0777
vn 0.4157 -0.8941 -0.1668
vn 0.3966 -0.8968 -0.1961
vn 0.3547 -0.9260 -0.1291
vn 0.3025 -0.9526 -0.0312
vn 0.2735 -0.9618 0.0048
vn 0.2247 -0.9742 -0.0225
vn 0.1295 -0.9735 -0.1886
vn -0.9390 -0.0069 -0.3439
vn -0.2627 0.9627 0.0643
vn 0.8286 0.0588 0.5568
vn -0.2724 -0.9507 -0.1480
vn -0.9397 0.3080 -0.1489
vn -0.1476 0.9237 0.3535
vn 0.0542 -0.9630 -0.2641
vn 0.9646 -0.2634 0.0122
vn 0.0386 -0.9628 -0.2674
vn -0.2360 0.9677 -0.0891
usemtl None
s off
f 464/423/349 388/424/349 362/425/349 439/426/349
f 465/427/350 414/428/350 364/429/350
f 389/430/351 452/431/351 360/432/351
f 376/433/352 438/434/352 360/435/352
f 412/436/353 426/437/353 360/432/353
f 414/428/354 362/438/354 388/439/354 415/440/354
f 415/440/355 388/439/355 387/441/355 416/442/355
f 416/442/356 387/441/356 386/443/356 417/444/356
f 417/444/357 386/443/357 385/445/357 418/446/357
f 418/446/358 385/445/358 384/447/358 419/448/358
f 419/448/359 384/447/359 383/449/359 420/450/359
f 420/450/360 383/449/360 382/451/360 421/452/360
f 421/452/361 382/451/361 381/453/361 422/454/361
f 422/454/362 381/453/362 380/455/362 423/456/362
f 423/456/363 380/455/363 379/457/363 424/458/363
f 424/458/364 379/457/364 378/459/364 425/460/364
f 425/460/365 378/459/365 377/461/365 426/437/365
f 413/462/366 363/463/366 400/464/366 427/465/366
f 427/465/367 400/464/367 399/466/367 428/467/367
f 428/467/368 399/466/368 398/468/368 429/469/368
f 429/469/369 398/468/369 397/470/369 430/471/369
f 430/471/370 397/470/370 396/472/370 431/473/370
f 431/473/371 396/472/371 395/474/371 432/475/371
f 432/475/372 395/474/372 394/476/372 433/477/372
f 433/477/373 394/476/373 393/478/373 434/479/373
f 434/479/374 393/478/374 392/480/374 435/481/374
f 435/481/375 392/480/375 391/482/375 436/483/375
f 436/483/376 391/482/376 390/484/376 437/485/376
f 437/485/377 390/484/377 389/486/377 438/434/377
f 440/487/378 364/429/378 401/488/378 441/489/378
f 441/489/379 401/488/379 402/490/379 442/491/379
f 442/491/380 402/490/380 403/492/380 443/493/380
f 443/493/381 403/492/381 404/494/381 444/495/381
f 444/495/382 404/494/382 405/496/382 445/497/382
f 445/497/383 405/496/383 406/498/383 446/499/383
f 446/499/384 406/498/384 407/500/384 447/501/384
f 447/501/385 407/500/385 408/502/385 448/503/385
f 448/503/386 408/502/386 409/504/386 449/505/386
f 449/505/387 409/504/387 410/506/387 450/507/387
f 450/507/388 410/506/388 411/508/388 451/509/388
f 451/509/389 411/508/389 412/436/389 452/431/389
f 360/435/390 377/510/390 453/511/390
f 453/511/391 377/510/391 378/512/391 454/513/391
f 454/513/392 378/512/392 379/514/392 455/515/392
f 455/515/393 379/514/393 380/516/393 456/517/393
f 456/517/394 380/516/394 381/518/394 457/519/394
f 457/519/395 381/518/395 382/520/395 458/521/395
f 458/521/396 382/520/396 383/522/396 459/523/396
f 459/523/397 383/522/397 384/524/397 460/525/397
f 460/525/398 384/524/398 385/526/398 461/527/398
f 461/527/399 385/526/399 386/528/399 462/529/399
f 462/529/400 386/528/400 387/530/400 463/531/400
f 463/531/401 387/530/401 388/424/401 464/423/401
f 375/532/402 437/485/402 438/434/402 376/433/402
f 374/533/403 436/483/403 437/485/403 375/532/403
f 373/534/404 435/481/404 436/483/404 374/533/404
f 372/535/405 434/479/405 435/481/405 373/534/405
f 371/536/406 433/477/406 434/479/406 372/535/406
f 370/537/407 432/475/407 433/477/407 371/536/407
f 369/538/408 431/473/408 432/475/408 370/537/408
f 368/539/409 430/471/409 431/473/409 369/538/409
f 367/540/410 429/469/410 430/471/410 368/539/410
f 366/541/411 428/467/411 429/469/411 367/540/411
f 365/542/412 427/465/412 428/467/412 366/541/412
f 361/543/413 413/462/413 427/465/413 365/542/413
f 411/508/414 425/460/414 426/437/414 412/436/414
f 410/506/415 424/458/415 425/460/415 411/508/415
f 409/504/416 423/456/416 424/458/416 410/506/416
f 408/502/417 422/454/417 423/456/417 409/504/417
f 407/500/418 421/452/418 422/454/418 408/502/418
f 406/498/419 420/450/419 421/452/419 407/500/419
f 405/496/420 419/448/420 420/450/420 406/498/420
f 404/494/421 418/446/421 419/448/421 405/496/421
f 403/492/422 417/444/422 418/446/422 404/494/422
f 402/490/423 416/442/423 417/444/423 403/492/423
f 401/488/424 415/440/424 416/442/424 402/490/424
f 364/429/425 414/428/425 415/440/425 401/488/425
f 439/426/426 362/425/426 465/544/426
f 361/543/427 465/544/427 413/462/427
f 366/541/428 463/531/428 464/423/428 365/542/428
f 367/540/429 462/529/429 463/531/429 366/541/429
f 368/539/430 461/527/430 462/529/430 367/540/430
f 369/538/431 460/525/431 461/527/431 368/539/431
f 370/537/432 459/523/432 460/525/432 369/538/432
f 371/536/433 458/521/433 459/523/433 370/537/433
f 372/535/434 457/519/434 458/521/434 371/536/434
f 373/534/435 456/517/435 457/519/435 372/535/435
f 374/533/436 455/515/436 456/517/436 373/534/436
f 375/532/437 454/513/437 455/515/437 374/533/437
f 376/433/438 453/511/438 454/513/438 375/532/438
f 390/545/439 451/509/439 452/431/439 389/430/439
f 391/546/440 450/507/440 451/509/440 390/545/440
f 392/547/441 449/505/441 450/507/441 391/546/441
f 393/548/442 448/503/442 449/505/442 392/547/442
f 394/549/443 447/501/443 448/503/443 393/548/443
f 395/550/444 446/499/444 447/501/444 394/549/444
f 396/551/445 445/497/445 446/499/445 395/550/445
f 397/552/446 444/495/446 445/497/446 396/551/446
f 398/553/447 443/493/447 444/495/447 397/552/447
f 399/554/448 442/491/448 443/493/448 398/553/448
f 400/555/449 441/489/449 442/491/449 399/554/449
f 363/556/450 440/487/450 441/489/450 400/555/450
f 413/462/451 465/544/451 363/463/451
f 365/542/452 464/423/452 439/426/452 361/543/452
f 360/432/453 426/437/453 377/461/453
f 360/432/454 452/431/454 412/436/454
f 360/435/455 438/434/455 389/486/455
f 453/511/456 376/433/456 360/435/456
f 363/556/457 465/427/457 440/487/457
f 465/427/458 362/438/458 414/428/458
f 364/429/459 440/487/459 465/427/459
f 465/544/460 361/543/460 439/426/460
f 570/557/461 545/558/461 468/559/461 494/560/461
f 571/561/462 470/562/462 520/563/462
f 495/564/463 466/565/463 558/566/463
f 482/567/464 466/568/464 544/569/464
f 518/570/465 466/565/465 532/571/465
f 520/563/466 521/572/466 494/573/466 468/574/466
f 521/572/467 522/575/467 493/576/467 494/573/467
f 522/575/468 523/577/468 492/578/468 493/576/468
f 523/577/469 524/579/469 491/580/469 492/578/469
f 524/579/470 525/581/470 490/582/470 491/580/470
f 525/581/471 526/583/471 489/584/471 490/582/471
f 526/583/472 527/585/472 488/586/472 489/584/472
f 527/585/473 528/587/473 487/588/473 488/586/473
f 528/587/474 529/589/474 486/590/474 487/588/474
f 529/589/475 530/591/475 485/592/475 486/590/475
f 530/591/476 531/593/476 484/594/476 485/592/476
f 531/593/477 532/571/477 483/595/477 484/594/477
f 519/596/478 533/597/478 506/598/478 469/599/478
f 533/597/479 534/600/479 505/601/479 506/598/479
f 534/600/480 535/602/480 504/603/480 505/601/480
f 535/602/481 536/604/481 503/605/481 504/603/481
f 536/604/482 537/606/482 502/607/482 503/605/482
f 537/606/483 538/608/483 501/609/483 502/607/483
f 538/608/484 539/610/484 500/611/484 501/609/484
f 539/610/485 540/612/485 499/613/485 500/611/485
f 540/612/486 541/614/486 498/615/486 499/613/486
f 541/614/487 542/616/487 497/617/487 498/615/487
f 542/616/488 543/618/488 496/619/488 497/617/488
f 543/618/489 544/569/489 495/620/489 496/619/489
f 546/621/490 547/622/490 507/623/490 470/562/490
f 547/622/491 548/624/491 508/625/491 507/623/491
f 548/624/492 549/626/492 509/627/492 508/625/492
f 549/626/493 550/628/493 510/629/493 509/627/493
f 550/628/494 551/630/494 511/631/494 510/629/494
f 551/630/495 552/632/495 512/633/495 511/631/495
f 552/632/496 553/634/496 513/635/496 512/633/496
f 553/634/497 554/636/497 514/637/497 513/635/497
f 554/636/498 555/638/498 515/639/498 514/637/498
f 555/638/499 556/640/499 516/641/499 515/639/499
f 556/640/500 557/642/500 517/643/500 516/641/500
f 557/642/501 558/566/501 518/570/501 517/643/501
f 466/568/502 559/644/502 483/645/502
f 559/644/503 560/646/503 484/647/503 483/645/503
f 560/646/504 561/648/504 485/649/504 484/647/504
f 561/648/505 562/650/505 486/651/505 485/649/505
f 562/650/506 563/652/506 487/653/506 486/651/506
f 563/652/507 564/654/507 488/655/507 487/653/507
f 564/654/508 565/656/508 489/657/508 488/655/508
f 565/656/509 566/658/509 490/659/509 489/657/509
f 566/658/510 567/660/510 491/661/510 490/659/510
f 567/660/511 568/662/511 492/663/511 491/661/511
f 568/662/512 569/664/512 493/665/512 492/663/512
f 569/664/513 570/557/513 494/560/513 493/665/513
f 481/666/514 482/567/514 544/569/514 543/618/514
f 480/667/515 481/666/515 543/618/515 542/616/515
f 479/668/516 480/667/516 542/616/516 541/614/516
f 478/669/517 479/668/517 541/614/517 540/612/517
f 477/670/518 478/669/518 540/612/518 539/610/518
f 476/671/519 477/670/519 539/610/519 538/608/519
f 475/672/520 476/671/520 538/608/520 537/606/520
f 474/673/521 475/672/521 537/606/521 536/604/521
f 473/674/522 474/673/522 536/604/522 535/602/522
f 472/675/523 473/674/523 535/602/523 534/600/523
f 471/676/524 472/675/524 534/600/524 533/597/524
f 467/677/525 471/676/525 533/597/525 519/596/525
f 517/643/526 518/570/526 532/571/526 531/593/526
f 516/641/527 517/643/527 531/593/527 530/591/527
f 515/639/528 516/641/528 530/591/528 529/589/528
f 514/637/529 515/639/529 529/589/529 528/587/529
f 513/635/530 514/637/530 528/587/530 527/585/530
f 512/633/531 513/635/531 527/585/531 526/583/531
f 511/631/532 512/633/532 526/583/532 525/581/532
f 510/629/533 511/631/533 525/581/533 524/579/533
f 509/627/534 510/629/534 524/579/534 523/577/534
f 508/625/535 509/627/535 523/577/535 522/575/535
f 507/623/536 508/625/536 522/575/536 521/572/536
f 470/562/537 507/623/537 521/572/537 520/563/537
f 545/558/538 571/678/538 468/559/538
f 467/677/539 519/596/539 571/678/539
f 472/675/540 471/676/540 570/557/540 569/664/540
f 473/674/541 472/675/541 569/664/541 568/662/541
f 474/673/542 473/674/542 568/662/542 567/660/542
f 475/672/543 474/673/543 567/660/543 566/658/543
f 476/671/544 475/672/544 566/658/544 565/656/544
f 477/670/545 476/671/545 565/656/545 564/654/545
f 478/669/546 477/670/546 564/654/546 563/652/546
f 479/668/547 478/669/547 563/652/547 562/650/547
f 480/667/548 479/668/548 562/650/548 561/648/548
f 481/666/549 480/667/549 561/648/549 560/646/549
f 482/567/550 481/666/550 560/646/550 559/644/550
f 496/679/551 495/564/551 558/566/551 557/642/551
f 497/680/552 496/679/552 557/642/552 556/640/552
f 498/681/553 497/680/553 556/640/553 555/638/553
f 499/682/554 498/681/554 555/638/554 554/636/554
f 500/683/555 499/682/555 554/636/555 553/634/555
f 501/684/556 500/683/556 553/634/556 552/632/556
f 502/685/557 501/684/557 552/632/557 551/630/557
f 503/686/558 502/685/558 551/630/558 550/628/558
f 504/687/559 503/686/559 550/628/559 549/626/559
f 505/688/560 504/687/560 549/626/560 548/624/560
f 506/689/561 505/688/561 548/624/561 547/622/561
f 469/690/562 506/689/562 547/622/562 546/621/562
f 519/596/563 469/599/563 571/678/563
f 471/676/564 467/677/564 545/558/564 570/557/564
f 466/565/565 483/595/565 532/571/565
f 466/565/566 518/570/566 558/566/566
f 466/568/567 495/620/567 544/569/567
f 559/644/568 466/568/568 482/567/568
f 469/690/569 546/621/569 571/561/569
f 571/561/570 520/563/570 468/574/570
f 470/562/571 571/561/571 546/621/571
f 571/678/572 545/558/572 467/677/572
f 676/691/573 651/692/573 574/693/573 600/694/573
f 677/695/574 576/696/574 626/697/574
f 601/698/575 572/699/575 664/700/575
f 588/701/576 572/702/576 650/703/576
f 624/704/577 572/699/577 638/705/577
f 626/697/578 627/706/578 600/707/578 574/708/578
f 627/706/579 628/709/579 599/710/579 600/707/579
f 628/709/580 629/711/580 598/712/580 599/710/580
f 629/711/581 630/713/581 597/714/581 598/712/581
f 630/713/582 631/715/582 596/716/582 597/714/582
f 631/715/583 632/717/583 595/718/583 596/716/583
f 632/717/584 633/719/584 594/720/584 595/718/584
f 633/719/585 634/721/585 593/722/585 594/720/585
f 634/721/586 635/723/586 592/724/586 593/722/586
f 635/723/587 636/725/587 591/726/587 592/724/587
f 636/725/588 637/727/588 590/728/588 591/726/588
f 637/727/589 638/705/589 589/729/589 590/728/589
f 625/730/590 639/731/590 612/732/590 575/733/590
f 639/731/591 640/734/591 611/735/591 612/732/591
f 640/734/592 641/736/592 610/737/592 611/735/592
f 641/736/593 642/738/593 609/739/593 610/737/593
f 642/738/594 643/740/594 608/741/594 609/739/594
f 643/740/595 644/742/595 607/743/595 608/741/595
f 644/742/596 645/744/596 606/745/596 607/743/596
f 645/744/597 646/746/597 605/747/597 606/745/597
f 646/746/598 647/748/598 604/749/598 605/747/598
f 647/748/599 648/750/599 603/751/599 604/749/599
f 648/750/600 649/752/600 602/753/600 603/751/600
f 649/752/601 650/703/601 601/754/601 602/753/601
f 652/755/602 653/756/602 613/757/602 576/696/602
f 653/756/603 654/758/603 614/759/603 613/757/603
f 654/758/604 655/760/604 615/761/604 614/759/604
f 655/760/605 656/762/605 616/763/605 615/761/605
f 656/762/606 657/764/606 617/765/606 616/763/606
f 657/764/607 658/766/607 618/767/607 617/765/607
f 658/766/608 659/768/608 619/769/608 618/767/608
f 659/768/609 660/770/609 620/771/609 619/769/609
f 660/770/610 661/772/610 621/773/610 620/771/610
f 661/772/611 662/774/611 622/775/611 621/773/611
f 662/774/612 663/776/612 623/777/612 622/775/612
f 663/776/613 664/700/613 624/704/613 623/777/613
f 572/702/614 665/778/614 589/779/614
f 665/778/615 666/780/615 590/781/615 589/779/615
f 666/780/616 667/782/616 591/783/616 590/781/616
f 667/782/617 668/784/617 592/785/617 591/783/617
f 668/784/618 669/786/618 593/787/618 592/785/618
f 669/786/619 670/788/619 594/789/619 593/787/619
f 670/788/620 671/790/620 595/791/620 594/789/620
f 671/790/621 672/792/621 596/793/621 595/791/621
f 672/792/622 673/794/622 597/795/622 596/793/622
f 673/794/623 674/796/623 598/797/623 597/795/623
f 674/796/624 675/798/624 599/799/624 598/797/624
f 675/798/625 676/691/625 600/694/625 599/799/625
f 587/800/626 588/701/626 650/703/626 649/752/626
f 586/801/627 587/800/627 649/752/627 648/750/627
f 585/802/628 586/801/628 648/750/628 647/748/628
f 584/803/629 585/802/629 647/748/629 646/746/629
f 583/804/630 584/803/630 646/746/630 645/744/630
f 582/805/631 583/804/631 645/744/631 644/742/631
f 581/806/632 582/805/632 644/742/632 643/740/632
f 580/807/633 581/806/633 643/740/633 642/738/633
f 579/808/634 580/807/634 642/738/634 641/736/634
f 578/809/635 579/808/635 641/736/635 640/734/635
f 577/810/636 578/809/636 640/734/636 639/731/636
f 573/811/637 577/810/637 639/731/637 625/730/637
f 623/777/638 624/704/638 638/705/638 637/727/638
f 622/775/639 623/777/639 637/727/639 636/725/639
f 621/773/640 622/775/640 636/725/640 635/723/640
f 620/771/641 621/773/641 635/723/641 634/721/641
f 619/769/642 620/771/642 634/721/642 633/719/642
f 618/767/643 619/769/643 633/719/643 632/717/643
f 617/765/644 618/767/644 632/717/644 631/715/644
f 616/763/645 617/765/645 631/715/645 630/713/645
f 615/761/646 616/763/646 630/713/646 629/711/646
f 614/759/647 615/761/647 629/711/647 628/709/647
f 613/757/648 614/759/648 628/709/648 627/706/648
f 576/696/649 613/757/649 627/706/649 626/697/649
f 651/692/650 677/812/650 574/693/650
f 573/811/651 625/730/651 677/812/651
f 578/809/652 577/810/652 676/691/652 675/798/652
f 579/808/653 578/809/653 675/798/653 674/796/653
f 580/807/654 579/808/654 674/796/654 673/794/654
f 581/806/655 580/807/655 673/794/655 672/792/655
f 582/805/656 581/806/656 672/792/656 671/790/656
f 583/804/657 582/805/657 671/790/657 670/788/657
f 584/803/658 583/804/658 670/788/658 669/786/658
f 585/802/659 584/803/659 669/786/659 668/784/659
f 586/801/660 585/802/660 668/784/660 667/782/660
f 587/800/661 586/801/661 667/782/661 666/780/661
f 588/701/662 587/800/662 666/780/662 665/778/662
f 602/813/663 601/698/663 664/700/663 663/776/663
f 603/814/664 602/813/664 663/776/664 662/774/664
f 604/815/665 603/814/665 662/774/665 661/772/665
f 605/816/666 604/815/666 661/772/666 660/770/666
f 606/817/667 605/816/667 660/770/667 659/768/667
f 607/818/668 606/817/668 659/768/668 658/766/668
f 608/819/669 607/818/669 658/766/669 657/764/669
f 609/820/670 608/819/670 657/764/670 656/762/670
f 610/821/671 609/820/671 656/762/671 655/760/671
f 611/822/672 610/821/672 655/760/672 654/758/672
f 612/823/673 611/822/673 654/758/673 653/756/673
f 575/824/674 612/823/674 653/756/674 652/755/674
f 625/730/675 575/733/675 677/812/675
f 577/810/676 573/811/676 651/692/676 676/691/676
f 572/699/677 589/729/677 638/705/677
f 572/699/678 624/704/678 664/700/678
f 572/702/679 601/754/679 650/703/679
f 665/778/680 572/702/680 588/701/680
f 575/824/681 652/755/681 677/695/681
f 677/695/682 626/697/682 574/708/682
f 576/696/683 677/695/683 652/755/683
f 677/812/684 651/692/684 573/811/684
f 782/825/685 706/826/685 680/827/685 757/828/685
f 783/829/686 732/830/686 682/831/686
f 707/832/687 770/833/687 678/834/687
f 694/835/688 756/836/688 678/837/688
f 730/838/689 744/839/689 678/834/689
f 732/830/690 680/840/690 706/841/690 733/842/690
f 733/842/691 706/841/691 705/843/691 734/844/691
f 734/844/692 705/843/692 704/845/692 735/846/692
f 735/846/693 704/845/693 703/847/693 736/848/693
f 736/848/694 703/847/694 702/849/694 737/850/694
f 737/850/695 702/849/695 701/851/695 738/852/695
f 738/852/696 701/851/696 700/853/696 739/854/696
f 739/854/697 700/853/697 699/855/697 740/856/697
f 740/856/698 699/855/698 698/857/698 741/858/698
f 741/858/699 698/857/699 697/859/699 742/860/699
f 742/860/700 697/859/700 696/861/700 743/862/700
f 743/862/701 696/861/701 695/863/701 744/839/701
f 731/864/702 681/865/702 718/866/702 745/867/702
f 745/867/703 718/866/703 717/868/703 746/869/703
f 746/869/704 717/868/704 716/870/704 747/871/704
f 747/871/705 716/870/705 715/872/705 748/873/705
f 748/873/706 715/872/706 714/874/706 749/875/706
f 749/875/707 714/874/707 713/876/707 750/877/707
f 750/877/708 713/876/708 712/878/708 751/879/708
f 751/879/709 712/878/709 711/880/709 752/881/709
f 752/881/710 711/880/710 710/882/710 753/883/710
f 753/883/711 710/882/711 709/884/711 754/885/711
f 754/885/712 709/884/712 708/886/712 755/887/712
f 755/887/713 708/886/713 707/888/713 756/836/713
f 758/889/714 682/831/714 719/890/714 759/891/714
f 759/891/715 719/890/715 720/892/715 760/893/715
f 760/893/716 720/892/716 721/894/716 761/895/716
f 761/895/717 721/894/717 722/896/717 762/897/717
f 762/897/718 722/896/718 723/898/718 763/899/718
f 763/899/719 723/898/719 724/900/719 764/901/719
f 764/901/720 724/900/720 725/902/720 765/903/720
f 765/903/721 725/902/721 726/904/721 766/905/721
f 766/905/722 726/904/722 727/906/722 767/907/722
f 767/907/723 727/906/723 728/908/723 768/909/723
f 768/909/724 728/908/724 729/910/724 769/911/724
f 769/911/725 729/910/725 730/838/725 770/833/725
f 678/837/726 695/912/726 771/913/726
f 771/913/727 695/912/727 696/914/727 772/915/727
f 772/915/728 696/914/728 697/916/728 773/917/728
f 773/917/729 697/916/729 698/918/729 774/919/729
f 774/919/730 698/918/730 699/920/730 775/921/730
f 775/921/731 699/920/731 700/922/731 776/923/731
f 776/923/732 700/922/732 701/924/732 777/925/732
f 777/925/733 701/924/733 702/926/733 778/927/733
f 778/927/734 702/926/734 703/928/734 779/929/734
f 779/929/735 703/928/735 704/930/735 780/931/735
f 780/931/736 704/930/736 705/932/736 781/933/736
f 781/933/737 705/932/737 706/826/737 782/825/737
f 693/934/738 755/887/738 756/836/738 694/835/738
f 692/935/739 754/885/739 755/887/739 693/934/739
f 691/936/740 753/883/740 754/885/740 692/935/740
f 690/937/741 752/881/741 753/883/741 691/936/741
f 689/938/742 751/879/742 752/881/742 690/937/742
f 688/939/743 750/877/743 751/879/743 689/938/743
f 687/940/744 749/875/744 750/877/744 688/939/744
f 686/941/745 748/873/745 749/875/745 687/940/745
f 685/942/746 747/871/746 748/873/746 686/941/746
f 684/943/747 746/869/747 747/871/747 685/942/747
f 683/944/748 745/867/748 746/869/748 684/943/748
f 679/945/749 731/864/749 745/867/749 683/944/749
f 729/910/750 743/862/750 744/839/750 730/838/750
f 728/908/751 742/860/751 743/862/751 729/910/751
f 727/906/752 741/858/752 742/860/752 728/908/752
f 726/904/753 740/856/753 741/858/753 727/906/753
f 725/902/754 739/854/754 740/856/754 726/904/754
f 724/900/755 738/852/755 739/854/755 725/902/755
f 723/898/756 737/850/756 738/852/756 724/900/756
f 722/896/757 736/848/757 737/850/757 723/898/757
f 721/894/758 735/846/758 736/848/758 722/896/758
f 720/892/759 734/844/759 735/846/759 721/894/759
f 719/890/760 733/842/760 734/844/760 720/892/760
f 682/831/761 732/830/761 733/842/761 719/890/761
f 757/828/762 680/827/762 783/946/762
f 679/945/763 783/946/763 731/864/763
f 684/943/764 781/933/764 782/825/764 683/944/764
f 685/942/765 780/931/765 781/933/765 684/943/765
f 686/941/766 779/929/766 780/931/766 685/942/766
f 687/940/767 778/927/767 779/929/767 686/941/767
f 688/939/768 777/925/768 778/927/768 687/940/768
f 689/938/769 776/923/769 777/925/769 688/939/769
f 690/937/770 775/921/770 776/923/770 689/938/770
f 691/936/771 774/919/771 775/921/771 690/937/771
f 692/935/772 773/917/772 774/919/772 691/936/772
f 693/934/773 772/915/773 773/917/773 692/935/773
f 694/835/774 771/913/774 772/915/774 693/934/774
f 708/947/775 769/911/775 770/833/775 707/832/775
f 709/948/776 768/909/776 769/911/776 708/947/776
f 710/949/777 767/907/777 768/909/777 709/948/777
f 711/950/778 766/905/778 767/907/778 710/949/778
f 712/951/779 765/903/779 766/905/779 711/950/779
f 713/952/780 764/901/780 765/903/780 712/951/780
f 714/953/781 763/899/781 764/901/781 713/952/781
f 715/954/782 762/897/782 763/899/782 714/953/782
f 716/955/783 761/895/783 762/897/783 715/954/783
f 717/956/784 760/893/784 761/895/784 716/955/784
f 718/957/785 759/891/785 760/893/785 717/956/785
f 681/958/786 758/889/786 759/891/786 718/957/786
f 731/864/787 783/946/787 681/865/787
f 683/944/788 782/825/788 757/828/788 679/945/788
f 678/834/789 744/839/789 695/863/789
f 678/834/790 770/833/790 730/838/790
f 678/837/791 756/836/791 707/888/791
f 771/913/792 694/835/792 678/837/792
f 681/958/793 783/829/793 758/889/793
f 783/829/794 680/840/794 732/830/794
f 682/831/795 758/889/795 783/829/795
f 783/946/796 679/945/796 757/828/796
o Cube.005
v -0.120745 -1.000000 0.416317
v -0.436622 -0.801630 -3.484225
v 0.120745 -1.000000 0.416317
v 0.436622 -0.801630 -3.484225
v -0.129230 1.000000 -3.304410
v -0.252581 -0.802576 -3.846131
v 0.252581 -0.802576 -3.846131
v 0.129230 1.000000 -3.304410
v -0.150334 1.000000 0.430392
v -0.390303 0.580608 0.728017
v -0.615224 1.000000 -3.304410
v -0.763188 0.382464 -3.485319
v 0.150334 1.000000 0.430392
v 0.390303 0.580608 0.728017
v 0.763188 0.382464 -3.485319
v 0.615225 1.000000 -3.304410
v -0.149207 1.000000 -4.409536
v -0.250553 0.383188 -4.417434
v 0.149207 1.000000 -4.409536
v 0.250553 0.383188 -4.417434
v -0.143108 0.580608 0.728017
v 0.143721 0.580608 0.728017
v -0.131865 -1.000000 -3.304410
v 0.131873 -1.000000 -3.304410
v -0.129230 0.916619 -3.304410
v -0.150334 0.922904 0.398635
v -0.149207 0.922982 -4.377588
v -0.120745 -0.936042 0.362822
v 0.120745 -0.936046 0.362816
v 0.149207 0.922982 -4.377588
v 0.129230 0.916619 -3.304410
v 0.147288 -0.930071 -3.898404
v -0.147288 -0.930072 -3.898403
v 0.150334 0.922910 0.398619
v -0.147288 0.565439 -4.625171
v 0.147288 0.565439 -4.625171
v -0.143108 0.555396 0.648539
v 0.143721 0.555411 0.648534
v 0.131873 -0.916619 -3.304410
v -0.131865 -0.916619 -3.304410
v -0.396859 -1.000000 -2.439648
v -0.377687 -1.000000 -2.241345
v -0.326299 -1.000000 -1.709813
v -0.309652 -1.000000 -1.537621
v -0.259188 -1.000000 -1.015652
v -0.242081 -1.000000 -0.838710
v -0.134135 1.000000 -2.436376
v -0.135259 1.000000 -2.237324
v -0.138274 1.000000 -1.703780
v -0.139251 1.000000 -1.530938
v -0.142212 1.000000 -1.006994
v -0.143216 1.000000 -0.829383
v 0.242081 -1.000000 -0.838710
v 0.259188 -1.000000 -1.015652
v 0.309652 -1.000000 -1.537622
v 0.326299 -1.000000 -1.709813
v 0.377687 -1.000000 -2.241345
v 0.396859 -1.000000 -2.439648
v 0.134135 1.000000 -2.436376
v 0.135260 1.000000 -2.237324
v 0.138275 1.000000 -1.703780
v 0.139252 1.000000 -1.530938
v 0.142212 1.000000 -1.006994
v 0.143216 1.000000 -0.829383
v -0.307145 1.000000 -0.829383
v -0.329253 1.000000 -1.006994
v -0.394471 1.000000 -1.530938
v -0.415986 1.000000 -1.703781
v -0.482399 1.000000 -2.237324
v -0.507176 1.000000 -2.436376
v -0.791881 0.580608 -2.367203
v -0.763998 0.580608 -2.152288
v -0.689259 0.580608 -1.576227
v -0.665047 0.580608 -1.389611
v -0.591653 0.580608 -0.823914
v -0.566773 0.580608 -0.632149
v 0.507176 1.000000 -2.436376
v 0.482399 1.000000 -2.237324
v 0.415986 1.000000 -1.703780
v 0.394471 1.000000 -1.530938
v 0.329253 1.000000 -1.006994
v 0.307145 1.000000 -0.829383
v 0.566773 0.580608 -0.632149
v 0.591653 0.580608 -0.823914
v 0.665047 0.580608 -1.389611
v 0.689259 0.580608 -1.576227
v 0.763998 0.580608 -2.152288
v 0.791882 0.580608 -2.367203
v -0.129280 -1.000000 -2.439648
v -0.128688 -1.000000 -2.241345
v -0.127099 -1.000000 -1.709813
v -0.126585 -1.000000 -1.537621
v -0.125025 -1.000000 -1.015652
v -0.124496 -1.000000 -0.838710
v 0.124499 -1.000000 -0.838710
v 0.125028 -1.000000 -1.015652
v 0.126589 -1.000000 -1.537622
v 0.127104 -1.000000 -1.709813
v 0.128693 -1.000000 -2.241345
v 0.129286 -1.000000 -2.439648
v -0.347608 -0.938918 -2.445256
v -0.330584 -0.937225 -2.246709
v -0.277204 -0.938791 -1.715403
v -0.261535 -0.938009 -1.543101
v -0.210264 -0.938652 -1.021223
v -0.192972 -0.938802 -0.844302
v -0.134135 0.921335 -2.436376
v -0.135259 0.921335 -2.237324
v -0.138274 0.921335 -1.703780
v -0.139251 0.921335 -1.530938
v -0.142212 0.921335 -1.006994
v -0.143216 0.921335 -0.829383
v 0.192972 -0.938802 -0.844303
v 0.210264 -0.938652 -1.021223
v 0.261535 -0.938009 -1.543101
v 0.277204 -0.938791 -1.715404
v 0.330584 -0.937225 -2.246709
v 0.347608 -0.938918 -2.445256
v 0.134135 0.921335 -2.436376
v 0.135260 0.921335 -2.237324
v 0.138275 0.921335 -1.703780
v 0.139252 0.921335 -1.530938
v 0.142212 0.921335 -1.006994
v 0.143216 0.921335 -0.829383
v -0.268589 0.931608 -0.834287
v -0.294824 0.929405 -1.011374
v -0.357178 0.930900 -1.535682
v -0.380297 0.930044 -1.708320
v -0.446486 0.930160 -2.241892
v -0.470260 0.930694 -2.441073
v -0.715137 0.565993 -2.376419
v -0.687009 0.567353 -2.161514
v -0.612719 0.564950 -1.585430
v -0.587964 0.567906 -1.398835
v -0.515294 0.564081 -0.833104
v -0.489601 0.568455 -0.641370
v 0.470260 0.930694 -2.441072
v 0.446486 0.930160 -2.241892
v 0.380297 0.930044 -1.708320
v 0.357178 0.930900 -1.535682
v 0.294824 0.929405 -1.011373
v 0.268589 0.931608 -0.834287
v 0.489601 0.568454 -0.641370
v 0.515295 0.564081 -0.833104
v 0.587964 0.567906 -1.398835
v 0.612719 0.564950 -1.585430
v 0.687009 0.567353 -2.161514
v 0.715137 0.565993 -2.376419
v -0.129280 -0.921335 -2.439648
v -0.128688 -0.921335 -2.241345
v -0.127099 -0.921335 -1.709813
v -0.126585 -0.921335 -1.537621
v -0.125025 -0.921335 -1.015652
v -0.124496 -0.921335 -0.838710
v 0.124499 -0.921335 -0.838710
v 0.125028 -0.921335 -1.015652
v 0.126589 -0.921335 -1.537622
v 0.127104 -0.921335 -1.709813
v 0.128693 -0.921335 -2.241345
v 0.129286 -0.921335 -2.439648
v -0.480464 -1.000000 -3.304410
v -0.147288 -1.000000 -3.943817
v 0.147288 -1.000000 -3.943817
v 0.480464 -1.000000 -3.304410
v 0.913476 0.580608 -3.304410
v 0.147288 0.580608 -4.707160
v -0.147288 0.580608 -4.707160
v -0.913476 0.580608 -3.304410
v -0.352517 -0.779176 -3.438948
v -0.168476 -0.780122 -3.800855
v 0.168476 -0.780122 -3.800855
v 0.352517 -0.779176 -3.438948
v 0.679083 0.404918 -3.440042
v 0.166447 0.405642 -4.372157
v -0.166447 0.405642 -4.372157
v -0.679083 0.404918 -3.440042
vt 0.699678 0.653162
vt 0.722110 0.653162
vt 0.716915 0.731121
vt 0.375000 0.500000
vt 0.284309 0.500000
vt 0.375000 0.500000
vt 0.401621 0.250000
vt 0.561181 0.250000
vt 0.561181 0.250000
vt 0.401621 0.250000
vt 0.375000 0.191896
vt 0.587797 0.191896
vt 0.587797 0.250000
vt 0.375000 0.250000
vt 0.125000 0.665673
vt 0.155592 0.665673
vt 0.125000 0.750000
vt 0.561181 0.500000
vt 0.401621 0.500000
vt 0.401621 0.500000
vt 0.561181 0.500000
vt 0.375000 0.665673
vt 0.587797 0.665673
vt 0.587797 0.750000
vt 0.375000 0.750000
vt 0.834187 0.500000
vt 0.767684 0.500000
vt 0.761913 0.500000
vt 0.738087 0.500000
vt 0.587797 0.500000
vt 0.587797 0.500000
vt 0.738087 0.500000
vt 0.625000 0.193157
vt 0.625000 0.246871
vt 0.625000 0.910491
vt 0.587797 0.920832
vt 0.587797 0.920832
vt 0.625000 0.910491
vt 0.771263 0.553717
vt 0.772084 0.566035
vt 0.774284 0.599052
vt 0.774997 0.609748
vt 0.777157 0.642171
vt 0.777890 0.653162
vt 0.783085 0.731121
vt 0.783085 0.731121
vt 0.767684 0.500000
vt 0.587797 0.500000
vt 0.665813 0.500000
vt 0.587797 0.250000
vt 0.625000 0.250000
vt 0.625000 0.250000
vt 0.587797 0.828971
vt 0.159904 0.653784
vt 0.172628 0.618713
vt 0.176825 0.607143
vt 0.189781 0.571429
vt 0.194615 0.558104
vt 0.215693 0.500000
vt 0.215693 0.500000
vt 0.125000 0.750000
vt 0.732316 0.500000
vt 0.822310 0.553717
vt 0.625000 0.250000
vt 0.587797 0.250000
vt 0.587797 1.000000
vt 0.375000 1.000000
vt 0.625000 0.839509
vt 0.125000 0.500000
vt 0.125000 0.500000
vt 0.125000 0.500000
vt 0.722842 0.642171
vt 0.725003 0.609748
vt 0.725716 0.599052
vt 0.727916 0.566035
vt 0.728737 0.553717
vt 0.732316 0.500000
vt 0.716915 0.731121
vt 0.375000 0.500000
vt 0.305387 0.558104
vt 0.375000 0.558104
vt 0.375000 1.000000
vt 0.284309 0.500000
vt 0.761913 0.500000
vt 0.310220 0.571429
vt 0.323176 0.607143
vt 0.327373 0.618713
vt 0.340096 0.653784
vt 0.344409 0.665673
vt 0.375000 0.750000
vt 0.625000 0.839509
vt 0.587797 0.828971
vt 0.375000 0.250000
vt 0.375000 0.250000
vt 0.587797 0.571429
vt 0.375000 0.571429
vt 0.375000 0.571429
vt 0.587797 0.571429
vt 0.375000 0.618713
vt 0.375000 0.653784
vt 0.587797 0.558104
vt 0.587797 0.558104
vt 0.375000 0.558104
vt 0.375000 0.607143
vt 0.323176 0.607143
vt 0.327373 0.618713
vt 0.800322 0.653162
vt 0.587797 0.191896
vt 0.625000 0.193157
vt 0.809921 0.609748
vt 0.802752 0.642171
vt 0.587797 0.178571
vt 0.625000 0.180839
vt 0.625000 0.180839
vt 0.587797 0.178571
vt 0.819586 0.566035
vt 0.812286 0.599052
vt 0.340096 0.653784
vt 0.344409 0.665673
vt 0.677690 0.553717
vt 0.625000 0.147823
vt 0.587797 0.142857
vt 0.587797 0.142857
vt 0.625000 0.147823
vt 0.680413 0.566035
vt 0.687714 0.599052
vt 0.587797 0.607143
vt 0.699678 0.653162
vt 0.722110 0.653162
vt 0.690079 0.609748
vt 0.697248 0.642171
vt 0.587797 0.653784
vt 0.587797 0.618713
vt 0.587797 0.131287
vt 0.625000 0.137128
vt 0.625000 0.137128
vt 0.587797 0.131287
vt 0.625000 0.015759
vt 0.625000 0.093715
vt 0.587797 0.084327
vt 0.587797 0.000000
vt 0.722842 0.642171
vt 0.697248 0.642171
vt 0.625000 0.104706
vt 0.587797 0.096216
vt 0.155592 0.665673
vt 0.159904 0.653784
vt 0.587797 0.096216
vt 0.625000 0.104706
vt 0.690079 0.609748
vt 0.725003 0.609748
vt 0.625000 0.093715
vt 0.587797 0.084327
vt 0.725716 0.599052
vt 0.687714 0.599052
vt 0.125000 0.558104
vt 0.172628 0.618713
vt 0.176825 0.607143
vt 0.125000 0.571429
vt 0.125000 0.607143
vt 0.587797 0.665673
vt 0.125000 0.618712
vt 0.125000 0.653784
vt 0.680413 0.566035
vt 0.727916 0.566035
vt 0.375000 0.000000
vt 0.375000 0.084327
vt 0.587797 0.653784
vt 0.375000 0.096216
vt 0.375000 0.131287
vt 0.728737 0.553717
vt 0.677690 0.553717
vt 0.375000 0.142857
vt 0.375000 0.178571
vt 0.189781 0.571429
vt 0.194615 0.558104
vt 0.587797 0.618713
vt 0.375000 0.191896
vt 0.305387 0.558104
vt 0.310220 0.571429
vt 0.771263 0.553717
vt 0.772084 0.566035
vt 0.587797 0.607143
vt 0.375000 0.607143
vt 0.375000 0.665673
vt 0.375000 0.618713
vt 0.375000 0.653784
vt 0.774284 0.599052
vt 0.774997 0.609748
vt 0.777157 0.642171
vt 0.777890 0.653162
vt 0.125000 0.558104
vt 0.125000 0.571429
vt 0.125000 0.607143
vt 0.800322 0.653162
vt 0.125000 0.618712
vt 0.802752 0.642171
vt 0.125000 0.653784
vt 0.809921 0.609748
vt 0.125000 0.665673
vt 0.812286 0.599052
vt 0.375000 0.084327
vt 0.819586 0.566035
vt 0.375000 0.096216
vt 0.822310 0.553717
vt 0.375000 0.131287
vt 0.375000 0.142857
vt 0.375000 0.178571
vt 0.401659 0.250000
vt 0.401658 0.500000
vt 0.561152 0.500000
vt 0.561152 0.250000
vt 0.561152 0.500000
vt 0.401659 0.250000
vt 0.401658 0.500000
vt 0.561152 0.250000
vt 0.625000 0.351349
vt 0.625000 0.398651
vn 0.0000 1.0000 0.0000
vn 0.0000 -1.0000 0.0000
vn 0.4450 0.1219 -0.8872
vn -0.9609 -0.2542 0.1094
vn -0.4450 0.1219 -0.8872
vn 0.9733 -0.2011 0.1108
vn -1.0000 0.0032 0.0025
vn -0.8127 0.5734 0.1034
vn 0.8259 0.5539 0.1051
vn 0.9999 0.0112 -0.0103
vn 1.0000 -0.0011 0.0057
vn 0.8112 0.4280 -0.3986
vn -0.8112 0.4280 -0.3986
vn 0.0000 -0.1935 0.9811
vn 1.0000 -0.0011 -0.0030
vn 1.0000 0.0032 0.0025
vn 0.0000 0.5787 0.8155
vn 0.9997 0.0074 -0.0251
vn -1.0000 -0.0011 0.0057
vn -1.0000 0.0000 0.0000
vn 0.9999 0.0138 0.0040
vn -0.9997 0.0074 -0.0251
vn 0.9998 -0.0037 -0.0183
vn -1.0000 -0.0011 -0.0030
vn -0.9999 0.0102 -0.0094
vn 1.0000 0.0000 0.0000
vn -0.9998 -0.0037 -0.0183
vn -0.9999 0.0142 0.0041
vn 0.1268 0.0255 -0.9916
vn -0.1224 -0.0152 0.9924
vn 1.0000 0.0000 0.0030
vn 0.1633 0.0578 0.9849
vn -0.1825 -0.0853 -0.9795
vn 0.8127 0.5734 0.1034
vn 0.2354 0.1546 0.9595
vn 0.8172 0.5669 0.1040
vn -0.0183 0.0381 -0.9991
vn 0.8206 0.5618 0.1044
vn -0.2458 -0.1811 -0.9523
vn -0.8259 0.5539 0.1051
vn 0.0137 -0.0325 0.9994
vn -0.8206 0.5618 0.1044
vn -1.0000 0.0000 0.0030
vn -0.8172 0.5669 0.1040
vn 0.3014 0.2395 0.9229
vn 0.9609 -0.2542 0.1094
vn -0.0107 0.0348 -0.9993
vn 0.9654 -0.2366 0.1099
vn -0.3005 -0.2713 -0.9144
vn 0.9686 -0.2226 0.1103
vn 0.0093 -0.0328 0.9994
vn 0.3005 -0.2713 -0.9144
vn -0.0074 0.0325 -0.9994
vn -0.9733 -0.2011 0.1108
vn -0.3014 0.2395 0.9229
vn -0.9686 -0.2226 0.1103
vn 0.0071 -0.0335 0.9994
vn -0.9654 -0.2366 0.1099
vn 1.0000 0.0000 -0.0057
vn 0.2458 -0.1811 -0.9523
vn 0.1224 -0.0152 0.9924
vn -1.0000 0.0000 -0.0056
vn -0.1360 -0.0537 0.9893
vn -0.0349 -0.0522 -0.9980
vn 0.1406 0.0625 -0.9881
vn 0.0293 0.0500 0.9983
vn -1.0000 0.0000 -0.0057
vn -0.1484 -0.0906 0.9848
vn -0.0196 -0.0456 -0.9988
vn 0.1539 0.0994 -0.9831
vn 0.0183 0.0463 0.9988
vn -0.0131 0.0447 0.9989
vn -0.0134 -0.0423 -0.9990
vn 0.0134 -0.0423 -0.9990
vn 0.0131 0.0447 0.9989
vn -0.0183 0.0463 0.9988
vn 0.0183 0.0381 -0.9991
vn 0.0196 -0.0456 -0.9988
vn -0.0137 -0.0325 0.9994
vn -0.0293 0.0500 0.9983
vn 0.0107 0.0348 -0.9993
vn 0.0349 -0.0522 -0.9980
vn -0.0093 -0.0328 0.9994
vn -0.1539 0.0994 -0.9831
vn 0.0074 0.0325 -0.9994
vn 0.1484 -0.0906 0.9848
vn -0.0071 -0.0335 0.9994
vn -0.1406 0.0625 -0.9881
vn -0.1633 0.0578 0.9849
vn 0.1360 -0.0537 0.9893
vn 0.1825 -0.0853 -0.9795
vn -0.1268 0.0255 -0.9916
vn -0.2354 0.1546 0.9595
vn -0.8654 -0.2271 -0.4468
vn 0.8654 -0.2271 -0.4468
vn 0.8535 -0.2301 -0.4675
vn -0.8535 -0.2301 -0.4675
vn -0.8558 -0.2353 -0.4607
vn -0.8585 -0.2223 -0.4621
vn 0.8558 -0.2353 -0.4607
vn 0.8585 -0.2223 -0.4621
vn -0.2008 -0.9735 0.1097
vn -0.2030 0.9735 -0.1058
vn 0.5150 0.3728 0.7719
vn -0.5150 0.3728 0.7719
vn 0.2008 -0.9735 0.1097
vn 0.2030 0.9735 -0.1058
vn 0.0000 -0.4371 -0.8994
vn 0.0000 0.5623 0.8269
vn 0.0000 0.5693 -0.8221
vn -0.0000 1.0000 -0.0017
vn 0.0000 1.0000 0.0059
vn 0.0000 -0.1881 0.9821
vn -0.0000 -1.0000 -0.0053
vn 0.0000 -0.9997 0.0226
vn -0.2215 -0.9751 -0.0116
vn -0.1190 -0.9929 -0.0033
vn -0.0794 -0.9968 0.0007
vn 0.0662 0.9977 -0.0109
vn 0.0398 0.9992 -0.0050
vn 0.0281 0.9996 -0.0003
vn 0.8181 0.5661 0.1014
vn 0.8220 0.5599 0.1036
vn 0.8254 0.5544 0.1063
vn -0.8254 0.5544 0.1063
vn -0.8220 0.5599 0.1036
vn -0.8181 0.5661 0.1014
vn 0.9654 -0.2377 0.1072
vn 0.9684 -0.2231 0.1114
vn 0.9710 -0.2091 0.1156
vn 0.0794 -0.9968 0.0007
vn 0.1190 -0.9929 -0.0033
vn 0.2215 -0.9751 -0.0116
vn -0.9710 -0.2091 0.1156
vn -0.9684 -0.2231 0.1114
vn -0.9654 -0.2377 0.1072
vn -0.0281 0.9996 -0.0003
vn -0.0398 0.9992 -0.0050
vn -0.0662 0.9977 -0.0109
vn 0.8572 -0.2288 -0.4614
vn -0.8572 -0.2288 -0.4614
usemtl Black.001
s off
f 865/959/797 847/960/797 796/961/797
f 947/962/798 807/963/798 946/964/798
f 785/965/799 795/966/799 959/967/799 952/968/799
f 824/969/800 854/970/800 951/971/800 944/972/800
f 829/973/798 877/974/798 784/975/798
f 798/976/801 787/977/801 955/978/801 956/979/801
f 836/980/802 866/981/802 797/982/802 786/983/802
f 794/984/797 788/985/797 800/986/797
f 802/987/803 949/988/803 819/989/803 813/990/803
f 853/991/804 794/992/804 951/971/804 854/970/804
f 865/959/805 796/961/805 797/982/805 866/981/805
f 792/993/806 804/994/806 820/995/806 809/996/806
f 788/985/807 830/997/807 831/998/807 832/999/807 833/1000/807 834/1001/807 835/1002/807 792/1003/807 809/1004/807 808/1005/807
f 948/1006/808 949/988/808 802/987/808 799/1007/808
f 950/1008/809 951/971/809 794/1009/809 800/1010/809
f 786/983/810 797/982/810 805/1011/810
f 784/975/811 877/974/811 876/1012/811 875/1013/811 874/1014/811 873/1015/811 872/1016/811 806/1017/811 823/1018/811 811/1019/811
f 802/987/797 791/1020/797 799/1007/797
f 830/997/797 788/985/797 794/984/797 853/1021/797
f 950/1008/812 800/1010/812 810/1022/812 818/1023/812
f 804/994/813 792/993/813 793/1024/813
f 784/1025/810 804/994/810 793/1024/810
f 805/1011/813 797/982/813 796/1026/813
f 806/1017/814 945/1027/814 816/1028/814 823/1018/814
f 945/1027/798 806/1017/798 944/1029/798
f 796/961/815 847/960/815 846/1030/815 845/1031/815 844/1032/815 843/1033/815 842/1034/815 791/1020/815 814/1035/815 817/1036/815
f 949/988/816 946/964/816 815/1037/816 819/989/816
f 883/1038/798 807/963/798 947/962/798 841/1039/798
f 804/994/817 784/1025/817 811/1040/817 820/995/817
f 946/964/818 807/963/818 822/1041/818 815/1037/818
f 800/986/819 788/985/819 808/1005/819 810/1042/819
f 807/963/820 883/1038/820 882/1043/820 881/1044/820 880/1045/820 879/1046/820 878/1047/820 786/983/820 812/1048/820 822/1041/820
f 805/1011/821 796/1026/821 817/1049/821 821/1050/821
f 945/1051/822 950/1008/822 818/1023/822 816/1052/822
f 791/1020/823 802/987/823 813/990/823 814/1035/823
f 786/983/824 805/1011/824 821/1050/824 812/1048/824
f 786/983/798 878/1047/798 836/980/798
f 870/1053/825 840/1054/825 900/1055/825 930/1056/825
f 879/1046/798 880/1045/798 838/1057/798 837/1058/798
f 841/1039/826 871/1059/826 931/1060/826 901/1061/826
f 881/1044/798 882/1043/798 840/1054/798 839/1062/798
f 880/1045/827 881/1044/827 941/1063/827 940/1064/827
f 792/1003/797 835/1002/797 848/1065/797
f 853/991/828 854/970/828 914/1066/828 913/1067/828
f 834/1001/797 833/1000/797 850/1068/797 849/1069/797
f 855/1070/829 852/1071/829 912/1072/829 915/1073/829
f 832/999/797 831/998/797 852/1074/797 851/1075/797
f 878/1047/827 879/1046/827 939/1076/827 938/1077/827
f 799/1007/830 860/1078/830 871/1059/830 948/1006/830
f 851/1079/831 856/1080/831 916/1081/831 911/1082/831
f 861/1083/832 862/1084/832 869/1085/832 870/1053/832
f 847/960/833 865/959/833 925/1086/833 907/1087/833
f 863/1088/834 864/1089/834 867/1090/834 868/1091/834
f 857/1092/835 850/1093/835 910/1094/835 917/1095/835
f 792/1096/836 848/1097/836 859/1098/836 793/1099/836
f 864/1089/837 846/1030/837 906/1100/837 924/1101/837
f 849/1102/838 850/1093/838 857/1092/838 858/1103/838
f 876/1012/839 877/974/839 937/1104/839 936/1105/839
f 851/1079/840 852/1071/840 855/1070/840 856/1080/840
f 849/1102/841 858/1103/841 918/1106/841 909/1107/841
f 947/962/842 948/1006/842 871/1059/842 841/1039/842
f 845/1031/843 863/1088/843 923/1108/843 905/1109/843
f 840/1054/844 870/1053/844 869/1085/844 839/1062/844
f 859/1098/845 848/1097/845 908/1110/845 919/1111/845
f 838/1057/846 868/1091/846 867/1090/846 837/1058/846
f 862/1084/847 844/1032/847 904/1112/847 922/1113/847
f 944/1029/798 806/1017/798 872/1016/798 824/1114/798
f 874/1014/839 875/1013/839 935/1115/839 934/1116/839
f 825/1117/798 873/1015/798 874/1014/798 826/1118/798
f 865/959/848 866/981/848 926/1119/848 925/1086/848
f 827/1120/798 875/1013/798 876/1012/798 828/1121/798
f 843/1033/849 861/1083/849 921/1122/849 903/1123/849
f 784/1124/850 793/1099/850 859/1098/850 829/1125/850
f 867/1090/851 864/1089/851 924/1101/851 927/1126/851
f 828/1127/852 858/1103/852 857/1092/852 827/1128/852
f 860/1078/853 842/1034/853 902/1129/853 920/1130/853
f 826/1131/854 856/1080/854 855/1070/854 825/1132/854
f 846/1030/855 847/960/855 907/1087/855 906/1100/855
f 799/1007/797 791/1020/797 842/1034/797 860/1078/797
f 872/1016/839 873/1015/839 933/1133/839 932/1134/839
f 861/1083/797 843/1033/797 844/1032/797 862/1084/797
f 863/1088/856 868/1091/856 928/1135/856 923/1108/856
f 863/1088/797 845/1031/797 846/1030/797 864/1089/797
f 854/970/857 824/969/857 884/1136/857 914/1066/857
f 882/1043/827 883/1038/827 943/1137/827 942/1138/827
f 831/998/858 830/997/858 890/1139/858 891/1140/858
f 839/1062/859 869/1085/859 929/1141/859 899/1142/859
f 836/980/860 878/1047/860 938/1077/860 896/1143/860
f 868/1091/861 838/1057/861 898/1144/861 928/1135/861
f 879/1046/862 837/1058/862 897/1145/862 939/1076/862
f 833/1000/863 832/999/863 892/1146/863 893/1147/863
f 837/1058/864 867/1090/864 927/1126/864 897/1145/864
f 838/1057/865 880/1045/865 940/1064/865 898/1144/865
f 866/981/866 836/980/866 896/1143/866 926/1119/866
f 881/1044/867 839/1062/867 899/1142/867 941/1063/867
f 835/1002/863 834/1001/863 894/1148/863 895/1149/863
f 824/1114/868 872/1016/868 932/1134/868 884/1150/868
f 840/1054/869 882/1043/869 942/1138/869 900/1055/869
f 873/1015/870 825/1117/870 885/1151/870 933/1133/870
f 883/1038/871 841/1039/871 901/1061/871 943/1137/871
f 826/1118/872 874/1014/872 934/1116/872 886/1152/872
f 848/1065/873 835/1002/873 895/1149/873 908/1153/873
f 875/1013/874 827/1120/874 887/1154/874 935/1115/874
f 834/1001/875 849/1069/875 909/1155/875 894/1148/875
f 828/1121/876 876/1012/876 936/1105/876 888/1156/876
f 850/1068/877 833/1000/877 893/1147/877 910/1157/877
f 877/974/878 829/973/878 889/1158/878 937/1104/878
f 832/999/879 851/1075/879 911/1159/879 892/1146/879
f 829/1125/880 859/1098/880 919/1111/880 889/1160/880
f 852/1074/881 831/998/881 891/1140/881 912/1161/881
f 858/1103/882 828/1127/882 888/1162/882 918/1106/882
f 830/997/883 853/1021/883 913/1163/883 890/1139/883
f 842/1034/855 843/1033/855 903/1123/855 902/1129/855
f 827/1128/884 857/1092/884 917/1095/884 887/1164/884
f 871/1059/885 860/1078/885 920/1130/885 931/1060/885
f 856/1080/886 826/1131/886 886/1165/886 916/1081/886
f 861/1083/887 870/1053/887 930/1056/887 921/1122/887
f 844/1032/855 845/1031/855 905/1109/855 904/1112/855
f 825/1132/888 855/1070/888 915/1073/888 885/1166/888
f 869/1085/889 862/1084/889 922/1113/889 929/1141/889
f 785/965/890 789/1167/890 945/1051/890 944/972/890
f 790/1168/891 787/977/891 947/962/891 946/964/891
f 798/976/892 803/1169/892 949/988/892 948/1006/892
f 801/1170/893 795/966/893 951/971/893 950/1008/893
f 795/966/894 785/965/894 944/972/894 951/971/894
f 789/1167/895 801/1170/895 950/1008/895 945/1051/895
f 787/977/896 798/976/896 948/1006/896 947/962/896
f 803/1169/897 790/1168/897 946/964/897 949/988/897
f 803/1169/898 798/976/898 956/979/898 957/1171/898
f 789/1167/899 785/965/899 952/968/899 953/1172/899
f 790/1168/900 803/1169/900 957/1171/900 954/1173/900
f 801/1170/901 789/1167/901 953/1172/901 958/1174/901
f 795/966/902 801/1170/902 958/1174/902 959/967/902
f 787/977/903 790/1168/903 954/1173/903 955/978/903
usemtl Light.001
f 816/1052/904 818/1023/904 819/989/904 815/1037/904
f 817/1049/905 809/996/905 820/995/905 821/1050/905
f 810/1175/906 813/1176/906 819/989/906 818/1023/906
f 817/1036/907 814/1035/907 808/1005/907 809/1004/907
f 810/1042/908 808/1005/908 814/1035/908 813/990/908
f 821/1050/909 820/995/909 811/1040/909 812/1048/909
f 811/1019/910 823/1018/910 822/1041/910 812/1048/910
f 815/1037/911 822/1041/911 823/1018/911 816/1028/911
f 938/1077/912 939/1076/912 897/1145/912 896/1143/912
f 940/1064/913 941/1063/913 899/1142/913 898/1144/913
f 942/1138/914 943/1137/914 901/1061/914 900/1055/914
f 895/1149/915 894/1148/915 909/1155/915 908/1153/915
f 893/1147/916 892/1146/916 911/1159/916 910/1157/916
f 891/1140/917 890/1139/917 913/1163/917 912/1161/917
f 920/1130/918 921/1122/918 930/1056/918 931/1060/918
f 922/1113/919 923/1108/919 928/1135/919 929/1141/919
f 924/1101/920 925/1086/920 926/1119/920 927/1126/920
f 908/1110/921 909/1107/921 918/1106/921 919/1111/921
f 910/1094/922 911/1082/922 916/1081/922 917/1095/922
f 912/1072/923 913/1067/923 914/1066/923 915/1073/923
f 901/1061/924 931/1060/924 930/1056/924 900/1055/924
f 899/1142/925 929/1141/925 928/1135/925 898/1144/925
f 897/1145/926 927/1126/926 926/1119/926 896/1143/926
f 884/1150/927 932/1134/927 933/1133/927 885/1151/927
f 886/1152/928 934/1116/928 935/1115/928 887/1154/928
f 888/1156/929 936/1105/929 937/1104/929 889/1158/929
f 889/1160/930 919/1111/930 918/1106/930 888/1162/930
f 887/1164/931 917/1095/931 916/1081/931 886/1165/931
f 885/1166/932 915/1073/932 914/1066/932 884/1136/932
f 920/1130/933 902/1129/933 903/1123/933 921/1122/933
f 922/1113/934 904/1112/934 905/1109/934 923/1108/934
f 924/1101/935 906/1100/935 907/1087/935 925/1086/935
usemtl Light2.001
f 956/979/936 955/978/936 954/1173/936 957/1171/936
f 952/968/937 959/967/937 958/1174/937 953/1172/937
