# Blender 3.6.1
# www.blender.org
mtllib submarine.mtl
o Cube
v 0.696280 0.973628 1.419283
v -0.616277 -0.978070 3.227347
v -0.301428 0.724588 4.658398
v 0.081052 0.374144 5.242939
v -0.697444 0.938001 2.528777
v -0.697444 0.203973 1.419283
v -0.697444 0.190996 2.528777
v -0.697444 -0.018901 2.775331
v -0.661521 0.728588 2.857516
v 0.534919 0.747431 3.672591
v 0.517157 1.120503 1.419283
v -0.143153 0.413950 5.241937
v -0.109666 0.166178 4.323981
v 0.130874 0.164313 4.322893
v -0.091528 0.449596 4.937100
v 0.699789 -0.050740 1.871299
v -0.697444 -0.050740 3.062978
v 0.699789 0.938001 2.117853
v 0.699789 0.203973 1.419283
v 0.699789 0.076617 3.227347
v -0.697444 0.012938 1.419283
v -0.697444 0.172134 2.528777
v -0.661521 0.728588 2.117853
v -0.241654 0.887019 4.758410
v 0.372218 -0.656028 3.672591
v 0.587047 -0.994969 1.419283
v 0.448784 -0.805981 3.672591
v -0.184169 1.120482 1.674897
v 0.116174 0.408826 5.242064
v -0.033700 0.245781 4.940524
v 0.699789 0.140295 1.419283
v -0.697444 0.172134 1.419283
v -0.697444 0.108456 1.871299
v -0.697444 -0.018901 2.446592
v -0.661521 0.728588 2.200037
v -0.661521 0.190996 2.775331
v -0.697444 0.190996 1.871299
v -0.697444 -0.050740 1.789114
v -0.697444 -0.826159 1.419283
v 0.031507 0.458112 4.494324
v 0.062505 0.428506 4.937454
v -0.128529 0.456907 4.936977
v -0.299114 0.227645 4.940829
v -0.246787 0.175323 4.941708
v -0.697444 0.938001 2.775331
v 0.699789 0.833295 1.419283
v -0.661521 0.190996 2.857516
v 0.699789 0.833295 2.117853
v 0.434566 -0.349872 3.996833
v -0.683542 1.007882 3.227347
v 0.699789 -0.050740 3.227347
v 0.699789 0.938001 1.583652
v -0.491707 0.850182 3.672591
v 0.524298 -0.727259 3.672591
v -0.094310 1.703333 2.853348
v -0.264523 0.772845 4.688111
v -0.250140 0.778392 4.691527
v -0.242273 0.779166 4.692004
v -0.031842 -0.008937 4.206754
v 0.036044 0.380402 4.448980
v -0.091528 0.450691 4.489992
v -0.060161 0.196280 4.941356
v 0.034186 0.360345 4.938600
v 0.116175 0.225928 5.246668
v 0.699789 -0.050740 2.117853
v -0.697444 0.044777 1.583652
v -0.697444 0.190996 1.789114
v -0.697444 0.140295 2.446592
v -0.697444 0.833295 2.528777
v -0.697444 0.190996 2.775331
v -0.697444 0.728588 3.062978
v -0.532574 -0.184234 3.672591
v -0.269644 0.770107 4.686426
v -0.130492 0.222255 5.246760
v 0.699789 -0.806408 3.227347
v 0.128349 0.412410 5.241972
v 0.699789 0.076617 1.583652
v 0.243999 0.887019 1.549657
v 0.434566 0.696453 1.549657
v 0.587047 1.106651 3.227347
v 0.646297 -0.955338 1.419283
v 0.669010 -0.927646 1.419283
v -0.666665 -0.927646 1.419283
v -0.514812 1.120503 3.227347
v -0.509059 0.828168 3.672591
v 0.349872 0.854903 4.738636
v -0.246787 0.171701 4.327203
v -0.263503 0.180670 4.332437
v 0.308819 0.538605 4.543885
v 0.301459 0.395362 4.938003
v 0.241445 0.393905 5.242432
v 0.249516 0.384061 5.242680
v 0.231611 0.402007 5.242229
v 0.220391 0.408056 5.242077
v 0.095120 0.239922 5.246315
v 0.087049 0.249705 5.246069
v 0.128350 0.222255 5.246760
v 0.231610 0.231894 5.246517
v 0.699789 -0.050740 3.062978
v 0.699789 0.108456 1.419283
v 0.699789 0.076617 1.419283
v -0.697444 -0.018901 1.583652
v -0.697444 -0.018901 1.789114
v -0.697444 0.190996 2.117853
v -0.697444 0.012938 2.857516
v 0.699789 0.938001 2.528777
v 0.699789 0.076617 2.528777
v 0.699789 0.044777 2.446592
v 0.699789 0.140295 2.200037
v 0.699789 0.140295 2.446592
v 0.699789 0.833295 1.789114
v -0.661521 0.728588 2.528777
v -0.661521 0.190996 3.062978
v 0.663866 0.833295 2.200037
v 0.663866 0.222599 1.583652
v -0.661521 0.728588 3.062978
v -0.278832 0.883357 4.756156
v 0.378750 0.831203 4.724044
v 0.402450 0.802325 4.706263
v 0.532238 0.775786 3.672591
v 0.696280 0.973628 3.227347
v -0.532574 -0.655907 3.672591
v -0.697444 -0.806408 3.227347
v 0.669010 1.039444 1.419283
v 0.552787 1.117019 3.227347
v 0.307654 0.703804 4.645601
v -0.048136 0.414042 4.937698
v -0.039202 0.227645 4.940829
v 0.041546 0.397293 4.937979
v 0.130874 0.167964 4.941832
v -0.118317 0.409069 5.242060
v -0.697444 0.833295 1.583652
v -0.697444 0.728588 1.789114
v 0.699789 -0.018901 2.775331
v -0.697444 0.728588 2.528777
v -0.697444 0.728588 2.857516
v 0.663866 0.222599 2.446592
v 0.699789 0.222599 1.871299
v 0.402450 0.802325 1.549657
v -0.521953 0.803048 3.672591
v -0.470562 0.868243 3.672591
v 0.096655 1.703333 2.544334
v 0.135109 1.400200 2.947860
v -0.285384 0.755182 4.677237
v -0.280339 0.761331 4.681022
v -0.083194 0.260866 5.245789
v -0.031842 0.360345 4.938600
v -0.031842 0.264643 4.940208
v 0.093872 0.450364 4.489790
v 0.260453 0.285570 5.245163
v 0.208215 0.222255 5.246760
v -0.233752 0.231894 5.246517
v -0.251658 0.249705 5.246069
v -0.697444 0.172134 2.117853
v -0.666665 1.039444 3.227347
v 0.552787 -1.005386 3.227347
v 0.517157 -1.008921 1.419283
v 0.552787 -1.005387 1.419283
v -0.584702 -0.994969 1.419283
v 0.001172 0.779941 4.692481
v -0.257655 0.373939 5.242942
v -0.074813 0.440683 4.937251
v -0.697444 0.938001 2.200037
v -0.697444 0.140295 1.871299
v 0.699789 0.140295 2.857516
v 0.699789 0.172134 2.775331
v 0.378751 0.831203 1.549657
v 0.486831 -0.213923 1.419283
v -0.518024 -0.756666 1.420215
v 0.685887 1.007882 3.227347
v 0.618622 -0.978070 1.419283
v -0.484485 -1.008943 1.419283
v -0.446439 -0.805981 3.672591
v -0.033699 0.242437 4.368478
v 0.212132 0.164313 4.322893
v -0.039202 0.397337 4.937979
v 0.699789 0.938001 1.789114
v 0.699789 0.044777 1.419283
v 0.699789 0.833295 3.227347
v -0.697444 0.172134 3.227347
v -0.697444 0.203973 3.227347
v -0.697444 0.728588 1.583652
v -0.697444 -0.018901 3.062978
v -0.697444 -0.018901 2.857516
v 0.699789 0.140295 2.117853
v 0.699789 0.044777 2.528777
v -0.661520 0.190996 1.583652
v -0.643952 1.067103 1.419283
v -0.532574 0.747431 3.672591
v 0.669010 -0.927646 3.227347
v 0.646297 -0.955337 3.227347
v 0.699789 -0.018901 3.227347
v -0.697444 0.833295 3.062978
v 0.277336 0.765719 4.683724
v -0.060161 0.192741 4.339480
v 0.249132 0.175323 4.941708
v 0.699789 -0.050740 2.528777
v 0.699789 0.172134 1.583652
v 0.434566 -0.349872 1.549657
v -0.432221 -0.349872 3.996833
v -0.529893 -0.699986 3.672591
v -0.484485 1.120482 1.419283
v -0.370991 -0.806560 1.419283
v 0.587047 -0.994969 3.227347
v 0.472907 0.868243 3.672591
v 0.699789 -0.018901 1.419283
v -0.298713 0.733538 4.663909
v 0.287729 0.755182 4.677237
v 0.087049 0.385262 5.242659
v -0.197696 0.413877 5.241938
v 0.141009 0.413558 5.241943
v -0.097262 0.239922 5.246315
v -0.091528 0.171701 4.327204
v 0.230996 0.454939 4.492431
v -0.109666 0.169821 4.941801
v 0.280501 0.426887 4.937473
v 0.699789 -0.050740 2.775331
v 0.699789 -0.050740 2.200037
v -0.697444 -0.018901 3.227347
v -0.697444 0.012938 1.871299
v -0.697444 0.044777 1.871299
v -0.697444 0.076617 2.117853
v -0.697444 0.108456 2.117853
v -0.697444 0.728588 2.117853
v -0.697444 0.012938 2.200037
v -0.697444 0.140295 2.200037
v -0.697444 0.012938 2.446592
v -0.697444 0.190996 2.446592
v -0.697444 0.044777 2.528777
v -0.697444 0.076617 2.775331
v -0.697444 0.108456 2.775331
v -0.697444 0.172134 2.857516
v 0.699789 0.012938 3.062978
v 0.699789 0.140295 3.062978
v 0.699789 0.222599 3.062978
v 0.699789 0.012938 2.857516
v 0.699789 0.108456 2.446592
v 0.699789 0.222599 2.117853
v 0.699789 0.172134 1.789114
v 0.699789 0.203973 1.583652
v -0.661521 0.190996 2.200037
v 0.663866 0.222599 3.062978
v 0.041546 0.398473 4.459524
v 0.050481 0.415102 4.469224
v 0.663866 0.222599 2.775331
v 0.663866 0.833295 2.775331
v -0.697444 -0.050740 1.871299
v -0.697444 -0.018901 1.871299
v -0.666665 -0.927646 3.227347
v 0.036044 0.242437 4.368478
v 0.034187 0.261373 4.379527
v -0.306474 0.082838 4.270833
v 0.265848 0.184257 4.941557
v -0.661521 0.190996 1.789114
v -0.661521 0.728588 1.789114
v -0.661521 0.190996 2.528777
v 0.663866 0.222599 1.789114
v 0.306488 0.715637 4.652887
v -0.446439 0.896921 3.672591
v -0.243587 0.239922 5.246315
v -0.697444 0.833295 1.419283
v -0.697444 0.728588 1.419283
v 0.186514 1.120482 3.036655
v 0.486830 1.120482 3.227347
v 0.236750 0.779941 4.692481
v 0.244618 0.779166 4.692004
v 0.699789 0.108456 2.857516
v -0.643952 -0.955338 3.227347
v -0.643952 -0.955337 1.419283
v -0.514812 -1.008921 1.419283
v -0.420264 -0.814272 3.672591
v -0.074813 0.184257 4.941558
v -0.091529 0.175323 4.941708
v 0.663866 0.833295 2.857516
v 0.663866 0.833295 3.062978
v -0.304143 0.715637 4.652887
v -0.428560 0.733630 4.663966
v -0.697444 0.938001 3.227347
v 0.699789 0.012938 3.227347
v -0.420264 0.919652 3.672591
v -0.078254 0.285570 5.245167
v -0.079501 0.272976 5.245484
v -0.306474 0.359973 4.938605
v -0.304616 0.378840 4.938288
v 0.699789 0.012938 1.789114
v 0.699789 0.044777 1.789114
v 0.420060 0.769379 1.549657
v -0.428559 0.733630 1.549657
v -0.432221 0.696453 1.549657
v 0.486830 -1.008943 3.227347
v 0.486831 -1.008943 1.419283
v -0.697444 -0.050740 1.583652
v -0.697444 -0.050740 1.419283
v 0.618622 1.089796 3.227347
v -0.514812 1.120503 1.419283
v -0.550441 1.117019 1.419283
v -0.693934 0.973628 1.419283
v -0.697444 0.938001 1.419283
v 0.685887 -0.896059 3.227347
v 0.685887 -0.896059 1.419283
v 0.422609 -0.814272 3.672591
v 0.395388 -0.817085 3.672591
v 0.372218 0.956706 3.672591
v 0.395388 0.933311 3.672591
v -0.417715 0.769379 4.685977
v -0.259401 0.775583 4.689797
v -0.314581 0.872513 4.749479
v 0.282683 0.761331 4.681022
v -0.243587 0.394904 5.242415
v -0.233752 0.402947 5.242212
v -0.130492 0.412726 5.241968
v -0.048136 0.207449 4.348063
v -0.031842 0.084001 4.269055
v 0.308819 0.082838 4.270833
v 0.249134 0.449326 4.489153
v -0.039202 0.398514 4.459548
v -0.128529 0.167963 4.941832
v -0.074812 0.180670 4.332438
v -0.299114 0.396986 4.937983
v -0.299114 0.398200 4.459358
v -0.228650 0.454913 4.937010
v -0.228650 0.456017 4.493094
v 0.230996 0.453718 4.937023
v 0.249134 0.448081 4.937117
v 0.230994 0.169821 4.941801
v 0.212132 0.167964 4.941832
v 0.041546 0.224229 4.357854
v 0.041546 0.227645 4.940829
v -0.209787 0.167964 4.941832
v -0.228650 0.169821 4.941801
v 0.249516 0.249705 5.246068
v 0.241445 0.239922 5.246314
v 0.141011 0.221014 5.246791
v 0.112011 0.169821 4.941801
v 0.130871 0.456319 4.936984
v 0.255513 0.372855 5.242962
v -0.209787 0.456797 4.936978
v 0.050481 0.210931 4.941110
v 0.699789 -0.050740 2.857516
v 0.699789 0.938001 3.227347
v 0.699789 0.938001 3.062978
v 0.699789 0.938001 2.857516
v 0.699789 0.938001 2.775331
v 0.699789 0.044777 3.227347
v -0.697444 0.012938 3.227347
v -0.697444 0.076617 1.871299
v -0.697444 0.044777 2.200037
v -0.697444 0.012938 2.528777
v -0.697444 0.076617 2.857516
v -0.697444 0.108456 2.857516
v -0.697444 0.140295 1.789114
v -0.697444 0.140295 1.583652
v -0.697444 0.076617 2.528777
v -0.697444 0.833295 2.857516
v -0.697444 0.076617 3.227347
v -0.697444 0.076617 3.062978
v 0.699789 -0.018901 2.528777
v 0.699789 0.012938 2.528777
v 0.699789 0.222599 2.200037
v 0.699789 0.833295 2.200037
v 0.699789 0.140295 1.789114
v 0.699789 0.222599 1.789114
v 0.699789 0.012938 1.871299
v 0.699789 0.012938 2.117853
v 0.699789 0.044777 1.583652
v -0.661521 0.190996 1.871299
v -0.661521 0.728588 1.871299
v -0.661521 0.190996 2.446592
v -0.661521 0.728588 2.446592
v -0.661521 0.728588 2.775331
v 0.663866 0.833295 2.446592
v 0.663866 0.833295 1.871299
v 0.663866 0.833295 2.117853
v 0.699789 0.833295 2.446592
v -0.369873 -0.184355 3.672591
v -0.697444 0.833295 2.775331
v 0.699789 0.140295 2.528777
v 0.699789 0.172134 2.528777
v 0.534919 -0.655907 3.672591
v 0.699789 -0.826159 3.227347
v -0.376405 0.831203 4.724044
v -0.347527 0.854903 4.738636
v 0.243999 0.887019 4.758410
v -0.484485 -1.008943 3.227347
v -0.369873 -0.817102 3.672591
v 0.252485 0.778392 4.691527
v -0.234406 0.779941 4.692481
v 0.034187 0.084001 4.269055
v -0.306474 0.361253 4.437800
v -0.304616 0.380086 4.448789
v -0.209787 0.457895 4.494191
v -0.306474 0.540110 4.544812
v 0.306961 0.377182 4.938309
v -0.290179 0.210931 4.941109
v -0.257655 0.260866 5.245788
v 0.076112 0.349473 5.243560
v 0.081052 0.260866 5.245789
v 0.093873 0.175323 4.941708
v -0.197696 0.221014 5.246791
v -0.210357 0.222255 5.246760
v -0.209787 0.164313 4.322893
v -0.697444 0.108456 1.583652
v -0.697444 0.108456 1.419283
v -0.697444 0.728588 2.446592
v -0.697444 0.833295 2.446592
v 0.699789 0.076617 2.117853
v 0.699789 0.108456 2.117853
v 0.699789 0.076617 1.871299
v 0.699789 0.108456 3.062978
v 0.699789 0.108456 3.227347
v 0.699789 0.833295 1.871299
v 0.699789 0.938001 1.871299
v -0.697444 0.728588 3.227347
v -0.278831 0.883357 1.549657
v -0.314581 0.872513 1.549657
v 0.685887 1.007882 1.419283
v 0.669010 1.039444 3.227347
v 0.511404 0.828168 3.672591
v 0.308819 -0.242795 4.062762
v 0.001172 -0.242795 4.062762
v -0.048136 0.210931 4.941110
v -0.697444 0.044777 3.227347
v -0.697444 0.044777 3.062978
v -0.697444 0.140295 2.528777
v 0.699789 0.044777 2.775331
v 0.292775 0.749034 4.673451
v 0.296916 0.741286 4.668680
v 0.494052 0.850182 3.672591
v 0.699789 -0.050740 1.583652
v 0.699789 -0.050740 1.419283
v -0.529893 0.775786 3.672591
v -0.683542 1.007882 1.419283
v -0.094310 1.703333 2.544334
v -0.107097 0.403117 5.242210
v -0.097262 0.395101 5.242412
v 0.036044 0.245781 4.940524
v 0.077359 0.272976 5.245484
v -0.550441 -1.005386 1.419283
v -0.550441 -1.005387 3.227347
v 0.062506 0.192741 4.339480
v 0.062506 0.196280 4.941356
v -0.128529 0.164313 4.322893
v 0.699789 0.728588 1.419283
v 0.565050 -0.213923 1.420215
v -0.643952 1.067103 3.227347
v -0.616277 1.089796 3.227347
v -0.306474 0.264643 4.940207
v -0.306474 0.261373 4.379524
v 0.699789 0.140295 1.583652
v 0.699789 0.012938 1.419283
v -0.697444 0.076617 1.789114
v -0.697444 0.108456 1.789114
v 0.699789 0.833295 1.583652
v 0.663866 0.833295 1.583652
v -0.697444 0.190996 1.583652
v -0.432221 0.696453 4.641075
v -0.532574 -0.671627 3.672591
v -0.693935 0.973628 3.227347
v 0.448784 0.896921 3.672591
v -0.697444 0.833295 3.227347
v -0.132764 1.400200 2.947860
v -0.079501 0.362067 5.243243
v -0.033700 0.379206 4.938283
v 0.095120 0.394986 5.242413
v -0.246788 0.450502 4.489876
v -0.697444 -0.050740 2.117853
v -0.697444 -0.018901 2.117853
v -0.697444 0.012938 1.583652
v -0.697444 0.012938 2.117853
v 0.699789 0.222599 2.857516
v 0.699789 0.833295 2.857516
v -0.521953 -0.727260 3.672591
v -0.683542 -0.896059 3.227347
v 0.096655 1.703333 2.853348
v -0.294572 0.741286 4.668680
v -0.290430 0.749034 4.673451
v 0.306961 0.242437 4.368462
v 0.301459 0.224229 4.357842
v 0.280501 0.428198 4.476821
v -0.697444 0.076617 1.583652
v -0.697444 0.044777 1.789114
v -0.697444 0.172134 2.446592
v 0.699789 0.203973 2.528777
v 0.699789 0.222599 2.528777
v 0.699789 0.076617 2.200037
v 0.699789 0.108456 2.200037
v -0.697444 -0.050740 3.227347
v -0.274992 0.765719 4.683724
v -0.118317 0.225928 5.246668
v 0.292524 0.210930 4.941108
v -0.697444 0.076617 1.419283
v -0.697444 0.044777 1.419283
v -0.697444 0.728588 2.775331
v 0.699789 0.172134 2.446592
v -0.693934 -0.861791 1.419283
v 0.699789 0.076617 1.789114
v 0.281177 0.883357 1.549657
v -0.400105 0.802325 4.706263
v -0.376405 0.831203 1.549657
v 0.434566 0.696453 4.641075
v 0.281177 0.883357 4.756156
v 0.372218 -0.817102 3.672591
v 0.534919 -0.184234 3.672591
v 0.587047 1.106651 1.419283
v -0.550441 1.117019 3.227347
v -0.584702 1.106651 1.419283
v -0.584702 1.106651 3.227347
v 0.699789 -0.826159 1.419283
v -0.484485 1.120482 3.227347
v -0.393043 -0.817085 3.672591
v -0.491707 -0.774438 3.672591
v -0.509059 -0.752399 3.672591
v 0.517157 -1.008921 3.227347
v 0.261745 0.775583 4.689797
v 0.271989 0.770107 4.686426
v -0.306474 -0.242795 4.062762
v -0.089191 0.385328 5.242658
v -0.083194 0.374174 5.242939
v -0.107097 0.231894 5.246518
v 0.062505 0.429650 4.477710
v 0.102555 0.516330 4.530170
v -0.029163 0.458112 4.494324
v -0.100210 0.516330 4.530170
v 0.212134 0.456920 4.493590
v -0.263504 0.440428 4.937253
v -0.246788 0.449386 4.937103
v 0.036044 0.379195 4.938283
v 0.265849 0.439021 4.937269
v 0.034186 0.264643 4.940208
v 0.308819 0.691970 4.638315
v -0.278155 0.196280 4.941356
v -0.697444 0.938001 2.857516
v -0.697444 0.938001 3.062978
v -0.697444 0.728588 1.871299
v -0.697444 0.076617 2.446592
v -0.697444 0.108456 2.446592
v -0.697444 0.172134 2.775331
v -0.697444 -0.018901 1.419283
v -0.697444 0.190996 2.200037
v -0.697444 0.012938 2.775331
v 0.699789 0.833295 2.528777
v 0.699789 0.044777 1.871299
v 0.699789 0.140295 2.775331
v 0.699789 0.833295 2.775331
v 0.699789 0.076617 2.446592
v 0.699789 0.044777 2.200037
v 0.663866 0.222599 2.857516
v 0.663866 0.222599 2.117853
v 0.663866 0.222599 1.871299
v -0.347527 0.854903 1.549657
v 0.524298 0.803048 3.672591
v 0.373337 -0.806560 1.419283
v 0.699789 -0.806408 1.419283
v 0.422609 0.919652 3.672591
v -0.393043 0.933311 3.672591
v 0.186514 1.120482 1.674897
v -0.060161 0.428678 4.937452
v 0.050481 0.413943 4.937699
v 0.301459 0.227645 4.940826
v 0.255513 0.260865 5.245786
v -0.261348 0.272976 5.245483
v -0.262595 0.285570 5.245166
v 0.259206 0.360716 5.243268
v 0.260453 0.348110 5.243586
v -0.697444 0.938001 1.583652
v -0.697444 0.108456 3.062978
v -0.697444 0.833295 1.789114
v -0.697444 0.833295 1.871299
v -0.697444 0.108456 2.528777
v -0.697444 0.140295 3.227347
v -0.697444 0.140295 3.062978
v 0.699789 0.833295 3.062978
v 0.699789 0.076617 2.857516
v 0.699789 0.076617 3.062978
v 0.699789 0.203973 2.200037
v 0.699789 0.203973 2.446592
v 0.699789 0.222599 2.446592
v 0.699789 -0.018901 1.583652
v 0.699789 -0.018901 1.789114
v 0.699789 0.012938 2.775331
v 0.699789 -0.050740 2.446592
v 0.699789 -0.018901 2.446592
v 0.301058 0.733538 4.663909
v -0.514812 -1.008921 3.227347
v 0.135109 1.400200 2.283242
v -0.089191 0.249705 5.246069
v 0.112010 0.455736 4.492921
v 0.112011 0.166178 4.323981
v -0.261348 0.361822 5.243247
v 0.259206 0.272976 5.245481
v 0.306961 0.245781 4.940521
v 0.220390 0.225928 5.246667
v -0.263503 0.184257 4.941557
v -0.222532 0.225928 5.246668
v 0.076112 0.285570 5.245167
v 0.699789 0.172134 3.062978
v 0.699789 0.203973 3.062978
v 0.699789 0.203973 3.227347
v 0.699789 0.172134 3.227347
v -0.697444 0.190996 2.857516
v 0.699789 0.012938 2.446592
v 0.699789 -0.018901 2.117853
v 0.699789 0.108456 1.789114
v 0.699789 0.108456 1.871299
v -0.484485 -0.213923 1.419283
v 0.646297 1.067103 1.419283
v 0.618622 1.089796 1.419283
v -0.222532 0.408928 5.242062
v -0.210357 0.412619 5.241970
v -0.033700 0.380412 4.448986
v -0.031842 0.361582 4.437999
v 0.050481 0.207449 4.348063
v 0.265848 0.180670 4.332434
v 0.292525 0.413494 4.468242
v 0.292525 0.412145 4.937720
v -0.263503 0.441562 4.484659
v 0.308819 0.264642 4.940204
v 0.077157 0.184257 4.941558
v 0.104955 0.231894 5.246518
v -0.697444 -0.050740 2.446592
v -0.697444 -0.050740 2.200037
v -0.697444 0.833295 2.200037
v -0.697444 0.012938 3.062978
v -0.697444 0.172134 1.789114
v -0.697444 0.172134 1.871299
v 0.699789 0.108456 2.775331
v 0.699789 0.203973 2.775331
v -0.432221 -0.349872 1.549657
v -0.241653 0.887019 1.549657
v 0.430904 0.733630 4.663966
v -0.400105 0.802325 1.549657
v -0.562705 -0.213923 1.420215
v 0.372218 -0.184355 3.672591
v -0.369873 0.956706 3.672591
v -0.369873 -0.656028 3.672591
v 0.486831 1.120482 1.419283
v 0.303773 0.724587 4.658398
v 0.104954 0.402943 5.242212
v -0.039202 0.224229 4.357854
v 0.093873 0.171701 4.327204
v 0.077157 0.180670 4.332438
v -0.299114 0.224229 4.357852
v 0.308819 0.359771 4.436903
v -0.304616 0.245781 4.940524
v 0.308819 0.358304 4.938626
v 0.077359 0.362059 5.243243
v -0.697444 0.140295 1.419283
v -0.697444 -0.050740 2.528777
v -0.697444 -0.018901 2.528777
v -0.697444 0.044777 2.857516
v -0.697444 0.044777 2.117853
v 0.699789 -0.018901 2.857516
v 0.699789 0.044777 2.857516
v 0.699789 -0.018901 1.871299
v 0.699789 0.222599 1.583652
v 0.699789 -0.018901 3.062978
v -0.661521 0.728588 1.583652
v -0.661521 0.190996 2.117853
v 0.663866 0.222599 2.200037
v 0.663866 0.833295 1.789114
v 0.420060 0.769379 4.685977
v 0.316926 0.872513 4.749479
v -0.693935 -0.861791 3.227347
v 0.520370 -0.756666 1.420215
v 0.699789 -0.050740 1.789114
v 0.646297 1.067103 3.227347
v -0.470562 -0.792531 3.672591
v -0.584702 -0.994969 3.227347
v -0.666665 1.039444 1.419283
v 0.696280 -0.861791 1.419283
v -0.132764 1.400200 2.283242
v -0.306474 0.691970 4.638315
v -0.251658 0.385110 5.242661
v -0.290180 0.413715 4.937702
v -0.262595 0.349225 5.243564
v -0.078254 0.349473 5.243560
v 0.034187 0.361582 4.437999
v 0.077156 0.441556 4.484654
v -0.048136 0.415192 4.469279
v -0.031842 0.261373 4.379527
v -0.228650 0.166178 4.323981
v -0.109666 0.455074 4.937008
v 0.195554 0.221014 5.246791
v -0.697444 0.938001 1.789114
v -0.697444 0.938001 2.446592
v 0.699789 0.172134 1.419283
v 0.699789 0.140295 3.227347
v -0.697444 0.012938 1.789114
v -0.697444 0.044777 2.446592
v -0.697444 0.044777 2.775331
v -0.697444 0.140295 2.857516
v 0.699789 0.108456 2.528777
v 0.699789 -0.018901 2.200037
v 0.699789 0.012938 2.200037
v 0.699789 0.172134 2.200037
v 0.699789 0.172134 1.871299
v 0.699789 0.172134 2.117853
v 0.699789 0.203973 1.789114
v 0.699789 0.203973 1.871299
v 0.699789 0.108456 1.583652
v 0.316926 0.872513 1.549657
v 0.349873 0.854903 1.549657
v 0.430905 0.733630 1.549657
v -0.417715 0.769379 1.549657
v -0.697444 -0.826159 3.227347
v 0.618622 -0.978070 3.227347
v 0.472907 -0.792531 3.672591
v -0.697444 -0.806408 1.419283
v 0.699789 0.938001 1.419283
v 0.552787 1.117019 1.419283
v 0.517157 1.120503 3.227347
v -0.616277 1.089796 1.419283
v 0.696280 -0.861791 3.227347
v -0.616277 -0.978070 1.419283
v -0.683542 -0.896059 1.419283
v 0.494052 -0.774438 3.672591
v 0.511404 -0.752399 3.672591
v 0.532238 -0.699986 3.672591
v 0.534919 -0.671627 3.672591
v -0.184169 1.120482 3.036655
v -0.305309 0.703804 4.645601
v 0.266867 0.772845 4.688111
v 0.001172 -0.008937 4.206754
v 0.034187 -0.008936 4.206754
v -0.143153 0.221014 5.246791
v 0.130872 0.457464 4.493926
v -0.128529 0.457994 4.494251
v -0.109666 0.456162 4.493183
v -0.074812 0.441791 4.484799
v -0.060161 0.429805 4.477806
v -0.278155 0.192741 4.339479
v -0.290179 0.207449 4.348061
v -0.304616 0.242437 4.368475
v 0.308819 0.261373 4.379507
v 0.292524 0.207449 4.348054
v 0.280500 0.192741 4.339475
v 0.249132 0.171701 4.327202
v 0.230994 0.166178 4.323980
v 0.265849 0.440297 4.483882
v 0.301459 0.396750 4.458474
v 0.306961 0.378610 4.447892
v -0.290179 0.414899 4.469101
v -0.278155 0.429540 4.477644
v -0.278155 0.428384 4.937455
v 0.077156 0.440422 4.937253
v 0.093872 0.449234 4.937104
v 0.112009 0.454601 4.937013
v 0.212134 0.455716 4.936990
v 0.280500 0.196280 4.941355
v 0.208216 0.411821 5.241982
v 0.195555 0.413155 5.241950
v -0.697444 -0.050740 2.857516
v -0.697444 -0.050740 2.775331
v 0.699789 0.938001 2.446592
v 0.699789 0.938001 2.200037
v -0.697444 0.938001 1.871299
v -0.697444 0.938001 2.117853
v 0.699789 0.728588 3.227347
v -0.697444 0.108456 3.227347
v -0.697444 0.172134 1.583652
v -0.697444 0.833295 2.117853
v -0.697444 0.140295 2.117853
v -0.697444 -0.018901 2.200037
v -0.697444 0.076617 2.200037
v -0.697444 0.108456 2.200037
v -0.697444 0.172134 2.200037
v -0.697444 0.728588 2.200037
v -0.697444 0.140295 2.775331
v -0.697444 0.172134 3.062978
v -0.697444 0.190996 3.062978
v 0.699789 0.044777 3.062978
v 0.699789 0.172134 2.857516
v 0.699789 0.203973 2.857516
v 0.699789 0.076617 2.775331
v 0.699789 0.222599 2.775331
v 0.699789 0.044777 2.117853
v 0.699789 0.203973 2.117853
v 0.699789 0.140295 1.871299
v 0.699789 0.012938 1.583652
v 0.663866 0.222599 2.528777
v 0.663866 0.833295 2.528777
v -0.314581 0.872513 3.102715
v 0.420060 0.769379 3.098668
v 0.316926 0.872513 3.102715
v 0.281177 0.883357 3.103141
v 0.243999 0.887019 3.103284
v -0.376405 0.831203 3.101094
v 0.434566 0.696453 3.095806
v -0.241654 0.887019 3.103284
v 0.378750 0.831203 3.101094
v 0.402450 0.802325 3.099961
v 0.434566 -0.349872 3.054747
v -0.432221 -0.349872 3.054747
v -0.432221 0.696453 3.095806
v -0.428559 0.733630 3.097265
v -0.417715 0.769379 3.098668
v -0.400105 0.802325 3.099961
v -0.347527 0.854903 3.102024
v -0.278832 0.883357 3.103141
v 0.430905 0.733630 3.097265
v 0.349872 0.854903 3.102024
vn -0.9988 0.0491 -0.0000
vn -1.0000 -0.0000 -0.0000
vn -0.9978 0.0663 -0.0000
vn -0.0000 -1.0000 -0.0000
vn 1.0000 -0.0000 -0.0000
vn 0.9988 0.0491 -0.0000
vn 0.9978 0.0663 -0.0000
vn -0.9736 0.2284 -0.0000
vn -0.9808 0.1951 -0.0000
vn -0.9109 0.4126 -0.0000
vn -0.9239 0.3827 -0.0000
vn -0.8144 0.5803 -0.0000
vn -0.8315 0.5556 -0.0000
vn -0.6883 0.7254 -0.0000
vn -0.7071 0.7071 -0.0000
vn -0.5379 0.8430 -0.0000
vn -0.5556 0.8315 -0.0000
vn -0.3689 0.9295 -0.0000
vn -0.3827 0.9239 -0.0000
vn -0.1875 0.9823 -0.0000
vn -0.1951 0.9808 -0.0000
vn -0.0481 0.9988 -0.0000
vn -0.0491 0.9988 -0.0000
vn 0.9808 0.1951 -0.0000
vn 0.9239 0.3827 -0.0000
vn 0.8315 0.5556 -0.0000
vn 0.7071 0.7071 -0.0000
vn 0.5556 0.8315 -0.0000
vn 0.3827 0.9239 -0.0000
vn 0.1951 0.9808 -0.0000
vn 0.0491 0.9988 -0.0000
vn 0.0481 0.9988 -0.0000
vn 0.9596 -0.1964 0.2014
vn 0.9816 -0.0521 0.1836
vn 0.9330 -0.0363 0.3580
vn 0.9056 -0.1616 0.3923
vn -0.0000 -0.0000 -1.0000
vn -0.9843 -0.0000 0.1764
vn -0.9816 -0.0521 0.1836
vn -0.9330 -0.0363 0.3580
vn -0.9378 -0.0000 0.3472
vn 0.0085 0.0012 1.0000
vn -0.0085 0.0012 1.0000
vn 0.9843 -0.0000 0.1764
vn 0.9378 -0.0000 0.3472
vn -0.9596 -0.1964 0.2014
vn -0.9056 -0.1616 0.3923
vn -0.9835 0.1807 -0.0000
vn -0.9873 0.1586 -0.0000
vn -0.9859 0.1675 -0.0000
vn 0.9578 0.1979 0.2086
vn 0.8972 0.3759 0.2318
vn 0.8322 0.3230 0.4506
vn 0.9020 0.1571 0.4021
vn -0.0004 -1.0000 -0.0000
vn 0.0004 -1.0000 -0.0000
vn 0.0004 -0.9794 0.2020
vn -0.0004 -0.9794 0.2020
vn 0.9988 -0.0491 -0.0000
vn -0.9988 -0.0491 -0.0000
vn -0.8972 0.3759 0.2318
vn -0.9578 0.1979 0.2086
vn -0.9020 0.1571 0.4021
vn -0.8322 0.3230 0.4506
vn 0.3782 -0.8963 0.2314
vn 0.5439 -0.8049 0.2374
vn 0.4962 -0.7317 0.4673
vn 0.3408 -0.8227 0.4551
vn 0.5498 0.6656 0.5047
vn 0.4904 0.7196 0.4916
vn 0.4906 0.7195 0.4916
vn 0.5499 0.6652 0.5050
vn -0.0000 -0.0000 1.0000
vn -0.9811 0.0530 0.1859
vn 0.0498 -0.9988 -0.0000
vn 0.0524 -0.9770 0.2069
vn -0.1081 0.9733 0.2025
vn 0.0004 1.0000 -0.0000
vn -0.0484 0.9988 -0.0000
vn -0.1747 0.9590 0.2233
vn -0.0524 -0.9770 0.2069
vn -0.0498 -0.9988 -0.0000
vn -0.5439 -0.8049 0.2374
vn -0.3782 -0.8963 0.2314
vn -0.3408 -0.8227 0.4551
vn -0.4962 -0.7317 0.4673
vn 0.9811 0.0530 0.1859
vn 0.9238 0.3828 -0.0000
vn 0.8313 0.5558 -0.0000
vn 0.8048 0.5391 0.2481
vn 0.7069 0.7074 -0.0000
vn 0.6840 0.6823 0.2579
vn 0.5552 0.8317 -0.0000
vn 0.3821 0.9241 -0.0000
vn 0.1944 0.9809 -0.0000
vn 0.2762 0.9314 0.2370
vn 0.0484 0.9988 -0.0000
vn 0.1747 0.9590 0.2233
vn -0.1944 0.9809 -0.0000
vn -0.2762 0.9314 0.2370
vn -0.3821 0.9241 -0.0000
vn -0.5552 0.8317 -0.0000
vn -0.7069 0.7074 -0.0000
vn -0.6840 0.6823 0.2579
vn -0.8313 0.5558 -0.0000
vn -0.8048 0.5391 0.2481
vn -0.9238 0.3828 -0.0000
vn 0.1958 -0.9807 -0.0000
vn 0.1974 -0.9554 0.2194
vn 0.3832 -0.9236 -0.0000
vn 0.5560 -0.8312 -0.0000
vn 0.7074 -0.7069 -0.0000
vn 0.6892 -0.6846 0.2374
vn 0.8316 -0.5554 -0.0000
vn 0.8093 -0.5399 0.2314
vn 0.9239 -0.3826 -0.0000
vn 0.9005 -0.3754 0.2194
vn 0.9808 -0.1951 -0.0000
vn -0.1974 -0.9554 0.2194
vn -0.1958 -0.9807 -0.0000
vn -0.3832 -0.9236 -0.0000
vn -0.5560 -0.8312 -0.0000
vn -0.6892 -0.6846 0.2374
vn -0.7074 -0.7069 -0.0000
vn -0.8093 -0.5399 0.2314
vn -0.8316 -0.5554 -0.0000
vn -0.9005 -0.3754 0.2194
vn -0.9239 -0.3826 -0.0000
vn -0.9808 -0.1951 -0.0000
vn -0.0004 1.0000 -0.0000
vn 0.1081 0.9733 0.2025
vn -0.4904 0.7196 0.4916
vn -0.5498 0.6656 0.5047
vn -0.5499 0.6652 0.5050
vn -0.4906 0.7195 0.4916
vn -0.6328 -0.6174 0.4673
vn 0.3310 0.8225 0.4626
vn 0.6328 -0.6174 0.4673
vn -0.9324 0.0344 0.3599
vn 0.7366 0.4717 0.4846
vn 0.1761 0.9039 0.3898
vn 0.2992 0.8502 0.4332
vn -0.0003 -0.9184 0.3958
vn -0.0397 -0.9137 0.4046
vn 0.0003 -0.9184 0.3958
vn -0.1761 0.9039 0.3898
vn -0.6194 0.6013 0.5048
vn -0.7484 -0.4826 0.4549
vn 0.9324 0.0344 0.3599
vn 0.7484 -0.4826 0.4549
vn 0.1693 -0.8867 0.4302
vn 0.0397 -0.9137 0.4046
vn -0.1693 -0.8867 0.4302
vn 0.6194 0.6013 0.5048
vn -0.7366 0.4717 0.4846
vn -0.8404 -0.3298 0.4300
vn -0.3310 0.8225 0.4626
vn -0.2992 0.8502 0.4332
vn 0.8404 -0.3298 0.4300
vn -0.0000 0.9948 -0.1023
vn -0.0000 1.0000 -0.0000
vn -0.0000 0.8061 -0.5918
vn -0.0000 0.6526 -0.7577
vn -0.0000 0.3026 0.9531
vn -0.0000 0.3003 0.9538
vn 0.9835 0.1807 -0.0000
vn 0.9859 0.1675 -0.0000
vn 0.9873 0.1586 -0.0000
vn 0.9920 0.1258 -0.0000
vn -0.9920 0.1258 -0.0000
vn -0.0000 0.2977 0.9547
vn 0.0066 -0.5267 0.8500
vn -0.0000 -0.5243 0.8515
vn -0.0067 -0.5267 0.8500
vn -0.0110 -0.5243 0.8515
vn 0.0110 -0.5243 0.8515
vn -0.0065 -0.5243 0.8515
vn 0.0064 -0.5243 0.8515
vn -0.9995 0.0327 0.0001
vn -0.9978 -0.0657 0.0004
vn -0.9962 -0.0484 0.0729
vn -0.9961 0.0508 0.0721
vn 0.9978 -0.0657 0.0004
vn 0.9995 0.0327 0.0001
vn 0.9956 0.0509 0.0792
vn 0.9956 -0.0482 0.0800
vn 0.0065 -0.5340 0.8455
vn 0.0193 -0.5426 0.8397
vn 0.0111 -0.5458 0.8379
vn 0.0082 -0.5412 0.8409
vn -0.0092 -0.5320 0.8467
vn -0.0482 -0.9988 0.0059
vn 0.0482 -0.9988 0.0059
vn 0.0496 -0.9947 0.0900
vn -0.0493 -0.9948 0.0895
vn -0.0065 -0.5340 0.8455
vn 0.0495 -0.9947 0.0898
vn -0.0494 -0.9948 0.0896
vn 0.0571 0.9984 0.0027
vn -0.0428 0.9991 0.0026
vn -0.0421 0.9966 0.0713
vn 0.0567 0.9958 0.0718
vn -0.0000 -0.5211 0.8535
vn -0.0000 -0.5209 0.8536
vn -0.0007 -0.5237 0.8519
vn 0.0091 -0.5235 0.8520
vn -0.0000 0.0252 0.9997
vn -0.0092 -0.5235 0.8520
vn 0.0007 -0.5237 0.8519
vn -0.0000 -0.5210 0.8535
vn 0.0486 0.9988 0.0025
vn -0.0512 0.9987 0.0025
vn -0.0506 0.9961 0.0718
vn 0.0481 0.9962 0.0720
vn -0.1881 0.9794 0.0733
vn -0.3756 0.9237 0.0753
vn -0.3705 0.9169 0.1486
vn -0.1839 0.9723 0.1444
vn 0.9958 0.0509 0.0761
vn 0.9959 -0.0483 0.0769
vn -0.0273 -0.5240 0.8513
vn -0.0181 -0.5239 0.8516
vn 0.8280 -0.5528 0.0939
vn 0.9202 -0.3810 0.0900
vn 0.9106 -0.3731 0.1778
vn 0.8186 -0.5439 0.1846
vn -0.0111 -0.5458 0.8379
vn -0.0193 -0.5426 0.8397
vn 0.0092 -0.5320 0.8467
vn -0.0082 -0.5412 0.8409
vn 0.0180 -0.5239 0.8516
vn 0.0272 -0.5240 0.8513
vn -0.0000 0.5243 -0.8515
vn 0.0001 -0.5157 0.8568
vn -0.0000 -0.5157 0.8568
vn 0.3224 -0.5004 0.8035
vn 0.3064 -0.5034 0.8079
vn 0.1113 -0.5275 0.8422
vn 0.0671 -0.5315 0.8444
vn 0.0461 -0.5345 0.8439
vn 0.0324 -0.5379 0.8424
vn 0.0214 -0.5423 0.8399
vn 0.0102 -0.5489 0.8358
vn -0.0102 -0.5489 0.8358
vn -0.0214 -0.5423 0.8399
vn -0.0324 -0.5379 0.8424
vn -0.0461 -0.5345 0.8439
vn -0.0671 -0.5315 0.8444
vn -0.1113 -0.5275 0.8422
vn -0.3064 -0.5034 0.8079
vn -0.3224 -0.5004 0.8035
vn -0.0066 -0.5333 0.8459
vn -0.0139 -0.5290 0.8485
vn -0.0210 -0.5261 0.8502
vn -0.0299 -0.5240 0.8512
vn -0.0435 -0.5222 0.8517
vn -0.0727 -0.5200 0.8511
vn -0.2043 -0.5091 0.8361
vn 0.2052 -0.5090 0.8360
vn 0.0727 -0.5200 0.8511
vn 0.0437 -0.5221 0.8518
vn 0.0300 -0.5239 0.8512
vn 0.0211 -0.5261 0.8502
vn 0.0139 -0.5289 0.8485
vn 0.0067 -0.5332 0.8459
vn -0.0039 -0.5212 0.8534
vn -0.0081 -0.5187 0.8549
vn -0.0123 -0.5170 0.8559
vn -0.0175 -0.5158 0.8565
vn -0.0255 -0.5148 0.8569
vn -0.0427 -0.5137 0.8569
vn -0.1220 -0.5096 0.8517
vn 0.1213 -0.5097 0.8518
vn 0.0425 -0.5138 0.8569
vn 0.0255 -0.5148 0.8569
vn 0.0175 -0.5158 0.8565
vn 0.0123 -0.5171 0.8559
vn 0.0081 -0.5187 0.8549
vn 0.0039 -0.5213 0.8534
vn 0.1940 0.9781 0.0749
vn 0.2005 0.9797 0.0024
vn 0.3805 0.9215 0.0781
vn 0.3938 0.9192 0.0023
vn 0.5524 0.8297 0.0804
vn 0.5704 0.8213 0.0020
vn 0.7033 0.7062 0.0815
vn 0.7232 0.6906 0.0017
vn 0.8274 0.5556 0.0815
vn 0.8463 0.5328 0.0013
vn 0.9200 0.3837 0.0805
vn 0.9350 0.3546 0.0009
vn 0.9773 0.1969 0.0783
vn 0.9865 0.1635 0.0004
vn 0.1878 -0.9822 0.0058
vn 0.1954 -0.9764 0.0924
vn 0.3695 -0.9292 0.0055
vn 0.3818 -0.9194 0.0946
vn 0.5386 -0.8425 0.0050
vn 0.5536 -0.8273 0.0951
vn 0.6891 -0.7247 0.0043
vn 0.7043 -0.7036 0.0940
vn 0.8151 -0.5794 0.0034
vn 0.8281 -0.5530 0.0913
vn 0.9114 -0.4116 0.0024
vn 0.9204 -0.3812 0.0872
vn 0.9738 -0.2273 0.0013
vn 0.9775 -0.1946 0.0817
vn -0.9776 0.1968 0.0744
vn -0.9865 0.1635 0.0004
vn -0.9204 0.3834 0.0767
vn -0.9351 0.3543 0.0009
vn -0.8281 0.5551 0.0782
vn -0.8467 0.5321 0.0013
vn -0.7043 0.7055 0.0786
vn -0.7241 0.6897 0.0017
vn -0.5539 0.8289 0.0781
vn -0.5719 0.8203 0.0021
vn -0.3824 0.9208 0.0766
vn -0.3958 0.9183 0.0023
vn -0.1962 0.9778 0.0741
vn -0.2029 0.9792 0.0024
vn -0.9963 0.0508 0.0690
vn -0.9778 0.1972 0.0714
vn -0.9865 0.1637 0.0004
vn -0.9201 0.3847 0.0739
vn -0.9347 0.3554 0.0009
vn -0.8267 0.5575 0.0757
vn -0.8454 0.5342 0.0013
vn -0.7014 0.7087 0.0765
vn -0.7213 0.6926 0.0017
vn -0.5490 0.8323 0.0763
vn -0.5671 0.8236 0.0021
vn -0.3892 0.9212 0.0023
vn -0.1949 0.9808 0.0025
vn 0.9866 0.1633 0.0005
vn 0.9772 0.1964 0.0812
vn 0.9354 0.3536 0.0010
vn 0.9203 0.3823 0.0830
vn 0.8475 0.5307 0.0015
vn 0.8289 0.5532 0.0837
vn 0.7260 0.6877 0.0020
vn 0.7063 0.7030 0.0832
vn 0.5751 0.8181 0.0023
vn 0.5574 0.8263 0.0816
vn 0.4004 0.9164 0.0025
vn 0.3872 0.9186 0.0789
vn 0.2085 0.9780 0.0027
vn 0.2021 0.9765 0.0752
vn 0.9772 -0.1945 0.0847
vn 0.8151 -0.5793 0.0034
vn 0.7043 -0.7034 0.0962
vn 0.5537 -0.8271 0.0968
vn 0.3820 -0.9192 0.0957
vn 0.1956 -0.9763 0.0930
vn -0.9964 -0.0485 0.0698
vn -0.9738 -0.2273 0.0013
vn -0.9780 -0.1949 0.0748
vn -0.9114 -0.4116 0.0024
vn -0.9208 -0.3817 0.0807
vn -0.8151 -0.5794 0.0034
vn -0.8284 -0.5536 0.0855
vn -0.6891 -0.7247 0.0043
vn -0.7044 -0.7042 0.0890
vn -0.5386 -0.8425 0.0050
vn -0.5535 -0.8278 0.0912
vn -0.3695 -0.9292 0.0055
vn -0.3816 -0.9198 0.0919
vn -0.1878 -0.9822 0.0058
vn -0.1950 -0.9766 0.0910
vn -0.9778 -0.1948 0.0778
vn -0.9206 -0.3815 0.0835
vn -0.8283 -0.5534 0.0880
vn -0.7044 -0.7040 0.0912
vn -0.5536 -0.8276 0.0929
vn -0.3817 -0.9196 0.0930
vn -0.1952 -0.9765 0.0916
vn -0.0476 -0.9838 0.1727
vn -0.1909 -0.9657 0.1763
vn -0.9127 0.3790 0.1527
vn -0.8206 0.5500 0.1552
vn 0.9113 0.3792 0.1603
vn 0.9686 0.1931 0.1563
vn 0.6953 -0.6936 0.1883
vn -0.0403 0.9893 0.1401
vn -0.9700 -0.1880 0.1544
vn -0.9884 -0.0446 0.1453
vn -0.6973 0.6996 0.1558
vn 0.0542 0.9885 0.1409
vn 0.9871 0.0500 0.1520
vn 0.5455 -0.8166 0.1888
vn 0.9678 0.1929 0.1620
vn 0.9862 0.0501 0.1580
vn 0.9872 -0.0444 0.1534
vn -0.5475 0.8224 0.1545
vn 0.1899 -0.9654 0.1789
vn 0.0471 -0.9837 0.1734
vn -0.9127 -0.3739 0.1648
vn 0.3747 -0.9083 0.1860
vn 0.9110 0.3780 0.1652
vn -0.3768 0.9139 0.1512
vn -0.0487 0.9888 0.1411
vn 0.0458 0.9889 0.1415
vn -0.8205 -0.5449 0.1729
vn 0.1895 -0.9652 0.1801
vn 0.3752 -0.9085 0.1837
vn 0.8198 0.5481 0.1661
vn -0.1917 0.9705 0.1461
vn -0.6969 -0.6946 0.1784
vn 0.0470 -0.9837 0.1737
vn -0.0474 -0.9838 0.1730
vn 0.5461 -0.8170 0.1854
vn 0.6978 0.6970 0.1648
vn -0.5468 -0.8174 0.1810
vn -0.9709 -0.1883 0.1483
vn -0.9893 -0.0448 0.1391
vn 0.6960 -0.6941 0.1840
vn 0.5496 0.8197 0.1612
vn -0.3759 -0.9089 0.1807
vn -0.9892 0.0498 0.1377
vn -0.9707 0.1933 0.1424
vn 0.8194 -0.5444 0.1795
vn -0.9136 -0.3742 0.1591
vn 0.3805 0.9116 0.1555
vn -0.9883 0.0499 0.1439
vn -0.1905 -0.9655 0.1774
vn 0.1886 0.9709 0.1477
vn -0.9131 0.3802 0.1472
vn 0.9115 -0.3734 0.1722
vn -0.8213 -0.5452 0.1678
vn 0.1964 0.9693 0.1478
vn 0.9862 -0.0442 0.1595
vn 0.3741 0.9145 0.1544
vn -0.8199 0.5524 0.1503
vn 0.9687 -0.1877 0.1622
vn -0.6976 -0.6950 0.1741
vn 0.5452 0.8231 0.1591
vn -0.6949 0.7029 0.1516
vn -0.5474 -0.8178 0.1776
vn 0.6954 0.7002 0.1617
vn 0.9677 -0.1875 0.1683
vn -0.5431 0.8260 0.1510
vn -0.3763 -0.9091 0.1784
vn -0.9699 0.1930 0.1484
vn 0.8190 0.5504 0.1621
vn -0.0000 0.5162 -0.8565
vn -0.0000 0.5040 -0.8637
vn -0.0000 0.5164 -0.8564
vn -0.0000 0.5428 -0.8398
vn -0.0000 0.5568 -0.8306
vn 0.1875 0.9823 -0.0000
vn 0.3689 0.9295 -0.0000
vn 0.5379 0.8430 -0.0000
vn 0.6883 0.7254 -0.0000
vn 0.8144 0.5803 -0.0000
vn 0.9109 0.4126 -0.0000
vn 0.9736 0.2284 -0.0000
vt 0.212519 0.567651
vt 0.280678 0.544696
vt 0.280450 0.662383
vt 0.212248 0.707710
vt 0.607725 0.699978
vt 0.551069 0.699978
vt 0.551069 0.581551
vt 0.607725 0.581551
vt 0.101596 0.262200
vt 0.033339 0.239918
vt 0.033087 0.098997
vt 0.101384 0.143788
vt 0.209803 0.709292
vt 0.210076 0.568439
vt 0.207410 0.710756
vt 0.207684 0.569138
vt 0.205159 0.712046
vt 0.205435 0.569724
vt 0.203138 0.713113
vt 0.203415 0.570173
vt 0.535167 0.571048
vt 0.535167 0.714886
vt 0.533279 0.715894
vt 0.533279 0.571546
vt 0.531126 0.716642
vt 0.531126 0.571916
vt 0.528789 0.717104
vt 0.528789 0.572144
vt 0.526359 0.717259
vt 0.526359 0.572221
vt 0.033591 0.380840
vt 0.031150 0.380844
vt 0.030897 0.239122
vt 0.028769 0.380839
vt 0.028514 0.238348
vt 0.026539 0.380826
vt 0.026283 0.237626
vt 0.024545 0.380804
vt 0.024288 0.236984
vt 0.485807 0.571048
vt 0.485807 0.427210
vt 0.487695 0.427198
vt 0.487695 0.571546
vt 0.489848 0.427189
vt 0.489848 0.571916
vt 0.492185 0.427184
vt 0.492185 0.572144
vt 0.494615 0.427182
vt 0.494615 0.572221
vt 0.494615 0.717259
vt 0.882277 0.493098
vt 0.879970 0.493105
vt 0.869126 0.461810
vt 0.870962 0.461804
vt 0.206683 0.883243
vt 0.270171 0.883243
vt 0.270171 0.971371
vt 0.206683 0.971371
vt 0.878543 0.792879
vt 0.879829 0.792865
vt 0.868801 0.822613
vt 0.867777 0.822625
vt 0.284091 0.883254
vt 0.284091 0.890105
vt 0.284091 0.896956
vt 0.284091 0.903808
vt 0.284091 0.910659
vt 0.284091 0.917510
vt 0.284091 0.924361
vt 0.284091 0.931213
vt 0.284091 0.938064
vt 0.284091 0.944915
vt 0.284091 0.951767
vt 0.284091 0.958618
vt 0.283861 0.961108
vt 0.283182 0.963502
vt 0.282079 0.965708
vt 0.280594 0.967641
vt 0.278785 0.969227
vt 0.276722 0.970405
vt 0.274482 0.971129
vt 0.272153 0.971373
vt 0.626850 0.684180
vt 0.626850 0.725597
vt 0.621737 0.725597
vt 0.617609 0.687666
vt 0.626850 0.738022
vt 0.626850 0.779439
vt 0.617609 0.775953
vt 0.621737 0.738023
vt 0.878682 0.493106
vt 0.840045 0.493157
vt 0.837350 0.461851
vt 0.868101 0.461811
vt 0.882128 0.792813
vt 0.870631 0.822573
vt 0.776130 0.608099
vt 0.776130 0.619585
vt 0.769739 0.619594
vt 0.769739 0.608108
vt 0.731432 0.890480
vt 0.731432 0.985056
vt 0.713223 0.979085
vt 0.713223 0.932927
vt 0.767400 0.493246
vt 0.765118 0.493237
vt 0.777719 0.461916
vt 0.779533 0.461923
vt 0.444361 0.927124
vt 0.380872 0.927123
vt 0.380872 0.800762
vt 0.444361 0.800762
vt 0.878682 0.619453
vt 0.879970 0.619451
vt 0.878543 0.667306
vt 0.879829 0.667292
vt 0.270171 0.841825
vt 0.206683 0.841825
vt 0.206683 0.827681
vt 0.270171 0.827681
vt 0.839963 0.667722
vt 0.839963 0.793295
vt 0.839963 0.781879
vt 0.839963 0.770463
vt 0.839963 0.759048
vt 0.839963 0.747632
vt 0.839963 0.736216
vt 0.839963 0.724801
vt 0.839963 0.713385
vt 0.839963 0.701969
vt 0.839963 0.690554
vt 0.839963 0.679138
vt 0.765132 0.793992
vt 0.767423 0.794049
vt 0.779339 0.823557
vt 0.777517 0.823514
vt 0.374321 0.800768
vt 0.372256 0.800775
vt 0.381767 0.769739
vt 0.383344 0.769733
vt 0.840045 0.619503
vt 0.840045 0.608017
vt 0.840045 0.596531
vt 0.840045 0.585045
vt 0.840045 0.573559
vt 0.840045 0.562073
vt 0.840045 0.550587
vt 0.840045 0.539101
vt 0.840045 0.527615
vt 0.840045 0.516128
vt 0.840045 0.504642
vt 0.272153 0.827683
vt 0.274482 0.827930
vt 0.276721 0.828658
vt 0.278785 0.829839
vt 0.280594 0.831427
vt 0.282079 0.833363
vt 0.283182 0.835570
vt 0.283861 0.837965
vt 0.284091 0.840455
vt 0.284091 0.841836
vt 0.192763 0.841836
vt 0.192763 0.840455
vt 0.192993 0.837965
vt 0.193672 0.835570
vt 0.194775 0.833363
vt 0.196260 0.831427
vt 0.198068 0.829839
vt 0.200132 0.828658
vt 0.202372 0.827930
vt 0.204701 0.827683
vt 0.204701 0.971373
vt 0.202372 0.971129
vt 0.200132 0.970405
vt 0.198069 0.969227
vt 0.196260 0.967641
vt 0.194775 0.965708
vt 0.193672 0.963502
vt 0.192993 0.961108
vt 0.192763 0.958618
vt 0.192763 0.951767
vt 0.192763 0.944915
vt 0.192763 0.938064
vt 0.192763 0.931213
vt 0.192763 0.924361
vt 0.192763 0.917510
vt 0.192763 0.910659
vt 0.192763 0.903808
vt 0.192763 0.896956
vt 0.192763 0.890105
vt 0.192763 0.883254
vt 0.372254 0.691236
vt 0.374318 0.691227
vt 0.383355 0.722457
vt 0.381779 0.722464
vt 0.069606 0.835823
vt 0.021101 0.835823
vt 0.021101 0.824566
vt 0.069606 0.824566
vt 0.776144 0.782567
vt 0.776144 0.793983
vt 0.769762 0.794051
vt 0.769762 0.782636
vt 0.378890 0.927123
vt 0.378890 0.800762
vt 0.444357 0.691220
vt 0.444357 0.564859
vt 0.446339 0.564859
vt 0.446339 0.691220
vt 0.446343 0.800762
vt 0.446343 0.927124
vt 0.452973 0.800776
vt 0.450910 0.800768
vt 0.441859 0.769733
vt 0.443435 0.769739
vt 0.769739 0.493248
vt 0.769739 0.504734
vt 0.769739 0.516220
vt 0.769739 0.527706
vt 0.769739 0.539192
vt 0.769739 0.550678
vt 0.769739 0.562164
vt 0.769739 0.573650
vt 0.769739 0.585136
vt 0.769739 0.596622
vt 0.767400 0.619593
vt 0.765118 0.619583
vt 0.762982 0.619566
vt 0.762982 0.493220
vt 0.761072 0.619542
vt 0.761072 0.493195
vt 0.370445 0.691247
vt 0.370445 0.564886
vt 0.372254 0.564875
vt 0.374318 0.564866
vt 0.376557 0.564861
vt 0.376557 0.691222
vt 0.378886 0.564859
vt 0.378886 0.691220
vt 0.448668 0.564861
vt 0.448668 0.691222
vt 0.450907 0.564866
vt 0.450907 0.691227
vt 0.452971 0.564875
vt 0.452971 0.691236
vt 0.454780 0.564886
vt 0.454780 0.691247
vt 0.761044 0.793726
vt 0.761044 0.668153
vt 0.762978 0.668311
vt 0.762978 0.793883
vt 0.765132 0.668420
vt 0.767423 0.668477
vt 0.769763 0.668479
vt 0.769763 0.679894
vt 0.769762 0.691310
vt 0.769762 0.702726
vt 0.769762 0.714141
vt 0.769763 0.725557
vt 0.769763 0.736973
vt 0.769763 0.748389
vt 0.769763 0.759804
vt 0.769762 0.771220
vt 0.376561 0.927125
vt 0.376561 0.800763
vt 0.374321 0.927130
vt 0.372256 0.927137
vt 0.370445 0.927147
vt 0.370445 0.800785
vt 0.888142 0.493031
vt 0.888142 0.619377
vt 0.886443 0.619406
vt 0.886443 0.493060
vt 0.884462 0.619429
vt 0.884462 0.493083
vt 0.882277 0.619444
vt 0.448671 0.800764
vt 0.448671 0.927126
vt 0.450910 0.927130
vt 0.452973 0.927137
vt 0.454780 0.800785
vt 0.454780 0.927147
vt 0.887924 0.666786
vt 0.887924 0.792358
vt 0.886255 0.792554
vt 0.886255 0.666982
vt 0.884297 0.792708
vt 0.884297 0.667135
vt 0.882128 0.667240
vt 0.380868 0.564859
vt 0.380869 0.691220
vt 0.069606 0.868786
vt 0.021101 0.868786
vt 0.010466 0.835831
vt 0.010466 0.834733
vt 0.010641 0.832751
vt 0.011160 0.830845
vt 0.012003 0.829088
vt 0.013137 0.827548
vt 0.014520 0.826283
vt 0.016096 0.825343
vt 0.017807 0.824764
vt 0.019586 0.824567
vt 0.080241 0.835831
vt 0.080241 0.868795
vt 0.069606 0.938925
vt 0.021101 0.938925
vt 0.080241 0.928775
vt 0.080066 0.930757
vt 0.079547 0.932662
vt 0.078704 0.934418
vt 0.077570 0.935956
vt 0.076188 0.937218
vt 0.074611 0.938156
vt 0.072900 0.938733
vt 0.071121 0.938926
vt 0.019586 0.938926
vt 0.017807 0.938733
vt 0.016096 0.938156
vt 0.014520 0.937218
vt 0.013137 0.935956
vt 0.012003 0.934418
vt 0.011160 0.932662
vt 0.010641 0.930757
vt 0.010466 0.928775
vt 0.010466 0.868795
vt 0.071121 0.824567
vt 0.072900 0.824764
vt 0.074611 0.825343
vt 0.076188 0.826283
vt 0.077570 0.827548
vt 0.078704 0.829088
vt 0.079547 0.830845
vt 0.080066 0.832751
vt 0.080241 0.834733
vt 0.443447 0.722464
vt 0.441870 0.722457
vt 0.837072 0.822955
vt 0.444815 0.769747
vt 0.385066 0.722453
vt 0.380383 0.769746
vt 0.781200 0.823558
vt 0.776021 0.461903
vt 0.388360 0.722452
vt 0.386845 0.722452
vt 0.436855 0.769728
vt 0.438370 0.769728
vt 0.388350 0.769728
vt 0.436865 0.722452
vt 0.444829 0.722473
vt 0.875254 0.822223
vt 0.873921 0.822374
vt 0.833653 0.493165
vt 0.827262 0.493173
vt 0.820870 0.493181
vt 0.814479 0.493190
vt 0.808088 0.493198
vt 0.801696 0.493206
vt 0.795305 0.493214
vt 0.788913 0.493223
vt 0.782522 0.493231
vt 0.776130 0.493239
vt 0.781394 0.461924
vt 0.874282 0.461775
vt 0.875638 0.461753
vt 0.385056 0.769729
vt 0.386835 0.769728
vt 0.440149 0.769730
vt 0.774505 0.461884
vt 0.782526 0.793914
vt 0.788908 0.793845
vt 0.795290 0.793776
vt 0.801672 0.793707
vt 0.808054 0.793639
vt 0.814435 0.793570
vt 0.820817 0.793501
vt 0.827199 0.793432
vt 0.833581 0.793363
vt 0.775806 0.823431
vt 0.774271 0.823312
vt 0.872360 0.822492
vt 0.440159 0.722453
vt 0.438380 0.722452
vt 0.872703 0.461793
vt 0.380397 0.722473
vt 0.400498 0.582724
vt 0.400498 0.677893
vt 0.424727 0.677893
vt 0.424727 0.582724
vt 0.790915 0.942271
vt 0.790915 0.968178
vt 0.771223 0.968178
vt 0.771223 0.942271
vt 0.153704 0.966125
vt 0.129475 0.966125
vt 0.129475 0.946519
vt 0.153704 0.946519
vt 0.424727 0.625099
vt 0.400498 0.625099
vt 0.682098 0.890568
vt 0.682098 0.985726
vt 0.663861 0.943239
vt 0.663861 0.896796
vt 0.745042 0.968178
vt 0.745042 0.942271
vt 0.765239 0.942271
vt 0.765239 0.968178
vt 0.644098 0.925020
vt 0.644098 0.903426
vt 0.693489 0.972734
vt 0.693489 0.951273
vt 0.129475 0.925273
vt 0.153704 0.925273
vt 0.147642 0.827745
vt 0.127533 0.827745
vt 0.107425 0.827745
vt 0.099206 0.820304
vt 0.155861 0.820304
vt 0.107425 0.892699
vt 0.107501 0.893522
vt 0.107577 0.894344
vt 0.099445 0.895594
vt 0.099206 0.893011
vt 0.107755 0.894966
vt 0.107932 0.895588
vt 0.100154 0.898078
vt 0.108203 0.896126
vt 0.108473 0.896665
vt 0.101305 0.900368
vt 0.108803 0.897092
vt 0.109133 0.897519
vt 0.102854 0.902374
vt 0.109483 0.897824
vt 0.109832 0.898129
vt 0.104741 0.904021
vt 0.110167 0.898319
vt 0.110502 0.898509
vt 0.106895 0.905245
vt 0.111107 0.898705
vt 0.109232 0.905998
vt 0.111621 0.898758
vt 0.112135 0.898812
vt 0.111662 0.906253
vt 0.147490 0.894344
vt 0.147566 0.893522
vt 0.147642 0.892699
vt 0.155861 0.893011
vt 0.155622 0.895594
vt 0.147135 0.895588
vt 0.147312 0.894966
vt 0.154913 0.898078
vt 0.146594 0.896665
vt 0.146864 0.896126
vt 0.153762 0.900368
vt 0.145934 0.897519
vt 0.146264 0.897092
vt 0.152213 0.902374
vt 0.145235 0.898129
vt 0.145584 0.897824
vt 0.150326 0.904021
vt 0.144565 0.898510
vt 0.144900 0.898319
vt 0.148172 0.905245
vt 0.143960 0.898705
vt 0.145835 0.905998
vt 0.142932 0.898812
vt 0.143446 0.898759
vt 0.143405 0.906253
vt 0.127534 0.898812
vt 0.107425 0.871096
vt 0.107425 0.865581
vt 0.107425 0.865648
vt 0.107425 0.870999
vt 0.147642 0.865574
vt 0.147642 0.871000
vt 0.147642 0.870898
vt 0.147642 0.865645
vt 0.144263 0.898607
vt 0.110804 0.898607
vt 0.127533 0.843995
vt 0.125376 0.843995
vt 0.125376 0.852700
vt 0.119056 0.860222
vt 0.113745 0.860222
vt 0.107425 0.853722
vt 0.136011 0.860222
vt 0.141322 0.860222
vt 0.129691 0.843995
vt 0.113745 0.860222
vt 0.119056 0.860222
vt 0.113745 0.860222
vt 0.141323 0.876366
vt 0.136011 0.876404
vt 0.136011 0.876404
vt 0.141323 0.876366
vt 0.134160 0.880495
vt 0.136011 0.876404
vt 0.141323 0.876366
vt 0.147642 0.882042
vt 0.120289 0.860257
vt 0.121474 0.860360
vt 0.122567 0.860527
vt 0.124759 0.860752
vt 0.125021 0.862634
vt 0.125215 0.863572
vt 0.125335 0.864590
vt 0.125376 0.865649
vt 0.125376 0.871021
vt 0.125335 0.872080
vt 0.125215 0.873098
vt 0.125021 0.874036
vt 0.124759 0.875919
vt 0.122566 0.876141
vt 0.121474 0.876306
vt 0.120289 0.876408
vt 0.119056 0.876441
vt 0.113745 0.876434
vt 0.112512 0.876398
vt 0.111326 0.876293
vt 0.110233 0.876125
vt 0.108042 0.875897
vt 0.107780 0.874015
vt 0.107585 0.873076
vt 0.107465 0.872058
vt 0.107425 0.870999
vt 0.107465 0.864590
vt 0.107585 0.863572
vt 0.107780 0.862634
vt 0.108042 0.860752
vt 0.110233 0.860527
vt 0.111326 0.860360
vt 0.112512 0.860257
vt 0.107425 0.882147
vt 0.113745 0.876434
vt 0.119056 0.876441
vt 0.120907 0.880495
vt 0.113745 0.876434
vt 0.134779 0.876378
vt 0.133595 0.876284
vt 0.125376 0.865583
vt 0.125376 0.871118
vt 0.125376 0.865649
vt 0.107425 0.865581
vt 0.107425 0.882147
vt 0.147287 0.862632
vt 0.147482 0.863570
vt 0.129691 0.852700
vt 0.147642 0.853722
vt 0.147642 0.853722
vt 0.000000 0.000000
vt 0.129691 0.871118
vt 0.129691 0.872157
vt 0.129691 0.873155
vt 0.129691 0.874074
vt 0.129691 0.874877
vt 0.129691 0.875535
vt 0.129691 0.876021
vt 0.129691 0.876318
vt 0.129691 0.876414
vt 0.125376 0.876449
vt 0.120289 0.876443
vt 0.121474 0.876444
vt 0.122566 0.876446
vt 0.123522 0.876447
vt 0.124307 0.876448
vt 0.124890 0.876449
vt 0.125248 0.876449
vt 0.125367 0.876449
vt 0.129691 0.876449
vt 0.125376 0.864537
vt 0.125376 0.863531
vt 0.125376 0.862605
vt 0.125376 0.861792
vt 0.125376 0.861126
vt 0.125376 0.860630
vt 0.125376 0.860325
vt 0.125376 0.860222
vt 0.134778 0.860222
vt 0.129691 0.852700
vt 0.133593 0.860222
vt 0.132500 0.860222
vt 0.131542 0.860222
vt 0.130756 0.860222
vt 0.130172 0.860222
vt 0.129813 0.860222
vt 0.129691 0.860222
vt 0.112512 0.860222
vt 0.111326 0.860222
vt 0.110233 0.860222
vt 0.109276 0.860222
vt 0.108490 0.860222
vt 0.107906 0.860222
vt 0.107546 0.860222
vt 0.107425 0.860222
vt 0.147642 0.864530
vt 0.147642 0.863526
vt 0.147642 0.862601
vt 0.147642 0.861790
vt 0.147642 0.861124
vt 0.147642 0.860629
vt 0.147642 0.860325
vt 0.147642 0.860222
vt 0.142556 0.876358
vt 0.143744 0.876349
vt 0.144841 0.876341
vt 0.145804 0.876334
vt 0.146597 0.876329
vt 0.147189 0.876324
vt 0.147557 0.876322
vt 0.147687 0.876321
vt 0.107425 0.872136
vt 0.107425 0.873136
vt 0.107425 0.874058
vt 0.107425 0.874867
vt 0.107425 0.875531
vt 0.107425 0.876024
vt 0.107425 0.876329
vt 0.107425 0.876432
vt 0.125376 0.876449
vt 0.125376 0.874079
vt 0.125376 0.873157
vt 0.125376 0.872158
vt 0.120289 0.860222
vt 0.121474 0.860222
vt 0.122567 0.860222
vt 0.107425 0.876426
vt 0.110232 0.876430
vt 0.111325 0.876431
vt 0.112511 0.876433
vt 0.129691 0.871022
vt 0.129732 0.872080
vt 0.129852 0.873095
vt 0.130046 0.874030
vt 0.130308 0.875915
vt 0.129691 0.876449
vt 0.132505 0.876124
vt 0.132508 0.876429
vt 0.133596 0.876422
vt 0.134779 0.876413
vt 0.147642 0.872039
vt 0.147602 0.871957
vt 0.147642 0.873039
vt 0.147482 0.872976
vt 0.147642 0.873962
vt 0.147287 0.873918
vt 0.147642 0.876321
vt 0.147025 0.875796
vt 0.144839 0.876037
vt 0.143743 0.876212
vt 0.142556 0.876323
vt 0.147602 0.864587
vt 0.147025 0.860752
vt 0.144834 0.860527
vt 0.144834 0.860222
vt 0.143741 0.860360
vt 0.143741 0.860222
vt 0.142555 0.860257
vt 0.142555 0.860222
vt 0.129691 0.865649
vt 0.129691 0.865583
vt 0.129691 0.864537
vt 0.129732 0.864590
vt 0.129691 0.863531
vt 0.129852 0.863572
vt 0.129691 0.862605
vt 0.130046 0.862634
vt 0.130308 0.860752
vt 0.132500 0.860527
vt 0.133593 0.860360
vt 0.134778 0.860257
vt 0.107425 0.864536
vt 0.107425 0.863531
vt 0.107425 0.862604
vt 0.147642 0.870898
vt 0.141323 0.876366
vt 0.129691 0.871021
vt 0.147642 0.865645
vt 0.776144 0.668410
vt 0.776144 0.679826
vt 0.776144 0.691241
vt 0.776144 0.702657
vt 0.776144 0.714073
vt 0.776144 0.725488
vt 0.776144 0.736904
vt 0.776144 0.748320
vt 0.776144 0.759735
vt 0.776144 0.771151
vt 0.833581 0.679207
vt 0.833581 0.667791
vt 0.827199 0.679275
vt 0.827199 0.667860
vt 0.820817 0.679344
vt 0.820817 0.667929
vt 0.814435 0.679413
vt 0.814436 0.667997
vt 0.808054 0.679482
vt 0.808054 0.668066
vt 0.801672 0.679551
vt 0.801672 0.668135
vt 0.795290 0.679619
vt 0.795290 0.668204
vt 0.788908 0.679688
vt 0.788908 0.668272
vt 0.782526 0.679757
vt 0.782526 0.668341
vt 0.833581 0.690622
vt 0.827199 0.690691
vt 0.820817 0.690760
vt 0.814435 0.690829
vt 0.808054 0.690897
vt 0.801672 0.690966
vt 0.795290 0.691035
vt 0.788908 0.691104
vt 0.776131 0.585127
vt 0.776131 0.573641
vt 0.782526 0.691172
vt 0.833581 0.702038
vt 0.827199 0.702107
vt 0.820817 0.702176
vt 0.814435 0.702244
vt 0.808054 0.702313
vt 0.801672 0.702382
vt 0.795290 0.702451
vt 0.788908 0.702520
vt 0.782526 0.702588
vt 0.833581 0.713454
vt 0.827199 0.713522
vt 0.820817 0.713591
vt 0.814435 0.713660
vt 0.808054 0.713729
vt 0.801672 0.713798
vt 0.795290 0.713866
vt 0.788908 0.713935
vt 0.782526 0.714004
vt 0.833581 0.724869
vt 0.827199 0.724938
vt 0.820817 0.725007
vt 0.814435 0.725076
vt 0.808054 0.725145
vt 0.801672 0.725213
vt 0.795290 0.725282
vt 0.788908 0.725351
vt 0.782526 0.725420
vt 0.833581 0.736285
vt 0.827199 0.736354
vt 0.820817 0.736423
vt 0.814435 0.736491
vt 0.808054 0.736560
vt 0.801672 0.736629
vt 0.795290 0.736698
vt 0.788908 0.736767
vt 0.782526 0.736835
vt 0.833581 0.747701
vt 0.827199 0.747769
vt 0.820817 0.747838
vt 0.814435 0.747907
vt 0.808054 0.747976
vt 0.801672 0.748045
vt 0.795290 0.748114
vt 0.788908 0.748182
vt 0.782526 0.748251
vt 0.833581 0.759116
vt 0.827199 0.759185
vt 0.820817 0.759254
vt 0.814435 0.759323
vt 0.808054 0.759391
vt 0.801672 0.759460
vt 0.795290 0.759529
vt 0.788908 0.759598
vt 0.782522 0.527689
vt 0.782522 0.539175
vt 0.782526 0.759667
vt 0.833581 0.770532
vt 0.827199 0.770601
vt 0.820817 0.770670
vt 0.814435 0.770738
vt 0.808054 0.770807
vt 0.801672 0.770876
vt 0.795290 0.770945
vt 0.788908 0.771014
vt 0.782526 0.771082
vt 0.833581 0.781948
vt 0.827199 0.782016
vt 0.820817 0.782085
vt 0.814435 0.782154
vt 0.808054 0.782223
vt 0.801672 0.782292
vt 0.795290 0.782360
vt 0.788908 0.782429
vt 0.782526 0.782498
vt 0.776130 0.504725
vt 0.776130 0.516211
vt 0.776130 0.527697
vt 0.776130 0.539183
vt 0.776131 0.550669
vt 0.776131 0.562155
vt 0.776130 0.596613
vt 0.833653 0.504651
vt 0.827262 0.504659
vt 0.820870 0.504667
vt 0.814479 0.504676
vt 0.808088 0.504684
vt 0.801696 0.504692
vt 0.795305 0.504700
vt 0.788913 0.504709
vt 0.782522 0.504717
vt 0.833653 0.516137
vt 0.827262 0.516145
vt 0.820870 0.516153
vt 0.814479 0.516162
vt 0.808088 0.516170
vt 0.801696 0.516178
vt 0.795305 0.516186
vt 0.788913 0.516195
vt 0.782522 0.516203
vt 0.782522 0.550661
vt 0.833653 0.527623
vt 0.827262 0.527631
vt 0.820870 0.527639
vt 0.814479 0.527648
vt 0.808088 0.527656
vt 0.801696 0.527664
vt 0.795305 0.527673
vt 0.788913 0.527681
vt 0.833653 0.539109
vt 0.827262 0.539117
vt 0.820870 0.539125
vt 0.814479 0.539134
vt 0.808088 0.539142
vt 0.801696 0.539150
vt 0.795305 0.539159
vt 0.788913 0.539167
vt 0.782522 0.573633
vt 0.782522 0.585119
vt 0.833653 0.550595
vt 0.827262 0.550603
vt 0.820870 0.550611
vt 0.814479 0.550620
vt 0.808088 0.550628
vt 0.801696 0.550636
vt 0.795305 0.550645
vt 0.788913 0.550653
vt 0.833653 0.562081
vt 0.827262 0.562089
vt 0.820870 0.562097
vt 0.814479 0.562106
vt 0.808088 0.562114
vt 0.801696 0.562122
vt 0.795305 0.562131
vt 0.788913 0.562139
vt 0.782522 0.562147
vt 0.833653 0.573567
vt 0.827262 0.573575
vt 0.820870 0.573583
vt 0.814479 0.573592
vt 0.808088 0.573600
vt 0.801696 0.573608
vt 0.795305 0.573617
vt 0.788913 0.573625
vt 0.833653 0.585053
vt 0.827262 0.585061
vt 0.820870 0.585069
vt 0.814479 0.585078
vt 0.808088 0.585086
vt 0.801696 0.585094
vt 0.795305 0.585103
vt 0.788913 0.585111
vt 0.833653 0.596539
vt 0.827262 0.596547
vt 0.820870 0.596555
vt 0.814479 0.596564
vt 0.808088 0.596572
vt 0.801696 0.596580
vt 0.795305 0.596589
vt 0.788913 0.596597
vt 0.782522 0.596605
vt 0.833653 0.608025
vt 0.827262 0.608033
vt 0.820870 0.608041
vt 0.814479 0.608050
vt 0.808088 0.608058
vt 0.801696 0.608066
vt 0.795305 0.608074
vt 0.788913 0.608083
vt 0.782522 0.608091
vt 0.833653 0.619511
vt 0.827262 0.619519
vt 0.820870 0.619528
vt 0.814479 0.619536
vt 0.808088 0.619544
vt 0.801696 0.619552
vt 0.795305 0.619561
vt 0.788913 0.619569
vt 0.782522 0.619577
vt 0.203691 0.427233
vt 0.533279 0.427198
vt 0.531126 0.427189
vt 0.528789 0.427184
vt 0.526359 0.427182
vt 0.551069 0.818405
vt 0.280906 0.427009
vt 0.212791 0.427593
vt 0.210349 0.427585
vt 0.207958 0.427520
vt 0.205710 0.427401
vt 0.492185 0.717104
vt 0.489848 0.716642
vt 0.487695 0.715894
vt 0.485807 0.714886
vt 0.026027 0.094427
vt 0.024031 0.093163
vt 0.028259 0.095858
vt 0.030643 0.097401
vt 0.535167 0.427210
vt 0.101807 0.380612
vt 0.607725 0.818406
s 1
usemtl Black
f 794/1/1 793/2/2 200/3/2 456/4/3
f 793/5/4 792/6/4 49/7/4 200/8/4
f 792/9/5 788/10/6 500/11/7 49/12/5
f 794/1/1 456/4/3 277/13/8 795/14/9
f 795/14/9 277/13/8 305/15/10 796/16/11
f 796/16/11 305/15/10 498/17/12 797/18/13
f 797/18/13 498/17/12 381/19/14 787/20/15
f 787/21/15 381/22/14 382/23/16 798/24/17
f 798/24/17 382/23/16 307/25/18 782/26/19
f 782/26/19 307/25/18 117/27/20 799/28/21
f 799/28/21 117/27/20 24/29/22 789/30/23
f 786/49/31 789/30/23 24/29/22 383/50/32
f 713/51/33 380/52/34 719/53/35 718/54/36
f 168/55/37 605/56/37 202/57/37 636/58/37
f 123/59/38 705/60/39 457/61/40 122/62/41
f 202/57/37 605/56/37 293/63/37 538/64/37 21/65/37 492/66/37 491/67/37 403/68/37 647/69/37 32/70/37 6/71/37 262/72/37 261/73/37 298/74/37 297/75/37 432/76/37 669/77/37 188/78/37 712/79/37 506/80/37 296/81/37 295/82/37
f 203/83/42 605/84/42 632/85/42 169/86/42
f 168/87/43 552/88/43 664/89/43 444/90/43
f 75/91/44 51/92/44 503/93/45 379/94/45
f 705/60/39 663/95/46 201/96/47 457/61/40
f 453/97/5 46/98/5 709/99/6 52/100/6
f 28/101/48 720/102/48 461/103/49 671/104/50
f 121/105/51 170/106/52 551/107/53 120/108/54
f 172/109/55 291/110/56 290/111/57 384/112/58
f 553/113/5 75/91/44 380/52/34 508/114/59
f 123/59/38 708/115/2 39/116/60 705/60/39
f 203/117/37 552/118/37 291/119/37 172/120/37
f 293/121/2 708/115/2 123/59/38 487/122/38 17/123/2 752/124/2 753/125/2 648/126/2 620/127/2 621/128/2 466/129/2 247/130/2 38/131/2 292/132/2
f 50/133/61 458/134/62 431/135/63 140/136/64
f 204/137/65 706/138/66 707/139/67 27/140/68
f 553/113/5 430/141/5 429/142/5 665/143/5 16/144/5 65/145/5 218/146/5 581/147/5 197/148/5 217/149/5 339/150/5 99/151/5 51/92/44 75/91/44
f 203/117/37 172/120/37 270/152/37 438/153/37 159/154/37 714/155/37 269/156/37 83/157/37 715/158/37 495/159/37 39/160/37 708/161/37
f 291/119/37 552/118/37 553/162/37 508/163/37 670/164/37 300/165/37 82/166/37 81/167/37 171/168/37 26/169/37 158/170/37 157/171/37
f 168/55/37 636/58/37 11/172/37 710/173/37 504/174/37 607/175/37 606/176/37 124/177/37 416/178/37 1/179/37 709/180/37 46/181/37 443/182/37 19/183/37 686/184/37 31/185/37 100/186/37 101/187/37 178/188/37 450/189/37 206/190/37 430/191/37
f 294/192/69 80/193/70 459/194/71 205/195/72
f 25/196/73 635/197/73 385/198/73 502/199/73
f 193/200/2 460/201/38 278/202/74 533/203/1
f 290/111/57 291/110/56 157/204/75 513/205/76
f 605/56/37 203/117/37 708/161/37 293/63/37
f 509/206/77 202/207/78 295/208/79 84/209/80
f 172/109/55 384/112/58 584/210/81 270/211/82
f 552/118/37 168/55/37 430/191/37 553/162/37
f 2/212/83 668/213/84 173/214/85 667/215/86
f 340/216/87 341/217/6 342/218/6 343/219/6 106/220/6 754/221/6 755/222/6 18/223/6 412/224/6 177/225/6 52/100/6 709/99/6 1/226/24 121/105/51
f 121/105/51 1/226/24 416/227/88 170/106/52
f 170/106/52 416/227/88 124/228/89 417/229/90
f 417/229/90 124/228/89 606/230/91 666/231/92
f 666/232/92 606/233/91 607/234/93 294/192/93
f 294/192/93 607/234/93 504/235/94 80/193/94
f 80/193/94 504/235/94 710/236/95 125/237/96
f 125/237/96 710/236/95 11/238/97 711/239/98
f 84/209/80 295/208/79 296/240/99 505/241/100
f 505/241/100 296/240/99 506/242/101 507/243/101
f 507/243/101 506/242/101 712/244/102 446/245/102
f 446/245/102 712/244/102 188/246/103 445/247/104
f 445/248/104 188/249/103 669/250/105 155/251/106
f 155/251/106 669/250/105 432/252/107 50/133/61
f 50/133/61 432/252/107 297/253/9 458/134/62
f 458/134/62 297/253/9 298/254/1 565/255/1 684/256/1 756/257/1 757/258/1 163/259/1 685/260/1 5/261/1 45/262/1 532/263/1 533/203/1 278/202/74
f 513/205/76 157/204/75 158/264/108 156/265/109
f 156/265/109 158/264/108 26/266/110 204/137/65
f 204/137/65 26/266/110 171/267/111 706/138/66
f 706/138/66 171/267/111 81/268/112 191/269/113
f 191/270/113 81/271/112 82/272/114 190/273/115
f 190/273/115 82/272/114 300/274/116 299/275/117
f 299/275/117 300/274/116 670/276/118 713/51/33
f 713/51/33 670/276/118 508/114/59 380/52/34
f 270/211/82 584/210/81 439/277/119 438/278/120
f 438/278/120 439/277/119 668/213/84 159/279/121
f 159/279/121 668/213/84 2/212/83 714/280/122
f 714/280/122 2/212/83 268/281/123 269/282/124
f 269/283/124 268/284/123 249/285/125 83/286/126
f 83/286/126 249/285/125 473/287/127 715/288/128
f 715/288/128 473/287/127 663/95/46 495/289/129
f 495/289/129 663/95/46 705/60/39 39/116/60
f 636/290/130 264/291/131 711/239/98 11/238/97
f 633/292/73 375/293/73 635/197/73 25/196/73
f 385/198/73 635/197/73 122/294/73 457/295/73 201/296/73 472/297/73 512/298/73 511/299/73 667/300/73 173/301/73 271/302/73 510/303/73
f 633/292/73 25/196/73 379/304/73 503/305/73
f 375/293/73 633/292/73 303/306/73 634/307/73
f 303/306/73 633/292/73 503/305/73 10/308/73 120/309/73 551/310/73 418/311/73 428/312/73 205/313/73 459/314/73 554/315/73 304/316/73
f 375/293/73 634/307/73 555/317/73 280/318/73 259/319/73 141/320/73 53/321/73 85/322/73 140/323/73 431/324/73 189/325/73 72/326/73
f 635/197/73 375/293/73 72/326/73 122/294/73
f 25/196/73 502/199/73 302/327/73 301/328/73 27/329/73 707/330/73 716/331/73 717/332/73 54/333/73 718/334/73 719/335/73 379/304/73
f 507/243/132 446/245/133 141/336/134 259/337/135
f 487/122/38 123/59/38 122/62/41 72/338/41
f 268/281/123 2/212/83 667/215/86 511/339/136
f 80/193/70 125/237/96 554/340/137 459/194/71
f 706/138/66 191/269/113 716/341/138 707/139/67
f 458/134/62 278/202/74 189/342/139 431/135/63
f 170/106/52 417/229/90 418/343/140 551/107/53
f 711/239/98 264/291/131 303/344/141 304/345/142
f 584/210/81 384/112/58 385/346/143 510/347/144
f 384/112/58 290/111/57 502/348/145 385/346/143
f 264/291/131 509/206/77 634/349/146 303/344/141
f 446/245/133 445/247/104 53/350/147 141/336/134
f 249/285/125 268/284/123 511/351/136 512/352/148
f 125/237/96 711/239/98 304/345/142 554/340/137
f 51/92/44 192/353/44 279/354/44 344/355/44 20/356/44 410/357/44 687/358/44 599/359/44 598/360/44 758/361/44 179/362/44 340/216/87 10/363/149 503/93/45
f 191/270/113 190/273/115 717/364/150 716/365/138
f 513/205/76 156/265/109 301/366/151 302/367/152
f 439/277/119 584/210/81 510/347/144 271/368/153
f 417/229/90 666/231/92 428/369/154 418/343/140
f 278/202/74 460/201/38 413/370/38 181/371/38 180/372/38 570/373/38 759/374/38 355/375/38 422/376/38 345/377/38 219/378/38 487/122/38 72/338/41 189/342/139
f 445/248/104 155/251/106 85/379/155 53/380/147
f 473/287/127 249/285/125 512/352/148 472/381/156
f 84/209/80 505/241/100 280/382/157 555/383/158
f 509/206/77 84/209/80 555/383/158 634/349/146
f 190/273/115 299/275/117 54/384/159 717/364/150
f 668/213/84 439/277/119 271/368/153 173/214/85
f 666/232/92 294/192/69 205/195/72 428/385/154
f 340/216/87 121/105/51 120/108/54 10/363/149
f 156/265/109 204/137/65 27/140/68 301/366/151
f 290/111/57 513/205/76 302/367/152 502/348/145
f 155/251/106 50/133/61 140/136/64 85/379/155
f 663/95/46 473/287/127 472/381/156 201/96/47
f 380/52/34 75/91/44 379/94/45 719/53/35
f 299/275/117 713/51/33 718/54/36 54/384/159
f 505/241/100 507/243/132 259/337/135 280/382/157
f 556/386/160 263/387/161 264/291/131 636/290/130
f 263/387/161 720/388/161 509/206/77 264/291/131
f 28/389/160 556/386/160 636/290/130 202/207/78
f 720/388/161 28/389/160 202/207/78 509/206/77
f 585/390/162 671/391/162 433/392/163 142/393/163
f 720/394/164 263/395/164 143/396/165 461/397/165
f 556/386/160 28/389/160 671/398/162 585/399/162
f 263/400/166 556/401/166 585/402/167 143/403/168
f 142/404/161 433/405/161 55/406/161 474/407/161
f 143/403/168 585/402/167 142/408/169 474/409/169
f 671/104/50 461/103/49 55/410/170 433/411/170
f 461/397/165 143/396/165 474/412/171 55/413/171
f 419/414/172 420/415/173 516/416/174 200/417/175 49/418/176
f 672/419/177 721/420/173 276/421/173 277/422/173 456/423/175
f 276/421/173 3/424/173 207/425/173 305/426/173 277/422/173
f 207/425/173 475/427/173 476/428/173 498/429/173 305/426/173
f 476/428/173 144/430/173 145/431/173 381/432/173 498/429/173
f 145/431/173 488/433/173 73/434/173 382/435/173 381/432/173
f 73/434/173 56/436/173 306/437/173 307/438/173 382/435/173
f 306/437/173 57/439/173 117/440/173 307/438/173
f 57/439/173 58/441/173 387/442/173 24/443/173 117/440/173
f 258/444/173 126/445/173 530/446/178 500/447/176 630/448/173
f 583/449/173 637/450/173 258/444/173 630/448/173 661/451/173
f 426/452/173 427/453/173 583/449/173 661/451/173 119/454/173
f 308/455/173 208/456/173 426/452/173 119/454/173 118/457/173
f 515/458/173 194/459/173 308/455/173 118/457/173 86/460/173
f 514/461/173 722/462/173 515/458/173 86/460/173 662/463/173
f 386/464/173 514/461/173 662/463/173 501/465/173
f 265/466/173 266/467/173 386/464/173 501/465/173 383/468/173
f 387/442/173 160/469/173 265/466/173 383/468/173 24/443/173
f 389/470/179 448/471/180 447/472/181 283/473/182
f 734/474/183 643/475/184 645/476/185 617/477/186
f 672/419/177 530/446/178 126/445/173 258/444/173 637/450/173 583/449/173 427/453/173 426/452/173 208/456/173 308/455/173 194/459/173 515/458/173 722/462/173 514/478/173 386/464/173 266/467/173 265/466/173 160/469/173 387/442/173 58/441/173 57/479/173 306/437/173 56/436/173 73/434/173 488/433/173 145/431/173 144/430/173 476/428/173 475/427/173 207/425/173 3/424/173 276/421/173 721/420/173
f 723/480/173 59/481/187 516/416/174 420/415/173
f 59/481/187 313/482/188 442/483/189 401/484/190 252/485/191 516/416/174
f 14/486/192 175/487/193 326/487/194 130/486/195
f 724/488/196 723/480/173 420/415/173 419/414/172
f 401/489/192 442/490/193 317/483/197 329/491/198
f 524/492/199 726/493/200 335/494/201 748/495/202
f 521/496/203 726/497/204 524/498/205 89/499/206 530/446/178
f 725/483/207 74/500/207 489/501/207 519/502/207 212/503/207 586/504/207 146/505/207 282/506/207 281/507/207 676/508/207 462/509/207 518/510/207 517/511/207 435/512/207 434/513/207 131/514/207 311/515/207 12/516/207 210/517/207 609/518/207 608/519/207 310/520/207 309/521/207 673/522/207 161/523/207 589/524/207 675/525/207 562/472/207 561/526/207 395/527/207 153/528/207 260/529/207 152/530/207 594/531/207 400/532/207 399/491/207
f 392/533/208 391/534/209 727/535/204 523/536/210 672/419/177
f 727/535/211 391/537/212 337/534/213 42/535/214
f 747/538/215 746/539/216 29/539/217 76/538/218
f 680/540/183 611/541/184 147/508/219 148/542/220
f 516/416/174 252/485/191 448/543/221 389/470/222 392/544/208 672/419/177 456/423/175 200/417/175
f 490/545/223 559/546/224 560/546/225 331/545/226
f 14/486/227 388/547/228 724/488/196 419/414/172 314/548/229 175/487/230
f 530/446/178 89/499/206 643/475/231 734/474/232 314/549/229 419/414/172 49/418/176 500/447/176
f 672/550/233 530/550/233 521/550/233 523/550/233
f 677/551/234 60/552/234 243/553/234 244/554/234 520/555/234 678/556/234 149/557/234 587/558/234 726/559/204 521/496/203 40/560/234
f 727/535/204 728/561/235 61/562/235 729/563/235 730/564/235 679/565/235 316/566/235 610/567/235 611/568/235 522/569/235 523/536/210
f 680/540/236 174/570/237 313/482/188
f 174/570/237 639/571/238 313/482/188
f 639/571/238 312/572/239 313/482/188
f 312/572/239 195/573/240 313/482/188
f 195/573/240 318/574/241 313/482/188
f 318/574/241 213/575/242 313/482/188
f 213/575/242 13/576/243 313/482/188
f 13/576/243 442/577/189 313/482/188
f 14/486/227 588/578/244 388/579/228
f 588/578/244 640/580/245 388/579/228
f 640/580/245 641/581/246 388/579/228
f 641/581/246 440/582/247 388/579/228
f 440/582/247 612/583/248 388/579/228
f 612/583/248 327/584/249 388/579/228
f 327/584/249 250/585/250 388/579/228
f 250/585/250 251/586/251 388/579/228
f 401/489/190 681/587/252 252/485/191
f 681/587/252 87/588/253 252/485/191
f 87/588/253 88/589/254 252/485/191
f 88/589/254 731/590/255 252/485/191
f 731/590/255 732/591/256 252/485/191
f 732/591/256 642/592/257 252/485/191
f 642/592/257 733/593/258 252/485/191
f 733/593/258 448/594/221 252/485/191
f 734/474/232 477/595/259 314/548/229
f 477/595/259 478/596/260 314/548/229
f 478/596/260 735/597/261 314/548/229
f 735/597/261 736/598/262 314/548/229
f 736/598/262 613/599/263 314/548/229
f 613/599/263 737/600/264 314/548/229
f 737/600/264 738/601/265 314/548/229
f 738/601/265 175/602/230 314/548/229
f 524/492/205 214/603/266 89/499/206
f 214/603/266 315/604/267 89/499/206
f 315/604/267 739/605/268 89/499/206
f 739/605/268 479/606/269 89/499/206
f 479/606/269 614/607/270 89/499/206
f 614/607/270 740/608/271 89/499/206
f 740/608/271 741/609/272 89/499/206
f 741/609/272 643/610/231 89/499/206
f 389/470/222 390/611/273 392/533/208
f 390/611/273 320/612/274 392/533/208
f 320/612/274 742/613/275 392/533/208
f 742/613/275 743/614/276 392/533/208
f 743/614/276 616/615/277 392/533/208
f 616/615/277 465/616/278 392/533/208
f 465/616/278 322/617/279 392/533/208
f 322/617/279 391/618/209 392/533/208
f 727/535/211 42/535/214 682/515/280 728/561/281
f 728/561/281 682/515/280 15/514/282 61/562/283
f 61/562/283 15/514/282 162/513/284 729/563/285
f 729/563/285 162/513/284 557/512/286 730/619/287
f 730/619/287 557/512/286 127/511/288 679/620/289
f 679/620/289 127/511/288 176/510/290 316/621/291
f 316/621/291 176/510/290 463/509/292 610/622/293
f 610/622/293 463/509/292 147/508/219 611/541/184
f 317/483/197 442/490/193 13/623/294 215/500/295
f 215/500/295 13/623/294 213/624/296 273/501/297
f 273/501/297 213/624/296 318/625/298 272/502/299
f 272/502/299 318/625/298 195/577/300 62/503/301
f 62/503/301 195/577/300 312/572/302 421/504/303
f 421/504/303 312/572/302 639/571/304 128/505/305
f 128/505/305 639/571/304 174/570/306 30/506/307
f 30/506/307 174/570/306 680/540/183 148/542/220
f 389/470/179 283/473/182 284/524/308 390/611/309
f 390/611/309 284/524/308 319/523/310 320/612/311
f 320/612/311 319/523/310 674/522/312 742/613/313
f 742/613/313 674/522/312 744/521/314 743/626/315
f 743/626/315 744/521/314 525/520/316 616/627/317
f 616/627/317 525/520/316 526/519/318 465/628/319
f 465/628/319 526/519/318 321/518/320 322/629/321
f 322/629/321 321/518/320 337/534/213 391/537/212
f 677/551/179 63/630/322 527/631/323 60/552/324
f 60/552/324 527/631/323 129/632/325 243/553/326
f 243/553/326 129/632/325 558/633/327 244/554/328
f 244/554/328 558/633/327 41/634/329 520/635/330
f 520/635/330 41/634/329 745/636/331 678/637/332
f 678/637/332 745/636/331 746/539/216 149/638/333
f 149/638/333 746/539/216 747/538/215 587/639/334
f 587/639/334 747/538/215 335/494/201 726/493/200
f 645/476/185 643/475/184 741/640/335 393/641/336
f 393/641/336 741/640/335 740/642/337 90/643/338
f 90/643/338 740/642/337 614/644/339 615/645/340
f 615/645/340 614/644/339 479/646/341 216/647/342
f 216/647/342 479/646/341 739/605/343 528/648/344
f 528/648/344 739/605/343 315/604/345 324/649/346
f 324/649/346 315/604/345 214/603/347 323/650/348
f 323/650/348 214/603/347 524/492/199 748/495/202
f 734/474/183 617/477/186 591/651/349 477/595/306
f 477/595/306 591/651/349 559/546/224 478/596/304
f 478/596/304 559/546/224 490/545/223 735/597/350
f 735/597/350 490/545/223 749/652/351 736/602/300
f 736/602/300 749/652/351 253/653/352 613/654/298
f 613/654/298 253/653/352 196/655/353 737/656/296
f 737/656/296 196/655/353 325/657/354 738/658/294
f 738/658/294 325/657/354 326/487/194 175/487/193
f 529/659/355 251/660/180 250/661/356 436/662/357
f 436/662/357 250/661/356 327/663/358 328/664/359
f 328/664/359 327/663/358 612/665/360 338/666/361
f 338/666/361 612/665/360 440/586/362 441/667/363
f 441/667/363 440/586/362 641/581/364 618/668/365
f 618/668/365 641/581/364 640/580/366 398/669/367
f 398/669/367 640/580/366 588/578/368 334/670/369
f 334/670/369 588/578/368 14/486/192 130/486/195
f 447/472/181 448/471/180 733/671/356 644/526/370
f 644/526/370 733/671/356 642/672/358 43/527/371
f 43/527/371 642/672/358 732/673/360 394/528/372
f 394/528/372 732/673/360 731/594/362 531/529/373
f 531/529/373 731/594/362 88/589/364 593/530/374
f 593/530/374 88/589/364 87/588/366 44/531/375
f 44/531/375 87/588/366 681/587/368 330/532/376
f 330/532/376 681/587/368 401/489/192 329/491/198
f 677/551/179 251/660/180 529/659/355 63/630/322
f 564/674/207 563/641/207 336/643/207 92/645/207 91/647/207 93/648/207 94/649/207 750/650/207 751/675/207 211/494/207 76/538/207 29/539/207 638/636/207 464/634/207 209/633/207 4/632/207 646/631/207 396/676/207 595/659/207 437/662/207 397/664/207 96/666/207 95/667/207 619/668/207 64/669/207 97/670/207 333/486/207 683/487/207 151/657/207 592/655/207 98/653/207 332/652/207 331/545/207 560/546/207 590/651/207 150/677/207
f 334/670/369 130/486/195 333/486/377 97/670/378
f 674/522/312 319/523/310 161/523/379 673/522/380
f 463/509/292 176/510/290 518/510/381 462/509/382
f 749/652/351 490/545/223 331/545/226 332/652/383
f 335/494/201 747/538/215 76/538/218 211/494/384
f 447/472/181 644/526/370 561/526/385 562/472/386
f 744/521/314 674/522/312 673/522/380 309/521/387
f 748/495/202 335/494/201 211/494/384 751/495/388
f 147/508/219 463/509/292 462/509/382 676/508/389
f 253/653/352 749/652/351 332/652/383 98/653/390
f 645/476/185 393/641/336 563/641/391 564/476/392
f 148/542/220 147/508/219 676/508/389 281/542/393
f 525/520/316 744/521/314 309/521/387 310/520/394
f 317/483/197 215/500/295 74/500/395 725/483/396
f 644/526/370 43/527/371 395/527/397 561/526/385
f 196/655/353 253/653/352 98/653/390 592/655/398
f 393/641/336 90/643/338 336/643/399 563/641/391
f 526/519/318 525/520/316 310/520/394 608/519/400
f 42/535/214 337/534/213 210/534/401 12/535/402
f 43/527/371 394/528/372 153/528/403 395/527/397
f 325/657/354 196/655/353 592/655/398 151/657/404
f 215/500/295 273/501/297 489/501/405 74/500/395
f 90/643/338 615/645/340 92/645/406 336/643/399
f 321/518/320 526/519/318 608/519/400 609/518/407
f 394/528/372 531/529/373 260/529/408 153/528/403
f 326/487/194 325/657/354 151/657/404 683/487/409
f 329/491/198 317/483/197 725/483/396 399/491/410
f 273/501/297 272/502/299 519/502/411 489/501/405
f 615/645/340 216/647/342 91/647/412 92/645/406
f 337/534/213 321/518/320 609/518/407 210/534/401
f 531/529/373 593/530/374 152/530/413 260/529/408
f 529/659/355 436/662/357 437/662/414 595/659/415
f 272/502/299 62/503/301 212/503/416 519/502/411
f 216/647/342 528/648/344 93/648/417 91/647/412
f 130/486/195 326/487/194 683/487/409 333/486/377
f 593/530/374 44/531/375 594/531/418 152/530/413
f 527/631/323 63/630/322 396/630/419 646/631/420
f 62/503/301 421/504/303 586/504/421 212/503/416
f 436/662/357 328/664/359 397/664/422 437/662/414
f 528/648/344 324/649/346 94/649/423 93/648/417
f 283/473/182 447/472/181 562/472/386 675/473/424
f 44/531/375 330/532/376 400/532/425 594/531/418
f 682/515/280 42/535/214 12/535/402 311/515/426
f 129/632/325 527/631/323 646/631/420 4/632/427
f 421/504/303 128/505/305 146/505/428 586/504/421
f 328/664/359 338/666/361 96/666/429 397/664/422
f 324/649/346 323/650/348 750/650/430 94/649/423
f 617/477/186 645/476/185 564/476/392 150/477/431
f 330/532/376 329/491/198 399/491/410 400/532/425
f 15/514/282 682/515/280 311/515/426 131/514/432
f 558/633/327 129/632/325 4/632/427 209/633/433
f 128/505/305 30/506/307 282/506/434 146/505/428
f 338/666/361 441/667/363 95/667/435 96/666/429
f 323/650/348 748/495/202 751/495/388 750/650/430
f 162/513/284 15/514/282 131/514/432 434/513/436
f 41/634/329 558/633/327 209/633/433 464/634/437
f 30/506/307 148/542/220 281/542/393 282/506/434
f 63/630/322 529/659/355 595/659/415 396/630/419
f 441/667/363 618/668/365 619/668/438 95/667/435
f 557/512/286 162/513/284 434/513/436 435/512/439
f 591/651/349 617/477/186 150/477/431 590/651/440
f 745/636/331 41/634/329 464/634/437 638/636/441
f 618/668/365 398/669/367 64/669/442 619/668/438
f 284/524/308 283/473/182 675/473/424 589/524/443
f 127/511/288 557/512/286 435/512/439 517/511/444
f 559/546/224 591/651/349 590/651/440 560/546/225
f 746/539/216 745/636/331 638/636/441 29/539/217
f 398/669/367 334/670/369 97/670/378 64/669/442
f 319/523/310 284/524/308 589/524/443 161/523/379
f 176/510/290 127/511/288 517/511/444 518/510/381
f 261/678/2 132/679/2 565/255/1 298/254/1
f 132/679/2 567/680/2 684/256/1 565/255/1
f 567/680/2 568/681/2 756/257/1 684/256/1
f 568/681/2 761/682/2 757/258/1 756/257/1
f 761/682/2 622/683/2 163/259/1 757/258/1
f 622/683/2 405/684/2 685/260/1 163/259/1
f 405/684/2 69/685/2 5/261/1 685/260/1
f 69/685/2 376/686/2 45/262/1 5/261/1
f 376/686/2 354/687/2 532/263/1 45/262/1
f 354/687/2 193/200/2 533/203/1 532/263/1
f 293/121/2 292/132/2 102/688/2 538/689/2
f 538/689/2 102/688/2 468/690/2 21/691/2
f 21/691/2 468/690/2 66/692/2 492/693/2
f 492/693/2 66/692/2 480/694/2 491/695/2
f 491/695/2 480/694/2 402/696/2 403/697/2
f 403/697/2 402/696/2 352/698/2 647/699/2
f 647/699/2 352/698/2 760/700/2 32/701/2
f 32/701/2 760/700/2 455/702/2 6/703/2
f 6/703/2 455/702/2 182/704/2 262/705/2
f 262/705/2 182/704/2 132/679/2 261/678/2
f 292/132/2 38/131/2 103/706/2 102/688/2
f 102/688/2 103/706/2 688/707/2 468/690/2
f 468/690/2 688/707/2 481/708/2 66/692/2
f 66/692/2 481/708/2 451/709/2 480/694/2
f 480/694/2 451/709/2 452/710/2 402/696/2
f 402/696/2 452/710/2 351/711/2 352/698/2
f 352/698/2 351/711/2 624/712/2 760/700/2
f 760/700/2 624/712/2 67/713/2 455/702/2
f 411/714/4 48/715/4 373/715/4 372/714/4
f 182/704/2 133/716/2 567/680/2 132/679/2
f 38/131/2 247/130/2 248/717/2 103/706/2
f 103/706/2 248/717/2 220/718/2 688/707/2
f 688/707/2 220/718/2 221/719/2 481/708/2
f 481/708/2 221/719/2 346/720/2 451/709/2
f 451/709/2 346/720/2 33/721/2 452/710/2
f 452/710/2 33/721/2 164/722/2 351/711/2
f 351/711/2 164/722/2 625/723/2 624/712/2
f 624/712/2 625/723/2 37/724/2 67/713/2
f 67/713/2 37/724/2 534/725/2 133/716/2
f 133/716/2 534/725/2 568/681/2 567/680/2
f 247/130/2 466/129/2 467/726/2 248/717/2
f 248/717/2 467/726/2 469/727/2 220/718/2
f 220/718/2 469/727/2 651/728/2 221/719/2
f 221/719/2 651/728/2 222/729/2 346/720/2
f 346/720/2 222/729/2 223/730/2 33/721/2
f 33/721/2 223/730/2 762/731/2 164/722/2
f 164/722/2 762/731/2 154/732/2 625/723/2
f 625/723/2 154/732/2 104/733/2 37/724/2
f 37/724/161 104/733/161 658/733/161 366/724/161
f 534/725/2 224/734/2 761/682/2 568/681/2
f 466/129/2 621/128/2 763/735/2 467/726/2
f 467/726/2 763/735/2 225/736/2 469/727/2
f 469/727/2 225/736/2 347/737/2 651/728/2
f 651/728/2 347/737/2 764/738/2 222/729/2
f 222/729/2 764/738/2 765/739/2 223/730/2
f 223/730/2 765/739/2 226/740/2 762/731/2
f 762/731/2 226/740/2 766/741/2 154/732/2
f 154/732/2 766/741/2 539/742/2 104/733/2
f 104/733/2 539/742/2 767/743/2 224/734/2
f 224/734/2 767/743/2 622/683/2 761/682/2
f 621/128/2 620/127/2 34/744/2 763/735/2
f 763/735/2 34/744/2 227/745/2 225/736/2
f 225/736/2 227/745/2 689/746/2 347/737/2
f 347/737/2 689/746/2 535/747/2 764/738/2
f 764/738/2 535/747/2 536/748/2 765/739/2
f 765/739/2 536/748/2 68/749/2 226/740/2
f 226/740/2 68/749/2 482/750/2 766/741/2
f 766/741/2 482/750/2 228/751/2 539/742/2
f 767/743/73 539/742/73 241/742/73 35/743/73
f 767/743/2 404/752/2 405/684/2 622/683/2
f 620/127/2 648/126/2 649/753/2 34/744/2
f 34/744/2 649/753/2 348/754/2 227/745/2
f 227/745/2 348/754/2 229/755/2 689/746/2
f 689/746/2 229/755/2 353/756/2 535/747/2
f 535/747/2 353/756/2 569/757/2 536/748/2
f 536/748/2 569/757/2 424/758/2 68/749/2
f 68/749/2 424/758/2 22/759/2 482/750/2
f 482/750/2 22/759/2 7/760/2 228/751/2
f 228/751/2 7/760/2 135/761/2 404/752/2
f 404/752/2 135/761/2 69/685/2 405/684/2
f 648/126/2 753/125/2 8/762/2 649/753/2
f 649/753/2 8/762/2 540/763/2 348/754/2
f 348/754/2 540/763/2 690/764/2 229/755/2
f 229/755/2 690/764/2 230/765/2 353/756/2
f 353/756/2 230/765/2 231/766/2 569/757/2
f 569/757/2 231/766/2 768/767/2 424/758/2
f 424/758/2 768/767/2 537/768/2 22/759/2
f 22/759/2 537/768/2 70/769/2 7/760/2
f 775/770/161 484/771/161 780/771/161 245/770/161
f 135/761/2 493/772/2 376/686/2 69/685/2
f 753/125/2 752/124/2 184/773/2 8/762/2
f 8/762/2 184/773/2 105/774/2 540/763/2
f 540/763/2 105/774/2 650/775/2 690/764/2
f 690/764/2 650/775/2 349/776/2 230/765/2
f 230/765/2 349/776/2 350/777/2 231/766/2
f 231/766/2 350/777/2 691/778/2 768/767/2
f 768/767/2 691/778/2 232/779/2 537/768/2
f 537/768/2 232/779/2 600/780/2 70/769/2
f 70/769/2 600/780/2 136/781/2 493/772/2
f 493/772/2 136/781/2 354/687/2 376/686/2
f 752/124/2 17/123/2 183/782/2 184/773/2
f 184/773/2 183/782/2 623/783/2 105/774/2
f 105/774/2 623/783/2 423/784/2 650/775/2
f 650/775/2 423/784/2 356/785/2 349/776/2
f 349/776/2 356/785/2 566/786/2 350/777/2
f 350/777/2 566/786/2 571/787/2 691/778/2
f 691/778/2 571/787/2 769/788/2 232/779/2
f 232/779/2 769/788/2 770/789/2 600/780/2
f 600/780/161 770/789/161 113/789/161 47/780/161
f 136/781/2 71/790/2 193/200/2 354/687/2
f 17/123/2 487/122/38 219/378/38 183/782/2
f 183/782/2 219/378/38 345/377/38 623/783/2
f 623/783/2 345/377/38 422/376/38 423/784/2
f 423/784/2 422/376/38 355/375/38 356/785/2
f 356/785/2 355/375/38 759/374/38 566/786/2
f 566/786/2 759/374/38 570/373/38 571/787/2
f 571/787/2 570/373/38 180/372/38 769/788/2
f 769/788/2 180/372/38 181/371/38 770/789/2
f 770/789/2 181/371/38 413/370/38 71/790/2
f 71/790/2 413/370/38 460/201/38 193/200/2
f 179/362/44 572/791/5 341/217/6 340/216/87
f 572/791/5 471/792/5 342/218/6 341/217/6
f 471/792/5 544/793/5 343/219/6 342/218/6
f 544/793/5 541/794/5 106/220/6 343/219/6
f 541/794/5 374/795/5 754/221/6 106/220/6
f 374/795/5 360/796/5 755/222/6 754/221/6
f 360/796/5 48/715/5 18/223/6 755/222/6
f 48/715/5 411/714/5 412/224/6 18/223/6
f 411/714/5 111/797/5 177/225/6 412/224/6
f 111/797/5 453/97/5 52/100/6 177/225/6
f 51/92/44 99/151/5 656/798/5 192/353/44
f 192/353/44 656/798/5 233/799/5 279/354/44
f 279/354/44 233/799/5 771/800/5 344/355/44
f 344/355/44 771/800/5 574/801/5 20/356/44
f 20/356/44 574/801/5 409/802/5 410/357/44
f 410/357/44 409/802/5 234/803/5 687/358/44
f 687/358/44 234/803/5 596/804/5 599/359/44
f 599/359/44 596/804/5 597/805/5 598/360/44
f 598/360/44 597/805/5 235/806/5 758/361/44
f 758/361/44 235/806/5 572/791/5 179/362/44
f 99/151/5 339/150/5 652/807/5 656/798/5
f 656/798/5 652/807/5 236/808/5 233/799/5
f 233/799/5 236/808/5 653/809/5 771/800/5
f 771/800/5 653/809/5 573/810/5 574/801/5
f 574/801/5 573/810/5 267/811/5 409/802/5
f 409/802/5 267/811/5 165/812/5 234/803/5
f 234/803/5 165/812/5 772/813/5 596/804/5
f 596/804/5 772/813/5 773/814/5 597/805/5
f 597/805/5 773/814/5 470/815/5 235/806/5
f 374/795/37 577/816/37 137/816/37 371/795/37
f 339/150/5 217/149/5 134/817/5 652/807/5
f 652/807/5 134/817/5 580/818/5 236/808/5
f 236/808/5 580/818/5 425/819/5 653/809/5
f 653/809/5 425/819/5 774/820/5 573/810/5
f 573/810/5 774/820/5 626/821/5 267/811/5
f 267/811/5 626/821/5 543/822/5 165/812/5
f 165/812/5 543/822/5 166/823/5 772/813/5
f 772/813/5 166/823/5 627/824/5 773/814/5
f 773/814/5 627/824/5 775/770/5 470/815/5
f 470/815/5 775/770/5 544/793/5 471/792/5
f 217/149/5 197/148/5 357/825/5 134/817/5
f 134/817/5 357/825/5 358/826/5 580/818/5
f 580/818/5 358/826/5 186/827/5 425/819/5
f 425/819/5 186/827/5 107/828/5 774/820/5
f 774/820/5 107/828/5 692/829/5 626/821/5
f 626/821/5 692/829/5 377/830/5 543/822/5
f 543/822/5 377/830/5 378/831/5 166/823/5
f 166/823/5 378/831/5 483/832/5 627/824/5
f 627/824/5 483/832/5 484/771/5 775/770/5
f 238/833/161 138/834/161 549/834/161 548/833/161
f 197/148/5 581/147/5 582/835/5 357/825/5
f 357/825/5 582/835/5 601/836/5 358/826/5
f 358/826/5 601/836/5 108/837/5 186/827/5
f 186/827/5 108/837/5 545/838/5 107/828/5
f 107/828/5 545/838/5 237/839/5 692/829/5
f 692/829/5 237/839/5 110/840/5 377/830/5
f 377/830/5 110/840/5 494/841/5 378/831/5
f 378/831/5 494/841/5 576/842/5 483/832/5
f 483/832/5 576/842/5 577/816/5 484/771/5
f 484/771/5 577/816/5 374/795/5 541/794/5
f 581/147/5 218/146/5 693/843/5 582/835/5
f 582/835/5 693/843/5 694/844/5 601/836/5
f 601/836/5 694/844/5 546/845/5 108/837/5
f 108/837/5 546/845/5 485/846/5 545/838/5
f 545/838/5 485/846/5 486/847/5 237/839/5
f 237/839/5 486/847/5 109/848/5 110/840/5
f 110/840/5 109/848/5 695/849/5 494/841/5
f 494/841/5 695/849/5 575/850/5 576/842/5
f 576/842/5 575/850/5 359/851/5 577/816/5
f 228/751/37 404/752/37 369/752/37 368/751/37
f 218/146/5 65/145/5 602/852/5 693/843/5
f 693/843/5 602/852/5 364/853/5 694/844/5
f 694/844/5 364/853/5 776/854/5 546/845/5
f 546/845/5 776/854/5 406/855/5 485/846/5
f 485/846/5 406/855/5 407/856/5 486/847/5
f 486/847/5 407/856/5 185/857/5 109/848/5
f 109/848/5 185/857/5 697/858/5 695/849/5
f 695/849/5 697/858/5 777/859/5 575/850/5
f 575/850/5 777/859/5 238/833/5 359/851/5
f 359/851/5 238/833/5 48/715/5 360/796/5
f 65/145/5 16/144/5 654/860/5 602/852/5
f 602/852/5 654/860/5 363/861/5 364/853/5
f 364/853/5 363/861/5 542/862/5 776/854/5
f 776/854/5 542/862/5 408/863/5 406/855/5
f 406/855/5 408/863/5 604/864/5 407/856/5
f 407/856/5 604/864/5 778/865/5 185/857/5
f 185/857/5 778/865/5 696/866/5 697/858/5
f 697/858/5 696/866/5 699/867/5 777/859/5
f 777/859/5 699/867/5 138/834/5 238/833/5
f 359/851/73 360/796/73 114/796/73 659/851/73
f 16/144/5 665/143/5 579/868/5 654/860/5
f 654/860/5 579/868/5 285/869/5 363/861/5
f 363/861/5 285/869/5 286/870/5 542/862/5
f 542/862/5 286/870/5 496/871/5 408/863/5
f 408/863/5 496/871/5 603/872/5 604/864/5
f 604/864/5 603/872/5 361/873/5 778/865/5
f 778/865/5 361/873/5 239/874/5 696/866/5
f 696/866/5 239/874/5 698/875/5 699/867/5
f 699/867/5 698/875/5 362/876/5 138/834/5
f 138/834/5 362/876/5 111/797/5 411/714/5
f 665/143/5 429/142/5 578/877/5 579/868/5
f 579/868/5 578/877/5 779/878/5 285/869/5
f 285/869/5 779/878/5 365/879/5 286/870/5
f 286/870/5 365/879/5 77/880/5 496/871/5
f 496/871/5 77/880/5 700/881/5 603/872/5
f 603/872/5 700/881/5 449/882/5 361/873/5
f 361/873/5 449/882/5 198/883/5 239/874/5
f 239/874/5 198/883/5 240/884/5 698/875/5
f 698/875/5 240/884/5 655/885/5 362/876/5
f 182/704/73 455/702/73 187/702/73 657/704/73
f 429/142/5 430/141/5 206/886/5 578/877/5
f 578/877/5 206/886/5 450/887/5 779/878/5
f 779/878/5 450/887/5 178/888/5 365/879/5
f 365/879/5 178/888/5 101/889/5 77/880/5
f 77/880/5 101/889/5 100/890/5 700/881/5
f 700/881/5 100/890/5 31/891/5 449/882/5
f 449/882/5 31/891/5 686/892/5 198/883/5
f 198/883/5 686/892/5 19/893/5 240/884/5
f 240/884/5 19/893/5 443/894/5 655/885/5
f 655/885/5 443/894/5 46/98/5 453/97/5
f 71/790/4 136/781/4 9/781/4 116/790/4
f 541/794/4 544/793/4 246/793/4 781/794/4
f 655/885/73 453/97/73 454/97/73 115/885/73
f 224/734/4 534/725/4 367/725/4 23/734/4
f 770/789/37 71/790/37 116/790/37 113/789/37
f 484/771/73 541/794/73 781/794/73 780/771/73
f 104/733/37 224/734/37 23/734/37 658/733/37
f 111/797/37 362/876/37 257/876/37 660/797/37
f 136/781/73 600/780/73 47/780/73 9/781/73
f 544/793/37 775/770/37 245/770/37 246/793/37
f 534/725/73 37/724/73 366/724/73 367/725/73
f 138/834/73 411/714/73 372/714/73 549/834/73
f 362/876/161 655/885/161 115/885/161 257/876/161
f 577/816/161 359/851/161 659/851/161 137/816/161
f 7/760/161 70/769/161 36/769/161 256/760/161
f 70/769/37 493/772/37 370/772/37 36/769/37
f 235/806/161 470/815/161 547/815/161 242/806/161
f 470/815/73 471/792/73 274/792/73 547/815/73
f 539/742/161 228/751/161 368/751/161 241/742/161
f 453/97/4 111/797/4 660/797/4 454/97/4
f 455/702/161 67/713/161 254/713/161 187/702/161
f 360/796/4 374/795/4 371/795/4 114/796/4
f 493/772/4 135/761/4 112/761/4 370/772/4
f 67/713/37 133/716/37 255/716/37 254/713/37
f 471/792/4 572/791/4 275/791/4 274/792/4
f 404/752/4 767/743/4 35/743/4 369/752/4
f 133/716/4 182/704/4 657/704/4 255/716/4
f 48/715/37 238/833/37 548/833/37 373/715/37
f 135/761/73 7/760/73 256/760/73 112/761/73
f 572/791/37 235/806/37 242/806/37 275/791/37
f 523/550/233 521/550/233 40/550/445 522/550/445
f 677/550/446 611/550/446 522/550/445 40/550/445
f 611/550/446 677/550/446 251/550/447 680/550/447
f 251/550/447 388/550/448 313/550/448 680/550/447
f 313/550/448 388/550/448 724/550/449 723/550/449 59/550/449
f 499/895/37 550/896/37 415/897/37 414/898/37 629/899/37 78/48/37 497/46/37 701/44/37 702/42/37 167/38/37 139/36/37 287/34/37 703/32/37 79/31/37 199/900/37 628/901/37 289/902/37 288/903/37 704/904/37 631/905/37
f 552/550/37 203/550/37 605/550/37 168/550/37
f 501/906/450 785/47/30 786/49/31 383/50/32
f 662/907/451 784/45/29 785/47/30 501/906/450
f 86/908/452 801/43/28 784/45/29 662/907/451
f 118/909/453 790/40/27 801/43/28 86/908/452
f 119/910/454 791/37/26 790/39/27 118/911/453
f 661/912/455 783/35/25 791/37/26 119/910/454
f 630/913/456 800/33/24 783/35/25 661/912/455
f 500/11/7 788/10/6 800/33/24 630/913/456
usemtl Light
f 788/10/6 79/31/6 703/32/24 800/33/24
f 800/33/24 703/32/24 287/34/25 783/35/25
f 783/35/25 287/34/25 139/36/26 791/37/26
f 791/37/26 139/36/26 167/38/27 790/39/27
f 790/40/27 167/41/27 702/42/28 801/43/28
f 801/43/28 702/42/28 701/44/29 784/45/29
f 784/45/29 701/44/29 497/46/30 785/47/30
f 785/47/30 497/46/30 78/48/31 786/49/31
f 78/48/31 629/899/23 789/30/23 786/49/31
f 414/898/21 799/28/21 789/30/23 629/899/23
f 415/897/19 782/26/19 799/28/21 414/898/21
f 550/896/17 798/24/17 782/26/19 415/897/19
f 499/914/15 787/21/15 798/24/17 550/896/17
f 631/905/13 797/18/13 787/20/15 499/895/15
f 704/904/11 796/16/11 797/18/13 631/905/13
f 288/903/9 795/14/9 796/16/11 704/904/11
f 289/902/1 794/1/1 795/14/9 288/903/9
f 199/915/5 79/31/6 788/10/6 792/9/5
f 628/916/4 199/900/4 792/6/4 793/5/4
f 289/902/1 628/901/2 793/2/2 794/1/1
o Cube.001
v 0.374501 -0.852937 -3.181252
v -0.374501 -0.852937 -3.181252
v -0.374501 1.052937 -3.181252
v 0.374501 1.052937 -3.181252
v -0.374501 -0.852937 0.759666
v 0.374501 -0.852937 0.759666
v 0.374501 1.052937 0.759666
v -0.374501 1.052937 0.759666
v -0.552937 -0.273668 0.759666
v -0.552937 0.473668 0.759666
v -0.552937 0.473668 -3.181252
v -0.552937 -0.273668 -3.181252
v 0.552937 0.473668 -3.181252
v 0.552937 -0.273668 -3.181252
v 0.552937 0.473668 0.759666
v 0.552937 -0.273668 0.759666
v -0.552937 -0.730387 0.759666
v -0.430387 -0.852937 0.759666
v -0.547864 -0.768921 0.759666
v -0.536711 -0.795847 0.759666
v -0.518969 -0.818969 0.759666
v -0.495847 -0.836710 0.759666
v -0.468921 -0.847864 0.759666
v -0.430387 1.052937 1.000000
v -0.552937 0.930387 0.759666
v -0.468921 1.047864 1.000000
v -0.495847 1.036711 1.000000
v -0.518969 1.018969 1.000000
v -0.536711 0.995847 1.000000
v -0.547864 0.968921 0.759666
v -0.430387 -0.852937 -3.181252
v -0.552937 -0.730387 -3.181252
v -0.468921 -0.847864 -3.181252
v -0.495847 -0.836710 -3.181252
v -0.518969 -0.818969 -3.181252
v -0.536711 -0.795847 -3.181252
v -0.547864 -0.768921 -3.181252
v -0.552937 0.930387 -3.181252
v -0.430387 1.052937 -3.421587
v -0.547864 0.968921 -3.181252
v -0.536711 0.995847 -3.421587
v -0.518969 1.018969 -3.421587
v -0.495847 1.036711 -3.421587
v -0.468921 1.047864 -3.421587
v 0.430387 -0.852937 1.000000
v 0.552937 -0.730387 1.000000
v 0.468921 -0.847864 1.000000
v 0.495847 -0.836710 1.000000
v 0.518969 -0.818969 1.000000
v 0.536711 -0.795847 1.000000
v 0.547864 -0.768921 1.000000
v 0.552937 0.930387 1.000000
v 0.430387 1.052937 1.000000
v 0.547864 0.968921 1.000000
v 0.536711 0.995847 1.000000
v 0.518969 1.018969 1.000000
v 0.495847 1.036711 1.000000
v 0.468921 1.047864 1.000000
v 0.552937 -0.730387 -3.421587
v 0.430387 -0.852937 -3.421587
v 0.547864 -0.768921 -3.421587
v 0.536711 -0.795847 -3.421587
v 0.518969 -0.818969 -3.421587
v 0.495847 -0.836710 -3.421587
v 0.468921 -0.847864 -3.421587
v 0.430387 1.052937 -3.421587
v 0.552937 0.930387 -3.421587
v 0.468921 1.047864 -3.421587
v 0.495847 1.036711 -3.421587
v 0.518969 1.018969 -3.421587
v 0.536711 0.995847 -3.421587
v 0.547864 0.968921 -3.421587
v 0.374501 -1.000000 -3.181252
v -0.374501 -1.000000 -3.181252
v -0.374501 1.200000 -3.181252
v 0.374501 1.200000 -3.181252
v -0.374501 -1.000000 0.759666
v 0.374501 -1.000000 0.759666
v 0.374501 1.200000 0.759666
v -0.374501 1.200000 0.759666
v -0.700000 -0.273668 0.759666
v -0.700000 0.473668 0.759666
v -0.700000 0.473668 -3.181252
v -0.700000 -0.273668 -3.181252
v 0.700000 0.473668 -3.181252
v 0.700000 -0.273668 -3.181252
v 0.700000 0.473668 0.759666
v 0.700000 -0.273668 0.759666
v -0.507312 -0.991142 -3.181252
v -0.440026 -1.000000 -3.181252
v -0.440026 -1.000000 1.000000
v -0.507312 -0.991142 0.759666
v -0.570013 -0.965170 -3.181252
v -0.570013 -0.965170 0.759666
v -0.623855 -0.923855 -3.181252
v -0.623855 -0.923855 0.759666
v -0.665170 -0.870013 -3.181252
v -0.665170 -0.870013 0.759666
v -0.691142 -0.807312 -3.181252
v -0.691142 -0.807312 0.759666
v -0.700000 -0.740026 -3.181252
v -0.700000 -0.740026 0.759666
v -0.507312 1.191142 0.759666
v -0.440026 1.200000 0.759666
v -0.440026 1.200000 -3.421587
v -0.507312 1.191142 -3.181252
v -0.570013 1.165170 0.759666
v -0.570013 1.165170 -3.181252
v -0.623855 1.123855 0.759666
v -0.623855 1.123855 -3.181252
v -0.665170 1.070013 0.759666
v -0.665170 1.070013 -3.181252
v -0.691142 1.007312 0.759666
v -0.691142 1.007312 -3.181252
v -0.700000 0.940026 0.759666
v -0.700000 0.940026 -3.181252
v 0.507312 -0.991142 0.759666
v 0.440026 -1.000000 0.759666
v 0.440026 -1.000000 -3.421587
v 0.507312 -0.991142 -3.181252
v 0.570013 -0.965170 0.759666
v 0.570013 -0.965170 -3.181252
v 0.623855 -0.923855 0.759666
v 0.623855 -0.923855 -3.181252
v 0.665170 -0.870013 0.759666
v 0.665170 -0.870013 -3.181252
v 0.691142 -0.807312 0.759666
v 0.691142 -0.807312 -3.181252
v 0.700000 -0.740026 0.759666
v 0.700000 -0.740026 -3.181252
v 0.507312 1.191142 -3.181252
v 0.440026 1.200000 -3.181252
v 0.440026 1.200000 1.000000
v 0.507312 1.191142 0.759666
v 0.570013 1.165170 -3.181252
v 0.570013 1.165170 0.759666
v 0.623855 1.123855 -3.181252
v 0.623855 1.123855 0.759666
v 0.665170 1.070013 -3.181252
v 0.665170 1.070013 0.759666
v 0.691142 1.007312 -3.181252
v 0.691142 1.007312 0.759666
v 0.700000 0.940026 -3.181252
v 0.700000 0.940026 0.759666
v 0.134167 1.200000 -3.421587
v 0.134167 1.200000 1.000000
v -0.134167 1.200000 -3.421587
v -0.134167 1.200000 1.000000
v -0.134167 -1.000000 -3.421587
v -0.134167 -1.000000 1.000000
v 0.134167 -1.000000 -3.421587
v 0.134167 -1.000000 1.000000
v -0.134167 1.052937 1.000000
v -0.134167 1.052937 -3.421587
v 0.134167 1.052937 1.000000
v 0.134167 1.052937 -3.421587
v 0.552937 0.233333 1.000000
v 0.552937 0.233333 -3.421587
v 0.552937 -0.033333 1.000000
v 0.552937 -0.033333 -3.421587
v 0.700000 -0.033333 -3.421587
v 0.700000 -0.033333 1.000000
v 0.700000 0.233333 -3.421587
v 0.700000 0.233333 1.000000
v 0.134167 -0.852937 -3.421587
v 0.134167 -0.852937 1.000000
v -0.700000 -0.033333 1.000000
v -0.700000 -0.033333 -3.421587
v -0.700000 0.233333 1.000000
v -0.700000 0.233333 -3.421587
v -0.507312 -0.991142 -3.421587
v -0.440026 -1.000000 -3.421587
v -0.440026 -1.000000 0.759666
v -0.507312 -0.991142 1.000000
v -0.570013 -0.965170 -3.421587
v -0.570013 -0.965170 1.000000
v -0.623855 -0.923855 -3.421587
v -0.623855 -0.923855 1.000000
v -0.665170 -0.870013 -3.421587
v -0.665170 -0.870013 1.000000
v -0.691142 -0.807312 -3.421587
v -0.691142 -0.807312 1.000000
v -0.700000 -0.740026 -3.421587
v -0.700000 -0.740026 1.000000
v -0.507312 1.191142 1.000000
v -0.440026 1.200000 1.000000
v -0.440026 1.200000 -3.181252
v -0.507312 1.191142 -3.421587
v -0.570013 1.165170 1.000000
v -0.570013 1.165170 -3.421587
v -0.623855 1.123855 1.000000
v -0.623855 1.123855 -3.421587
v -0.665170 1.070013 1.000000
v -0.665170 1.070013 -3.421587
v -0.691142 1.007312 1.000000
v -0.691142 1.007312 -3.421587
v -0.700000 0.940026 1.000000
v -0.700000 0.940026 -3.421587
v 0.507312 -0.991142 1.000000
v 0.440026 -1.000000 1.000000
v 0.440026 -1.000000 -3.181252
v 0.507312 -0.991142 -3.421587
v 0.570013 -0.965170 1.000000
v 0.570013 -0.965170 -3.421587
v 0.623855 -0.923855 1.000000
v 0.623855 -0.923855 -3.421587
v 0.665170 -0.870013 1.000000
v 0.665170 -0.870013 -3.421587
v 0.691142 -0.807312 1.000000
v 0.691142 -0.807312 -3.421587
v 0.700000 -0.740026 1.000000
v 0.700000 -0.740026 -3.421587
v 0.507312 1.191142 -3.421587
v 0.440026 1.200000 -3.421587
v 0.440026 1.200000 0.759666
v 0.507312 1.191142 1.000000
v 0.570013 1.165170 -3.421587
v 0.570013 1.165170 1.000000
v 0.623855 1.123855 -3.421587
v 0.623855 1.123855 1.000000
v 0.665170 1.070013 -3.421587
v 0.665170 1.070013 1.000000
v 0.691142 1.007312 -3.421587
v 0.691142 1.007312 1.000000
v 0.700000 0.940026 -3.421587
v 0.700000 0.940026 1.000000
v -0.468921 -0.847864 -3.421587
v -0.430387 -0.852937 -3.421587
v -0.430387 -0.852937 1.000000
v -0.468921 -0.847864 1.000000
v -0.495847 -0.836710 -3.421587
v -0.495847 -0.836710 1.000000
v -0.518969 -0.818969 -3.421587
v -0.518969 -0.818969 1.000000
v -0.536711 -0.795847 -3.421587
v -0.536711 -0.795847 1.000000
v -0.547864 -0.768921 -3.421587
v -0.547864 -0.768921 1.000000
v -0.552937 -0.730387 -3.421587
v -0.552937 -0.730387 1.000000
v -0.468921 1.047864 0.759666
v -0.430387 1.052937 0.759666
v -0.430387 1.052937 -3.181252
v -0.468921 1.047864 -3.181252
v -0.495847 1.036711 0.759666
v -0.495847 1.036711 -3.181252
v -0.518969 1.018969 0.759666
v -0.518969 1.018969 -3.181252
v -0.536711 0.995847 0.759666
v -0.536711 0.995847 -3.181252
v -0.547864 0.968921 1.000000
v -0.547864 0.968921 -3.421587
v -0.552937 0.930387 1.000000
v -0.552937 0.930387 -3.421587
v 0.468921 -0.847864 0.759666
v 0.430387 -0.852937 0.759666
v 0.430387 -0.852937 -3.181252
v 0.468921 -0.847864 -3.181252
v 0.495847 -0.836710 0.759666
v 0.495847 -0.836710 -3.181252
v 0.518969 -0.818969 0.759666
v 0.518969 -0.818969 -3.181252
v 0.536711 -0.795847 0.759666
v 0.536711 -0.795847 -3.181252
v 0.547864 -0.768921 0.759666
v 0.547864 -0.768921 -3.181252
v 0.552937 -0.730387 0.759666
v 0.552937 -0.730387 -3.181252
v 0.468921 1.047864 -3.181252
v 0.430387 1.052937 -3.181252
v 0.430387 1.052937 0.759666
v 0.468921 1.047864 0.759666
v 0.495847 1.036711 -3.181252
v 0.495847 1.036711 0.759666
v 0.518969 1.018969 -3.181252
v 0.518969 1.018969 0.759666
v 0.536711 0.995847 -3.181252
v 0.536711 0.995847 0.759666
v 0.547864 0.968921 -3.181252
v 0.547864 0.968921 0.759666
v 0.552937 0.930387 -3.181252
v 0.552937 0.930387 0.759666
v -0.552937 -0.033333 1.000000
v -0.552937 -0.033333 -3.421587
v -0.134167 -0.852937 -3.421587
v -0.134167 -0.852937 1.000000
v -0.552937 0.233333 1.000000
v -0.552937 0.233333 -3.421587
vn -0.0000 -0.0000 1.0000
vn -0.0000 -0.0000 -1.0000
vn -0.0000 1.0000 -0.0000
vn -0.0000 -1.0000 -0.0000
vn 1.0000 -0.0000 -0.0000
vn -1.0000 -0.0000 -0.0000
vn -0.0654 -0.9979 -0.0000
vn -0.2588 -0.9659 -0.0000
vn -0.5000 -0.8660 -0.0000
vn -0.7071 -0.7071 -0.0000
vn -0.8660 -0.5000 -0.0000
vn -0.9659 -0.2588 -0.0000
vn -0.9979 -0.0654 -0.0000
vn -0.0654 0.9979 -0.0000
vn -0.2588 0.9659 -0.0000
vn -0.5000 0.8660 -0.0000
vn -0.7071 0.7071 -0.0000
vn -0.8660 0.5000 -0.0000
vn -0.9659 0.2588 -0.0000
vn -0.9979 0.0654 -0.0000
vn 0.0654 -0.9979 -0.0000
vn 0.2588 -0.9659 -0.0000
vn 0.5000 -0.8660 -0.0000
vn 0.7071 -0.7071 -0.0000
vn 0.8660 -0.5000 -0.0000
vn 0.9659 -0.2588 -0.0000
vn 0.9979 -0.0654 -0.0000
vn 0.0654 0.9979 -0.0000
vn 0.2588 0.9659 -0.0000
vn 0.5000 0.8660 -0.0000
vn 0.7071 0.7071 -0.0000
vn 0.8660 0.5000 -0.0000
vn 0.9659 0.2588 -0.0000
vn 0.9979 0.0654 -0.0000
vt 0.610372 0.321099
vt 0.610859 0.326157
vt 0.836712 0.513589
vt 0.846622 0.513589
vt 0.609299 0.317564
vt 0.855856 0.513589
vt 0.610371 0.766744
vt 0.610859 0.771802
vt 0.663288 0.736411
vt 0.653378 0.736411
vt 0.609299 0.763209
vt 0.644144 0.736411
vt 0.607593 0.760174
vt 0.625000 0.736411
vt 0.605370 0.757845
vt 0.612501 0.736411
vt 0.602781 0.756382
vt 0.606472 0.736411
vt 0.599076 0.755715
vt 0.600002 0.736411
vt 0.389628 0.483256
vt 0.389141 0.478198
vt 0.336712 0.513589
vt 0.346622 0.513589
vt 0.561460 0.755716
vt 0.561506 0.736411
vt 0.561460 0.494284
vt 0.561506 0.513589
vt 0.599076 0.494284
vt 0.600002 0.513589
vt 0.602781 0.493618
vt 0.606472 0.513589
vt 0.390701 0.486791
vt 0.355856 0.513589
vt 0.392407 0.489826
vt 0.375000 0.513589
vt 0.394630 0.492154
vt 0.387499 0.513589
vt 0.397219 0.493618
vt 0.393528 0.513589
vt 0.400924 0.494284
vt 0.399998 0.513589
vt 0.438540 0.494284
vt 0.438494 0.513589
vt 0.438539 0.755716
vt 0.438494 0.736411
vt 0.541667 0.771659
vt 0.541667 0.478341
vt 0.541667 0.500000
vt 0.541667 0.750000
vt 0.400924 0.755716
vt 0.399997 0.736411
vt 0.397219 0.756382
vt 0.393528 0.736411
vt 0.389628 0.928901
vt 0.389141 0.923843
vt 0.163288 0.736411
vt 0.153378 0.736411
vt 0.390701 0.932436
vt 0.144144 0.736411
vt 0.392407 0.935471
vt 0.125000 0.736411
vt 0.394630 0.937800
vt 0.375000 0.013589
vt 0.387499 0.013589
vt 0.397219 0.939264
vt 0.393528 0.013589
vt 0.400924 0.939930
vt 0.399998 0.013589
vt 0.438539 0.939930
vt 0.438494 0.013589
vt 0.607593 0.314529
vt 0.875000 0.513589
vt 0.605370 0.312200
vt 0.625000 0.236411
vt 0.612501 0.236411
vt 0.602781 0.310736
vt 0.606472 0.236411
vt 0.599076 0.310070
vt 0.600002 0.236411
vt 0.561460 0.310070
vt 0.561506 0.236411
vt 0.561460 0.939930
vt 0.561506 0.013589
vt 0.394630 0.757846
vt 0.387499 0.736411
vt 0.392407 0.760175
vt 0.375000 0.736411
vt 0.390701 0.763209
vt 0.355856 0.736411
vt 0.389628 0.766744
vt 0.346622 0.736411
vt 0.389141 0.771802
vt 0.336712 0.736411
vt 0.389141 0.779014
vt 0.327062 0.736411
vt 0.605370 0.492154
vt 0.612501 0.513589
vt 0.607593 0.489826
vt 0.625000 0.513589
vt 0.609299 0.486790
vt 0.644144 0.513589
vt 0.610371 0.483256
vt 0.653378 0.513589
vt 0.610859 0.478198
vt 0.663288 0.513589
vt 0.610859 0.470987
vt 0.672938 0.513589
vt 0.438540 0.310070
vt 0.438494 0.236411
vt 0.375000 0.333333
vt 0.389141 0.333333
vt 0.389141 0.916667
vt 0.375000 0.916667
vt 0.625000 0.333333
vt 0.625000 0.916667
vt 0.610859 0.916667
vt 0.610859 0.333333
vt 0.375000 0.833333
vt 0.389141 0.833333
vt 0.389141 0.416667
vt 0.375000 0.416667
vt 0.625000 0.416667
vt 0.610859 0.416667
vt 0.610859 0.833333
vt 0.625000 0.833333
vt 0.458333 0.250000
vt 0.458333 1.000000
vt 0.458333 0.978341
vt 0.458333 0.271659
vt 0.458333 0.771659
vt 0.458333 0.750000
vt 0.458333 0.500000
vt 0.458333 0.478341
vt 0.389628 0.284032
vt 0.389141 0.289707
vt 0.375000 0.288288
vt 0.375852 0.278378
vt 0.389141 0.960293
vt 0.389628 0.965968
vt 0.375852 0.971622
vt 0.375000 0.961712
vt 0.390701 0.280067
vt 0.378349 0.269144
vt 0.390701 0.969933
vt 0.378349 0.980856
vt 0.392407 0.276661
vt 0.382322 0.261214
vt 0.392407 0.973338
vt 0.382322 0.988786
vt 0.394630 0.274049
vt 0.387499 0.255130
vt 0.394630 0.975951
vt 0.387499 0.994870
vt 0.397219 0.272406
vt 0.393528 0.251305
vt 0.397219 0.977594
vt 0.393528 0.998695
vt 0.400924 0.271659
vt 0.399998 0.250000
vt 0.400924 0.978341
vt 0.399997 1.000000
vt 0.610371 0.965968
vt 0.610859 0.960293
vt 0.625000 0.961712
vt 0.624148 0.971622
vt 0.610859 0.289707
vt 0.610372 0.284032
vt 0.624148 0.278378
vt 0.625000 0.288288
vt 0.609299 0.969933
vt 0.621651 0.980856
vt 0.609299 0.280067
vt 0.621651 0.269144
vt 0.607593 0.973338
vt 0.617678 0.988786
vt 0.607593 0.276661
vt 0.617678 0.261214
vt 0.605370 0.975951
vt 0.612501 0.994870
vt 0.605370 0.274049
vt 0.612501 0.255130
vt 0.602781 0.977594
vt 0.606472 0.998695
vt 0.602781 0.272406
vt 0.606472 0.251305
vt 0.599076 0.978341
vt 0.600002 1.000000
vt 0.599076 0.271659
vt 0.600003 0.250000
vt 0.389628 0.784032
vt 0.389141 0.789707
vt 0.375000 0.788288
vt 0.375852 0.778378
vt 0.389141 0.460293
vt 0.389628 0.465968
vt 0.375852 0.471622
vt 0.375000 0.461712
vt 0.390701 0.780067
vt 0.378349 0.769144
vt 0.390701 0.469933
vt 0.378349 0.480856
vt 0.392407 0.776662
vt 0.382322 0.761214
vt 0.392407 0.473338
vt 0.382322 0.488786
vt 0.394630 0.774049
vt 0.387499 0.755130
vt 0.394630 0.475951
vt 0.387499 0.494870
vt 0.397219 0.772406
vt 0.393528 0.751305
vt 0.397219 0.477594
vt 0.393528 0.498695
vt 0.400924 0.771659
vt 0.399998 0.750000
vt 0.400924 0.478341
vt 0.399997 0.500000
vt 0.610371 0.465968
vt 0.610859 0.460293
vt 0.625000 0.461712
vt 0.624148 0.471622
vt 0.610859 0.789707
vt 0.610371 0.784032
vt 0.624148 0.778378
vt 0.625000 0.788288
vt 0.609299 0.469933
vt 0.621651 0.480856
vt 0.609299 0.780067
vt 0.621651 0.769144
vt 0.607593 0.473339
vt 0.617678 0.488786
vt 0.607593 0.776662
vt 0.617678 0.761214
vt 0.605370 0.475951
vt 0.612501 0.494870
vt 0.605370 0.774048
vt 0.612501 0.755130
vt 0.602781 0.477594
vt 0.606472 0.498695
vt 0.602781 0.772406
vt 0.606472 0.751305
vt 0.599076 0.478341
vt 0.600002 0.500000
vt 0.599076 0.771659
vt 0.600003 0.750000
vt 0.541667 0.978341
vt 0.541667 1.000000
vt 0.541667 0.271659
vt 0.541667 0.250000
vt 0.599076 0.939930
vt 0.600002 0.013589
vt 0.602781 0.939264
vt 0.606472 0.013589
vt 0.605370 0.937800
vt 0.612501 0.013589
vt 0.607593 0.935471
vt 0.625000 0.013589
vt 0.609299 0.932436
vt 0.875000 0.736411
vt 0.855856 0.736411
vt 0.610371 0.928901
vt 0.846622 0.736411
vt 0.610859 0.923843
vt 0.836712 0.736411
vt 0.610859 0.916632
vt 0.827062 0.736411
vt 0.400924 0.310070
vt 0.399997 0.236411
vt 0.397219 0.310736
vt 0.393528 0.236411
vt 0.394630 0.312200
vt 0.387499 0.236411
vt 0.392407 0.314529
vt 0.375000 0.236411
vt 0.390701 0.317564
vt 0.125000 0.513589
vt 0.144144 0.513589
vt 0.389628 0.321099
vt 0.153378 0.513589
vt 0.389141 0.326157
vt 0.163288 0.513589
vt 0.389141 0.333368
vt 0.172938 0.513589
vt 0.672938 0.736411
vt 0.708333 0.500000
vt 0.708333 0.750000
vt 0.827062 0.513589
vt 0.791667 0.750000
vt 0.791667 0.500000
vt 0.172938 0.736411
vt 0.208333 0.500000
vt 0.208333 0.750000
vt 0.327062 0.513589
vt 0.291667 0.750000
vt 0.291667 0.500000
vt 0.610859 0.333368
vt 0.610859 0.779013
vt 0.389141 0.470987
vt 0.458333 0.000000
vt 0.541667 0.000000
vt 0.153378 0.500000
vt 0.163288 0.500000
vt 0.163288 0.750000
vt 0.153378 0.750000
vt 0.144144 0.500000
vt 0.144144 0.750000
vt 0.125000 0.500000
vt 0.125000 0.750000
vt 0.387499 0.250000
vt 0.375000 0.250000
vt 0.375000 0.000000
vt 0.387499 0.000000
vt 0.393528 0.250000
vt 0.393528 0.000000
vt 0.399997 0.250000
vt 0.399998 0.000000
vt 0.846622 0.750000
vt 0.836712 0.750000
vt 0.836712 0.500000
vt 0.846622 0.500000
vt 0.855856 0.750000
vt 0.855856 0.500000
vt 0.875000 0.750000
vt 0.875000 0.500000
vt 0.612501 0.000000
vt 0.625000 0.000000
vt 0.625000 0.250000
vt 0.612501 0.250000
vt 0.606472 0.000000
vt 0.606472 0.250000
vt 0.600003 0.000000
vt 0.600002 0.250000
vt 0.346622 0.750000
vt 0.336712 0.750000
vt 0.336712 0.500000
vt 0.346622 0.500000
vt 0.355856 0.750000
vt 0.355856 0.500000
vt 0.375000 0.750000
vt 0.375000 0.500000
vt 0.387499 0.750000
vt 0.387499 0.500000
vt 0.393528 0.750000
vt 0.393528 0.500000
vt 0.399997 0.750000
vt 0.399998 0.500000
vt 0.653378 0.500000
vt 0.663288 0.500000
vt 0.663288 0.750000
vt 0.653378 0.750000
vt 0.644144 0.500000
vt 0.644144 0.750000
vt 0.625000 0.500000
vt 0.625000 0.750000
vt 0.612501 0.500000
vt 0.612501 0.750000
vt 0.606472 0.500000
vt 0.606472 0.750000
vt 0.600003 0.500000
vt 0.600002 0.750000
vt 0.389141 0.916632
s 1
usemtl Black
f 1045/917/457 1044/918/457 988/919/457 907/920/457
f 1047/921/457 1045/917/457 907/920/457 909/922/457
f 1073/923/458 1072/924/458 1016/925/458 935/926/458
f 1075/927/458 1073/923/458 935/926/458 937/928/458
f 1077/929/458 1075/927/458 937/928/458 939/930/458
f 1079/931/458 1077/929/458 939/930/458 941/932/458
f 1081/933/458 1079/931/458 941/932/458 943/934/458
f 1083/935/458 1081/933/458 943/934/458 945/936/458
f 1059/937/457 1058/938/457 1002/939/457 921/940/457
f 816/941/458 1083/935/458 945/936/458 888/942/458
f 814/943/459 816/941/459 888/942/459 886/944/459
f 1082/945/457 814/943/457 886/944/457 944/946/457
f 1080/947/457 1082/945/457 944/946/457 942/948/457
f 1061/949/457 1059/937/457 921/940/457 923/950/457
f 1063/951/457 1061/949/457 923/950/457 925/952/457
f 1065/953/457 1063/951/457 925/952/457 927/954/457
f 1067/955/457 1065/953/457 927/954/457 929/956/457
f 1069/957/457 1067/955/457 929/956/457 931/958/457
f 815/959/457 1069/957/457 931/958/457 887/960/457
f 817/961/460 815/959/460 887/960/460 889/962/460
f 958/963/460 959/964/460 964/965/460 965/966/460
f 1068/967/458 817/961/458 889/962/458 930/968/458
f 1066/969/458 1068/967/458 930/968/458 928/970/458
f 824/971/458 819/972/458 974/973/458 893/974/458
f 823/975/458 824/971/458 893/974/458 895/976/458
f 822/977/458 823/975/458 895/976/458 897/978/458
f 821/979/458 822/977/458 897/980/458 899/981/458
f 820/982/458 821/979/458 899/981/458 901/983/458
f 818/984/458 820/982/458 901/983/458 903/985/458
f 810/986/458 818/984/458 903/985/458 882/987/458
f 1049/988/457 1047/921/457 909/922/457 911/989/457
f 1051/990/457 1049/988/457 911/991/457 913/992/457
f 841/993/457 1051/990/457 913/992/457 915/994/457
f 839/995/457 841/993/457 915/994/457 917/996/457
f 812/997/457 839/995/457 917/996/457 884/998/457
f 811/999/459 812/997/459 884/998/459 883/1000/459
f 1064/1001/458 1066/969/458 928/970/458 926/1002/458
f 1062/1003/458 1064/1001/458 926/1002/458 924/1004/458
f 1060/1005/458 1062/1003/458 924/1004/458 922/1006/458
f 1056/1007/458 1060/1005/458 922/1006/458 918/1008/458
f 1057/1009/458 1056/1007/458 918/1008/458 919/1010/458
f 807/1011/458 1057/1009/458 919/1010/458 879/1012/458
f 1078/1013/457 1080/947/457 942/948/457 940/1014/457
f 1076/1015/457 1078/1013/457 940/1014/457 938/1016/457
f 1074/1017/457 1076/1015/457 938/1016/457 936/1018/457
f 1070/1019/457 1074/1017/457 936/1018/457 932/1020/457
f 1071/1021/457 1070/1019/457 932/1020/457 933/1022/457
f 805/1023/457 1071/1021/457 933/1022/457 877/1024/457
f 813/1025/460 810/986/460 882/987/460 885/1026/460
f 950/1027/461 1086/1028/461 1087/1029/461 951/1030/461
f 948/1031/461 949/1032/461 954/1033/461 955/1034/461
f 953/1035/462 967/1036/462 966/1037/462 952/1038/462
f 946/1039/462 957/1040/462 956/1041/462 947/1042/462
f 969/1043/459 968/1044/459 1084/1045/459 1085/1046/459
f 960/1047/459 963/1048/459 962/1049/459 961/1050/459
f 1028/1051/458 1029/1052/458 973/1053/458 972/1054/458
f 1030/1055/457 1031/1056/457 975/1057/457 892/1058/457
f 1032/1059/458 1028/1051/458 972/1054/458 976/1060/458
f 1031/1056/457 1033/1061/457 977/1062/457 975/1057/457
f 1034/1063/458 1032/1059/458 976/1060/458 978/1064/458
f 1033/1061/457 1035/1065/457 979/1066/457 977/1062/457
f 1036/1067/458 1034/1063/458 978/1064/458 980/1068/458
f 1035/1065/457 1037/1069/457 981/1070/457 979/1066/457
f 1038/1071/458 1036/1067/458 980/1068/458 982/1072/458
f 1037/1069/457 1039/1073/457 983/1074/457 981/1070/457
f 1040/1075/458 1038/1071/458 982/1072/458 984/1076/458
f 1039/1073/457 1041/1077/457 985/1078/457 983/1074/457
f 827/1079/457 825/1080/457 987/1081/457 986/1082/457
f 840/1083/458 845/1084/458 989/1085/458 906/1086/458
f 828/1087/457 827/1079/457 986/1082/457 990/1088/457
f 845/1084/458 844/1089/458 991/1090/458 989/1085/458
f 829/1091/457 828/1087/457 990/1088/457 992/1092/457
f 844/1089/458 843/1093/458 993/1094/458 991/1090/458
f 830/1095/457 829/1091/457 992/1092/457 994/1096/457
f 843/1093/458 842/1097/458 995/1098/458 993/1094/458
f 1052/1099/457 830/1095/457 994/1096/457 996/1100/457
f 842/1097/458 1053/1101/458 997/1102/458 995/1098/458
f 1054/1103/457 1052/1099/457 996/1100/457 998/1104/457
f 1053/1101/458 1055/1105/458 999/1106/458 997/1102/458
f 848/1107/457 846/1108/457 1001/1109/457 1000/1110/457
f 861/1111/458 866/1112/458 1003/1113/458 920/1114/458
f 849/1115/457 848/1107/457 1000/1110/457 1004/1116/457
f 866/1112/458 865/1117/458 1005/1118/458 1003/1113/458
f 850/1119/457 849/1115/457 1004/1116/457 1006/1120/457
f 865/1117/458 864/1121/458 1007/1122/458 1005/1118/458
f 851/1123/457 850/1119/457 1006/1120/457 1008/1124/457
f 864/1121/458 863/1125/458 1009/1126/458 1007/1122/458
f 852/1127/457 851/1123/457 1008/1124/457 1010/1128/457
f 863/1125/458 862/1129/458 1011/1130/458 1009/1126/458
f 847/1131/457 852/1127/457 1010/1128/457 1012/1132/457
f 862/1129/458 860/1133/458 1013/1134/458 1011/1130/458
f 869/1135/458 867/1136/458 1015/1137/458 1014/1138/458
f 854/1139/457 859/1140/457 1017/1141/457 934/1142/457
f 870/1143/458 869/1135/458 1014/1138/458 1018/1144/458
f 859/1140/457 858/1145/457 1019/1146/457 1017/1141/457
f 871/1147/458 870/1143/458 1018/1144/458 1020/1148/458
f 858/1145/457 857/1149/457 1021/1150/457 1019/1146/457
f 872/1151/458 871/1147/458 1020/1148/458 1022/1152/458
f 857/1149/457 856/1153/457 1023/1154/457 1021/1150/457
f 873/1155/458 872/1151/458 1022/1152/458 1024/1156/458
f 856/1153/457 855/1157/457 1025/1158/457 1023/1154/457
f 868/1159/458 873/1155/458 1024/1156/458 1026/1160/458
f 855/1157/457 853/1161/457 1027/1162/457 1025/1158/457
f 1041/1077/457 1084/1045/457 968/1044/457 985/1078/457
f 1085/1046/458 1040/1075/458 984/1076/458 969/1043/458
f 1029/1052/458 1086/1028/458 950/1027/458 973/1053/458
f 1087/1029/457 1030/1055/457 892/1058/457 951/1030/457
f 825/1080/457 954/1033/457 949/1032/457 987/1081/457
f 1088/1163/457 1054/1103/457 998/1104/457 970/1164/457
f 1055/1105/458 1089/1165/458 971/1166/458 999/1106/458
f 955/1034/458 840/1083/458 906/1086/458 948/1031/458
f 860/1133/458 961/1050/458 962/1049/458 1013/1134/458
f 960/1047/457 847/1131/457 1012/1132/457 963/1048/457
f 846/1108/457 967/1036/457 953/1035/457 1001/1109/457
f 966/1037/458 861/1111/458 920/1114/458 952/1038/458
f 867/1136/458 957/1040/458 946/1039/458 1015/1137/458
f 956/1041/457 854/1139/457 934/1142/457 947/1042/457
f 853/1161/457 958/963/457 965/966/457 1027/1162/457
f 959/964/458 868/1159/458 1026/1160/458 964/965/458
f 826/1167/458 811/999/458 883/1000/458 916/1168/458
f 831/1169/458 826/1167/458 916/1168/458 914/1170/458
f 1050/1171/458 831/1169/458 914/1170/458 912/1172/458
f 1048/1173/458 1050/1171/458 912/1172/458 910/1174/458
f 1046/1175/458 1048/1173/458 910/1176/458 908/1177/458
f 1042/1178/458 1046/1175/458 908/1177/458 904/1179/458
f 1043/1180/458 1042/1178/458 904/1179/458 905/1181/458
f 809/1182/458 1043/1180/458 905/1181/458 881/1183/458
f 971/1166/460 1089/1165/460 1088/1163/460 970/1164/460
f 833/1184/457 813/1025/457 885/1026/457 902/1185/457
f 838/1186/457 833/1184/457 902/1185/457 900/1187/457
f 837/1188/457 838/1186/457 900/1187/457 898/1189/457
f 836/1190/457 837/1188/457 898/1189/457 896/1191/457
f 835/1192/457 836/1190/457 896/1193/457 894/1194/457
f 834/1195/457 835/1192/457 894/1194/457 890/1196/457
f 832/1197/457 834/1195/457 890/1196/457 891/1198/457
f 803/1199/457 832/1197/457 891/1198/457 875/1200/457
f 1035/1065/457 1033/1061/457 1031/1056/457 1030/1055/457 1087/1029/457 967/1036/457 846/1108/457 848/1107/457 849/1115/457 850/1119/457 851/1123/457 852/1127/457 847/1131/457 960/1047/457 958/963/457 853/1161/457 855/1157/457 856/1153/457 857/1149/457 858/1145/457 859/1140/457 854/1139/457 956/1041/457 954/1033/457 825/1080/457 827/1079/457 828/1087/457 829/1091/457 830/1095/457 1052/1099/457 1054/1103/457 1088/1163/457 1084/1045/457 1041/1077/457 1039/1073/457 1037/1069/457
f 880/1201/459 877/1024/459 946/1202/459 947/1203/459
f 876/1204/459 881/1183/459 949/1205/459 948/1206/459
f 878/1207/460 875/1200/460 950/1208/460 951/1209/460
f 874/1210/460 879/1012/460 953/1211/460 952/1212/460
f 809/1182/460 804/1213/460 955/1034/460 954/1033/460
f 805/1023/460 808/1214/460 956/1041/460 957/1040/460
f 816/941/462 814/943/462 959/964/462 958/963/462
f 815/959/462 817/961/462 960/1047/462 961/1050/462
f 889/962/461 887/960/461 962/1049/461 963/1048/461
f 886/944/461 888/942/461 965/966/461 964/965/461
f 807/1011/459 802/1215/459 966/1037/459 967/1036/459
f 885/1026/462 882/987/462 968/1216/462 969/1043/462
f 883/1000/462 884/998/462 971/1166/462 970/1217/462
f 891/1198/463 890/1196/464 972/1218/464 973/1219/463
f 893/974/464 974/973/463 892/1220/463 975/1221/464
f 890/1196/464 894/1194/465 976/1222/465 972/1218/464
f 895/976/465 893/974/464 975/1221/464 977/1223/465
f 894/1194/465 896/1193/466 978/1224/466 976/1222/465
f 897/978/466 895/976/465 977/1223/465 979/1225/466
f 896/1191/466 898/1189/467 980/1226/467 978/1227/466
f 899/981/467 897/980/466 979/1228/466 981/1229/467
f 898/1189/467 900/1187/468 982/1230/468 980/1226/467
f 901/983/468 899/981/467 981/1229/467 983/1231/468
f 900/1187/468 902/1185/469 984/1232/469 982/1230/468
f 903/985/469 901/983/468 983/1231/468 985/1233/469
f 905/1181/470 904/1179/471 986/1234/471 987/1235/470
f 907/920/471 988/919/470 906/1236/470 989/1237/471
f 904/1179/471 908/1177/472 990/1238/472 986/1234/471
f 909/922/472 907/920/471 989/1237/471 991/1239/472
f 908/1177/472 910/1176/473 992/1240/473 990/1238/472
f 911/989/473 909/922/472 991/1239/472 993/1241/473
f 910/1174/473 912/1172/474 994/1242/474 992/1243/473
f 913/992/474 911/991/473 993/1244/473 995/1245/474
f 912/1172/474 914/1170/475 996/1246/475 994/1242/474
f 915/994/475 913/992/474 995/1245/474 997/1247/475
f 914/1170/475 916/1168/476 998/1248/476 996/1246/475
f 917/996/476 915/994/475 997/1247/475 999/1249/476
f 919/1010/477 918/1008/478 1000/1250/478 1001/1251/477
f 921/940/478 1002/939/477 920/1252/477 1003/1253/478
f 918/1008/478 922/1006/479 1004/1254/479 1000/1250/478
f 923/950/479 921/940/478 1003/1253/478 1005/1255/479
f 922/1006/479 924/1004/480 1006/1256/480 1004/1254/479
f 925/952/480 923/950/479 1005/1255/479 1007/1257/480
f 924/1004/480 926/1002/481 1008/1258/481 1006/1256/480
f 927/954/481 925/952/480 1007/1257/480 1009/1259/481
f 926/1002/481 928/970/482 1010/1260/482 1008/1258/481
f 929/956/482 927/954/481 1009/1259/481 1011/1261/482
f 928/970/482 930/968/483 1012/1262/483 1010/1260/482
f 931/958/483 929/956/482 1011/1261/482 1013/1263/483
f 933/1022/484 932/1020/485 1014/1264/485 1015/1265/484
f 935/926/485 1016/925/484 934/1266/484 1017/1267/485
f 932/1020/485 936/1018/486 1018/1268/486 1014/1264/485
f 937/928/486 935/926/485 1017/1267/485 1019/1269/486
f 936/1018/486 938/1016/487 1020/1270/487 1018/1268/486
f 939/930/487 937/928/486 1019/1269/486 1021/1271/487
f 938/1016/487 940/1014/488 1022/1272/488 1020/1270/487
f 941/932/488 939/930/487 1021/1271/487 1023/1273/488
f 940/1014/488 942/948/489 1024/1274/489 1022/1272/488
f 943/934/489 941/932/488 1023/1273/488 1025/1275/489
f 942/948/489 944/946/490 1026/1276/490 1024/1274/489
f 945/936/490 943/934/489 1025/1275/489 1027/1277/490
f 882/987/462 903/985/469 985/1233/469 968/1216/462
f 902/1185/469 885/1026/462 969/1043/462 984/1232/469
f 875/1200/460 891/1198/463 973/1219/463 950/1208/460
f 974/973/463 878/1207/460 951/1209/460 892/1220/463
f 881/1183/459 905/1181/470 987/1235/470 949/1205/459
f 916/1168/476 883/1000/462 970/1217/462 998/1248/476
f 884/998/462 917/996/476 999/1249/476 971/1166/462
f 988/919/470 876/1204/459 948/1206/459 906/1236/470
f 887/960/461 931/958/483 1013/1263/483 962/1049/461
f 930/968/483 889/962/461 963/1048/461 1012/1262/483
f 879/1012/460 919/1010/477 1001/1251/477 953/1211/460
f 1002/939/477 874/1210/460 952/1212/460 920/1252/477
f 877/1024/459 933/1022/484 1015/1265/484 946/1202/459
f 1016/925/484 880/1201/459 947/1203/459 934/1266/484
f 888/942/461 945/936/490 1027/1277/490 965/966/461
f 944/946/490 886/944/461 964/965/461 1026/1276/490
f 834/1195/485 832/1197/484 1029/1052/484 1028/1051/485
f 819/972/484 824/971/485 1031/1056/485 1030/1055/484
f 835/1192/486 834/1195/485 1028/1051/485 1032/1059/486
f 824/971/485 823/975/486 1033/1061/486 1031/1056/485
f 836/1190/487 835/1192/486 1032/1059/486 1034/1063/487
f 823/975/486 822/977/487 1035/1065/487 1033/1061/486
f 837/1188/488 836/1190/487 1034/1063/487 1036/1067/488
f 822/977/487 821/979/488 1037/1069/488 1035/1065/487
f 838/1186/489 837/1188/488 1036/1067/488 1038/1071/489
f 821/979/488 820/982/489 1039/1073/489 1037/1069/488
f 833/1184/490 838/1186/489 1038/1071/489 1040/1075/490
f 820/982/489 818/984/490 1041/1077/490 1039/1073/489
f 1042/1178/478 1043/1180/477 825/1080/477 827/1079/478
f 1044/918/477 1045/917/478 845/1084/478 840/1083/477
f 1046/1175/479 1042/1178/478 827/1079/478 828/1087/479
f 1045/917/478 1047/921/479 844/1089/479 845/1084/478
f 1048/1173/480 1046/1175/479 828/1087/479 829/1091/480
f 1047/921/479 1049/988/480 843/1093/480 844/1089/479
f 1050/1171/481 1048/1173/480 829/1091/480 830/1095/481
f 1049/988/480 1051/990/481 842/1097/481 843/1093/480
f 831/1169/482 1050/1171/481 830/1095/481 1052/1099/482
f 1051/990/481 841/993/482 1053/1101/482 842/1097/481
f 826/1167/483 831/1169/482 1052/1099/482 1054/1103/483
f 841/993/482 839/995/483 1055/1105/483 1053/1101/482
f 1056/1007/471 1057/1009/470 846/1108/470 848/1107/471
f 1058/938/470 1059/937/471 866/1112/471 861/1111/470
f 1060/1005/472 1056/1007/471 848/1107/471 849/1115/472
f 1059/937/471 1061/949/472 865/1117/472 866/1112/471
f 1062/1003/473 1060/1005/472 849/1115/472 850/1119/473
f 1061/949/472 1063/951/473 864/1121/473 865/1117/472
f 1064/1001/474 1062/1003/473 850/1119/473 851/1123/474
f 1063/951/473 1065/953/474 863/1125/474 864/1121/473
f 1066/969/475 1064/1001/474 851/1123/474 852/1127/475
f 1065/953/474 1067/955/475 862/1129/475 863/1125/474
f 1068/967/476 1066/969/475 852/1127/475 847/1131/476
f 1067/955/475 1069/957/476 860/1133/476 862/1129/475
f 1070/1019/464 1071/1021/463 867/1136/463 869/1135/464
f 1072/924/463 1073/923/464 859/1140/464 854/1139/463
f 1074/1017/465 1070/1019/464 869/1135/464 870/1143/465
f 1073/923/464 1075/927/465 858/1145/465 859/1140/464
f 1076/1015/466 1074/1017/465 870/1143/465 871/1147/466
f 1075/927/465 1077/929/466 857/1149/466 858/1145/465
f 1078/1013/467 1076/1015/466 871/1147/466 872/1151/467
f 1077/929/466 1079/931/467 856/1153/467 857/1149/466
f 1080/947/468 1078/1013/467 872/1151/467 873/1155/468
f 1079/931/467 1081/933/468 855/1157/468 856/1153/467
f 1082/945/469 1080/947/468 873/1155/468 868/1159/469
f 1081/933/468 1083/935/469 853/1161/469 855/1157/468
f 818/984/490 810/986/461 1084/1045/461 1041/1077/490
f 813/1025/461 833/1184/490 1040/1075/490 1085/1046/461
f 832/1197/484 803/1199/459 1086/1028/459 1029/1052/484
f 806/1278/459 819/972/484 1030/1055/484 1087/1029/459
f 1043/1180/477 809/1182/460 954/1033/460 825/1080/477
f 811/999/461 826/1167/483 1054/1103/483 1088/1163/461
f 839/995/483 812/997/461 1089/1165/461 1055/1105/483
f 804/1213/460 1044/918/477 840/1083/477 955/1034/460
f 1069/957/476 815/959/462 961/1050/462 860/1133/476
f 817/961/462 1068/967/476 847/1131/476 960/1047/462
f 1057/1009/470 807/1011/459 967/1036/459 846/1108/470
f 802/1215/459 1058/938/470 861/1111/470 966/1037/459
f 1071/1021/463 805/1023/460 957/1040/460 867/1136/463
f 808/1214/460 1072/924/463 854/1139/463 956/1041/460
f 1083/935/469 816/941/462 958/963/462 853/1161/469
f 814/943/462 1082/945/469 868/1159/469 959/964/462
f 812/997/461 811/999/461 1088/1163/461 1089/1165/461
f 810/986/461 813/1025/461 1085/1046/461 1084/1045/461
f 803/1199/459 806/1278/459 1087/1029/459 1086/1028/459
f 1044/918/457 804/1213/457 876/1204/457 988/919/457
f 804/1213/462 809/1182/462 881/1183/462 876/1204/462
f 1072/924/458 808/1214/458 880/1201/458 1016/925/458
f 808/1214/461 805/1023/461 877/1024/461 880/1201/461
f 1058/938/457 802/1215/457 874/1210/457 1002/939/457
f 802/1215/461 807/1011/461 879/1012/461 874/1210/461
f 819/972/458 806/1278/458 878/1207/458 974/973/458
f 806/1278/462 803/1199/462 875/1200/462 878/1207/462
o Cube.002
v -0.286524 -0.721881 1.450063
v -0.286524 -0.556152 1.615793
v -0.452254 -0.556152 1.450063
v -0.286525 -0.709266 1.513485
v -0.286525 -0.673340 1.567251
v -0.349947 -0.709266 1.450063
v -0.351536 -0.694041 1.515074
v -0.348237 -0.664912 1.558824
v -0.382209 -0.651836 1.545747
v -0.349947 -0.556152 1.603177
v -0.403713 -0.556152 1.567251
v -0.286525 -0.619574 1.603177
v -0.351536 -0.621163 1.587952
v -0.395285 -0.617864 1.558824
v -0.439639 -0.619574 1.450063
v -0.403713 -0.673340 1.450063
v -0.439639 -0.556152 1.513485
v -0.424414 -0.621163 1.515074
v -0.395285 -0.664912 1.511776
v -0.286524 0.792342 1.615793
v -0.286524 0.958072 1.450063
v -0.452254 0.792342 1.450063
v -0.286525 0.855764 1.603177
v -0.286525 0.909531 1.567251
v -0.349947 0.792342 1.603177
v -0.351536 0.857354 1.587952
v -0.348237 0.901103 1.558824
v -0.382209 0.888026 1.545747
v -0.349947 0.945457 1.450063
v -0.403713 0.909531 1.450063
v -0.286525 0.945457 1.513485
v -0.351536 0.930231 1.515074
v -0.395285 0.901103 1.511776
v -0.439639 0.792342 1.513485
v -0.403713 0.792342 1.567251
v -0.439639 0.855764 1.450063
v -0.424414 0.857354 1.515074
v -0.395285 0.854055 1.558824
v -0.286524 -0.721881 -3.155438
v -0.452254 -0.556152 -3.155438
v -0.286524 -0.556152 -3.321168
v -0.349947 -0.709266 -3.155438
v -0.403713 -0.673340 -3.155438
v -0.286525 -0.709266 -3.218860
v -0.351536 -0.694041 -3.220449
v -0.395285 -0.664912 -3.217151
v -0.382209 -0.651836 -3.251122
v -0.439639 -0.556152 -3.218860
v -0.403713 -0.556152 -3.272627
v -0.439639 -0.619574 -3.155438
v -0.424414 -0.621163 -3.220449
v -0.395285 -0.617864 -3.264199
v -0.286525 -0.619574 -3.308552
v -0.286525 -0.673340 -3.272627
v -0.349947 -0.556152 -3.308552
v -0.351536 -0.621163 -3.293327
v -0.348237 -0.664912 -3.264199
v -0.286524 0.958072 -3.155438
v -0.286524 0.792342 -3.321168
v -0.452254 0.792342 -3.155438
v -0.286525 0.945457 -3.218860
v -0.286525 0.909531 -3.272627
v -0.349947 0.945457 -3.155438
v -0.351536 0.930231 -3.220450
v -0.348237 0.901103 -3.264199
v -0.382209 0.888026 -3.251122
v -0.349947 0.792342 -3.308553
v -0.403713 0.792342 -3.272627
v -0.286525 0.855764 -3.308553
v -0.351536 0.857354 -3.293327
v -0.395285 0.854055 -3.264199
v -0.439639 0.855764 -3.155438
v -0.403713 0.909531 -3.155438
v -0.439639 0.792342 -3.218860
v -0.424414 0.857354 -3.220450
v -0.395285 0.901103 -3.217151
v 0.286524 -0.721881 1.450063
v 0.452254 -0.556152 1.450063
v 0.286524 -0.556152 1.615793
v 0.349947 -0.709266 1.450063
v 0.403713 -0.673340 1.450063
v 0.286525 -0.709266 1.513485
v 0.351536 -0.694041 1.515074
v 0.395285 -0.664912 1.511776
v 0.382209 -0.651836 1.545747
v 0.439639 -0.556152 1.513485
v 0.403713 -0.556152 1.567251
v 0.439639 -0.619574 1.450063
v 0.424414 -0.621163 1.515074
v 0.395285 -0.617864 1.558824
v 0.286525 -0.619574 1.603177
v 0.286525 -0.673340 1.567251
v 0.349947 -0.556152 1.603177
v 0.351536 -0.621163 1.587952
v 0.348237 -0.664912 1.558824
v 0.286524 0.958072 1.450063
v 0.286524 0.792342 1.615793
v 0.452254 0.792342 1.450063
v 0.286525 0.945457 1.513485
v 0.286525 0.909531 1.567251
v 0.349947 0.945457 1.450063
v 0.351536 0.930231 1.515074
v 0.348237 0.901103 1.558824
v 0.382209 0.888026 1.545747
v 0.349947 0.792342 1.603177
v 0.403713 0.792342 1.567251
v 0.286525 0.855764 1.603177
v 0.351536 0.857354 1.587952
v 0.395285 0.854055 1.558824
v 0.439639 0.855764 1.450063
v 0.403713 0.909531 1.450063
v 0.439639 0.792342 1.513485
v 0.424414 0.857354 1.515074
v 0.395285 0.901103 1.511776
v 0.286524 -0.721881 -3.155438
v 0.286524 -0.556152 -3.321168
v 0.452254 -0.556152 -3.155438
v 0.286525 -0.709266 -3.218860
v 0.286525 -0.673340 -3.272627
v 0.349947 -0.709266 -3.155438
v 0.351536 -0.694041 -3.220450
v 0.348237 -0.664912 -3.264199
v 0.382209 -0.651836 -3.251122
v 0.349947 -0.556152 -3.308553
v 0.403713 -0.556152 -3.272627
v 0.286525 -0.619574 -3.308553
v 0.351536 -0.621163 -3.293327
v 0.395285 -0.617864 -3.264199
v 0.439639 -0.619574 -3.155438
v 0.403713 -0.673340 -3.155438
v 0.439639 -0.556152 -3.218860
v 0.424414 -0.621163 -3.220450
v 0.395285 -0.664912 -3.217151
v 0.286524 0.958072 -3.155438
v 0.452254 0.792342 -3.155438
v 0.286524 0.792342 -3.321168
v 0.349947 0.945457 -3.155438
v 0.403713 0.909531 -3.155438
v 0.286525 0.945457 -3.218860
v 0.351536 0.930231 -3.220449
v 0.395285 0.901103 -3.217151
v 0.382209 0.888026 -3.251122
v 0.439639 0.792342 -3.218860
v 0.403713 0.792342 -3.272627
v 0.439639 0.855764 -3.155438
v 0.424414 0.857354 -3.220449
v 0.395285 0.854055 -3.264199
v 0.286525 0.855764 -3.308552
v 0.286525 0.909531 -3.272627
v 0.349947 0.792342 -3.308552
v 0.351536 0.857354 -3.293327
v 0.348237 0.901103 -3.264199
vn 0.1004 -0.1004 0.9899
vn 0.1004 0.1004 0.9899
vn -0.1004 0.1004 0.9899
vn -0.1004 -0.1004 0.9899
vn 0.9899 -0.1004 -0.1004
vn 0.9899 0.1004 -0.1004
vn 0.9899 0.1004 0.1004
vn 0.9899 -0.1004 0.1004
vn 0.1004 0.9899 -0.1004
vn -0.1004 0.9899 -0.1004
vn -0.1004 0.9899 0.1004
vn 0.1004 0.9899 0.1004
vn -0.9899 -0.1004 0.1004
vn -0.9899 0.1004 0.1004
vn -0.9899 0.1004 -0.1004
vn -0.9899 -0.1004 -0.1004
vn -0.1004 -0.1004 -0.9899
vn -0.1004 0.1004 -0.9899
vn 0.1004 0.1004 -0.9899
vn 0.1004 -0.1004 -0.9899
vn -0.1004 -0.9899 0.1004
vn -0.0981 -0.9201 0.3792
vn -0.3673 -0.8545 0.3673
vn -0.3792 -0.9201 0.0981
vn -0.0919 -0.7041 0.7041
vn -0.3347 -0.6663 0.6663
vn -0.6663 -0.6663 0.3347
vn -0.7041 -0.7041 0.0919
vn -0.5773 -0.5774 0.5774
vn -0.3792 -0.0981 0.9201
vn -0.3673 -0.3673 0.8545
vn -0.0981 -0.3792 0.9201
vn -0.7041 -0.0919 0.7041
vn -0.6663 -0.3347 0.6663
vn -0.9201 -0.3792 0.0981
vn -0.8545 -0.3673 0.3673
vn -0.9201 -0.0981 0.3792
vn -0.0981 0.3792 0.9201
vn -0.3673 0.3673 0.8545
vn -0.3792 0.0981 0.9201
vn -0.0919 0.7041 0.7041
vn -0.3347 0.6663 0.6663
vn -0.6663 0.3347 0.6663
vn -0.7041 0.0919 0.7041
vn -0.5774 0.5774 0.5774
vn -0.3792 0.9201 0.0981
vn -0.3673 0.8545 0.3673
vn -0.0981 0.9201 0.3792
vn -0.7041 0.7041 0.0919
vn -0.6663 0.6663 0.3347
vn -0.9201 0.0981 0.3792
vn -0.8545 0.3673 0.3673
vn -0.9201 0.3792 0.0981
vn -0.1004 -0.9899 -0.1004
vn -0.3792 -0.9201 -0.0981
vn -0.3673 -0.8545 -0.3673
vn -0.0981 -0.9201 -0.3792
vn -0.7041 -0.7041 -0.0919
vn -0.6663 -0.6663 -0.3347
vn -0.3347 -0.6663 -0.6663
vn -0.0919 -0.7041 -0.7041
vn -0.5773 -0.5774 -0.5774
vn -0.9201 -0.0981 -0.3792
vn -0.8545 -0.3673 -0.3673
vn -0.9201 -0.3792 -0.0981
vn -0.7041 -0.0919 -0.7041
vn -0.6663 -0.3347 -0.6663
vn -0.0981 -0.3792 -0.9201
vn -0.3673 -0.3673 -0.8545
vn -0.3792 -0.0981 -0.9201
vn -0.0981 0.9201 -0.3792
vn -0.3673 0.8545 -0.3673
vn -0.3792 0.9201 -0.0981
vn -0.0919 0.7041 -0.7041
vn -0.3347 0.6663 -0.6663
vn -0.6663 0.6663 -0.3347
vn -0.7041 0.7041 -0.0919
vn -0.5773 0.5774 -0.5774
vn -0.3792 0.0981 -0.9201
vn -0.3673 0.3673 -0.8545
vn -0.0981 0.3792 -0.9201
vn -0.7041 0.0919 -0.7041
vn -0.6663 0.3347 -0.6663
vn -0.9201 0.3792 -0.0981
vn -0.8545 0.3673 -0.3673
vn -0.9201 0.0981 -0.3792
vn 0.1004 -0.9899 0.1004
vn 0.3792 -0.9201 0.0981
vn 0.3673 -0.8545 0.3673
vn 0.0981 -0.9201 0.3792
vn 0.7041 -0.7041 0.0919
vn 0.6663 -0.6663 0.3347
vn 0.3347 -0.6663 0.6663
vn 0.0919 -0.7041 0.7041
vn 0.5773 -0.5774 0.5774
vn 0.9201 -0.0981 0.3792
vn 0.8545 -0.3673 0.3673
vn 0.9201 -0.3792 0.0981
vn 0.7041 -0.0919 0.7041
vn 0.6663 -0.3347 0.6663
vn 0.0981 -0.3792 0.9201
vn 0.3673 -0.3673 0.8545
vn 0.3792 -0.0981 0.9201
vn 0.0981 0.9201 0.3792
vn 0.3673 0.8545 0.3673
vn 0.3792 0.9201 0.0981
vn 0.0919 0.7041 0.7041
vn 0.3347 0.6663 0.6663
vn 0.6663 0.6663 0.3347
vn 0.7041 0.7041 0.0919
vn 0.5774 0.5774 0.5774
vn 0.3792 0.0981 0.9201
vn 0.3673 0.3673 0.8545
vn 0.0981 0.3792 0.9201
vn 0.7041 0.0919 0.7041
vn 0.6663 0.3347 0.6663
vn 0.9201 0.3792 0.0981
vn 0.8545 0.3673 0.3673
vn 0.9201 0.0981 0.3792
vn 0.1004 -0.9899 -0.1004
vn 0.0981 -0.9201 -0.3792
vn 0.3673 -0.8545 -0.3673
vn 0.3792 -0.9201 -0.0981
vn 0.0919 -0.7041 -0.7041
vn 0.3347 -0.6663 -0.6663
vn 0.6663 -0.6663 -0.3347
vn 0.7041 -0.7041 -0.0919
vn 0.5773 -0.5774 -0.5774
vn 0.3792 -0.0981 -0.9201
vn 0.3673 -0.3673 -0.8545
vn 0.0981 -0.3792 -0.9201
vn 0.7041 -0.0919 -0.7041
vn 0.6663 -0.3347 -0.6663
vn 0.9201 -0.3792 -0.0981
vn 0.8545 -0.3673 -0.3673
vn 0.9201 -0.0981 -0.3792
vn 0.3792 0.9201 -0.0981
vn 0.3673 0.8545 -0.3673
vn 0.0981 0.9201 -0.3792
vn 0.7041 0.7041 -0.0919
vn 0.6663 0.6663 -0.3347
vn 0.3347 0.6663 -0.6663
vn 0.0919 0.7041 -0.7041
vn 0.5773 0.5774 -0.5774
vn 0.9201 0.0981 -0.3792
vn 0.8545 0.3673 -0.3673
vn 0.9201 0.3792 -0.0981
vn 0.7041 0.0919 -0.7041
vn 0.6663 0.3347 -0.6663
vn 0.0981 0.3792 -0.9201
vn 0.3673 0.3673 -0.8545
vn 0.3792 0.0981 -0.9201
vt 0.399663 0.795807
vt 0.600337 0.795807
vt 0.600337 0.954193
vt 0.399663 0.954193
vt 0.399663 0.507813
vt 0.600337 0.507813
vt 0.600337 0.742187
vt 0.399663 0.742187
vt 0.670807 0.507813
vt 0.829193 0.507813
vt 0.829193 0.742187
vt 0.670807 0.742187
vt 0.399663 0.007813
vt 0.600337 0.007813
vt 0.600337 0.242187
vt 0.399663 0.242187
vt 0.399663 0.295807
vt 0.600337 0.295807
vt 0.600337 0.454193
vt 0.399663 0.454193
vt 0.170807 0.742187
vt 0.170807 0.745177
vt 0.152838 0.745252
vt 0.153277 0.742187
vt 0.170807 0.750000
vt 0.153750 0.750000
vt 0.125000 0.745096
vt 0.125000 0.742187
vt 0.144360 0.750000
vt 0.399663 0.971723
vt 0.389988 0.972162
vt 0.390225 0.954193
vt 0.399663 1.000000
vt 0.390479 1.000000
vt 0.375000 0.971250
vt 0.375000 0.954193
vt 0.385424 1.000000
vt 0.390225 0.007813
vt 0.389988 0.004748
vt 0.399663 0.004823
vt 0.375000 0.007813
vt 0.375000 0.004904
vt 0.390479 0.000000
vt 0.399663 0.000000
vt 0.375000 0.003302
vt 0.609775 0.954193
vt 0.610012 0.972162
vt 0.600337 0.971723
vt 0.625000 0.954193
vt 0.625000 0.971250
vt 0.609521 1.000000
vt 0.600337 1.000000
vt 0.625000 0.980640
vt 0.846723 0.742187
vt 0.847162 0.745252
vt 0.829193 0.745177
vt 0.875000 0.742187
vt 0.875000 0.745096
vt 0.846250 0.750000
vt 0.829193 0.750000
vt 0.875000 0.746698
vt 0.600337 0.004823
vt 0.610012 0.004748
vt 0.609775 0.007813
vt 0.600337 0.000000
vt 0.609521 0.000000
vt 0.625000 0.004904
vt 0.625000 0.007813
vt 0.614576 0.000000
vt 0.170807 0.507813
vt 0.153277 0.507813
vt 0.152838 0.504748
vt 0.170807 0.504823
vt 0.125000 0.507813
vt 0.125000 0.504904
vt 0.153750 0.500000
vt 0.170807 0.500000
vt 0.125000 0.503302
vt 0.399663 0.245177
vt 0.389988 0.245252
vt 0.390225 0.242187
vt 0.399663 0.250000
vt 0.390479 0.250000
vt 0.375000 0.245096
vt 0.375000 0.242187
vt 0.385424 0.250000
vt 0.390225 0.295807
vt 0.389988 0.277838
vt 0.399663 0.278277
vt 0.375000 0.295807
vt 0.375000 0.278750
vt 0.375000 0.269360
vt 0.829193 0.504823
vt 0.847162 0.504748
vt 0.846723 0.507813
vt 0.829193 0.500000
vt 0.846250 0.500000
vt 0.875000 0.504904
vt 0.875000 0.507813
vt 0.855640 0.500000
vt 0.600337 0.278277
vt 0.610012 0.277838
vt 0.609775 0.295807
vt 0.600337 0.250000
vt 0.609521 0.250000
vt 0.625000 0.278750
vt 0.625000 0.295807
vt 0.614576 0.250000
vt 0.609775 0.242187
vt 0.610012 0.245252
vt 0.600337 0.245177
vt 0.625000 0.242187
vt 0.625000 0.245096
vt 0.609521 0.250000
vt 0.600337 0.250000
vt 0.625000 0.246698
vt 0.329193 0.742187
vt 0.346723 0.742187
vt 0.347162 0.745252
vt 0.329193 0.745177
vt 0.375000 0.742187
vt 0.375000 0.745096
vt 0.346250 0.750000
vt 0.329193 0.750000
vt 0.378475 0.755353
vt 0.399663 0.745177
vt 0.389988 0.745252
vt 0.390225 0.742187
vt 0.399663 0.750000
vt 0.390479 0.750000
vt 0.390225 0.795807
vt 0.389988 0.777838
vt 0.399663 0.778277
vt 0.375000 0.795807
vt 0.375000 0.778750
vt 0.670807 0.745177
vt 0.652838 0.745252
vt 0.653277 0.742187
vt 0.670807 0.750000
vt 0.653750 0.750000
vt 0.625000 0.745096
vt 0.625000 0.742187
vt 0.627979 0.748899
vt 0.600337 0.778277
vt 0.610012 0.777838
vt 0.609775 0.795807
vt 0.600337 0.750000
vt 0.609521 0.750000
vt 0.625000 0.778750
vt 0.625000 0.795807
vt 0.609775 0.742187
vt 0.610012 0.745252
vt 0.600337 0.745177
vt 0.625000 0.742187
vt 0.609521 0.750000
vt 0.600337 0.750000
vt 0.329193 0.507813
vt 0.329193 0.504823
vt 0.347162 0.504748
vt 0.346723 0.507813
vt 0.329193 0.500000
vt 0.346250 0.500000
vt 0.375000 0.504904
vt 0.375000 0.507813
vt 0.372021 0.501101
vt 0.399663 0.471723
vt 0.389988 0.472162
vt 0.390225 0.454193
vt 0.399663 0.500000
vt 0.390479 0.500000
vt 0.375000 0.471250
vt 0.375000 0.454193
vt 0.390225 0.507813
vt 0.389988 0.504748
vt 0.399663 0.504823
vt 0.653277 0.507813
vt 0.652838 0.504748
vt 0.670807 0.504823
vt 0.625000 0.507813
vt 0.625000 0.504904
vt 0.653750 0.500000
vt 0.670807 0.500000
vt 0.621525 0.494647
vt 0.600337 0.504823
vt 0.610012 0.504748
vt 0.609775 0.507813
vt 0.600337 0.500000
vt 0.609521 0.500000
vt 0.625000 0.507813
vt 0.609775 0.454193
vt 0.610012 0.472162
vt 0.600337 0.471723
vt 0.625000 0.454193
vt 0.625000 0.471250
vt 0.600337 0.500000
s 1
usemtl Glass
f 1168/1279/491 1186/1280/492 1109/1281/493 1091/1282/494
f 1206/1283/495 1224/1284/496 1187/1285/497 1167/1286/498
f 1223/1287/499 1147/1288/500 1110/1289/501 1185/1290/502
f 1092/1291/503 1111/1292/504 1149/1293/505 1129/1294/506
f 1130/1295/507 1148/1296/508 1225/1297/509 1205/1298/510
f 1090/1299/511 1093/1300/512 1096/1301/513 1095/1302/514
f 1093/1300/512 1094/1303/515 1097/1304/516 1096/1301/513
f 1095/1302/514 1096/1301/513 1108/1305/517 1105/1306/518
f 1096/1301/513 1097/1304/516 1098/1307/519 1108/1305/517
f 1091/1282/494 1099/1308/520 1102/1309/521 1101/1310/522
f 1099/1308/520 1100/1311/523 1103/1312/524 1102/1309/521
f 1101/1310/522 1102/1309/521 1097/1313/516 1094/1314/515
f 1102/1309/521 1103/1312/524 1098/1315/519 1097/1313/516
f 1092/1291/503 1104/1316/525 1107/1317/526 1106/1318/527
f 1104/1316/525 1105/1319/518 1108/1320/517 1107/1317/526
f 1106/1318/527 1107/1317/526 1103/1321/524 1100/1322/523
f 1107/1317/526 1108/1320/517 1098/1323/519 1103/1321/524
f 1109/1281/493 1112/1324/528 1115/1325/529 1114/1326/530
f 1112/1324/528 1113/1327/531 1116/1328/532 1115/1325/529
f 1114/1326/530 1115/1325/529 1127/1329/533 1124/1330/534
f 1115/1325/529 1116/1328/532 1117/1331/535 1127/1329/533
f 1110/1289/501 1118/1332/536 1121/1333/537 1120/1334/538
f 1118/1332/536 1119/1335/539 1122/1336/540 1121/1333/537
f 1120/1334/538 1121/1333/537 1116/1337/532 1113/1338/531
f 1121/1333/537 1122/1336/540 1117/1339/535 1116/1337/532
f 1111/1292/504 1123/1340/541 1126/1341/542 1125/1342/543
f 1123/1340/541 1124/1343/534 1127/1344/533 1126/1341/542
f 1125/1342/543 1126/1341/542 1122/1345/540 1119/1346/539
f 1126/1341/542 1127/1344/533 1117/1347/535 1122/1345/540
f 1128/1348/544 1131/1349/545 1134/1350/546 1133/1351/547
f 1131/1349/545 1132/1352/548 1135/1353/549 1134/1350/546
f 1133/1351/547 1134/1350/546 1146/1354/550 1143/1355/551
f 1134/1350/546 1135/1353/549 1136/1356/552 1146/1354/550
f 1129/1294/506 1137/1357/553 1140/1358/554 1139/1359/555
f 1137/1357/553 1138/1360/556 1141/1361/557 1140/1358/554
f 1139/1359/555 1140/1358/554 1135/1362/549 1132/1363/548
f 1140/1358/554 1141/1361/557 1136/1364/552 1135/1362/549
f 1130/1295/507 1142/1365/558 1145/1366/559 1144/1367/560
f 1142/1365/558 1143/1368/551 1146/1369/550 1145/1366/559
f 1144/1367/560 1145/1366/559 1141/1361/557 1138/1360/556
f 1145/1366/559 1146/1369/550 1136/1370/552 1141/1361/557
f 1147/1288/500 1150/1371/561 1153/1372/562 1152/1373/563
f 1150/1371/561 1151/1374/564 1154/1375/565 1153/1372/562
f 1152/1373/563 1153/1372/562 1165/1376/566 1162/1377/567
f 1153/1372/562 1154/1375/565 1155/1378/568 1165/1376/566
f 1148/1296/508 1156/1379/569 1159/1380/570 1158/1381/571
f 1156/1379/569 1157/1382/572 1160/1383/573 1159/1380/570
f 1158/1381/571 1159/1380/570 1154/1384/565 1151/1385/564
f 1159/1380/570 1160/1383/573 1155/1386/568 1154/1384/565
f 1149/1293/505 1161/1387/574 1164/1388/575 1163/1389/576
f 1161/1387/574 1162/1390/567 1165/1391/566 1164/1388/575
f 1163/1389/576 1164/1388/575 1160/1392/573 1157/1393/572
f 1164/1388/575 1165/1391/566 1155/1394/568 1160/1392/573
f 1166/1395/577 1169/1396/578 1172/1397/579 1171/1398/580
f 1169/1396/578 1170/1399/581 1173/1400/582 1172/1397/579
f 1171/1398/580 1172/1397/579 1184/1401/583 1181/1402/584
f 1172/1397/579 1173/1400/582 1174/1403/585 1184/1401/583
f 1167/1286/498 1175/1404/586 1178/1405/587 1177/1406/588
f 1175/1404/586 1176/1407/589 1179/1408/590 1178/1405/587
f 1177/1406/588 1178/1405/587 1173/1400/582 1170/1399/581
f 1178/1405/587 1179/1408/590 1174/1403/585 1173/1400/582
f 1168/1279/491 1180/1409/591 1183/1410/592 1182/1411/593
f 1180/1409/591 1181/1412/584 1184/1413/583 1183/1410/592
f 1182/1411/593 1183/1410/592 1179/1408/590 1176/1407/589
f 1183/1410/592 1184/1413/583 1174/1403/585 1179/1408/590
f 1185/1290/502 1188/1414/594 1191/1415/595 1190/1416/596
f 1188/1414/594 1189/1417/597 1192/1418/598 1191/1415/595
f 1190/1416/596 1191/1415/595 1203/1419/599 1200/1420/600
f 1191/1415/595 1192/1418/598 1193/1421/601 1203/1419/599
f 1186/1280/492 1194/1422/602 1197/1423/603 1196/1424/604
f 1194/1422/602 1195/1425/605 1198/1426/606 1197/1423/603
f 1196/1424/604 1197/1423/603 1192/1427/598 1189/1428/597
f 1197/1423/603 1198/1426/606 1193/1421/601 1192/1427/598
f 1187/1285/497 1199/1429/607 1202/1430/608 1201/1431/609
f 1199/1429/607 1200/1432/600 1203/1419/599 1202/1430/608
f 1201/1431/609 1202/1430/608 1198/1433/606 1195/1434/605
f 1202/1430/608 1203/1419/599 1193/1421/601 1198/1433/606
f 1204/1435/610 1207/1436/611 1210/1437/612 1209/1438/613
f 1207/1436/611 1208/1439/614 1211/1440/615 1210/1437/612
f 1209/1438/613 1210/1437/612 1222/1441/616 1219/1442/617
f 1210/1437/612 1211/1440/615 1212/1443/618 1222/1441/616
f 1205/1298/510 1213/1444/619 1216/1445/620 1215/1446/621
f 1213/1444/619 1214/1447/622 1217/1448/623 1216/1445/620
f 1215/1446/621 1216/1445/620 1211/1449/615 1208/1450/614
f 1216/1445/620 1217/1448/623 1212/1443/618 1211/1449/615
f 1206/1283/495 1218/1451/624 1221/1452/625 1220/1453/626
f 1218/1451/624 1219/1442/617 1222/1441/616 1221/1452/625
f 1220/1453/626 1221/1452/625 1217/1448/623 1214/1447/622
f 1221/1452/625 1222/1441/616 1212/1443/618 1217/1448/623
f 1223/1287/499 1226/1454/627 1229/1455/628 1228/1456/629
f 1226/1454/627 1227/1457/630 1230/1458/631 1229/1455/628
f 1228/1456/629 1229/1455/628 1241/1459/632 1238/1460/633
f 1229/1455/628 1230/1458/631 1231/1461/634 1241/1459/632
f 1224/1284/496 1232/1462/635 1235/1463/636 1234/1464/637
f 1232/1462/635 1233/1465/638 1236/1466/639 1235/1463/636
f 1234/1464/637 1235/1463/636 1230/1458/631 1227/1467/630
f 1235/1463/636 1236/1466/639 1231/1461/634 1230/1458/631
f 1225/1297/509 1237/1468/640 1240/1469/641 1239/1470/642
f 1237/1468/640 1238/1471/633 1241/1472/632 1240/1469/641
f 1239/1470/642 1240/1469/641 1236/1466/639 1233/1473/638
f 1240/1469/641 1241/1472/632 1231/1461/634 1236/1466/639
f 1128/1348/544 1090/1299/511 1095/1302/514 1131/1349/545
f 1131/1349/545 1095/1302/514 1105/1306/518 1132/1352/548
f 1132/1363/548 1105/1319/518 1104/1316/525 1139/1359/555
f 1139/1359/555 1104/1316/525 1092/1291/503 1129/1294/506
f 1091/1282/494 1109/1281/493 1114/1326/530 1099/1308/520
f 1099/1308/520 1114/1326/530 1124/1330/534 1100/1311/523
f 1100/1322/523 1124/1343/534 1123/1340/541 1106/1318/527
f 1106/1318/527 1123/1340/541 1111/1292/504 1092/1291/503
f 1110/1289/501 1147/1288/500 1152/1373/563 1118/1332/536
f 1118/1332/536 1152/1373/563 1162/1377/567 1119/1335/539
f 1119/1346/539 1162/1390/567 1161/1387/574 1125/1342/543
f 1125/1342/543 1161/1387/574 1149/1293/505 1111/1292/504
f 1148/1296/508 1130/1295/507 1144/1367/560 1156/1379/569
f 1156/1379/569 1144/1367/560 1138/1360/556 1157/1393/572
f 1157/1393/572 1138/1360/556 1137/1357/553 1163/1389/576
f 1163/1389/576 1137/1357/553 1129/1294/506 1149/1293/505
f 1204/1435/610 1128/1348/544 1133/1351/547 1207/1436/611
f 1207/1436/611 1133/1351/547 1143/1355/551 1208/1439/614
f 1208/1450/614 1143/1368/551 1142/1365/558 1215/1446/621
f 1215/1446/621 1142/1365/558 1130/1295/507 1205/1298/510
f 1147/1288/500 1223/1287/499 1228/1456/629 1150/1371/561
f 1150/1371/561 1228/1456/629 1238/1460/633 1151/1374/564
f 1151/1385/564 1238/1471/633 1237/1468/640 1158/1381/571
f 1158/1381/571 1237/1468/640 1225/1297/509 1148/1296/508
f 1224/1284/496 1206/1283/495 1220/1453/626 1232/1462/635
f 1232/1462/635 1220/1453/626 1214/1447/622 1233/1473/638
f 1233/1473/638 1214/1447/622 1213/1444/619 1239/1470/642
f 1239/1470/642 1213/1444/619 1205/1298/510 1225/1297/509
f 1166/1395/577 1204/1435/610 1209/1438/613 1169/1396/578
f 1169/1396/578 1209/1438/613 1219/1442/617 1170/1399/581
f 1170/1399/581 1219/1442/617 1218/1451/624 1177/1406/588
f 1177/1406/588 1218/1451/624 1206/1283/495 1167/1286/498
f 1223/1287/499 1185/1290/502 1190/1416/596 1226/1454/627
f 1226/1454/627 1190/1416/596 1200/1432/600 1227/1457/630
f 1227/1457/630 1200/1432/600 1199/1429/607 1234/1464/637
f 1234/1464/637 1199/1429/607 1187/1285/497 1224/1284/496
f 1186/1280/492 1168/1279/491 1182/1411/593 1194/1422/602
f 1194/1422/602 1182/1411/593 1176/1407/589 1195/1434/605
f 1195/1434/605 1176/1407/589 1175/1404/586 1201/1431/609
f 1201/1431/609 1175/1404/586 1167/1286/498 1187/1285/497
f 1090/1299/511 1166/1395/577 1171/1398/580 1093/1300/512
f 1093/1300/512 1171/1398/580 1181/1402/584 1094/1303/515
f 1094/1314/515 1181/1412/584 1180/1409/591 1101/1310/522
f 1101/1310/522 1180/1409/591 1168/1279/491 1091/1282/494
f 1185/1290/502 1110/1289/501 1120/1334/538 1188/1414/594
f 1188/1414/594 1120/1334/538 1113/1338/531 1189/1417/597
f 1189/1428/597 1113/1327/531 1112/1324/528 1196/1424/604
f 1196/1424/604 1112/1324/528 1109/1281/493 1186/1280/492
f 1128/1348/544 1204/1435/610 1166/1395/577 1090/1299/511
o Cube.003
v -0.224249 -0.539314 0.597329
v -0.224249 -0.409605 0.727038
v -0.353958 -0.409605 0.597329
v -0.224249 -0.529441 0.646966
v -0.224249 -0.501323 0.689047
v -0.273886 -0.529441 0.597329
v -0.275130 -0.517524 0.648210
v -0.272549 -0.494727 0.682451
v -0.299136 -0.484493 0.672216
v -0.273886 -0.409605 0.717164
v -0.315967 -0.409605 0.689047
v -0.224249 -0.459243 0.717164
v -0.275130 -0.460487 0.705248
v -0.309371 -0.457905 0.682451
v -0.344084 -0.459243 0.597329
v -0.315967 -0.501323 0.597329
v -0.344084 -0.409605 0.646966
v -0.332168 -0.460487 0.648210
v -0.309371 -0.494727 0.645629
v -0.224249 0.645796 0.727038
v -0.224249 0.775505 0.597329
v -0.353958 0.645796 0.597329
v -0.224249 0.695433 0.717164
v -0.224249 0.737514 0.689047
v -0.273886 0.645796 0.717164
v -0.275130 0.696677 0.705248
v -0.272549 0.730918 0.682451
v -0.299136 0.720683 0.672216
v -0.273886 0.765631 0.597329
v -0.315967 0.737514 0.597329
v -0.224249 0.765631 0.646966
v -0.275130 0.753715 0.648210
v -0.309371 0.730918 0.645629
v -0.344084 0.645796 0.646966
v -0.315967 0.645796 0.689047
v -0.344084 0.695433 0.597329
v -0.332168 0.696677 0.648210
v -0.309371 0.694096 0.682451
v -0.224249 -0.539314 -2.994287
v -0.353958 -0.409605 -2.994287
v -0.224249 -0.409605 -3.123995
v -0.273886 -0.529441 -2.994286
v -0.315967 -0.501323 -2.994286
v -0.224249 -0.529441 -3.043924
v -0.275130 -0.517524 -3.045167
v -0.309371 -0.494727 -3.042586
v -0.299136 -0.484493 -3.069173
v -0.344084 -0.409605 -3.043924
v -0.315967 -0.409605 -3.086004
v -0.344084 -0.459243 -2.994286
v -0.332168 -0.460487 -3.045167
v -0.309371 -0.457905 -3.079408
v -0.224249 -0.459243 -3.114121
v -0.224249 -0.501323 -3.086004
v -0.273886 -0.409605 -3.114121
v -0.275130 -0.460487 -3.102205
v -0.272549 -0.494727 -3.079408
v -0.224249 0.775505 -2.994287
v -0.224249 0.645796 -3.123995
v -0.353958 0.645796 -2.994287
v -0.224249 0.765631 -3.043924
v -0.224249 0.737514 -3.086005
v -0.273886 0.765631 -2.994287
v -0.275130 0.753715 -3.045168
v -0.272549 0.730918 -3.079409
v -0.299136 0.720684 -3.069174
v -0.273886 0.645796 -3.114122
v -0.315967 0.645796 -3.086005
v -0.224249 0.695433 -3.114122
v -0.275130 0.696677 -3.102206
v -0.309371 0.694096 -3.079409
v -0.344084 0.695433 -2.994287
v -0.315967 0.737514 -2.994287
v -0.344084 0.645796 -3.043924
v -0.332168 0.696677 -3.045168
v -0.309371 0.730918 -3.042586
v 0.224249 -0.539314 0.597329
v 0.353958 -0.409605 0.597329
v 0.224249 -0.409605 0.727038
v 0.273886 -0.529441 0.597329
v 0.315967 -0.501323 0.597329
v 0.224249 -0.529441 0.646966
v 0.275130 -0.517524 0.648210
v 0.309371 -0.494727 0.645629
v 0.299136 -0.484493 0.672216
v 0.344084 -0.409605 0.646966
v 0.315967 -0.409605 0.689047
v 0.344084 -0.459243 0.597329
v 0.332168 -0.460487 0.648210
v 0.309371 -0.457905 0.682451
v 0.224249 -0.459243 0.717164
v 0.224249 -0.501323 0.689047
v 0.273886 -0.409605 0.717164
v 0.275130 -0.460487 0.705248
v 0.272549 -0.494727 0.682451
v 0.224249 0.775505 0.597329
v 0.224249 0.645796 0.727038
v 0.353958 0.645796 0.597329
v 0.224249 0.765631 0.646966
v 0.224249 0.737514 0.689047
v 0.273886 0.765631 0.597329
v 0.275130 0.753715 0.648210
v 0.272549 0.730918 0.682451
v 0.299136 0.720684 0.672216
v 0.273886 0.645796 0.717164
v 0.315967 0.645796 0.689047
v 0.224249 0.695433 0.717164
v 0.275130 0.696677 0.705248
v 0.309371 0.694096 0.682451
v 0.344084 0.695433 0.597329
v 0.315967 0.737514 0.597329
v 0.344084 0.645796 0.646966
v 0.332168 0.696677 0.648210
v 0.309371 0.730918 0.645629
v 0.224249 -0.539314 -2.994287
v 0.224249 -0.409605 -3.123995
v 0.353958 -0.409605 -2.994287
v 0.224249 -0.529441 -3.043924
v 0.224249 -0.501323 -3.086005
v 0.273886 -0.529441 -2.994287
v 0.275130 -0.517524 -3.045168
v 0.272549 -0.494727 -3.079409
v 0.299136 -0.484493 -3.069174
v 0.273886 -0.409605 -3.114122
v 0.315967 -0.409605 -3.086005
v 0.224249 -0.459243 -3.114122
v 0.275130 -0.460487 -3.102206
v 0.309371 -0.457905 -3.079409
v 0.344084 -0.459243 -2.994287
v 0.315967 -0.501323 -2.994287
v 0.344084 -0.409605 -3.043924
v 0.332168 -0.460487 -3.045168
v 0.309371 -0.494727 -3.042586
v 0.224249 0.775505 -2.994287
v 0.353958 0.645796 -2.994287
v 0.224249 0.645796 -3.123995
v 0.273886 0.765631 -2.994286
v 0.315967 0.737514 -2.994286
v 0.224249 0.765631 -3.043924
v 0.275130 0.753715 -3.045167
v 0.309371 0.730918 -3.042586
v 0.299136 0.720684 -3.069173
v 0.344084 0.645796 -3.043924
v 0.315967 0.645796 -3.086004
v 0.344084 0.695433 -2.994286
v 0.332168 0.696677 -3.045167
v 0.309371 0.694096 -3.079408
v 0.224249 0.695433 -3.114121
v 0.224249 0.737514 -3.086004
v 0.273886 0.645796 -3.114121
v 0.275130 0.696677 -3.102205
v 0.272549 0.730918 -3.079408
vn 0.1004 -0.1004 0.9899
vn 0.1004 0.1004 0.9899
vn -0.1004 0.1004 0.9899
vn -0.1004 -0.1004 0.9899
vn 0.9899 -0.1004 -0.1004
vn 0.9899 0.1004 -0.1004
vn 0.9899 0.1004 0.1004
vn 0.9899 -0.1004 0.1004
vn 0.1004 0.9899 -0.1004
vn -0.1004 0.9899 -0.1004
vn -0.1004 0.9899 0.1004
vn 0.1004 0.9899 0.1004
vn -0.9899 -0.1004 0.1004
vn -0.9899 0.1004 0.1004
vn -0.9899 0.1004 -0.1004
vn -0.9899 -0.1004 -0.1004
vn -0.1004 -0.1004 -0.9899
vn -0.1004 0.1004 -0.9899
vn 0.1004 0.1004 -0.9899
vn 0.1004 -0.1004 -0.9899
vn -0.1004 -0.9899 0.1004
vn -0.0981 -0.9201 0.3792
vn -0.3673 -0.8545 0.3673
vn -0.3792 -0.9201 0.0981
vn -0.0919 -0.7041 0.7041
vn -0.3347 -0.6663 0.6663
vn -0.6663 -0.6663 0.3347
vn -0.7041 -0.7041 0.0919
vn -0.5773 -0.5773 0.5774
vn -0.3792 -0.0981 0.9201
vn -0.3673 -0.3673 0.8545
vn -0.0981 -0.3792 0.9201
vn -0.7041 -0.0919 0.7041
vn -0.6663 -0.3347 0.6663
vn -0.9201 -0.3792 0.0981
vn -0.8545 -0.3673 0.3673
vn -0.9201 -0.0981 0.3792
vn -0.0981 0.3792 0.9201
vn -0.3673 0.3673 0.8545
vn -0.3792 0.0981 0.9201
vn -0.0919 0.7041 0.7041
vn -0.3347 0.6663 0.6663
vn -0.6663 0.3347 0.6663
vn -0.7041 0.0919 0.7041
vn -0.5773 0.5774 0.5774
vn -0.3792 0.9201 0.0981
vn -0.3673 0.8545 0.3673
vn -0.0981 0.9201 0.3792
vn -0.7041 0.7041 0.0919
vn -0.6663 0.6663 0.3347
vn -0.9201 0.0981 0.3792
vn -0.8545 0.3673 0.3673
vn -0.9201 0.3792 0.0981
vn -0.1004 -0.9899 -0.1004
vn -0.3792 -0.9201 -0.0981
vn -0.3673 -0.8545 -0.3673
vn -0.0981 -0.9201 -0.3792
vn -0.7041 -0.7041 -0.0919
vn -0.6663 -0.6663 -0.3347
vn -0.3347 -0.6663 -0.6663
vn -0.0919 -0.7041 -0.7041
vn -0.5774 -0.5773 -0.5774
vn -0.9201 -0.0981 -0.3792
vn -0.8545 -0.3673 -0.3673
vn -0.9201 -0.3792 -0.0981
vn -0.7041 -0.0919 -0.7041
vn -0.6663 -0.3347 -0.6663
vn -0.0981 -0.3792 -0.9201
vn -0.3673 -0.3673 -0.8545
vn -0.3792 -0.0981 -0.9201
vn -0.0981 0.9201 -0.3792
vn -0.3673 0.8545 -0.3673
vn -0.3792 0.9201 -0.0981
vn -0.0919 0.7041 -0.7041
vn -0.3347 0.6663 -0.6663
vn -0.6663 0.6663 -0.3347
vn -0.7041 0.7041 -0.0919
vn -0.5774 0.5774 -0.5773
vn -0.3792 0.0981 -0.9201
vn -0.3673 0.3673 -0.8545
vn -0.0981 0.3792 -0.9201
vn -0.7041 0.0919 -0.7041
vn -0.6663 0.3347 -0.6663
vn -0.9201 0.3792 -0.0981
vn -0.8545 0.3673 -0.3673
vn -0.9201 0.0981 -0.3792
vn 0.1004 -0.9899 0.1004
vn 0.3792 -0.9201 0.0981
vn 0.3673 -0.8545 0.3673
vn 0.0981 -0.9201 0.3792
vn 0.7041 -0.7041 0.0919
vn 0.6663 -0.6663 0.3347
vn 0.3347 -0.6663 0.6663
vn 0.0919 -0.7041 0.7041
vn 0.5773 -0.5773 0.5774
vn 0.9201 -0.0981 0.3792
vn 0.8545 -0.3673 0.3673
vn 0.9201 -0.3792 0.0981
vn 0.7041 -0.0919 0.7041
vn 0.6663 -0.3347 0.6663
vn 0.0981 -0.3792 0.9201
vn 0.3673 -0.3673 0.8545
vn 0.3792 -0.0981 0.9201
vn 0.0981 0.9201 0.3792
vn 0.3673 0.8545 0.3673
vn 0.3792 0.9201 0.0981
vn 0.0919 0.7041 0.7041
vn 0.3347 0.6663 0.6663
vn 0.6663 0.6663 0.3347
vn 0.7041 0.7041 0.0919
vn 0.5773 0.5774 0.5774
vn 0.3792 0.0981 0.9201
vn 0.3673 0.3673 0.8545
vn 0.0981 0.3792 0.9201
vn 0.7041 0.0919 0.7041
vn 0.6663 0.3347 0.6663
vn 0.9201 0.3792 0.0981
vn 0.8545 0.3673 0.3673
vn 0.9201 0.0981 0.3792
vn 0.1004 -0.9899 -0.1004
vn 0.0981 -0.9201 -0.3792
vn 0.3673 -0.8545 -0.3673
vn 0.3792 -0.9201 -0.0981
vn 0.0919 -0.7041 -0.7041
vn 0.3347 -0.6663 -0.6663
vn 0.6663 -0.6663 -0.3347
vn 0.7041 -0.7041 -0.0919
vn 0.5774 -0.5774 -0.5773
vn 0.3792 -0.0981 -0.9201
vn 0.3673 -0.3673 -0.8545
vn 0.0981 -0.3792 -0.9201
vn 0.7041 -0.0919 -0.7041
vn 0.6663 -0.3347 -0.6663
vn 0.9201 -0.3792 -0.0981
vn 0.8545 -0.3673 -0.3673
vn 0.9201 -0.0981 -0.3792
vn 0.3792 0.9201 -0.0981
vn 0.3673 0.8545 -0.3673
vn 0.0981 0.9201 -0.3792
vn 0.7041 0.7041 -0.0919
vn 0.6663 0.6663 -0.3347
vn 0.3347 0.6663 -0.6663
vn 0.0919 0.7041 -0.7041
vn 0.5774 0.5773 -0.5774
vn 0.9201 0.0981 -0.3792
vn 0.8545 0.3673 -0.3673
vn 0.9201 0.3792 -0.0981
vn 0.7041 0.0919 -0.7041
vn 0.6663 0.3347 -0.6663
vn 0.0981 0.3792 -0.9201
vn 0.3673 0.3673 -0.8545
vn 0.3792 0.0981 -0.9201
vt 0.399663 0.795807
vt 0.600337 0.795807
vt 0.600337 0.954193
vt 0.399663 0.954193
vt 0.399663 0.507813
vt 0.600337 0.507813
vt 0.600337 0.742187
vt 0.399663 0.742187
vt 0.670807 0.507813
vt 0.829193 0.507813
vt 0.829193 0.742187
vt 0.670807 0.742187
vt 0.399663 0.007813
vt 0.600337 0.007813
vt 0.600337 0.242187
vt 0.399663 0.242187
vt 0.399663 0.295807
vt 0.600337 0.295807
vt 0.600337 0.454193
vt 0.399663 0.454193
vt 0.170807 0.742187
vt 0.170807 0.745177
vt 0.152838 0.745252
vt 0.153277 0.742187
vt 0.170807 0.750000
vt 0.153750 0.750000
vt 0.125000 0.745096
vt 0.125000 0.742187
vt 0.144360 0.750000
vt 0.399663 0.971723
vt 0.389988 0.972162
vt 0.390225 0.954193
vt 0.399663 1.000000
vt 0.390479 1.000000
vt 0.375000 0.971250
vt 0.375000 0.954193
vt 0.385424 1.000000
vt 0.390225 0.007813
vt 0.389988 0.004748
vt 0.399663 0.004823
vt 0.375000 0.007813
vt 0.375000 0.004904
vt 0.390479 0.000000
vt 0.399663 0.000000
vt 0.375000 0.003302
vt 0.609775 0.954193
vt 0.610012 0.972162
vt 0.600337 0.971723
vt 0.625000 0.954193
vt 0.625000 0.971250
vt 0.609521 1.000000
vt 0.600337 1.000000
vt 0.625000 0.980640
vt 0.846723 0.742187
vt 0.847162 0.745252
vt 0.829193 0.745177
vt 0.875000 0.742187
vt 0.875000 0.745096
vt 0.846250 0.750000
vt 0.829193 0.750000
vt 0.875000 0.746698
vt 0.600337 0.004823
vt 0.610012 0.004748
vt 0.609775 0.007813
vt 0.600337 0.000000
vt 0.609521 0.000000
vt 0.625000 0.004904
vt 0.625000 0.007813
vt 0.614576 0.000000
vt 0.170807 0.507813
vt 0.153277 0.507813
vt 0.152838 0.504748
vt 0.170807 0.504823
vt 0.125000 0.507813
vt 0.125000 0.504904
vt 0.153750 0.500000
vt 0.170807 0.500000
vt 0.125000 0.503302
vt 0.399663 0.245177
vt 0.389988 0.245252
vt 0.390225 0.242187
vt 0.399663 0.250000
vt 0.390479 0.250000
vt 0.375000 0.245096
vt 0.375000 0.242187
vt 0.385424 0.250000
vt 0.390225 0.295807
vt 0.389988 0.277838
vt 0.399663 0.278277
vt 0.375000 0.295807
vt 0.375000 0.278750
vt 0.375000 0.269360
vt 0.829193 0.504823
vt 0.847162 0.504748
vt 0.846723 0.507813
vt 0.829193 0.500000
vt 0.846250 0.500000
vt 0.875000 0.504904
vt 0.875000 0.507813
vt 0.855640 0.500000
vt 0.600337 0.278277
vt 0.610012 0.277838
vt 0.609775 0.295807
vt 0.600337 0.250000
vt 0.609521 0.250000
vt 0.625000 0.278750
vt 0.625000 0.295807
vt 0.614576 0.250000
vt 0.609775 0.242187
vt 0.610012 0.245252
vt 0.600337 0.245177
vt 0.625000 0.242187
vt 0.625000 0.245096
vt 0.609521 0.250000
vt 0.600337 0.250000
vt 0.625000 0.246698
vt 0.329193 0.742187
vt 0.346723 0.742187
vt 0.347162 0.745252
vt 0.329193 0.745177
vt 0.375000 0.742187
vt 0.375000 0.745096
vt 0.346250 0.750000
vt 0.329193 0.750000
vt 0.378475 0.755353
vt 0.399663 0.745177
vt 0.389988 0.745252
vt 0.390225 0.742187
vt 0.399663 0.750000
vt 0.390479 0.750000
vt 0.390225 0.795807
vt 0.389988 0.777838
vt 0.399663 0.778277
vt 0.375000 0.795807
vt 0.375000 0.778750
vt 0.670807 0.745177
vt 0.652838 0.745252
vt 0.653277 0.742187
vt 0.670807 0.750000
vt 0.653750 0.750000
vt 0.625000 0.745096
vt 0.625000 0.742187
vt 0.627979 0.748899
vt 0.600337 0.778277
vt 0.610012 0.777838
vt 0.609775 0.795807
vt 0.600337 0.750000
vt 0.609521 0.750000
vt 0.625000 0.778750
vt 0.625000 0.795807
vt 0.609775 0.742187
vt 0.610012 0.745252
vt 0.600337 0.745177
vt 0.625000 0.742187
vt 0.609521 0.750000
vt 0.600337 0.750000
vt 0.329193 0.507813
vt 0.329193 0.504823
vt 0.347162 0.504748
vt 0.346723 0.507813
vt 0.329193 0.500000
vt 0.346250 0.500000
vt 0.375000 0.504904
vt 0.375000 0.507813
vt 0.372021 0.501101
vt 0.399663 0.471723
vt 0.389988 0.472162
vt 0.390225 0.454193
vt 0.399663 0.500000
vt 0.390479 0.500000
vt 0.375000 0.471250
vt 0.375000 0.454193
vt 0.390225 0.507813
vt 0.389988 0.504748
vt 0.399663 0.504823
vt 0.653277 0.507813
vt 0.652838 0.504748
vt 0.670807 0.504823
vt 0.625000 0.507813
vt 0.625000 0.504904
vt 0.653750 0.500000
vt 0.670807 0.500000
vt 0.621525 0.494647
vt 0.600337 0.504823
vt 0.610012 0.504748
vt 0.609775 0.507813
vt 0.600337 0.500000
vt 0.609521 0.500000
vt 0.625000 0.507813
vt 0.609775 0.454193
vt 0.610012 0.472162
vt 0.600337 0.471723
vt 0.625000 0.454193
vt 0.625000 0.471250
vt 0.600337 0.500000
s 1
usemtl Light
f 1320/1474/643 1338/1475/644 1261/1476/645 1243/1477/646
f 1358/1478/647 1376/1479/648 1339/1480/649 1319/1481/650
f 1375/1482/651 1299/1483/652 1262/1484/653 1337/1485/654
f 1244/1486/655 1263/1487/656 1301/1488/657 1281/1489/658
f 1282/1490/659 1300/1491/660 1377/1492/661 1357/1493/662
f 1242/1494/663 1245/1495/664 1248/1496/665 1247/1497/666
f 1245/1495/664 1246/1498/667 1249/1499/668 1248/1496/665
f 1247/1497/666 1248/1496/665 1260/1500/669 1257/1501/670
f 1248/1496/665 1249/1499/668 1250/1502/671 1260/1500/669
f 1243/1477/646 1251/1503/672 1254/1504/673 1253/1505/674
f 1251/1503/672 1252/1506/675 1255/1507/676 1254/1504/673
f 1253/1505/674 1254/1504/673 1249/1508/668 1246/1509/667
f 1254/1504/673 1255/1507/676 1250/1510/671 1249/1508/668
f 1244/1486/655 1256/1511/677 1259/1512/678 1258/1513/679
f 1256/1511/677 1257/1514/670 1260/1515/669 1259/1512/678
f 1258/1513/679 1259/1512/678 1255/1516/676 1252/1517/675
f 1259/1512/678 1260/1515/669 1250/1518/671 1255/1516/676
f 1261/1476/645 1264/1519/680 1267/1520/681 1266/1521/682
f 1264/1519/680 1265/1522/683 1268/1523/684 1267/1520/681
f 1266/1521/682 1267/1520/681 1279/1524/685 1276/1525/686
f 1267/1520/681 1268/1523/684 1269/1526/687 1279/1524/685
f 1262/1484/653 1270/1527/688 1273/1528/689 1272/1529/690
f 1270/1527/688 1271/1530/691 1274/1531/692 1273/1528/689
f 1272/1529/690 1273/1528/689 1268/1532/684 1265/1533/683
f 1273/1528/689 1274/1531/692 1269/1534/687 1268/1532/684
f 1263/1487/656 1275/1535/693 1278/1536/694 1277/1537/695
f 1275/1535/693 1276/1538/686 1279/1539/685 1278/1536/694
f 1277/1537/695 1278/1536/694 1274/1540/692 1271/1541/691
f 1278/1536/694 1279/1539/685 1269/1542/687 1274/1540/692
f 1280/1543/696 1283/1544/697 1286/1545/698 1285/1546/699
f 1283/1544/697 1284/1547/700 1287/1548/701 1286/1545/698
f 1285/1546/699 1286/1545/698 1298/1549/702 1295/1550/703
f 1286/1545/698 1287/1548/701 1288/1551/704 1298/1549/702
f 1281/1489/658 1289/1552/705 1292/1553/706 1291/1554/707
f 1289/1552/705 1290/1555/708 1293/1556/709 1292/1553/706
f 1291/1554/707 1292/1553/706 1287/1557/701 1284/1558/700
f 1292/1553/706 1293/1556/709 1288/1559/704 1287/1557/701
f 1282/1490/659 1294/1560/710 1297/1561/711 1296/1562/712
f 1294/1560/710 1295/1563/703 1298/1564/702 1297/1561/711
f 1296/1562/712 1297/1561/711 1293/1556/709 1290/1555/708
f 1297/1561/711 1298/1564/702 1288/1565/704 1293/1556/709
f 1299/1483/652 1302/1566/713 1305/1567/714 1304/1568/715
f 1302/1566/713 1303/1569/716 1306/1570/717 1305/1567/714
f 1304/1568/715 1305/1567/714 1317/1571/718 1314/1572/719
f 1305/1567/714 1306/1570/717 1307/1573/720 1317/1571/718
f 1300/1491/660 1308/1574/721 1311/1575/722 1310/1576/723
f 1308/1574/721 1309/1577/724 1312/1578/725 1311/1575/722
f 1310/1576/723 1311/1575/722 1306/1579/717 1303/1580/716
f 1311/1575/722 1312/1578/725 1307/1581/720 1306/1579/717
f 1301/1488/657 1313/1582/726 1316/1583/727 1315/1584/728
f 1313/1582/726 1314/1585/719 1317/1586/718 1316/1583/727
f 1315/1584/728 1316/1583/727 1312/1587/725 1309/1588/724
f 1316/1583/727 1317/1586/718 1307/1589/720 1312/1587/725
f 1318/1590/729 1321/1591/730 1324/1592/731 1323/1593/732
f 1321/1591/730 1322/1594/733 1325/1595/734 1324/1592/731
f 1323/1593/732 1324/1592/731 1336/1596/735 1333/1597/736
f 1324/1592/731 1325/1595/734 1326/1598/737 1336/1596/735
f 1319/1481/650 1327/1599/738 1330/1600/739 1329/1601/740
f 1327/1599/738 1328/1602/741 1331/1603/742 1330/1600/739
f 1329/1601/740 1330/1600/739 1325/1595/734 1322/1594/733
f 1330/1600/739 1331/1603/742 1326/1598/737 1325/1595/734
f 1320/1474/643 1332/1604/743 1335/1605/744 1334/1606/745
f 1332/1604/743 1333/1607/736 1336/1608/735 1335/1605/744
f 1334/1606/745 1335/1605/744 1331/1603/742 1328/1602/741
f 1335/1605/744 1336/1608/735 1326/1598/737 1331/1603/742
f 1337/1485/654 1340/1609/746 1343/1610/747 1342/1611/748
f 1340/1609/746 1341/1612/749 1344/1613/750 1343/1610/747
f 1342/1611/748 1343/1610/747 1355/1614/751 1352/1615/752
f 1343/1610/747 1344/1613/750 1345/1616/753 1355/1614/751
f 1338/1475/644 1346/1617/754 1349/1618/755 1348/1619/756
f 1346/1617/754 1347/1620/757 1350/1621/758 1349/1618/755
f 1348/1619/756 1349/1618/755 1344/1622/750 1341/1623/749
f 1349/1618/755 1350/1621/758 1345/1616/753 1344/1622/750
f 1339/1480/649 1351/1624/759 1354/1625/760 1353/1626/761
f 1351/1624/759 1352/1627/752 1355/1614/751 1354/1625/760
f 1353/1626/761 1354/1625/760 1350/1628/758 1347/1629/757
f 1354/1625/760 1355/1614/751 1345/1616/753 1350/1628/758
f 1356/1630/762 1359/1631/763 1362/1632/764 1361/1633/765
f 1359/1631/763 1360/1634/766 1363/1635/767 1362/1632/764
f 1361/1633/765 1362/1632/764 1374/1636/768 1371/1637/769
f 1362/1632/764 1363/1635/767 1364/1638/770 1374/1636/768
f 1357/1493/662 1365/1639/771 1368/1640/772 1367/1641/773
f 1365/1639/771 1366/1642/774 1369/1643/775 1368/1640/772
f 1367/1641/773 1368/1640/772 1363/1644/767 1360/1645/766
f 1368/1640/772 1369/1643/775 1364/1638/770 1363/1644/767
f 1358/1478/647 1370/1646/776 1373/1647/777 1372/1648/778
f 1370/1646/776 1371/1637/769 1374/1636/768 1373/1647/777
f 1372/1648/778 1373/1647/777 1369/1643/775 1366/1642/774
f 1373/1647/777 1374/1636/768 1364/1638/770 1369/1643/775
f 1375/1482/651 1378/1649/779 1381/1650/780 1380/1651/781
f 1378/1649/779 1379/1652/782 1382/1653/783 1381/1650/780
f 1380/1651/781 1381/1650/780 1393/1654/784 1390/1655/785
f 1381/1650/780 1382/1653/783 1383/1656/786 1393/1654/784
f 1376/1479/648 1384/1657/787 1387/1658/788 1386/1659/789
f 1384/1657/787 1385/1660/790 1388/1661/791 1387/1658/788
f 1386/1659/789 1387/1658/788 1382/1653/783 1379/1662/782
f 1387/1658/788 1388/1661/791 1383/1656/786 1382/1653/783
f 1377/1492/661 1389/1663/792 1392/1664/793 1391/1665/794
f 1389/1663/792 1390/1666/785 1393/1667/784 1392/1664/793
f 1391/1665/794 1392/1664/793 1388/1661/791 1385/1668/790
f 1392/1664/793 1393/1667/784 1383/1656/786 1388/1661/791
f 1280/1543/696 1242/1494/663 1247/1497/666 1283/1544/697
f 1283/1544/697 1247/1497/666 1257/1501/670 1284/1547/700
f 1284/1558/700 1257/1514/670 1256/1511/677 1291/1554/707
f 1291/1554/707 1256/1511/677 1244/1486/655 1281/1489/658
f 1243/1477/646 1261/1476/645 1266/1521/682 1251/1503/672
f 1251/1503/672 1266/1521/682 1276/1525/686 1252/1506/675
f 1252/1517/675 1276/1538/686 1275/1535/693 1258/1513/679
f 1258/1513/679 1275/1535/693 1263/1487/656 1244/1486/655
f 1262/1484/653 1299/1483/652 1304/1568/715 1270/1527/688
f 1270/1527/688 1304/1568/715 1314/1572/719 1271/1530/691
f 1271/1541/691 1314/1585/719 1313/1582/726 1277/1537/695
f 1277/1537/695 1313/1582/726 1301/1488/657 1263/1487/656
f 1300/1491/660 1282/1490/659 1296/1562/712 1308/1574/721
f 1308/1574/721 1296/1562/712 1290/1555/708 1309/1588/724
f 1309/1588/724 1290/1555/708 1289/1552/705 1315/1584/728
f 1315/1584/728 1289/1552/705 1281/1489/658 1301/1488/657
f 1356/1630/762 1280/1543/696 1285/1546/699 1359/1631/763
f 1359/1631/763 1285/1546/699 1295/1550/703 1360/1634/766
f 1360/1645/766 1295/1563/703 1294/1560/710 1367/1641/773
f 1367/1641/773 1294/1560/710 1282/1490/659 1357/1493/662
f 1299/1483/652 1375/1482/651 1380/1651/781 1302/1566/713
f 1302/1566/713 1380/1651/781 1390/1655/785 1303/1569/716
f 1303/1580/716 1390/1666/785 1389/1663/792 1310/1576/723
f 1310/1576/723 1389/1663/792 1377/1492/661 1300/1491/660
f 1376/1479/648 1358/1478/647 1372/1648/778 1384/1657/787
f 1384/1657/787 1372/1648/778 1366/1642/774 1385/1668/790
f 1385/1668/790 1366/1642/774 1365/1639/771 1391/1665/794
f 1391/1665/794 1365/1639/771 1357/1493/662 1377/1492/661
f 1318/1590/729 1356/1630/762 1361/1633/765 1321/1591/730
f 1321/1591/730 1361/1633/765 1371/1637/769 1322/1594/733
f 1322/1594/733 1371/1637/769 1370/1646/776 1329/1601/740
f 1329/1601/740 1370/1646/776 1358/1478/647 1319/1481/650
f 1375/1482/651 1337/1485/654 1342/1611/748 1378/1649/779
f 1378/1649/779 1342/1611/748 1352/1627/752 1379/1652/782
f 1379/1652/782 1352/1627/752 1351/1624/759 1386/1659/789
f 1386/1659/789 1351/1624/759 1339/1480/649 1376/1479/648
f 1338/1475/644 1320/1474/643 1334/1606/745 1346/1617/754
f 1346/1617/754 1334/1606/745 1328/1602/741 1347/1629/757
f 1347/1629/757 1328/1602/741 1327/1599/738 1353/1626/761
f 1353/1626/761 1327/1599/738 1319/1481/650 1339/1480/649
f 1242/1494/663 1318/1590/729 1323/1593/732 1245/1495/664
f 1245/1495/664 1323/1593/732 1333/1597/736 1246/1498/667
f 1246/1509/667 1333/1607/736 1332/1604/743 1253/1505/674
f 1253/1505/674 1332/1604/743 1320/1474/643 1243/1477/646
f 1337/1485/654 1262/1484/653 1272/1529/690 1340/1609/746
f 1340/1609/746 1272/1529/690 1265/1533/683 1341/1612/749
f 1341/1623/749 1265/1522/683 1264/1519/680 1348/1619/756
f 1348/1619/756 1264/1519/680 1261/1476/645 1338/1475/644
f 1280/1543/696 1356/1630/762 1318/1590/729 1242/1494/663
o Cube.004
v -1.891364 -0.363875 2.293628
v -1.891364 -0.345493 2.293628
v -1.891364 -0.363875 2.100047
v -1.891364 -0.345493 2.100047
v 1.891364 -0.363875 2.293628
v 1.891364 -0.345493 2.293628
v 1.891364 -0.363875 2.100047
v 1.891364 -0.345493 2.100047
v 0.850306 -0.393998 1.876267
v -0.850306 -0.393998 1.876267
v -0.850306 -0.315369 1.876267
v 0.850306 -0.315369 1.876267
v -0.850306 -0.393998 2.517408
v 0.850306 -0.393998 2.517408
v 0.850306 -0.315369 2.517408
v -0.850306 -0.315369 2.517408
vn -1.0000 -0.0000 -0.0000
vn 0.2102 -0.0000 -0.9777
vn 1.0000 -0.0000 -0.0000
vn -0.2102 -0.0000 0.9777
vn 0.0289 -0.9996 -0.0000
vn -0.0289 0.9996 -0.0000
vn 0.0289 0.9996 -0.0000
vn -0.0000 1.0000 -0.0000
vn -0.0289 -0.9996 -0.0000
vn -0.0000 -1.0000 -0.0000
vn 0.2102 -0.0000 0.9777
vn -0.0000 -0.0000 1.0000
vn -0.2102 -0.0000 -0.9777
vn -0.0000 -0.0000 -1.0000
vt 0.375000 0.000000
vt 0.625000 0.000000
vt 0.625000 0.250000
vt 0.375000 0.250000
vt 0.375000 0.416667
vt 0.625000 0.416667
vt 0.625000 0.500000
vt 0.375000 0.500000
vt 0.625000 0.750000
vt 0.375000 0.750000
vt 0.375000 0.916667
vt 0.625000 0.916667
vt 0.625000 1.000000
vt 0.375000 1.000000
vt 0.291667 0.500000
vt 0.291667 0.750000
vt 0.791667 0.500000
vt 0.875000 0.500000
vt 0.875000 0.750000
vt 0.791667 0.750000
vt 0.708333 0.500000
vt 0.708333 0.750000
vt 0.125000 0.500000
vt 0.208333 0.500000
vt 0.208333 0.750000
vt 0.125000 0.750000
vt 0.625000 0.833333
vt 0.375000 0.833333
vt 0.625000 0.333333
vt 0.375000 0.333333
s 0
usemtl Black
f 1394/1669/795 1395/1670/795 1397/1671/795 1396/1672/795
f 1402/1673/796 1405/1674/796 1401/1675/796 1400/1676/796
f 1400/1676/797 1401/1675/797 1399/1677/797 1398/1678/797
f 1406/1679/798 1409/1680/798 1395/1681/798 1394/1682/798
f 1402/1683/799 1400/1676/799 1398/1678/799 1407/1684/799
f 1404/1685/800 1397/1686/800 1395/1687/800 1409/1688/800
f 1401/1675/801 1405/1689/801 1408/1690/801 1399/1677/801
f 1405/1689/802 1404/1685/802 1409/1688/802 1408/1690/802
f 1396/1691/803 1403/1692/803 1406/1693/803 1394/1694/803
f 1403/1692/804 1402/1683/804 1407/1684/804 1406/1693/804
f 1398/1678/805 1399/1677/805 1408/1695/805 1407/1696/805
f 1407/1696/806 1408/1695/806 1409/1680/806 1406/1679/806
f 1396/1672/807 1397/1671/807 1404/1697/807 1403/1698/807
f 1403/1698/808 1404/1697/808 1405/1674/808 1402/1673/808
