# Blender 3.6.1
# www.blender.org
mtllib shieldAlternate2.mtl
o Cube
v -7.488736 -6.935920 1.101603
v -7.147772 -1.910958 1.232649
v -7.146885 -1.910834 0.993273
v -6.888311 -1.910095 1.229169
v -6.889138 -1.910047 0.990244
v -6.283745 -4.402508 0.966991
v -6.317178 -4.404524 0.886139
v -6.189326 -4.404066 0.874444
v -6.153025 -4.402117 0.955968
v -6.719908 -3.138293 1.109319
v -6.733562 -3.139847 0.972038
v -6.549870 -3.137555 0.956979
v -6.529732 -3.135612 1.092188
v -6.942569 -5.685376 0.885473
v -6.800570 -5.685325 0.881677
v -6.790124 -5.687696 0.973737
v -6.933874 -5.687753 0.977244
v -6.536407 -5.047292 0.989877
v -6.558434 -5.046388 0.903733
v -6.419960 -5.045886 0.894535
v -6.395592 -5.046736 0.981483
v -6.466797 -3.760123 0.926710
v -6.322377 -3.758550 0.909770
v -6.285192 -3.754805 0.994297
v -6.436516 -3.756738 1.013449
v -6.919769 -2.525225 1.157978
v -6.920777 -2.525382 1.004932
v -6.746653 -2.524423 0.999791
v -6.743218 -2.524146 1.152219
v -7.312643 -6.314878 0.942464
v -7.215080 -6.315127 0.933387
v -7.221633 -6.316101 1.012279
v -7.318866 -6.315783 1.021820
v -7.392117 -6.938293 1.851743
v -6.914981 -1.911216 2.095600
v -6.908689 -1.910589 1.848636
v -6.654026 -1.910417 2.092119
v -6.650559 -1.909896 1.845685
v -5.836059 -4.389161 1.615229
v -5.861661 -4.389423 1.502799
v -5.754920 -4.390625 1.513322
v -5.725765 -4.390676 1.626089
v -6.396246 -3.134241 1.891866
v -6.395622 -3.132346 1.726976
v -6.197161 -3.129924 1.710217
v -6.190549 -3.131701 1.873587
v -6.618380 -5.694393 1.578252
v -6.469069 -5.693105 1.590774
v -6.456079 -5.692561 1.708815
v -6.610241 -5.693903 1.695681
v -6.165638 -5.048223 1.651977
v -6.182179 -5.048280 1.539190
v -6.055810 -5.046897 1.547287
v -6.034114 -5.046801 1.660921
v -5.905845 -3.732313 1.524983
v -5.770717 -3.732654 1.518900
v -5.752402 -3.734245 1.640433
v -5.891042 -3.733663 1.646817
v -6.707047 -2.527073 2.008968
v -6.699619 -2.526050 1.843222
v -6.519980 -2.525061 1.837750
v -6.523655 -2.525960 2.002740
v -7.108539 -6.316665 1.761510
v -7.003955 -6.316083 1.760162
v -7.008182 -6.315276 1.852638
v -7.112890 -6.315869 1.853687
v -7.087108 -6.915486 2.922808
v -6.660866 -1.911084 2.842267
v -6.657324 -1.910537 2.593600
v -6.397886 -1.910302 2.838589
v -6.396162 -1.909809 2.590316
v -5.525986 -4.397335 2.417545
v -5.535617 -4.396972 2.275413
v -5.431003 -4.397911 2.291037
v -5.413178 -4.398029 2.429116
v -6.087836 -3.142114 2.645598
v -6.083340 -3.139634 2.470379
v -5.885879 -3.139074 2.461066
v -5.882298 -3.141342 2.634234
v -6.220303 -5.676800 2.444204
v -6.076285 -5.675124 2.455052
v -6.066714 -5.673270 2.598859
v -6.215341 -5.674455 2.591536
v -5.801274 -5.039539 2.485810
v -5.811295 -5.040748 2.339801
v -5.689808 -5.039521 2.354158
v -5.673890 -5.038430 2.496236
v -5.616365 -3.755482 2.318223
v -5.495157 -3.757518 2.325050
v -5.483157 -3.759782 2.464088
v -5.613976 -3.758261 2.461499
v -6.440870 -2.528760 2.755443
v -6.437547 -2.527840 2.587328
v -6.252723 -2.526983 2.582273
v -6.253671 -2.527856 2.749941
v -6.819236 -6.297696 2.625134
v -6.705986 -6.296888 2.627610
v -6.709078 -6.294751 2.737567
v -6.821182 -6.295454 2.735120
v -6.637054 -6.896412 3.874583
v -6.304109 -1.910328 3.579573
v -6.295563 -1.909626 3.329912
v -6.044222 -1.909692 3.575438
v -6.036558 -1.909009 3.326367
v -5.242167 -4.391737 3.286583
v -5.235109 -4.391638 3.144230
v -5.127292 -4.391223 3.152637
v -5.122100 -4.391507 3.289657
v -5.720927 -3.148130 3.405265
v -5.694958 -3.146261 3.229964
v -5.514181 -3.146001 3.225831
v -5.532481 -3.147735 3.398162
v -5.796225 -5.666792 3.349465
v -5.659595 -5.666250 3.348056
v -5.653268 -5.665077 3.499365
v -5.796296 -5.665719 3.503450
v -5.434662 -5.027136 3.359495
v -5.441585 -5.028408 3.211985
v -5.319735 -5.026844 3.219674
v -5.301747 -5.025487 3.363808
v -5.275829 -3.766094 3.143316
v -5.161560 -3.766346 3.147635
v -5.164374 -3.767804 3.281064
v -5.288973 -3.767569 3.281334
v -6.079003 -2.529624 3.496052
v -6.066171 -2.528630 3.326901
v -5.886343 -2.528002 3.322914
v -5.897711 -2.528974 3.491348
v -6.331804 -6.280890 3.715952
v -6.224062 -6.281468 3.713046
v -6.224561 -6.280991 3.831378
v -6.330925 -6.280417 3.832490
v -6.162230 -6.914413 4.583798
v -5.979054 -1.909994 4.192041
v -5.965026 -1.909122 3.942148
v -5.723427 -1.909458 4.186072
v -5.710194 -1.908610 3.937054
v -4.910500 -4.404616 3.893860
v -4.905651 -4.400367 3.769772
v -4.799966 -4.402845 3.762459
v -4.798691 -4.407762 3.882342
v -5.488367 -3.153146 4.033484
v -5.442289 -3.150934 3.859979
v -5.274642 -3.150591 3.852992
v -5.313996 -3.152854 4.023420
v -5.436609 -5.651512 4.114060
v -5.316715 -5.650093 4.107205
v -5.335089 -5.648064 4.252547
v -5.459403 -5.649668 4.259407
v -5.019605 -5.018974 4.046076
v -5.015858 -5.018591 3.906504
v -4.910882 -5.019581 3.897736
v -4.911243 -5.020388 4.033793
v -5.025914 -3.775752 3.767550
v -4.908595 -3.776850 3.759269
v -4.929291 -3.780444 3.884328
v -5.055828 -3.779076 3.896928
v -5.781012 -2.530956 4.111457
v -5.759285 -2.529785 3.942509
v -5.587060 -2.529285 3.937151
v -5.607452 -2.530447 4.105134
v -5.952762 -6.284280 4.413867
v -5.859634 -6.284515 4.402283
v -5.866233 -6.285957 4.492124
v -5.957602 -6.285749 4.501282
v -5.759709 -6.920945 4.972596
v -5.581482 -1.909176 4.790251
v -5.565791 -1.908321 4.540081
v -5.328401 -1.908509 4.780028
v -5.313937 -1.907712 4.530809
v -4.669216 -4.436382 4.430083
v -4.629901 -4.433995 4.298884
v -4.536903 -4.435122 4.278002
v -4.567500 -4.437369 4.403735
v -5.224949 -3.157739 4.633617
v -5.177865 -3.155963 4.459882
v -5.018430 -3.154941 4.444725
v -5.060570 -3.156596 4.616190
v -5.197198 -5.638053 4.741658
v -5.090112 -5.638502 4.727528
v -5.126099 -5.639517 4.850249
v -5.237885 -5.639692 4.862950
v -4.874866 -5.028610 4.676307
v -4.823650 -5.027788 4.534749
v -4.733171 -5.029908 4.519140
v -4.774645 -5.030348 4.659169
v -4.821207 -3.793317 4.343451
v -4.717281 -3.792730 4.329542
v -4.763594 -3.794618 4.464106
v -4.875557 -3.795361 4.481759
v -5.425355 -2.531605 4.706858
v -5.402880 -2.530575 4.538086
v -5.235282 -2.529849 4.527366
v -5.256163 -2.530821 4.695119
v -5.585690 -6.293627 4.896152
v -5.497297 -6.293003 4.882474
v -5.505806 -6.294251 4.956908
v -5.593796 -6.294820 4.968585
v -4.516385 -6.935920 6.074287
v -4.182623 -1.910958 5.925852
v -4.351260 -1.910834 5.755960
v -4.001618 -1.910095 5.739926
v -4.171147 -1.910047 5.571565
v -3.759512 -4.402508 5.127045
v -3.840324 -4.404524 5.093514
v -3.758190 -4.404066 4.994840
v -3.674874 -4.402117 5.026816
v -3.967285 -3.138293 5.536099
v -4.074014 -3.139847 5.448682
v -3.954772 -3.137555 5.308144
v -3.844924 -3.135612 5.389511
v -4.283013 -5.685376 5.535261
v -4.185288 -5.685325 5.432168
v -4.112806 -5.687696 5.489879
v -4.211973 -5.687753 5.594005
v -3.921990 -5.047292 5.321887
v -3.998478 -5.046388 5.276549
v -3.907065 -5.045886 5.172129
v -3.828353 -5.046736 5.216380
v -3.917433 -3.760123 5.227999
v -3.827291 -3.758550 5.113901
v -3.741227 -3.754805 5.147376
v -3.834687 -3.756738 5.267920
v -4.074202 -2.525225 5.711830
v -4.183135 -2.525382 5.604323
v -4.063645 -2.524423 5.477563
v -3.953433 -2.524146 5.582917
v -4.504397 -6.314878 5.837242
v -4.441828 -6.315127 5.761837
v -4.390676 -6.316101 5.822255
v -4.452683 -6.315783 5.897755
v -3.917636 -6.938293 6.536395
v -3.407816 -1.911216 6.371443
v -3.577998 -1.910589 6.192364
v -3.225756 -1.910417 6.184458
v -3.397560 -1.909896 6.007751
v -2.984577 -4.389161 5.268856
v -3.082181 -4.389423 5.207459
v -2.999262 -4.390625 5.139423
v -2.898909 -4.390676 5.198546
v -3.185078 -3.134241 5.860580
v -3.301232 -3.132346 5.743544
v -3.172748 -3.129924 5.591360
v -3.052553 -3.131701 5.702205
v -3.563908 -5.694393 5.795894
v -3.449476 -5.693105 5.699170
v -3.356823 -5.692561 5.773452
v -3.475119 -5.693903 5.873174
v -3.191640 -5.048223 5.527888
v -3.283089 -5.048280 5.459833
v -3.188007 -5.046897 5.376201
v -3.092314 -5.046801 5.441211
v -3.097737 -3.732313 5.254388
v -3.006488 -3.732654 5.154537
v -2.907601 -3.734245 5.227524
v -3.001120 -3.733663 5.330071
v -3.322043 -2.527073 6.163153
v -3.433991 -2.526050 6.040701
v -3.310837 -2.525061 5.909808
v -3.196770 -2.525960 6.029071
v -3.780921 -6.316665 6.272071
v -3.707921 -6.316083 6.197166
v -3.645519 -6.315276 6.265546
v -3.718819 -6.315869 6.340327
v -2.944605 -6.915486 7.078080
v -2.700157 -1.911084 6.719729
v -2.873487 -1.910537 6.541390
v -2.516804 -1.910302 6.531174
v -2.691140 -1.909809 6.354399
v -2.197999 -4.397335 5.616924
v -2.305313 -4.396972 5.523232
v -2.220291 -4.397911 5.460306
v -2.110050 -4.398029 5.545340
v -2.434030 -3.142114 6.175470
v -2.554749 -3.139634 6.048393
v -2.421708 -3.139074 5.902181
v -2.296728 -3.141342 6.022098
v -2.670105 -5.676800 6.126731
v -2.560598 -5.675124 6.032567
v -2.452144 -5.673270 6.127485
v -2.562417 -5.674455 6.227402
v -2.344387 -5.039539 5.859853
v -2.454717 -5.040748 5.763695
v -2.358661 -5.039521 5.687943
v -2.246941 -5.038430 5.777151
v -2.332139 -3.755482 5.610601
v -2.241605 -3.757518 5.529722
v -2.134804 -3.759782 5.619551
v -2.229137 -3.758261 5.710223
v -2.605990 -2.528760 6.502775
v -2.722516 -2.527840 6.381550
v -2.595400 -2.526983 6.247285
v -2.477512 -2.527856 6.366515
v -2.965677 -6.297696 6.678178
v -2.883847 -6.296888 6.599849
v -2.808282 -6.294751 6.679787
v -2.889282 -6.295454 6.757326
v -1.953363 -6.896412 7.432850
v -1.926538 -1.910328 6.988818
v -2.097032 -1.909626 6.806239
v -1.745694 -1.909692 6.802126
v -1.916394 -1.909009 6.620587
v -1.382807 -4.391737 6.030736
v -1.478475 -4.391638 5.925087
v -1.396292 -4.391223 5.854794
v -1.295733 -4.391507 5.948010
v -1.637420 -3.148130 6.453193
v -1.743014 -3.146261 6.310873
v -1.618108 -3.146001 6.180121
v -1.509192 -3.147735 6.314918
v -1.730120 -5.666792 6.466979
v -1.634505 -5.666250 6.369371
v -1.523039 -5.665077 6.471889
v -1.621287 -5.665719 6.575913
v -1.467365 -5.027136 6.218408
v -1.576565 -5.028408 6.118998
v -1.484967 -5.026844 6.038274
v -1.370330 -5.025487 6.127473
v -1.507915 -3.766094 5.953235
v -1.424059 -3.766346 5.875488
v -1.331702 -3.767804 5.971827
v -1.419615 -3.767569 6.060122
v -1.826422 -2.529624 6.770586
v -1.936956 -2.528630 6.641905
v -1.812618 -2.528002 6.511928
v -1.701555 -2.528974 6.639067
v -1.849686 -6.280890 7.104836
v -1.775556 -6.281468 7.026596
v -1.692235 -6.280991 7.110622
v -1.766660 -6.280417 7.186620
v -1.116120 -6.914413 7.598589
v -1.263610 -1.909994 7.192050
v -1.430391 -1.909122 7.005430
v -1.087074 -1.909458 7.007073
v -1.253799 -1.908610 6.821634
v -0.718873 -4.404616 6.225622
v -0.803188 -4.400367 6.134450
v -0.733628 -4.402845 6.054548
v -0.647957 -4.407762 6.138417
v -1.028758 -3.153146 6.732965
v -1.118863 -3.150934 6.577697
v -1.005258 -3.150591 6.454211
v -0.912575 -3.152854 6.602550
v -0.935184 -5.651512 6.753343
v -0.855253 -5.650093 6.663718
v -0.765473 -5.648064 6.779482
v -0.848525 -5.649668 6.872236
v -0.688389 -5.018974 6.410404
v -0.784432 -5.018591 6.309062
v -0.716403 -5.019581 6.228633
v -0.620451 -5.020388 6.325096
v -0.889798 -3.775752 6.217917
v -0.812696 -3.776850 6.129106
v -0.738900 -3.780444 6.232170
v -0.819466 -3.779076 6.330555
v -1.180554 -2.530956 6.995031
v -1.284654 -2.529785 6.860204
v -1.166661 -2.529285 6.734634
v -1.062300 -2.530447 6.867836
v -1.088163 -6.284280 7.330313
v -1.030504 -6.284515 7.256271
v -0.971642 -6.285957 7.324464
v -1.029773 -6.285749 7.395547
v -0.556573 -6.920945 7.588885
v -0.559484 -1.909176 7.333922
v -0.725287 -1.908321 7.145930
v -0.387758 -1.908509 7.147738
v -0.553755 -1.907712 6.961287
v -0.169093 -4.436382 6.434175
v -0.234065 -4.433995 6.313604
v -0.183070 -4.435122 6.233079
v -0.115799 -4.437369 6.343620
v -0.418134 -3.157739 6.971059
v -0.507690 -3.155963 6.814916
v -0.405670 -3.154941 6.691461
v -0.314224 -3.156596 6.842503
v -0.322115 -5.638053 7.027833
v -0.256386 -5.638502 6.942120
v -0.195055 -5.639517 7.054343
v -0.265119 -5.639692 7.142369
v -0.140403 -5.028610 6.753699
v -0.204284 -5.027788 6.617387
v -0.151343 -5.029908 6.542372
v -0.081654 -5.030348 6.670713
v -0.337825 -3.793317 6.480392
v -0.274173 -3.792730 6.397069
v -0.211770 -3.794618 6.524969
v -0.278457 -3.795361 6.616621
v -0.508054 -2.531605 7.164556
v -0.611501 -2.530575 7.029325
v -0.500572 -2.529849 6.903234
v -0.396717 -2.530821 7.036619
v -0.487578 -6.293627 7.411781
v -0.434746 -6.293003 7.339606
v -0.388130 -6.294251 7.398256
v -0.442091 -6.294820 7.468730
v 1.101603 -6.935920 7.488736
v 1.232648 -1.910958 7.147771
v 0.993273 -1.910834 7.146884
v 1.229169 -1.910095 6.888311
v 0.990244 -1.910047 6.889137
v 0.966991 -4.402508 6.283744
v 0.886139 -4.404524 6.317177
v 0.874443 -4.404066 6.189326
v 0.955967 -4.402117 6.153024
v 1.109319 -3.138293 6.719907
v 0.972038 -3.139847 6.733562
v 0.956979 -3.137555 6.549870
v 1.092188 -3.135612 6.529732
v 0.885473 -5.685376 6.942568
v 0.881677 -5.685325 6.800569
v 0.973737 -5.687696 6.790123
v 0.977244 -5.687753 6.933873
v 0.989876 -5.047292 6.536407
v 0.903733 -5.046388 6.558434
v 0.894535 -5.045886 6.419959
v 0.981483 -5.046736 6.395592
v 0.926710 -3.760123 6.466796
v 0.909770 -3.758550 6.322377
v 0.994297 -3.754805 6.285192
v 1.013449 -3.756738 6.436515
v 1.157978 -2.525225 6.919769
v 1.004931 -2.525382 6.920777
v 0.999791 -2.524423 6.746653
v 1.152219 -2.524146 6.743217
v 0.942463 -6.314878 7.312643
v 0.933387 -6.315127 7.215080
v 1.012279 -6.316101 7.221632
v 1.021820 -6.315783 7.318865
v 1.851742 -6.938293 7.392116
v 2.095600 -1.911216 6.914980
v 1.848635 -1.910589 6.908689
v 2.092118 -1.910417 6.654026
v 1.845684 -1.909896 6.650559
v 1.615229 -4.389161 5.836058
v 1.502798 -4.389423 5.861661
v 1.513322 -4.390625 5.754919
v 1.626089 -4.390676 5.725765
v 1.891866 -3.134241 6.396246
v 1.726976 -3.132346 6.395622
v 1.710217 -3.129924 6.197160
v 1.873587 -3.131701 6.190548
v 1.578252 -5.694393 6.618379
v 1.590774 -5.693105 6.469069
v 1.708815 -5.692561 6.456079
v 1.695681 -5.693903 6.610240
v 1.651976 -5.048223 6.165637
v 1.539190 -5.048280 6.182178
v 1.547287 -5.046897 6.055809
v 1.660921 -5.046801 6.034113
v 1.524983 -3.732313 5.905844
v 1.518900 -3.732654 5.770716
v 1.640433 -3.734245 5.752401
v 1.646817 -3.733663 5.891042
v 2.008968 -2.527073 6.707047
v 1.843222 -2.526050 6.699619
v 1.837749 -2.525061 6.519980
v 2.002739 -2.525960 6.523655
v 1.761509 -6.316665 7.108539
v 1.760162 -6.316083 7.003955
v 1.852638 -6.315276 7.008181
v 1.853687 -6.315869 7.112890
v 2.922808 -6.915486 7.087108
v 2.842267 -1.911084 6.660866
v 2.593599 -1.910537 6.657323
v 2.838588 -1.910302 6.397886
v 2.590315 -1.909809 6.396161
v 2.417545 -4.397335 5.525985
v 2.275413 -4.396972 5.535617
v 2.291037 -4.397911 5.431003
v 2.429116 -4.398029 5.413177
v 2.645597 -3.142114 6.087835
v 2.470379 -3.139634 6.083340
v 2.461066 -3.139074 5.885878
v 2.634234 -3.141342 5.882298
v 2.444204 -5.676800 6.220302
v 2.455052 -5.675124 6.076284
v 2.598859 -5.673270 6.066714
v 2.591535 -5.674455 6.215340
v 2.485810 -5.039539 5.801273
v 2.339800 -5.040748 5.811295
v 2.354158 -5.039521 5.689808
v 2.496235 -5.038430 5.673890
v 2.318223 -3.755482 5.616364
v 2.325050 -3.757518 5.495157
v 2.464088 -3.759782 5.483156
v 2.461499 -3.758261 5.613976
v 2.755443 -2.528760 6.440869
v 2.587327 -2.527840 6.437546
v 2.582273 -2.526983 6.252723
v 2.749940 -2.527856 6.253671
v 2.625134 -6.297696 6.819235
v 2.627610 -6.296888 6.705985
v 2.737567 -6.294751 6.709078
v 2.735120 -6.295454 6.821181
v 3.874582 -6.896412 6.637054
v 3.579572 -1.910328 6.304109
v 3.329912 -1.909626 6.295563
v 3.575437 -1.909692 6.044222
v 3.326367 -1.909009 6.036557
v 3.286582 -4.391737 5.242167
v 3.144229 -4.391638 5.235108
v 3.152636 -4.391223 5.127292
v 3.289656 -4.391507 5.122100
v 3.405265 -3.148130 5.720927
v 3.229964 -3.146261 5.694958
v 3.225830 -3.146001 5.514181
v 3.398162 -3.147735 5.532480
v 3.349465 -5.666792 5.796225
v 3.348056 -5.666250 5.659595
v 3.499365 -5.665077 5.653267
v 3.503449 -5.665719 5.796296
v 3.359494 -5.027136 5.434662
v 3.211984 -5.028408 5.441584
v 3.219674 -5.026844 5.319734
v 3.363808 -5.025487 5.301746
v 3.143316 -3.766094 5.275828
v 3.147635 -3.766346 5.161559
v 3.281063 -3.767804 5.164374
v 3.281334 -3.767569 5.288972
v 3.496052 -2.529624 6.079002
v 3.326901 -2.528630 6.066171
v 3.322914 -2.528002 5.886342
v 3.491348 -2.528974 5.897710
v 3.715952 -6.280890 6.331803
v 3.713045 -6.281468 6.224061
v 3.831378 -6.280991 6.224560
v 3.832489 -6.280417 6.330925
v 4.583797 -6.914413 6.162229
v 4.192040 -1.909994 5.979054
v 3.942147 -1.909122 5.965026
v 4.186071 -1.909458 5.723426
v 3.937053 -1.908610 5.710194
v 3.893859 -4.404616 4.910500
v 3.769771 -4.400367 4.905651
v 3.762458 -4.402845 4.799966
v 3.882341 -4.407762 4.798690
v 4.033484 -3.153146 5.488367
v 3.859978 -3.150934 5.442288
v 3.852991 -3.150591 5.274641
v 4.023419 -3.152854 5.313995
v 4.114059 -5.651512 5.436609
v 4.107204 -5.650093 5.316715
v 4.252546 -5.648064 5.335088
v 4.259406 -5.649668 5.459402
v 4.046076 -5.018974 5.019604
v 3.906503 -5.018591 5.015857
v 3.897735 -5.019581 4.910882
v 4.033792 -5.020388 4.911243
v 3.767549 -3.775752 5.025913
v 3.759268 -3.776850 4.908595
v 3.884328 -3.780444 4.929291
v 3.896928 -3.779076 5.055828
v 4.111456 -2.530956 5.781012
v 3.942508 -2.529785 5.759284
v 3.937151 -2.529285 5.587059
v 4.105133 -2.530447 5.607452
v 4.413866 -6.284280 5.952761
v 4.402282 -6.284515 5.859634
v 4.492124 -6.285957 5.866232
v 4.501281 -6.285749 5.957601
v 4.972595 -6.920945 5.759708
v 4.790251 -1.909176 5.581481
v 4.540080 -1.908321 5.565790
v 4.780027 -1.908509 5.328401
v 4.530808 -1.907712 5.313936
v 4.430082 -4.436382 4.669216
v 4.298883 -4.433995 4.629901
v 4.278002 -4.435122 4.536902
v 4.403734 -4.437369 4.567499
v 4.633616 -3.157739 5.224948
v 4.459882 -3.155963 5.177865
v 4.444724 -3.154941 5.018429
v 4.616190 -3.156596 5.060570
v 4.741657 -5.638053 5.197198
v 4.727528 -5.638502 5.090112
v 4.850248 -5.639517 5.126099
v 4.862949 -5.639692 5.237885
v 4.676306 -5.028610 4.874866
v 4.534748 -5.027788 4.823650
v 4.519139 -5.029908 4.733171
v 4.659168 -5.030348 4.774645
v 4.343450 -3.793317 4.821207
v 4.329541 -3.792730 4.717280
v 4.464106 -3.794618 4.763594
v 4.481758 -3.795361 4.875557
v 4.706857 -2.531605 5.425354
v 4.538086 -2.530575 5.402880
v 4.527366 -2.529849 5.235282
v 4.695119 -2.530821 5.256162
v 4.896151 -6.293627 5.585690
v 4.882473 -6.293003 5.497296
v 4.956907 -6.294251 5.505806
v 4.968584 -6.294820 5.593795
v 6.074286 -6.935920 4.516385
v 5.925852 -1.910958 4.182623
v 5.755960 -1.910834 4.351260
v 5.739925 -1.910095 4.001617
v 5.571564 -1.910047 4.171147
v 5.127044 -4.402508 3.759512
v 5.093513 -4.404524 3.840323
v 4.994839 -4.404066 3.758189
v 5.026815 -4.402117 3.674874
v 5.536098 -3.138293 3.967285
v 5.448682 -3.139847 4.074013
v 5.308144 -3.137555 3.954772
v 5.389511 -3.135612 3.844924
v 5.535260 -5.685376 4.283013
v 5.432168 -5.685325 4.185288
v 5.489879 -5.687696 4.112806
v 5.594005 -5.687753 4.211973
v 5.321886 -5.047292 3.921989
v 5.276548 -5.046388 3.998478
v 5.172129 -5.045886 3.907064
v 5.216379 -5.046736 3.828353
v 5.227998 -3.760123 3.917433
v 5.113900 -3.758550 3.827291
v 5.147375 -3.754805 3.741227
v 5.267920 -3.756738 3.834687
v 5.711829 -2.525225 4.074202
v 5.604322 -2.525382 4.183135
v 5.477562 -2.524423 4.063644
v 5.582917 -2.524146 3.953433
v 5.837241 -6.314878 4.504397
v 5.761836 -6.315127 4.441828
v 5.822254 -6.316101 4.390676
v 5.897755 -6.315783 4.452683
v 6.536394 -6.938293 3.917636
v 6.371443 -1.911216 3.407816
v 6.192364 -1.910589 3.577998
v 6.184458 -1.910417 3.225756
v 6.007751 -1.909896 3.397559
v 5.268855 -4.389161 2.984577
v 5.207458 -4.389423 3.082181
v 5.139422 -4.390625 2.999262
v 5.198545 -4.390676 2.898909
v 5.860579 -3.134241 3.185078
v 5.743544 -3.132346 3.301231
v 5.591359 -3.129924 3.172748
v 5.702205 -3.131701 3.052553
v 5.795893 -5.694393 3.563908
v 5.699169 -5.693105 3.449476
v 5.773452 -5.692561 3.356823
v 5.873173 -5.693903 3.475118
v 5.527887 -5.048223 3.191640
v 5.459832 -5.048280 3.283089
v 5.376201 -5.046897 3.188007
v 5.441211 -5.046801 3.092314
v 5.254388 -3.732313 3.097737
v 5.154537 -3.732654 3.006488
v 5.227523 -3.734245 2.907601
v 5.330070 -3.733663 3.001120
v 6.163153 -2.527073 3.322043
v 6.040701 -2.526050 3.433991
v 5.909807 -2.525061 3.310837
v 6.029071 -2.525960 3.196770
v 6.272071 -6.316665 3.780920
v 6.197166 -6.316083 3.707922
v 6.265545 -6.315276 3.645519
v 6.340326 -6.315869 3.718819
v 7.078079 -6.915486 2.944604
v 6.719729 -1.911084 2.700157
v 6.541389 -1.910537 2.873487
v 6.531174 -1.910302 2.516804
v 6.354399 -1.909809 2.691140
v 5.616924 -4.397335 2.197999
v 5.523232 -4.396972 2.305312
v 5.460306 -4.397911 2.220291
v 5.545340 -4.398029 2.110050
v 6.175469 -3.142114 2.434030
v 6.048392 -3.139634 2.554749
v 5.902180 -3.139074 2.421708
v 6.022097 -3.141342 2.296728
v 6.126731 -5.676800 2.670105
v 6.032566 -5.675124 2.560598
v 6.127485 -5.673270 2.452144
v 6.227401 -5.674455 2.562417
v 5.859853 -5.039539 2.344387
v 5.763694 -5.040748 2.454717
v 5.687943 -5.039521 2.358661
v 5.777151 -5.038430 2.246941
v 5.610600 -3.755482 2.332139
v 5.529721 -3.757518 2.241605
v 5.619551 -3.759782 2.134804
v 5.710222 -3.758261 2.229137
v 6.502775 -2.528760 2.605990
v 6.381549 -2.527840 2.722516
v 6.247285 -2.526983 2.595400
v 6.366514 -2.527856 2.477511
v 6.678177 -6.297696 2.965677
v 6.599848 -6.296888 2.883847
v 6.679786 -6.294751 2.808282
v 6.757325 -6.295454 2.889282
v 7.432850 -6.896412 1.953363
v 6.988817 -1.910328 1.926538
v 6.806238 -1.909626 2.097032
v 6.802126 -1.909692 1.745694
v 6.620586 -1.909009 1.916394
v 6.030736 -4.391737 1.382807
v 5.925087 -4.391638 1.478475
v 5.854793 -4.391223 1.396292
v 5.948009 -4.391507 1.295733
v 6.453192 -3.148130 1.637420
v 6.310872 -3.146261 1.743014
v 6.180121 -3.146001 1.618108
v 6.314918 -3.147735 1.509192
v 6.466979 -5.666792 1.730120
v 6.369371 -5.666250 1.634505
v 6.471889 -5.665077 1.523039
v 6.575912 -5.665719 1.621287
v 6.218408 -5.027136 1.467365
v 6.118997 -5.028408 1.576565
v 6.038273 -5.026844 1.484967
v 6.127472 -5.025487 1.370330
v 5.953234 -3.766094 1.507915
v 5.875487 -3.766346 1.424059
v 5.971826 -3.767804 1.331702
v 6.060122 -3.767569 1.419615
v 6.770586 -2.529624 1.826422
v 6.641905 -2.528630 1.936956
v 6.511928 -2.528002 1.812618
v 6.639066 -2.528974 1.701555
v 7.104836 -6.280890 1.849686
v 7.026596 -6.281468 1.775556
v 7.110622 -6.280991 1.692235
v 7.186620 -6.280417 1.766660
v 7.598588 -6.914413 1.116120
v 7.192050 -1.909994 1.263610
v 7.005429 -1.909122 1.430391
v 7.007073 -1.909458 1.087074
v 6.821634 -1.908610 1.253799
v 6.225622 -4.404616 0.718873
v 6.134450 -4.400367 0.803188
v 6.054548 -4.402845 0.733628
v 6.138416 -4.407762 0.647957
v 6.732965 -3.153146 1.028758
v 6.577696 -3.150934 1.118862
v 6.454210 -3.150591 1.005258
v 6.602550 -3.152854 0.912575
v 6.753343 -5.651512 0.935184
v 6.663717 -5.650093 0.855253
v 6.779481 -5.648064 0.765473
v 6.872236 -5.649668 0.848525
v 6.410403 -5.018974 0.688389
v 6.309061 -5.018591 0.784432
v 6.228632 -5.019581 0.716403
v 6.325095 -5.020388 0.620451
v 6.217916 -3.775752 0.889798
v 6.129105 -3.776850 0.812696
v 6.232169 -3.780444 0.738900
v 6.330554 -3.779076 0.819466
v 6.995031 -2.530956 1.180554
v 6.860204 -2.529785 1.284654
v 6.734633 -2.529285 1.166661
v 6.867835 -2.530447 1.062300
v 7.330313 -6.284280 1.088163
v 7.256270 -6.284515 1.030503
v 7.324464 -6.285957 0.971642
v 7.395547 -6.285749 1.029773
v 7.588885 -6.920945 0.556573
v 7.333922 -1.909176 0.559484
v 7.145929 -1.908321 0.725287
v 7.147738 -1.908509 0.387758
v 6.961287 -1.907712 0.553755
v 6.434175 -4.436382 0.169093
v 6.313603 -4.433995 0.234065
v 6.233078 -4.435122 0.183070
v 6.343620 -4.437369 0.115799
v 6.971059 -3.157739 0.418134
v 6.814916 -3.155963 0.507690
v 6.691460 -3.154941 0.405670
v 6.842503 -3.156596 0.314224
v 7.027832 -5.638053 0.322116
v 6.942120 -5.638502 0.256386
v 7.054343 -5.639517 0.195055
v 7.142368 -5.639692 0.265119
v 6.753698 -5.028610 0.140403
v 6.617387 -5.027788 0.204285
v 6.542372 -5.029908 0.151343
v 6.670713 -5.030348 0.081654
v 6.480391 -3.793317 0.337825
v 6.397069 -3.792730 0.274173
v 6.524968 -3.794618 0.211770
v 6.616621 -3.795361 0.278457
v 7.164556 -2.531605 0.508054
v 7.029325 -2.530575 0.611501
v 6.903234 -2.529849 0.500572
v 7.036618 -2.530821 0.396717
v 7.411781 -6.293627 0.487578
v 7.339606 -6.293003 0.434746
v 7.398255 -6.294251 0.388130
v 7.468730 -6.294820 0.442091
v 7.488735 -6.935920 -1.101603
v 7.147771 -1.910958 -1.232648
v 7.146884 -1.910834 -0.993273
v 6.888311 -1.910095 -1.229169
v 6.889137 -1.910047 -0.990244
v 6.283744 -4.402508 -0.966991
v 6.317177 -4.404524 -0.886139
v 6.189326 -4.404066 -0.874443
v 6.153024 -4.402117 -0.955967
v 6.719907 -3.138293 -1.109318
v 6.733562 -3.139847 -0.972038
v 6.549870 -3.137555 -0.956979
v 6.529732 -3.135612 -1.092188
v 6.942568 -5.685376 -0.885472
v 6.800569 -5.685325 -0.881677
v 6.790123 -5.687696 -0.973737
v 6.933873 -5.687753 -0.977244
v 6.536407 -5.047292 -0.989876
v 6.558434 -5.046388 -0.903733
v 6.419959 -5.045886 -0.894535
v 6.395592 -5.046736 -0.981483
v 6.466796 -3.760123 -0.926710
v 6.322377 -3.758550 -0.909770
v 6.285192 -3.754805 -0.994297
v 6.436515 -3.756738 -1.013449
v 6.919769 -2.525225 -1.157978
v 6.920777 -2.525382 -1.004931
v 6.746653 -2.524423 -0.999791
v 6.743217 -2.524146 -1.152219
v 7.312642 -6.314878 -0.942463
v 7.215079 -6.315127 -0.933387
v 7.221632 -6.316101 -1.012279
v 7.318865 -6.315783 -1.021820
v 7.392116 -6.938293 -1.851742
v 6.914980 -1.911216 -2.095600
v 6.908689 -1.910589 -1.848635
v 6.654026 -1.910417 -2.092118
v 6.650559 -1.909896 -1.845684
v 5.836058 -4.389161 -1.615229
v 5.861661 -4.389423 -1.502798
v 5.754919 -4.390625 -1.513322
v 5.725765 -4.390676 -1.626089
v 6.396246 -3.134241 -1.891866
v 6.395622 -3.132346 -1.726976
v 6.197160 -3.129924 -1.710217
v 6.190548 -3.131701 -1.873587
v 6.618379 -5.694393 -1.578252
v 6.469069 -5.693105 -1.590774
v 6.456079 -5.692561 -1.708815
v 6.610240 -5.693903 -1.695680
v 6.165637 -5.048223 -1.651976
v 6.182178 -5.048280 -1.539190
v 6.055809 -5.046897 -1.547287
v 6.034113 -5.046801 -1.660921
v 5.905844 -3.732313 -1.524983
v 5.770716 -3.732654 -1.518900
v 5.752401 -3.734245 -1.640433
v 5.891042 -3.733663 -1.646817
v 6.707047 -2.527073 -2.008967
v 6.699619 -2.526050 -1.843222
v 6.519980 -2.525061 -1.837749
v 6.523655 -2.525960 -2.002739
v 7.108539 -6.316665 -1.761509
v 7.003955 -6.316083 -1.760162
v 7.008181 -6.315276 -1.852638
v 7.112890 -6.315869 -1.853686
v 7.087108 -6.915486 -2.922808
v 6.660866 -1.911084 -2.842267
v 6.657323 -1.910537 -2.593599
v 6.397886 -1.910302 -2.838588
v 6.396161 -1.909809 -2.590315
v 5.525985 -4.397335 -2.417545
v 5.535617 -4.396972 -2.275413
v 5.431003 -4.397911 -2.291037
v 5.413177 -4.398029 -2.429116
v 6.087835 -3.142114 -2.645597
v 6.083340 -3.139634 -2.470379
v 5.885878 -3.139074 -2.461066
v 5.882298 -3.141342 -2.634233
v 6.220302 -5.676800 -2.444204
v 6.076284 -5.675124 -2.455052
v 6.066714 -5.673270 -2.598858
v 6.215340 -5.674455 -2.591535
v 5.801273 -5.039539 -2.485809
v 5.811295 -5.040748 -2.339800
v 5.689808 -5.039521 -2.354157
v 5.673890 -5.038430 -2.496235
v 5.616364 -3.755482 -2.318223
v 5.495157 -3.757518 -2.325049
v 5.483156 -3.759782 -2.464088
v 5.613976 -3.758261 -2.461499
v 6.440869 -2.528760 -2.755443
v 6.437546 -2.527840 -2.587327
v 6.252723 -2.526983 -2.582272
v 6.253671 -2.527856 -2.749940
v 6.819235 -6.297696 -2.625134
v 6.705985 -6.296888 -2.627610
v 6.709078 -6.294751 -2.737566
v 6.821181 -6.295454 -2.735120
v 6.637054 -6.896412 -3.874582
v 6.304109 -1.910328 -3.579572
v 6.295563 -1.909626 -3.329912
v 6.044222 -1.909692 -3.575437
v 6.036557 -1.909009 -3.326366
v 5.242167 -4.391737 -3.286582
v 5.235108 -4.391638 -3.144229
v 5.127292 -4.391223 -3.152636
v 5.122099 -4.391507 -3.289656
v 5.720927 -3.148130 -3.405265
v 5.694958 -3.146261 -3.229963
v 5.514181 -3.146001 -3.225830
v 5.532480 -3.147735 -3.398161
v 5.796225 -5.666792 -3.349465
v 5.659595 -5.666250 -3.348056
v 5.653267 -5.665077 -3.499365
v 5.796296 -5.665719 -3.503449
v 5.434662 -5.027136 -3.359494
v 5.441584 -5.028408 -3.211984
v 5.319734 -5.026844 -3.219674
v 5.301746 -5.025487 -3.363808
v 5.275828 -3.766094 -3.143315
v 5.161559 -3.766346 -3.147635
v 5.164373 -3.767804 -3.281063
v 5.288972 -3.767569 -3.281333
v 6.079002 -2.529624 -3.496052
v 6.066171 -2.528630 -3.326901
v 5.886342 -2.528002 -3.322914
v 5.897710 -2.528974 -3.491347
v 6.331803 -6.280890 -3.715952
v 6.224061 -6.281468 -3.713046
v 6.224560 -6.280991 -3.831378
v 6.330925 -6.280417 -3.832489
v 6.162229 -6.914413 -4.583797
v 5.979054 -1.909994 -4.192040
v 5.965026 -1.909122 -3.942148
v 5.723426 -1.909458 -4.186071
v 5.710194 -1.908610 -3.937054
v 4.910500 -4.404616 -3.893859
v 4.905651 -4.400367 -3.769771
v 4.799965 -4.402845 -3.762458
v 4.798690 -4.407762 -3.882341
v 5.488367 -3.153146 -4.033484
v 5.442288 -3.150934 -3.859978
v 5.274641 -3.150591 -3.852991
v 5.313995 -3.152854 -4.023419
v 5.436609 -5.651512 -4.114059
v 5.316715 -5.650093 -4.107205
v 5.335088 -5.648064 -4.252546
v 5.459402 -5.649668 -4.259407
v 5.019604 -5.018974 -4.046076
v 5.015857 -5.018591 -3.906503
v 4.910881 -5.019581 -3.897735
v 4.911243 -5.020388 -4.033792
v 5.025913 -3.775752 -3.767549
v 4.908595 -3.776850 -3.759268
v 4.929290 -3.780444 -3.884328
v 5.055828 -3.779076 -3.896928
v 5.781012 -2.530956 -4.111456
v 5.759284 -2.529785 -3.942509
v 5.587059 -2.529285 -3.937151
v 5.607452 -2.530447 -4.105133
v 5.952761 -6.284280 -4.413866
v 5.859634 -6.284515 -4.402282
v 5.866232 -6.285957 -4.492124
v 5.957601 -6.285749 -4.501281
v 5.759708 -6.920945 -4.972596
v 5.581481 -1.909176 -4.790251
v 5.565790 -1.908321 -4.540080
v 5.328401 -1.908509 -4.780028
v 5.313936 -1.907712 -4.530809
v 4.669215 -4.436382 -4.430082
v 4.629900 -4.433995 -4.298883
v 4.536902 -4.435122 -4.278002
v 4.567499 -4.437369 -4.403734
v 5.224948 -3.157739 -4.633617
v 5.177864 -3.155963 -4.459882
v 5.018429 -3.154941 -4.444725
v 5.060570 -3.156596 -4.616190
v 5.197198 -5.638053 -4.741658
v 5.090111 -5.638502 -4.727528
v 5.126099 -5.639517 -4.850249
v 5.237885 -5.639692 -4.862950
v 4.874866 -5.028610 -4.676306
v 4.823649 -5.027788 -4.534748
v 4.733171 -5.029908 -4.519140
v 4.774644 -5.030348 -4.659169
v 4.821206 -3.793317 -4.343450
v 4.717280 -3.792730 -4.329541
v 4.763593 -3.794618 -4.464106
v 4.875557 -3.795361 -4.481759
v 5.425354 -2.531605 -4.706857
v 5.402880 -2.530575 -4.538086
v 5.235282 -2.529849 -4.527366
v 5.256162 -2.530821 -4.695119
v 5.585690 -6.293627 -4.896151
v 5.497296 -6.293003 -4.882473
v 5.505806 -6.294251 -4.956907
v 5.593795 -6.294820 -4.968584
v 4.516385 -6.935920 -6.074286
v 4.182623 -1.910958 -5.925852
v 4.351260 -1.910834 -5.755960
v 4.001617 -1.910095 -5.739925
v 4.171147 -1.910047 -5.571564
v 3.759512 -4.402508 -5.127044
v 3.840323 -4.404524 -5.093513
v 3.758189 -4.404066 -4.994839
v 3.674874 -4.402117 -5.026815
v 3.967285 -3.138293 -5.536098
v 4.074013 -3.139847 -5.448682
v 3.954772 -3.137555 -5.308144
v 3.844924 -3.135612 -5.389511
v 4.283013 -5.685376 -5.535260
v 4.185288 -5.685325 -5.432168
v 4.112805 -5.687696 -5.489879
v 4.211973 -5.687753 -5.594005
v 3.921989 -5.047292 -5.321886
v 3.998478 -5.046388 -5.276548
v 3.907064 -5.045886 -5.172129
v 3.828353 -5.046736 -5.216379
v 3.917433 -3.760123 -5.227998
v 3.827290 -3.758550 -5.113900
v 3.741227 -3.754805 -5.147375
v 3.834687 -3.756738 -5.267920
v 4.074202 -2.525225 -5.711829
v 4.183134 -2.525382 -5.604322
v 4.063644 -2.524423 -5.477562
v 3.953433 -2.524146 -5.582917
v 4.504397 -6.314878 -5.837241
v 4.441828 -6.315127 -5.761836
v 4.390676 -6.316101 -5.822254
v 4.452683 -6.315783 -5.897755
v 3.917636 -6.938293 -6.536394
v 3.407816 -1.911216 -6.371443
v 3.577998 -1.910589 -6.192364
v 3.225755 -1.910417 -6.184458
v 3.397559 -1.909896 -6.007751
v 2.984577 -4.389161 -5.268855
v 3.082181 -4.389423 -5.207458
v 2.999262 -4.390625 -5.139422
v 2.898908 -4.390676 -5.198545
v 3.185077 -3.134241 -5.860579
v 3.301231 -3.132346 -5.743544
v 3.172747 -3.129924 -5.591359
v 3.052552 -3.131701 -5.702205
v 3.563907 -5.694393 -5.795893
v 3.449475 -5.693105 -5.699169
v 3.356823 -5.692561 -5.773452
v 3.475118 -5.693903 -5.873173
v 3.191640 -5.048223 -5.527887
v 3.283088 -5.048280 -5.459832
v 3.188007 -5.046897 -5.376201
v 3.092314 -5.046801 -5.441211
v 3.097736 -3.732313 -5.254388
v 3.006488 -3.732654 -5.154537
v 2.907601 -3.734245 -5.227523
v 3.001120 -3.733663 -5.330070
v 3.322043 -2.527073 -6.163153
v 3.433991 -2.526050 -6.040701
v 3.310837 -2.525061 -5.909807
v 3.196769 -2.525960 -6.029071
v 3.780920 -6.316665 -6.272071
v 3.707921 -6.316083 -6.197166
v 3.645519 -6.315276 -6.265545
v 3.718818 -6.315869 -6.340326
v 2.944604 -6.915486 -7.078079
v 2.700157 -1.911084 -6.719729
v 2.873486 -1.910537 -6.541389
v 2.516803 -1.910302 -6.531174
v 2.691139 -1.909809 -6.354399
v 2.197999 -4.397335 -5.616924
v 2.305312 -4.396972 -5.523232
v 2.220291 -4.397911 -5.460306
v 2.110050 -4.398029 -5.545340
v 2.434030 -3.142114 -6.175469
v 2.554749 -3.139634 -6.048392
v 2.421708 -3.139074 -5.902180
v 2.296728 -3.141342 -6.022097
v 2.670104 -5.676800 -6.126731
v 2.560598 -5.675124 -6.032566
v 2.452144 -5.673270 -6.127485
v 2.562417 -5.674455 -6.227401
v 2.344387 -5.039539 -5.859853
v 2.454717 -5.040748 -5.763694
v 2.358660 -5.039521 -5.687943
v 2.246941 -5.038430 -5.777151
v 2.332139 -3.755482 -5.610600
v 2.241604 -3.757518 -5.529721
v 2.134804 -3.759782 -5.619551
v 2.229137 -3.758261 -5.710222
v 2.605990 -2.528760 -6.502775
v 2.722515 -2.527840 -6.381549
v 2.595400 -2.526983 -6.247285
v 2.477511 -2.527856 -6.366514
v 2.965677 -6.297696 -6.678177
v 2.883847 -6.296888 -6.599848
v 2.808282 -6.294751 -6.679786
v 2.889282 -6.295454 -6.757325
v 1.953362 -6.896412 -7.432849
v 1.926538 -1.910328 -6.988817
v 2.097031 -1.909626 -6.806238
v 1.745694 -1.909692 -6.802126
v 1.916394 -1.909009 -6.620586
v 1.382806 -4.391737 -6.030736
v 1.478475 -4.391638 -5.925087
v 1.396292 -4.391223 -5.854793
v 1.295733 -4.391507 -5.948009
v 1.637420 -3.148130 -6.453192
v 1.743014 -3.146261 -6.310872
v 1.618108 -3.146001 -6.180121
v 1.509191 -3.147735 -6.314918
v 1.730120 -5.666792 -6.466979
v 1.634505 -5.666250 -6.369371
v 1.523039 -5.665077 -6.471889
v 1.621287 -5.665719 -6.575912
v 1.467365 -5.027136 -6.218408
v 1.576565 -5.028408 -6.118997
v 1.484967 -5.026844 -6.038273
v 1.370330 -5.025487 -6.127472
v 1.507914 -3.766094 -5.953234
v 1.424059 -3.766346 -5.875487
v 1.331701 -3.767804 -5.971826
v 1.419615 -3.767569 -6.060122
v 1.826422 -2.529624 -6.770586
v 1.936956 -2.528630 -6.641905
v 1.812618 -2.528002 -6.511928
v 1.701555 -2.528974 -6.639066
v 1.849686 -6.280890 -7.104836
v 1.775556 -6.281468 -7.026595
v 1.692235 -6.280991 -7.110621
v 1.766660 -6.280417 -7.186619
v 1.116119 -6.914413 -7.598588
v 1.263609 -1.909994 -7.192050
v 1.430391 -1.909122 -7.005429
v 1.087074 -1.909458 -7.007072
v 1.253799 -1.908610 -6.821633
v 0.718873 -4.404616 -6.225622
v 0.803188 -4.400367 -6.134450
v 0.733628 -4.402845 -6.054548
v 0.647956 -4.407762 -6.138416
v 1.028758 -3.153146 -6.732965
v 1.118862 -3.150934 -6.577696
v 1.005258 -3.150591 -6.454210
v 0.912575 -3.152854 -6.602550
v 0.935184 -5.651512 -6.753343
v 0.855253 -5.650093 -6.663717
v 0.765472 -5.648064 -6.779481
v 0.848525 -5.649668 -6.872235
v 0.688388 -5.018974 -6.410403
v 0.784431 -5.018591 -6.309061
v 0.716403 -5.019581 -6.228632
v 0.620451 -5.020388 -6.325095
v 0.889798 -3.775752 -6.217916
v 0.812696 -3.776850 -6.129105
v 0.738900 -3.780444 -6.232169
v 0.819466 -3.779076 -6.330554
v 1.180553 -2.530956 -6.995030
v 1.284654 -2.529785 -6.860204
v 1.166661 -2.529285 -6.734633
v 1.062300 -2.530447 -6.867835
v 1.088163 -6.284280 -7.330312
v 1.030503 -6.284515 -7.256270
v 0.971641 -6.285957 -7.324464
v 1.029773 -6.285749 -7.395546
v 0.556573 -6.920945 -7.588885
v 0.559484 -1.909176 -7.333922
v 0.725287 -1.908321 -7.145929
v 0.387758 -1.908509 -7.147738
v 0.553755 -1.907712 -6.961287
v 0.169092 -4.436382 -6.434175
v 0.234064 -4.433995 -6.313603
v 0.183070 -4.435122 -6.233078
v 0.115799 -4.437369 -6.343620
v 0.418134 -3.157739 -6.971058
v 0.507690 -3.155963 -6.814916
v 0.405670 -3.154941 -6.691460
v 0.314224 -3.156596 -6.842503
v 0.322115 -5.638053 -7.027832
v 0.256385 -5.638502 -6.942119
v 0.195055 -5.639517 -7.054342
v 0.265119 -5.639692 -7.142368
v 0.140403 -5.028610 -6.753698
v 0.204284 -5.027788 -6.617387
v 0.151343 -5.029908 -6.542372
v 0.081653 -5.030348 -6.670713
v 0.337825 -3.793317 -6.480391
v 0.274173 -3.792730 -6.397069
v 0.211770 -3.794618 -6.524968
v 0.278457 -3.795361 -6.616621
v 0.508054 -2.531605 -7.164556
v 0.611501 -2.530575 -7.029324
v 0.500572 -2.529849 -6.903234
v 0.396717 -2.530821 -7.036618
v 0.487577 -6.293627 -7.411780
v 0.434745 -6.293003 -7.339605
v 0.388130 -6.294251 -7.398255
v 0.442091 -6.294820 -7.468730
v -1.101603 -6.935920 -7.488735
v -1.232648 -1.910958 -7.147771
v -0.993273 -1.910834 -7.146884
v -1.229169 -1.910095 -6.888311
v -0.990244 -1.910047 -6.889137
v -0.966991 -4.402508 -6.283744
v -0.886139 -4.404524 -6.317177
v -0.874444 -4.404066 -6.189326
v -0.955968 -4.402117 -6.153024
v -1.109319 -3.138293 -6.719907
v -0.972038 -3.139847 -6.733562
v -0.956979 -3.137555 -6.549870
v -1.092188 -3.135612 -6.529731
v -0.885473 -5.685376 -6.942568
v -0.881677 -5.685325 -6.800569
v -0.973737 -5.687696 -6.790123
v -0.977244 -5.687753 -6.933873
v -0.989877 -5.047292 -6.536407
v -0.903733 -5.046388 -6.558434
v -0.894535 -5.045886 -6.419959
v -0.981483 -5.046736 -6.395591
v -0.926710 -3.760123 -6.466796
v -0.909770 -3.758550 -6.322377
v -0.994297 -3.754805 -6.285191
v -1.013449 -3.756738 -6.436515
v -1.157978 -2.525225 -6.919769
v -1.004931 -2.525382 -6.920777
v -0.999791 -2.524423 -6.746652
v -1.152219 -2.524146 -6.743217
v -0.942464 -6.314878 -7.312642
v -0.933387 -6.315127 -7.215079
v -1.012279 -6.316101 -7.221632
v -1.021820 -6.315783 -7.318864
v -1.851742 -6.938293 -7.392115
v -2.095600 -1.911216 -6.914980
v -1.848636 -1.910589 -6.908689
v -2.092118 -1.910417 -6.654026
v -1.845684 -1.909896 -6.650559
v -1.615229 -4.389161 -5.836058
v -1.502798 -4.389423 -5.861660
v -1.513322 -4.390625 -5.754919
v -1.626089 -4.390676 -5.725765
v -1.891866 -3.134241 -6.396245
v -1.726976 -3.132346 -6.395622
v -1.710217 -3.129924 -6.197160
v -1.873587 -3.131701 -6.190548
v -1.578252 -5.694393 -6.618379
v -1.590774 -5.693105 -6.469069
v -1.708815 -5.692561 -6.456079
v -1.695681 -5.693903 -6.610240
v -1.651976 -5.048223 -6.165637
v -1.539190 -5.048280 -6.182178
v -1.547287 -5.046897 -6.055809
v -1.660921 -5.046801 -6.034113
v -1.524983 -3.732313 -5.905844
v -1.518900 -3.732654 -5.770716
v -1.640433 -3.734245 -5.752401
v -1.646817 -3.733663 -5.891041
v -2.008968 -2.527073 -6.707046
v -1.843222 -2.526050 -6.699619
v -1.837750 -2.525061 -6.519980
v -2.002739 -2.525960 -6.523654
v -1.761510 -6.316665 -7.108538
v -1.760162 -6.316083 -7.003954
v -1.852638 -6.315276 -7.008181
v -1.853687 -6.315869 -7.112890
v -2.922808 -6.915486 -7.087107
v -2.842267 -1.911084 -6.660865
v -2.593599 -1.910537 -6.657323
v -2.838588 -1.910302 -6.397886
v -2.590315 -1.909809 -6.396161
v -2.417545 -4.397335 -5.525985
v -2.275413 -4.396972 -5.535616
v -2.291037 -4.397911 -5.431002
v -2.429116 -4.398029 -5.413177
v -2.645597 -3.142114 -6.087835
v -2.470379 -3.139634 -6.083339
v -2.461066 -3.139074 -5.885878
v -2.634233 -3.141342 -5.882298
v -2.444204 -5.676800 -6.220302
v -2.455052 -5.675124 -6.076284
v -2.598858 -5.673270 -6.066714
v -2.591535 -5.674455 -6.215340
v -2.485810 -5.039539 -5.801273
v -2.339800 -5.040748 -5.811294
v -2.354158 -5.039521 -5.689807
v -2.496235 -5.038430 -5.673890
v -2.318223 -3.755482 -5.616364
v -2.325050 -3.757518 -5.495157
v -2.464088 -3.759782 -5.483156
v -2.461499 -3.758261 -5.613975
v -2.755443 -2.528760 -6.440869
v -2.587327 -2.527840 -6.437546
v -2.582273 -2.526983 -6.252722
v -2.749940 -2.527856 -6.253670
v -2.625134 -6.297696 -6.819235
v -2.627610 -6.296888 -6.705985
v -2.737566 -6.294751 -6.709077
v -2.735120 -6.295454 -6.821181
v -3.874583 -6.896412 -6.637054
v -3.579572 -1.910328 -6.304108
v -3.329912 -1.909626 -6.295562
v -3.575437 -1.909692 -6.044221
v -3.326367 -1.909009 -6.036557
v -3.286582 -4.391737 -5.242166
v -3.144229 -4.391638 -5.235108
v -3.152637 -4.391223 -5.127291
v -3.289656 -4.391507 -5.122099
v -3.405265 -3.148130 -5.720927
v -3.229964 -3.146261 -5.694957
v -3.225830 -3.146001 -5.514181
v -3.398162 -3.147735 -5.532480
v -3.349465 -5.666792 -5.796224
v -3.348056 -5.666250 -5.659595
v -3.499365 -5.665077 -5.653267
v -3.503450 -5.665719 -5.796296
v -3.359494 -5.027136 -5.434661
v -3.211984 -5.028408 -5.441584
v -3.219674 -5.026844 -5.319734
v -3.363808 -5.025487 -5.301746
v -3.143315 -3.766094 -5.275828
v -3.147635 -3.766346 -5.161559
v -3.281063 -3.767804 -5.164373
v -3.281334 -3.767569 -5.288972
v -3.496052 -2.529624 -6.079002
v -3.326901 -2.528630 -6.066170
v -3.322914 -2.528002 -5.886342
v -3.491348 -2.528974 -5.897710
v -3.715952 -6.280890 -6.331803
v -3.713046 -6.281468 -6.224061
v -3.831378 -6.280991 -6.224560
v -3.832490 -6.280417 -6.330925
v -4.583797 -6.914413 -6.162229
v -4.192040 -1.909994 -5.979054
v -3.942148 -1.909122 -5.965025
v -4.186071 -1.909458 -5.723426
v -3.937054 -1.908610 -5.710193
v -3.893860 -4.404616 -4.910499
v -3.769771 -4.400367 -4.905651
v -3.762459 -4.402845 -4.799965
v -3.882342 -4.407762 -4.798690
v -4.033484 -3.153146 -5.488367
v -3.859978 -3.150934 -5.442288
v -3.852991 -3.150591 -5.274641
v -4.023419 -3.152854 -5.313995
v -4.114059 -5.651512 -5.436609
v -4.107205 -5.650093 -5.316715
v -4.252546 -5.648064 -5.335088
v -4.259407 -5.649668 -5.459402
v -4.046076 -5.018974 -5.019604
v -3.906503 -5.018591 -5.015857
v -3.897735 -5.019581 -4.910881
v -4.033792 -5.020388 -4.911243
v -3.767549 -3.775752 -5.025913
v -3.759269 -3.776850 -4.908595
v -3.884328 -3.780444 -4.929290
v -3.896928 -3.779076 -5.055828
v -4.111457 -2.530956 -5.781011
v -3.942509 -2.529785 -5.759284
v -3.937151 -2.529285 -5.587059
v -4.105133 -2.530447 -5.607452
v -4.413866 -6.284280 -5.952761
v -4.402283 -6.284515 -5.859634
v -4.492124 -6.285957 -5.866232
v -4.501282 -6.285749 -5.957601
v -4.972596 -6.920945 -5.759708
v -4.790251 -1.909176 -5.581481
v -4.540080 -1.908321 -5.565790
v -4.780028 -1.908509 -5.328400
v -4.530809 -1.907712 -5.313936
v -4.430082 -4.436382 -4.669215
v -4.298883 -4.433995 -4.629900
v -4.278002 -4.435122 -4.536902
v -4.403734 -4.437369 -4.567499
v -4.633617 -3.157739 -5.224948
v -4.459882 -3.155963 -5.177864
v -4.444725 -3.154941 -5.018429
v -4.616190 -3.156596 -5.060569
v -4.741658 -5.638053 -5.197197
v -4.727528 -5.638502 -5.090111
v -4.850249 -5.639517 -5.126098
v -4.862950 -5.639692 -5.237884
v -4.676307 -5.028610 -4.874866
v -4.534748 -5.027788 -4.823649
v -4.519140 -5.029908 -4.733171
v -4.659169 -5.030348 -4.774644
v -4.343451 -3.793317 -4.821206
v -4.329541 -3.792730 -4.717280
v -4.464106 -3.794618 -4.763593
v -4.481759 -3.795361 -4.875556
v -4.706858 -2.531605 -5.425354
v -4.538086 -2.530575 -5.402879
v -4.527366 -2.529849 -5.235281
v -4.695119 -2.530821 -5.256162
v -4.896152 -6.293627 -5.585690
v -4.882474 -6.293003 -5.497296
v -4.956907 -6.294251 -5.505805
v -4.968584 -6.294820 -5.593795
v -6.074286 -6.935920 -4.516385
v -5.925852 -1.910958 -4.182623
v -5.755960 -1.910834 -4.351260
v -5.739925 -1.910095 -4.001617
v -5.571564 -1.910047 -4.171147
v -5.127044 -4.402508 -3.759512
v -5.093513 -4.404524 -3.840323
v -4.994839 -4.404066 -3.758189
v -5.026816 -4.402117 -3.674874
v -5.536098 -3.138293 -3.967285
v -5.448682 -3.139847 -4.074013
v -5.308144 -3.137555 -3.954772
v -5.389511 -3.135612 -3.844923
v -5.535260 -5.685376 -4.283013
v -5.432168 -5.685325 -4.185288
v -5.489879 -5.687696 -4.112805
v -5.594005 -5.687753 -4.211973
v -5.321886 -5.047292 -3.921989
v -5.276548 -5.046388 -3.998477
v -5.172129 -5.045886 -3.907064
v -5.216379 -5.046736 -3.828352
v -5.227998 -3.760123 -3.917432
v -5.113900 -3.758550 -3.827291
v -5.147375 -3.754805 -3.741227
v -5.267920 -3.756738 -3.834687
v -5.711829 -2.525225 -4.074201
v -5.604322 -2.525382 -4.183134
v -5.477562 -2.524423 -4.063644
v -5.582917 -2.524146 -3.953433
v -5.837241 -6.314878 -4.504397
v -5.761836 -6.315127 -4.441827
v -5.822254 -6.316101 -4.390675
v -5.897755 -6.315783 -4.452683
v -6.536394 -6.938293 -3.917635
v -6.371443 -1.911216 -3.407816
v -6.192364 -1.910589 -3.577998
v -6.184458 -1.910417 -3.225755
v -6.007751 -1.909896 -3.397559
v -5.268855 -4.389161 -2.984577
v -5.207458 -4.389423 -3.082181
v -5.139423 -4.390625 -2.999262
v -5.198545 -4.390676 -2.898909
v -5.860579 -3.134241 -3.185077
v -5.743544 -3.132346 -3.301231
v -5.591359 -3.129924 -3.172748
v -5.702205 -3.131701 -3.052552
v -5.795893 -5.694393 -3.563908
v -5.699169 -5.693105 -3.449475
v -5.773452 -5.692561 -3.356822
v -5.873173 -5.693903 -3.475118
v -5.527887 -5.048223 -3.191640
v -5.459832 -5.048280 -3.283089
v -5.376201 -5.046897 -3.188006
v -5.441211 -5.046801 -3.092313
v -5.254388 -3.732313 -3.097736
v -5.154537 -3.732654 -3.006487
v -5.227523 -3.734245 -2.907601
v -5.330070 -3.733663 -3.001120
v -6.163153 -2.527073 -3.322043
v -6.040701 -2.526050 -3.433991
v -5.909807 -2.525061 -3.310837
v -6.029071 -2.525960 -3.196769
v -6.272071 -6.316665 -3.780920
v -6.197166 -6.316083 -3.707921
v -6.265545 -6.315276 -3.645519
v -6.340326 -6.315869 -3.718818
v -7.078079 -6.915486 -2.944604
v -6.719729 -1.911084 -2.700157
v -6.541389 -1.910537 -2.873487
v -6.531174 -1.910302 -2.516803
v -6.354399 -1.909809 -2.691139
v -5.616924 -4.397335 -2.197999
v -5.523232 -4.396972 -2.305312
v -5.460306 -4.397911 -2.220291
v -5.545340 -4.398029 -2.110050
v -6.175469 -3.142114 -2.434030
v -6.048392 -3.139634 -2.554749
v -5.902180 -3.139074 -2.421708
v -6.022097 -3.141342 -2.296728
v -6.126731 -5.676800 -2.670104
v -6.032566 -5.675124 -2.560598
v -6.127485 -5.673270 -2.452144
v -6.227401 -5.674455 -2.562417
v -5.859853 -5.039539 -2.344387
v -5.763694 -5.040748 -2.454717
v -5.687943 -5.039521 -2.358660
v -5.777151 -5.038430 -2.246941
v -5.610600 -3.755482 -2.332139
v -5.529721 -3.757518 -2.241604
v -5.619551 -3.759782 -2.134803
v -5.710222 -3.758261 -2.229137
v -6.502775 -2.528760 -2.605989
v -6.381549 -2.527840 -2.722515
v -6.247285 -2.526983 -2.595400
v -6.366514 -2.527856 -2.477511
v -6.678177 -6.297696 -2.965677
v -6.599848 -6.296888 -2.883847
v -6.679786 -6.294751 -2.808282
v -6.757325 -6.295454 -2.889281
v -7.432849 -6.896412 -1.953362
v -6.988817 -1.910328 -1.926538
v -6.806238 -1.909626 -2.097031
v -6.802126 -1.909692 -1.745694
v -6.620586 -1.909009 -1.916394
v -6.030736 -4.391737 -1.382806
v -5.925087 -4.391638 -1.478475
v -5.854793 -4.391223 -1.396292
v -5.948009 -4.391507 -1.295733
v -6.453192 -3.148130 -1.637420
v -6.310872 -3.146261 -1.743014
v -6.180121 -3.146001 -1.618108
v -6.314918 -3.147735 -1.509191
v -6.466979 -5.666792 -1.730120
v -6.369371 -5.666250 -1.634505
v -6.471889 -5.665077 -1.523039
v -6.575912 -5.665719 -1.621287
v -6.218408 -5.027136 -1.467364
v -6.118997 -5.028408 -1.576564
v -6.038273 -5.026844 -1.484966
v -6.127472 -5.025487 -1.370329
v -5.953234 -3.766094 -1.507914
v -5.875487 -3.766346 -1.424059
v -5.971826 -3.767804 -1.331701
v -6.060122 -3.767569 -1.419614
v -6.770586 -2.529624 -1.826422
v -6.641905 -2.528630 -1.936956
v -6.511928 -2.528002 -1.812617
v -6.639066 -2.528974 -1.701555
v -7.104836 -6.280890 -1.849686
v -7.026595 -6.281468 -1.775556
v -7.110621 -6.280991 -1.692235
v -7.186619 -6.280417 -1.766660
v -7.598588 -6.914413 -1.116119
v -7.192050 -1.909994 -1.263609
v -7.005429 -1.909122 -1.430390
v -7.007072 -1.909458 -1.087074
v -6.821633 -1.908610 -1.253799
v -6.225622 -4.404616 -0.718873
v -6.134450 -4.400367 -0.803188
v -6.054548 -4.402845 -0.733628
v -6.138416 -4.407762 -0.647956
v -6.732965 -3.153146 -1.028757
v -6.577696 -3.150934 -1.118862
v -6.454210 -3.150591 -1.005258
v -6.602550 -3.152854 -0.912575
v -6.753343 -5.651512 -0.935183
v -6.663717 -5.650093 -0.855253
v -6.779481 -5.648064 -0.765472
v -6.872235 -5.649668 -0.848525
v -6.410403 -5.018974 -0.688388
v -6.309061 -5.018591 -0.784431
v -6.228632 -5.019581 -0.716402
v -6.325095 -5.020388 -0.620451
v -6.217916 -3.775752 -0.889798
v -6.129105 -3.776850 -0.812696
v -6.232169 -3.780444 -0.738900
v -6.330554 -3.779076 -0.819466
v -6.995030 -2.530956 -1.180553
v -6.860204 -2.529785 -1.284654
v -6.734633 -2.529285 -1.166661
v -6.867835 -2.530447 -1.062300
v -7.330312 -6.284280 -1.088163
v -7.256270 -6.284515 -1.030503
v -7.324464 -6.285957 -0.971641
v -7.395546 -6.285749 -1.029773
v -7.588885 -6.920945 -0.556573
v -7.333922 -1.909176 -0.559484
v -7.145929 -1.908321 -0.725287
v -7.147738 -1.908509 -0.387758
v -6.961287 -1.907712 -0.553754
v -6.434175 -4.436382 -0.169092
v -6.313603 -4.433995 -0.234064
v -6.233078 -4.435122 -0.183070
v -6.343620 -4.437369 -0.115799
v -6.971058 -3.157739 -0.418134
v -6.814916 -3.155963 -0.507690
v -6.691460 -3.154941 -0.405670
v -6.842503 -3.156596 -0.314224
v -7.027832 -5.638053 -0.322115
v -6.942119 -5.638502 -0.256385
v -7.054342 -5.639517 -0.195055
v -7.142368 -5.639692 -0.265118
v -6.753698 -5.028610 -0.140403
v -6.617387 -5.027788 -0.204284
v -6.542372 -5.029908 -0.151343
v -6.670713 -5.030348 -0.081653
v -6.480391 -3.793317 -0.337825
v -6.397069 -3.792730 -0.274173
v -6.524968 -3.794618 -0.211769
v -6.616621 -3.795361 -0.278457
v -7.164556 -2.531605 -0.508054
v -7.029324 -2.530575 -0.611501
v -6.903234 -2.529849 -0.500572
v -7.036618 -2.530821 -0.396717
v -7.411780 -6.293627 -0.487577
v -7.339605 -6.293003 -0.434745
v -7.398255 -6.294251 -0.388130
v -7.468730 -6.294820 -0.442091
vn -0.9380 -0.3467 0.0003
vn -0.0188 -0.0229 -0.9996
vn 0.9735 0.2285 -0.0107
vn 0.0216 -0.1160 0.9930
vn -0.0032 1.0000 0.0004
vn 0.0713 0.0101 0.9974
vn 0.8864 -0.3373 -0.3170
vn -0.0782 -0.0005 -0.9969
vn -0.8895 0.3507 0.2931
vn 0.1065 -0.1093 0.9883
vn 0.8967 0.3698 -0.2435
vn -0.0974 0.0354 -0.9946
vn -0.8904 -0.4164 0.1838
vn -0.8563 0.5160 0.0223
vn -0.0536 -0.0527 -0.9972
vn 0.8285 -0.5592 -0.0298
vn 0.0541 0.0309 0.9981
vn -0.8447 0.5123 0.1553
vn -0.0463 0.0520 -0.9976
vn 0.8438 -0.5080 -0.1732
vn 0.0418 -0.0417 0.9983
vn -0.9058 -0.2360 0.3520
vn -0.1048 0.0355 -0.9939
vn 0.8922 0.2059 -0.4019
vn 0.1066 -0.0416 0.9934
vn 0.0628 -0.0672 0.9958
vn 0.9431 0.3227 -0.0798
vn -0.0567 0.0438 -0.9974
vn -0.9516 -0.3034 0.0498
vn 0.0975 0.1007 0.9901
vn 0.9197 -0.3860 0.0716
vn -0.0909 -0.2229 -0.9706
vn -0.9643 0.2548 -0.0727
vn -0.9474 -0.3184 -0.0328
vn -0.0193 0.0055 -0.9998
vn 0.9784 0.2060 0.0177
vn 0.0222 -0.1355 0.9905
vn -0.0028 1.0000 0.0023
vn -0.0812 0.0934 0.9923
vn 0.8849 -0.4212 -0.1987
vn 0.0794 -0.0906 -0.9927
vn -0.8810 0.4437 0.1642
vn 0.0695 -0.3212 0.9445
vn 0.8003 0.5963 -0.0630
vn -0.0675 0.2633 -0.9624
vn -0.7637 -0.6449 0.0305
vn -0.7802 0.6254 0.0103
vn 0.0441 -0.3057 -0.9511
vn 0.7498 -0.6611 -0.0270
vn -0.0469 0.2728 0.9609
vn -0.8205 0.5650 0.0866
vn 0.0752 -0.1127 -0.9908
vn 0.8295 -0.5449 -0.1227
vn -0.0777 0.1223 0.9895
vn -0.9823 -0.0811 0.1690
vn 0.0185 0.0219 -0.9996
vn 0.9795 0.0346 -0.1982
vn -0.0183 -0.0361 0.9992
vn 0.0635 -0.1661 0.9841
vn 0.8789 0.4770 -0.0040
vn -0.0594 0.1674 -0.9841
vn -0.8937 -0.4479 -0.0257
vn 0.0101 -0.0076 0.9999
vn 0.8505 -0.5242 0.0435
vn -0.0120 -0.1383 -0.9903
vn -0.9114 0.4090 -0.0466
vn -0.9423 -0.3343 -0.0167
vn -0.0187 0.0061 -0.9998
vn 0.9740 0.2264 0.0070
vn 0.0207 -0.1346 0.9907
vn -0.0029 1.0000 0.0021
vn -0.0905 0.1419 0.9857
vn 0.9173 -0.3828 -0.1092
vn 0.1301 -0.1513 -0.9799
vn -0.9152 0.3984 0.0612
vn 0.0246 -0.2596 0.9654
vn 0.8385 0.5439 -0.0340
vn -0.0066 0.2230 -0.9748
vn -0.7967 -0.6042 -0.0152
vn -0.7183 0.6958 -0.0040
vn 0.0521 -0.3205 -0.9458
vn 0.6981 -0.7159 -0.0066
vn -0.0380 0.2576 0.9655
vn -0.8361 0.5474 0.0361
vn 0.0946 -0.2161 -0.9718
vn 0.8453 -0.5297 -0.0699
vn -0.0645 0.2014 0.9774
vn -0.9903 -0.1332 0.0402
vn 0.0996 0.0707 -0.9925
vn 0.9884 0.1094 -0.1054
vn -0.0585 -0.0688 0.9959
vn 0.0430 -0.1560 0.9868
vn 0.8564 0.5162 -0.0019
vn -0.0376 0.1695 -0.9848
vn -0.8678 -0.4964 -0.0247
vn -0.0227 0.2986 0.9541
vn 0.8581 -0.5124 0.0341
vn 0.0228 -0.4420 -0.8967
vn -0.9214 0.3879 -0.0242
vn -0.9387 -0.3411 -0.0493
vn -0.0172 -0.0000 -0.9999
vn 0.9722 0.2298 0.0452
vn 0.0202 -0.1281 0.9916
vn -0.0024 1.0000 0.0027
vn -0.0299 0.1237 0.9919
vn 0.9544 -0.2883 -0.0776
vn 0.0704 -0.1269 -0.9894
vn -0.9542 0.2991 -0.0017
vn 0.0233 -0.1763 0.9841
vn 0.8672 0.4937 0.0650
vn 0.0006 0.1321 -0.9912
vn -0.8280 -0.5501 -0.1092
vn -0.7545 0.6563 -0.0015
vn -0.0154 -0.5011 -0.8652
vn 0.7317 -0.6816 -0.0116
vn 0.0184 0.4603 0.8876
vn -0.8705 0.4918 0.0160
vn 0.0255 -0.2169 -0.9759
vn 0.8718 -0.4852 -0.0676
vn -0.0026 0.2150 0.9766
vn -0.9949 -0.0700 -0.0721
vn 0.0572 -0.0013 -0.9984
vn 0.9981 0.0611 -0.0084
vn -0.0115 0.0103 0.9999
vn 0.0320 -0.1287 0.9912
vn 0.8615 0.5015 0.0790
vn -0.0226 0.1418 -0.9896
vn -0.8635 -0.4940 -0.1014
vn 0.0108 0.0628 0.9980
vn 0.8308 -0.5565 0.0057
vn -0.0275 -0.2367 -0.9712
vn -0.8954 0.4453 0.0049
vn -0.9493 -0.3034 -0.0825
vn -0.0244 -0.0068 -0.9997
vn 0.9798 0.1835 0.0799
vn 0.0287 -0.1218 0.9921
vn -0.0020 1.0000 0.0033
vn 0.1093 0.2201 0.9693
vn 0.9835 -0.1805 -0.0075
vn -0.0779 -0.2011 -0.9765
vn -0.9853 0.1685 -0.0292
vn 0.0734 -0.1683 0.9830
vn 0.8580 0.4796 0.1839
vn -0.0528 0.1146 -0.9920
vn -0.8257 -0.5208 -0.2167
vn -0.7970 0.5963 -0.0956
vn -0.0781 -0.3694 -0.9260
vn 0.7786 -0.6219 0.0842
vn 0.0686 0.3037 0.9503
vn -0.8361 0.5426 -0.0807
vn -0.0661 -0.2735 -0.9596
vn 0.8424 -0.5356 0.0584
vn 0.0786 0.2751 0.9582
vn -0.9687 -0.2057 -0.1390
vn -0.0700 -0.0171 -0.9974
vn 0.9788 0.1869 0.0841
vn 0.1010 0.0182 0.9947
vn 0.0470 -0.1053 0.9933
vn 0.8954 0.4146 0.1623
vn -0.0363 0.1148 -0.9927
vn -0.8921 -0.4141 -0.1807
vn 0.0995 0.0976 0.9902
vn 0.9064 -0.4182 0.0599
vn -0.1209 -0.2208 -0.9678
vn -0.9516 0.3035 -0.0476
vn -0.9663 -0.2416 -0.0891
vn -0.0476 -0.0049 -0.9989
vn 0.9899 0.1140 0.0844
vn 0.0520 -0.1244 0.9909
vn -0.0024 1.0000 0.0032
vn 0.2035 0.3207 0.9251
vn 0.9433 -0.2143 0.2536
vn -0.1907 -0.3111 -0.9311
vn -0.9326 0.1891 -0.3073
vn 0.1253 -0.1695 0.9775
vn 0.8937 0.3640 0.2625
vn -0.1096 0.1226 -0.9864
vn -0.8626 -0.4176 -0.2855
vn -0.8673 0.4505 -0.2118
vn -0.1392 -0.1468 -0.9793
vn 0.8579 -0.4781 0.1881
vn 0.1203 0.0927 0.9884
vn -0.8572 0.4216 -0.2958
vn -0.1476 -0.2386 -0.9598
vn 0.8699 -0.4227 0.2541
vn 0.1376 0.2185 0.9661
vn -0.9111 -0.2586 -0.3209
vn -0.1739 0.0234 -0.9845
vn 0.9281 0.2476 0.2781
vn 0.2016 -0.0223 0.9792
vn 0.0873 -0.0930 0.9918
vn 0.9413 0.2875 0.1771
vn -0.0790 0.0997 -0.9919
vn -0.9360 -0.2949 -0.1925
vn 0.1317 -0.0285 0.9909
vn 0.9231 -0.3715 0.0993
vn -0.1519 -0.0779 -0.9853
vn -0.9616 0.2542 -0.1034
vn -0.6630 -0.3467 0.6635
vn -0.7201 -0.0229 -0.6935
vn 0.6808 0.2285 -0.6959
vn 0.7174 -0.1160 0.6869
vn -0.0020 1.0000 0.0025
vn 0.7557 0.0101 0.6549
vn 0.4026 -0.3373 -0.8510
vn -0.7602 -0.0005 -0.6496
vn -0.4217 0.3507 0.8362
vn 0.7741 -0.1093 0.6235
vn 0.4619 0.3698 -0.8062
vn -0.7722 0.0354 -0.6344
vn -0.4996 -0.4164 0.7596
vn -0.5898 0.5160 0.6213
vn -0.7430 -0.0527 -0.6672
vn 0.5648 -0.5592 -0.6069
vn 0.7440 0.0309 0.6675
vn -0.4875 0.5123 0.7071
vn -0.7381 0.0520 -0.6726
vn 0.4741 -0.5080 -0.7191
vn 0.7355 -0.0417 0.6763
vn -0.3916 -0.2360 0.8893
vn -0.7769 0.0355 -0.6287
vn 0.3467 0.2059 -0.9151
vn 0.7779 -0.0416 0.6271
vn 0.7485 -0.0672 0.6597
vn 0.6105 0.3227 -0.7233
vn -0.7454 0.0438 -0.6652
vn -0.6376 -0.3034 0.7081
vn 0.7691 0.1007 0.6312
vn 0.7010 -0.3860 -0.5997
vn -0.7506 -0.2229 -0.6221
vn -0.7332 0.2548 0.6304
vn -0.6931 -0.3184 0.6467
vn -0.7206 0.0055 -0.6933
vn 0.7043 0.2060 -0.6793
vn 0.7161 -0.1355 0.6847
vn -0.0004 1.0000 0.0036
vn 0.6442 0.0934 0.7591
vn 0.4853 -0.4212 -0.7662
vn -0.6458 -0.0906 -0.7581
vn -0.5068 0.4437 0.7391
vn 0.7170 -0.3212 0.6187
vn 0.5214 0.5963 -0.6104
vn -0.7282 0.2633 -0.6327
vn -0.5185 -0.6449 0.5615
vn -0.5445 0.6254 0.5590
vn -0.6413 -0.3057 -0.7037
vn 0.5111 -0.6611 -0.5493
vn 0.6463 0.2728 0.7126
vn -0.5189 0.5650 0.6414
vn -0.6474 -0.1127 -0.7538
vn 0.4998 -0.5449 -0.6733
vn 0.6447 0.1223 0.7546
vn -0.5750 -0.0811 0.8141
vn -0.6937 0.0219 -0.7199
vn 0.5525 0.0346 -0.8328
vn 0.6936 -0.0361 0.7194
vn 0.7408 -0.1661 0.6509
vn 0.6186 0.4770 -0.6243
vn -0.7379 0.1674 -0.6539
vn -0.6501 -0.4479 0.6138
vn 0.7142 -0.0076 0.6999
vn 0.6321 -0.5242 -0.5707
vn -0.7087 -0.1383 -0.6918
vn -0.6773 0.4090 0.6115
vn -0.6781 -0.3343 0.6545
vn -0.7202 0.0061 -0.6937
vn 0.6937 0.2264 -0.6838
vn 0.7152 -0.1346 0.6859
vn -0.0006 1.0000 0.0035
vn 0.6330 0.1419 0.7610
vn 0.5715 -0.3828 -0.7258
vn -0.6009 -0.1513 -0.7849
vn -0.6038 0.3984 0.6904
vn 0.7000 -0.2596 0.6652
vn 0.5689 0.5439 -0.6169
vn -0.6939 0.2230 -0.6846
vn -0.5741 -0.6042 0.5525
vn -0.5107 0.6958 0.5051
vn -0.6320 -0.3205 -0.7056
vn 0.4890 -0.7159 -0.4983
vn 0.6558 0.2576 0.7096
vn -0.5657 0.5474 0.6167
vn -0.6202 -0.2161 -0.7541
vn 0.5483 -0.5297 -0.6471
vn 0.6455 0.2014 0.7367
vn -0.6718 -0.1332 0.7287
vn -0.6314 0.0707 -0.7722
vn 0.6243 0.1094 -0.7735
vn 0.6628 -0.0688 0.7456
vn 0.7282 -0.1560 0.6673
vn 0.6043 0.5162 -0.6069
vn -0.7230 0.1695 -0.6698
vn -0.6311 -0.4964 0.5962
vn 0.6586 0.2986 0.6907
vn 0.6309 -0.5124 -0.5826
vn -0.6180 -0.4420 -0.6502
vn -0.6687 0.3878 0.6344
vn -0.6986 -0.3411 0.6289
vn -0.7191 -0.0000 -0.6949
vn 0.7194 0.2298 -0.6555
vn 0.7154 -0.1281 0.6868
vn 0.0002 1.0000 0.0036
vn 0.6802 0.1237 0.7225
vn 0.6200 -0.2883 -0.7297
vn -0.6498 -0.1269 -0.7494
vn -0.6759 0.2991 0.6736
vn 0.7123 -0.1763 0.6794
vn 0.6592 0.4937 -0.5672
vn -0.7005 0.1321 -0.7013
vn -0.6627 -0.5501 0.5082
vn -0.5346 0.6563 0.5325
vn -0.6227 -0.5011 -0.6010
vn 0.5091 -0.6816 -0.5256
vn 0.6406 0.4603 0.6146
vn -0.6043 0.4918 0.6269
vn -0.6720 -0.2169 -0.7081
vn 0.5686 -0.4852 -0.6642
vn 0.6887 0.2150 0.6924
vn -0.7545 -0.0700 0.6526
vn -0.6655 -0.0013 -0.7464
vn 0.6998 0.0611 -0.7117
vn 0.6989 0.0103 0.7151
vn 0.7235 -0.1287 0.6782
vn 0.6650 0.5015 -0.5533
vn -0.7158 0.1418 -0.6838
vn -0.6823 -0.4940 0.5389
vn 0.7133 0.0628 0.6981
vn 0.5916 -0.5565 -0.5834
vn -0.7062 -0.2367 -0.6673
vn -0.6296 0.4453 0.6366
vn -0.7296 -0.3034 0.6129
vn -0.7242 -0.0068 -0.6896
vn 0.7493 0.1835 -0.6363
vn 0.7219 -0.1218 0.6812
vn 0.0010 1.0000 0.0038
vn 0.7627 0.2201 0.6081
vn 0.6901 -0.1805 -0.7008
vn -0.7455 -0.2011 -0.6354
vn -0.7173 0.1685 0.6761
vn 0.7470 -0.1683 0.6432
vn 0.7367 0.4796 -0.4767
vn -0.7388 0.1146 -0.6641
vn -0.7371 -0.5208 0.4307
vn -0.6312 0.5963 0.4960
vn -0.7100 -0.3694 -0.5995
vn 0.6101 -0.6219 -0.4910
vn 0.7205 0.3037 0.6234
vn -0.6483 0.5426 0.5342
vn -0.7253 -0.2735 -0.6318
vn 0.6370 -0.5356 -0.5544
vn 0.7331 0.2751 0.6220
vn -0.7833 -0.2057 0.5867
vn -0.7548 -0.0171 -0.6558
vn 0.7516 0.1869 -0.6326
vn 0.7748 0.0182 0.6320
vn 0.7356 -0.1053 0.6691
vn 0.7479 0.4146 -0.5184
vn -0.7277 0.1148 -0.6763
vn -0.7586 -0.4141 0.5030
vn 0.7705 0.0976 0.6299
vn 0.6832 -0.4182 -0.5986
vn -0.7698 -0.2208 -0.5988
vn -0.7066 0.3035 0.6393
vn -0.7463 -0.2416 0.6203
vn -0.7399 -0.0049 -0.6726
vn 0.7596 0.1140 -0.6403
vn 0.7374 -0.1244 0.6639
vn 0.0005 1.0000 0.0039
vn 0.7980 0.3207 0.5102
vn 0.8463 -0.2143 -0.4876
vn -0.7932 -0.3111 -0.5235
vn -0.8768 0.1891 0.4422
vn 0.7798 -0.1695 0.6027
vn 0.8175 0.3640 -0.4463
vn -0.7750 0.1226 -0.6200
vn -0.8118 -0.4176 0.4081
vn -0.7630 0.4505 0.4635
vn -0.7909 -0.1468 -0.5941
vn 0.7397 -0.4781 -0.4736
vn 0.7840 0.0927 0.6139
vn -0.8152 0.4216 0.3970
vn -0.7831 -0.2386 -0.5744
vn 0.7948 -0.4227 -0.4354
vn 0.7804 0.2185 0.5858
vn -0.8712 -0.2586 0.4174
vn -0.8191 0.0234 -0.5732
vn 0.8529 0.2476 -0.4596
vn 0.8350 -0.0223 0.5498
vn 0.7630 -0.0930 0.6396
vn 0.7908 0.2875 -0.5404
vn -0.7572 0.0997 -0.6455
vn -0.7979 -0.2949 0.5257
vn 0.7938 -0.0285 0.6075
vn 0.7229 -0.3715 -0.5825
vn -0.8041 -0.0779 -0.5893
vn -0.7531 0.2542 0.6068
vn 0.0003 -0.3467 0.9380
vn -0.9996 -0.0229 0.0188
vn -0.0107 0.2285 -0.9735
vn 0.9930 -0.1160 -0.0216
vn 0.0004 1.0000 0.0032
vn 0.9974 0.0101 -0.0713
vn -0.3170 -0.3373 -0.8864
vn -0.9969 -0.0005 0.0782
vn 0.2931 0.3507 0.8895
vn 0.9883 -0.1093 -0.1065
vn -0.2435 0.3698 -0.8967
vn -0.9946 0.0354 0.0974
vn 0.1838 -0.4164 0.8904
vn 0.0223 0.5160 0.8563
vn -0.9972 -0.0527 0.0536
vn -0.0298 -0.5592 -0.8285
vn 0.9981 0.0309 -0.0541
vn 0.1553 0.5123 0.8447
vn -0.9976 0.0520 0.0463
vn -0.1732 -0.5080 -0.8438
vn 0.9983 -0.0417 -0.0418
vn 0.3520 -0.2360 0.9058
vn -0.9939 0.0355 0.1048
vn -0.4019 0.2059 -0.8922
vn 0.9934 -0.0416 -0.1066
vn 0.9958 -0.0672 -0.0628
vn -0.0798 0.3227 -0.9431
vn -0.9974 0.0438 0.0567
vn 0.0498 -0.3034 0.9516
vn 0.9901 0.1007 -0.0975
vn 0.0716 -0.3860 -0.9197
vn -0.9706 -0.2229 0.0909
vn -0.0727 0.2548 0.9643
vn -0.0328 -0.3184 0.9474
vn -0.9998 0.0055 0.0193
vn 0.0177 0.2061 -0.9784
vn 0.9905 -0.1355 -0.0222
vn 0.0023 1.0000 0.0028
vn 0.9923 0.0934 0.0812
vn -0.1987 -0.4212 -0.8849
vn -0.9927 -0.0906 -0.0794
vn 0.1642 0.4437 0.8810
vn 0.9445 -0.3212 -0.0695
vn -0.0630 0.5963 -0.8003
vn -0.9624 0.2633 0.0675
vn 0.0305 -0.6449 0.7637
vn 0.0103 0.6254 0.7802
vn -0.9511 -0.3057 -0.0441
vn -0.0270 -0.6611 -0.7498
vn 0.9609 0.2728 0.0469
vn 0.0866 0.5650 0.8205
vn -0.9908 -0.1127 -0.0752
vn -0.1227 -0.5449 -0.8295
vn 0.9895 0.1223 0.0777
vn 0.1690 -0.0811 0.9823
vn -0.9996 0.0219 -0.0185
vn -0.1982 0.0346 -0.9795
vn 0.9992 -0.0361 0.0183
vn 0.9841 -0.1661 -0.0635
vn -0.0040 0.4770 -0.8789
vn -0.9841 0.1674 0.0594
vn -0.0257 -0.4479 0.8937
vn 0.9999 -0.0076 -0.0101
vn 0.0434 -0.5242 -0.8505
vn -0.9903 -0.1383 0.0120
vn -0.0466 0.4090 0.9114
vn -0.0167 -0.3343 0.9423
vn -0.9998 0.0061 0.0187
vn 0.0070 0.2264 -0.9740
vn 0.9907 -0.1346 -0.0207
vn 0.0021 1.0000 0.0029
vn 0.9857 0.1419 0.0905
vn -0.1092 -0.3828 -0.9173
vn -0.9799 -0.1513 -0.1301
vn 0.0613 0.3984 0.9152
vn 0.9654 -0.2596 -0.0246
vn -0.0340 0.5439 -0.8385
vn -0.9748 0.2230 0.0066
vn -0.0152 -0.6042 0.7967
vn -0.0040 0.6958 0.7183
vn -0.9458 -0.3205 -0.0521
vn -0.0066 -0.7159 -0.6981
vn 0.9655 0.2576 0.0380
vn 0.0361 0.5474 0.8361
vn -0.9718 -0.2161 -0.0946
vn -0.0699 -0.5297 -0.8453
vn 0.9774 0.2014 0.0645
vn 0.0402 -0.1332 0.9903
vn -0.9925 0.0707 -0.0996
vn -0.1054 0.1094 -0.9884
vn 0.9959 -0.0688 0.0585
vn 0.9868 -0.1560 -0.0430
vn -0.0019 0.5162 -0.8564
vn -0.9848 0.1695 0.0376
vn -0.0247 -0.4964 0.8678
vn 0.9541 0.2986 0.0227
vn 0.0341 -0.5124 -0.8581
vn -0.8967 -0.4420 -0.0228
vn -0.0242 0.3879 0.9214
vn -0.0493 -0.3411 0.9387
vn -0.9999 -0.0000 0.0172
vn 0.0452 0.2298 -0.9722
vn 0.9916 -0.1281 -0.0202
vn 0.0027 1.0000 0.0024
vn 0.9919 0.1237 0.0299
vn -0.0776 -0.2883 -0.9544
vn -0.9894 -0.1269 -0.0704
vn -0.0017 0.2991 0.9542
vn 0.9841 -0.1763 -0.0233
vn 0.0650 0.4937 -0.8672
vn -0.9912 0.1321 -0.0006
vn -0.1092 -0.5500 0.8280
vn -0.0015 0.6563 0.7545
vn -0.8652 -0.5011 0.0154
vn -0.0116 -0.6816 -0.7317
vn 0.8876 0.4603 -0.0184
vn 0.0160 0.4918 0.8705
vn -0.9759 -0.2169 -0.0255
vn -0.0676 -0.4852 -0.8718
vn 0.9766 0.2150 0.0026
vn -0.0721 -0.0700 0.9949
vn -0.9984 -0.0013 -0.0572
vn -0.0084 0.0611 -0.9981
vn 0.9999 0.0103 0.0115
vn 0.9912 -0.1287 -0.0320
vn 0.0790 0.5015 -0.8615
vn -0.9896 0.1418 0.0226
vn -0.1014 -0.4940 0.8635
vn 0.9980 0.0628 -0.0108
vn 0.0057 -0.5565 -0.8308
vn -0.9712 -0.2367 0.0275
vn 0.0049 0.4453 0.8954
vn -0.0825 -0.3034 0.9493
vn -0.9997 -0.0068 0.0244
vn 0.0799 0.1835 -0.9798
vn 0.9921 -0.1218 -0.0287
vn 0.0033 1.0000 0.0020
vn 0.9693 0.2201 -0.1093
vn -0.0076 -0.1805 -0.9835
vn -0.9765 -0.2011 0.0778
vn -0.0292 0.1685 0.9853
vn 0.9830 -0.1683 -0.0734
vn 0.1839 0.4796 -0.8580
vn -0.9920 0.1146 0.0528
vn -0.2167 -0.5208 0.8257
vn -0.0956 0.5963 0.7970
vn -0.9260 -0.3694 0.0781
vn 0.0842 -0.6219 -0.7786
vn 0.9503 0.3037 -0.0686
vn -0.0807 0.5426 0.8361
vn -0.9596 -0.2735 0.0661
vn 0.0584 -0.5356 -0.8424
vn 0.9582 0.2751 -0.0786
vn -0.1390 -0.2057 0.9687
vn -0.9974 -0.0171 0.0700
vn 0.0841 0.1869 -0.9788
vn 0.9947 0.0182 -0.1010
vn 0.9933 -0.1053 -0.0470
vn 0.1623 0.4146 -0.8954
vn -0.9927 0.1148 0.0363
vn -0.1807 -0.4141 0.8921
vn 0.9902 0.0976 -0.0995
vn 0.0598 -0.4182 -0.9064
vn -0.9678 -0.2208 0.1209
vn -0.0476 0.3035 0.9516
vn -0.0891 -0.2416 0.9663
vn -0.9989 -0.0049 0.0476
vn 0.0844 0.1140 -0.9899
vn 0.9909 -0.1244 -0.0520
vn 0.0032 1.0000 0.0024
vn 0.9251 0.3207 -0.2035
vn 0.2536 -0.2143 -0.9433
vn -0.9311 -0.3111 0.1907
vn -0.3073 0.1891 0.9326
vn 0.9775 -0.1695 -0.1252
vn 0.2625 0.3640 -0.8937
vn -0.9864 0.1226 0.1096
vn -0.2855 -0.4176 0.8626
vn -0.2118 0.4505 0.8673
vn -0.9793 -0.1468 0.1392
vn 0.1881 -0.4781 -0.8579
vn 0.9884 0.0927 -0.1203
vn -0.2958 0.4216 0.8572
vn -0.9598 -0.2386 0.1476
vn 0.2541 -0.4227 -0.8699
vn 0.9661 0.2185 -0.1376
vn -0.3209 -0.2586 0.9111
vn -0.9845 0.0234 0.1739
vn 0.2782 0.2476 -0.9281
vn 0.9792 -0.0223 -0.2016
vn 0.9918 -0.0930 -0.0873
vn 0.1771 0.2875 -0.9413
vn -0.9919 0.0997 0.0790
vn -0.1925 -0.2949 0.9360
vn 0.9909 -0.0285 -0.1317
vn 0.0993 -0.3715 -0.9231
vn -0.9853 -0.0779 0.1519
vn -0.1034 0.2542 0.9616
vn 0.6635 -0.3467 0.6630
vn -0.6935 -0.0229 0.7201
vn -0.6959 0.2285 -0.6808
vn 0.6869 -0.1160 -0.7174
vn 0.0025 1.0000 0.0020
vn 0.6549 0.0101 -0.7557
vn -0.8510 -0.3373 -0.4026
vn -0.6496 -0.0005 0.7602
vn 0.8362 0.3507 0.4217
vn 0.6235 -0.1093 -0.7741
vn -0.8062 0.3698 -0.4619
vn -0.6344 0.0354 0.7722
vn 0.7596 -0.4164 0.4996
vn 0.6213 0.5160 0.5898
vn -0.6672 -0.0527 0.7430
vn -0.6069 -0.5592 -0.5647
vn 0.6675 0.0309 -0.7440
vn 0.7071 0.5123 0.4875
vn -0.6726 0.0520 0.7381
vn -0.7191 -0.5080 -0.4741
vn 0.6763 -0.0417 -0.7355
vn 0.8893 -0.2360 0.3916
vn -0.6287 0.0355 0.7769
vn -0.9151 0.2059 -0.3467
vn 0.6271 -0.0416 -0.7779
vn 0.6597 -0.0672 -0.7485
vn -0.7233 0.3227 -0.6105
vn -0.6652 0.0438 0.7454
vn 0.7081 -0.3034 0.6376
vn 0.6312 0.1007 -0.7691
vn -0.5997 -0.3860 -0.7010
vn -0.6221 -0.2229 0.7506
vn 0.6304 0.2548 0.7332
vn 0.6467 -0.3184 0.6931
vn -0.6933 0.0055 0.7206
vn -0.6793 0.2060 -0.7043
vn 0.6847 -0.1355 -0.7161
vn 0.0036 1.0000 0.0004
vn 0.7591 0.0934 -0.6442
vn -0.7662 -0.4212 -0.4853
vn -0.7581 -0.0906 0.6458
vn 0.7391 0.4437 0.5068
vn 0.6187 -0.3212 -0.7170
vn -0.6104 0.5963 -0.5214
vn -0.6327 0.2633 0.7282
vn 0.5615 -0.6449 0.5185
vn 0.5590 0.6254 0.5445
vn -0.7037 -0.3057 0.6414
vn -0.5493 -0.6611 -0.5111
vn 0.7127 0.2728 -0.6463
vn 0.6414 0.5650 0.5189
vn -0.7538 -0.1127 0.6474
vn -0.6733 -0.5449 -0.4998
vn 0.7546 0.1223 -0.6447
vn 0.8141 -0.0811 0.5750
vn -0.7199 0.0219 0.6937
vn -0.8328 0.0346 -0.5525
vn 0.7194 -0.0361 -0.6936
vn 0.6509 -0.1661 -0.7408
vn -0.6243 0.4770 -0.6186
vn -0.6539 0.1674 0.7379
vn 0.6138 -0.4479 0.6501
vn 0.6999 -0.0076 -0.7142
vn -0.5707 -0.5242 -0.6321
vn -0.6918 -0.1383 0.7087
vn 0.6115 0.4090 0.6773
vn 0.6545 -0.3343 0.6781
vn -0.6937 0.0061 0.7202
vn -0.6838 0.2264 -0.6937
vn 0.6859 -0.1346 -0.7152
vn 0.0035 1.0000 0.0006
vn 0.7610 0.1419 -0.6330
vn -0.7258 -0.3828 -0.5715
vn -0.7849 -0.1513 0.6009
vn 0.6904 0.3984 0.6038
vn 0.6652 -0.2596 -0.7000
vn -0.6169 0.5439 -0.5689
vn -0.6846 0.2230 0.6939
vn 0.5525 -0.6042 0.5741
vn 0.5051 0.6958 0.5107
vn -0.7056 -0.3205 0.6320
vn -0.4983 -0.7159 -0.4890
vn 0.7096 0.2576 -0.6558
vn 0.6167 0.5474 0.5657
vn -0.7541 -0.2161 0.6202
vn -0.6471 -0.5297 -0.5483
vn 0.7367 0.2014 -0.6455
vn 0.7287 -0.1332 0.6718
vn -0.7722 0.0707 0.6314
vn -0.7735 0.1094 -0.6243
vn 0.7456 -0.0688 -0.6628
vn 0.6673 -0.1560 -0.7282
vn -0.6069 0.5162 -0.6043
vn -0.6698 0.1695 0.7230
vn 0.5961 -0.4964 0.6311
vn 0.6907 0.2985 -0.6586
vn -0.5827 -0.5124 -0.6308
vn -0.6502 -0.4420 0.6180
vn 0.6344 0.3878 0.6687
vn 0.6289 -0.3411 0.6986
vn -0.6949 -0.0000 0.7191
vn -0.6555 0.2298 -0.7194
vn 0.6868 -0.1281 -0.7154
vn 0.0036 1.0000 -0.0002
vn 0.7225 0.1237 -0.6802
vn -0.7297 -0.2883 -0.6200
vn -0.7494 -0.1269 0.6498
vn 0.6736 0.2991 0.6759
vn 0.6794 -0.1763 -0.7123
vn -0.5672 0.4937 -0.6592
vn -0.7013 0.1321 0.7005
vn 0.5082 -0.5501 0.6627
vn 0.5325 0.6563 0.5346
vn -0.6010 -0.5011 0.6227
vn -0.5256 -0.6816 -0.5091
vn 0.6146 0.4603 -0.6406
vn 0.6269 0.4918 0.6043
vn -0.7081 -0.2169 0.6720
vn -0.6642 -0.4852 -0.5686
vn 0.6924 0.2150 -0.6887
vn 0.6526 -0.0700 0.7545
vn -0.7464 -0.0013 0.6655
vn -0.7117 0.0611 -0.6998
vn 0.7151 0.0103 -0.6989
vn 0.6782 -0.1287 -0.7235
vn -0.5533 0.5015 -0.6650
vn -0.6838 0.1418 0.7158
vn 0.5389 -0.4940 0.6823
vn 0.6981 0.0628 -0.7133
vn -0.5834 -0.5565 -0.5916
vn -0.6673 -0.2367 0.7062
vn 0.6366 0.4453 0.6296
vn 0.6129 -0.3034 0.7296
vn -0.6896 -0.0068 0.7242
vn -0.6363 0.1835 -0.7493
vn 0.6812 -0.1218 -0.7219
vn 0.0038 1.0000 -0.0010
vn 0.6081 0.2201 -0.7627
vn -0.7008 -0.1805 -0.6901
vn -0.6354 -0.2011 0.7455
vn 0.6761 0.1685 0.7173
vn 0.6432 -0.1683 -0.7470
vn -0.4767 0.4796 -0.7367
vn -0.6641 0.1146 0.7388
vn 0.4307 -0.5208 0.7371
vn 0.4960 0.5963 0.6312
vn -0.5995 -0.3694 0.7100
vn -0.4910 -0.6219 -0.6101
vn 0.6234 0.3037 -0.7205
vn 0.5342 0.5426 0.6483
vn -0.6318 -0.2735 0.7253
vn -0.5544 -0.5356 -0.6370
vn 0.6220 0.2751 -0.7331
vn 0.5867 -0.2057 0.7833
vn -0.6558 -0.0171 0.7548
vn -0.6326 0.1869 -0.7516
vn 0.6320 0.0182 -0.7748
vn 0.6691 -0.1053 -0.7356
vn -0.5184 0.4146 -0.7479
vn -0.6763 0.1148 0.7277
vn 0.5030 -0.4141 0.7586
vn 0.6299 0.0976 -0.7705
vn -0.5986 -0.4182 -0.6832
vn -0.5988 -0.2208 0.7698
vn 0.6393 0.3035 0.7066
vn 0.6203 -0.2416 0.7463
vn -0.6726 -0.0049 0.7399
vn -0.6403 0.1140 -0.7596
vn 0.6639 -0.1244 -0.7374
vn 0.0039 1.0000 -0.0005
vn 0.5102 0.3207 -0.7980
vn -0.4876 -0.2143 -0.8463
vn -0.5235 -0.3111 0.7932
vn 0.4422 0.1891 0.8768
vn 0.6027 -0.1695 -0.7798
vn -0.4463 0.3640 -0.8175
vn -0.6200 0.1226 0.7750
vn 0.4081 -0.4176 0.8118
vn 0.4635 0.4505 0.7630
vn -0.5941 -0.1468 0.7909
vn -0.4736 -0.4781 -0.7397
vn 0.6139 0.0927 -0.7840
vn 0.3970 0.4216 0.8152
vn -0.5744 -0.2386 0.7831
vn -0.4354 -0.4227 -0.7948
vn 0.5858 0.2185 -0.7804
vn 0.4174 -0.2586 0.8712
vn -0.5732 0.0234 0.8191
vn -0.4596 0.2476 -0.8529
vn 0.5498 -0.0223 -0.8350
vn 0.6396 -0.0930 -0.7630
vn -0.5403 0.2875 -0.7908
vn -0.6455 0.0997 0.7572
vn 0.5257 -0.2949 0.7979
vn 0.6075 -0.0285 -0.7938
vn -0.5825 -0.3715 -0.7229
vn -0.5893 -0.0779 0.8041
vn 0.6068 0.2541 0.7531
vn 0.9380 -0.3467 -0.0003
vn 0.0188 -0.0229 0.9996
vn -0.9735 0.2285 0.0107
vn -0.0216 -0.1160 -0.9930
vn 0.0032 1.0000 -0.0004
vn -0.0713 0.0101 -0.9974
vn -0.8864 -0.3373 0.3170
vn 0.0782 -0.0005 0.9969
vn 0.8895 0.3507 -0.2931
vn -0.1065 -0.1093 -0.9883
vn -0.8967 0.3698 0.2435
vn 0.0974 0.0354 0.9946
vn 0.8904 -0.4164 -0.1838
vn 0.8563 0.5160 -0.0223
vn 0.0536 -0.0527 0.9972
vn -0.8285 -0.5592 0.0298
vn -0.0541 0.0309 -0.9981
vn 0.8447 0.5123 -0.1553
vn 0.0463 0.0520 0.9976
vn -0.8438 -0.5080 0.1732
vn -0.0418 -0.0417 -0.9983
vn 0.9058 -0.2360 -0.3520
vn 0.1048 0.0355 0.9939
vn -0.8922 0.2059 0.4019
vn -0.1066 -0.0416 -0.9934
vn -0.0628 -0.0672 -0.9958
vn -0.9431 0.3227 0.0798
vn 0.0567 0.0438 0.9974
vn 0.9516 -0.3034 -0.0499
vn -0.0975 0.1007 -0.9901
vn -0.9197 -0.3860 -0.0716
vn 0.0909 -0.2229 0.9706
vn 0.9643 0.2548 0.0727
vn 0.9474 -0.3184 0.0328
vn 0.0193 0.0055 0.9998
vn -0.9784 0.2060 -0.0177
vn -0.0222 -0.1355 -0.9905
vn 0.0028 1.0000 -0.0023
vn 0.0812 0.0934 -0.9923
vn -0.8849 -0.4212 0.1987
vn -0.0794 -0.0906 0.9927
vn 0.8810 0.4437 -0.1642
vn -0.0695 -0.3212 -0.9445
vn -0.8003 0.5963 0.0630
vn 0.0675 0.2633 0.9624
vn 0.7637 -0.6449 -0.0305
vn 0.7802 0.6254 -0.0103
vn -0.0441 -0.3057 0.9511
vn -0.7498 -0.6611 0.0270
vn 0.0469 0.2728 -0.9609
vn 0.8205 0.5650 -0.0866
vn -0.0752 -0.1127 0.9908
vn -0.8295 -0.5449 0.1227
vn 0.0777 0.1223 -0.9895
vn 0.9823 -0.0811 -0.1690
vn -0.0185 0.0219 0.9996
vn -0.9795 0.0346 0.1982
vn 0.0183 -0.0361 -0.9992
vn -0.0635 -0.1661 -0.9841
vn -0.8789 0.4770 0.0040
vn 0.0594 0.1674 0.9841
vn 0.8937 -0.4479 0.0257
vn -0.0101 -0.0076 -0.9999
vn -0.8505 -0.5242 -0.0435
vn 0.0120 -0.1383 0.9903
vn 0.9114 0.4090 0.0466
vn 0.9423 -0.3343 0.0167
vn 0.0187 0.0061 0.9998
vn -0.9740 0.2264 -0.0070
vn -0.0207 -0.1346 -0.9907
vn 0.0029 1.0000 -0.0021
vn 0.0905 0.1419 -0.9857
vn -0.9173 -0.3828 0.1092
vn -0.1301 -0.1513 0.9799
vn 0.9152 0.3984 -0.0613
vn -0.0246 -0.2596 -0.9654
vn -0.8385 0.5439 0.0340
vn 0.0066 0.2230 0.9748
vn 0.7967 -0.6042 0.0152
vn 0.7183 0.6958 0.0040
vn -0.0521 -0.3205 0.9458
vn -0.6981 -0.7159 0.0066
vn 0.0380 0.2576 -0.9655
vn 0.8361 0.5474 -0.0361
vn -0.0946 -0.2161 0.9718
vn -0.8453 -0.5297 0.0699
vn 0.0645 0.2014 -0.9774
vn 0.9903 -0.1332 -0.0402
vn -0.0996 0.0707 0.9925
vn -0.9884 0.1094 0.1054
vn 0.0585 -0.0688 -0.9959
vn -0.0430 -0.1560 -0.9868
vn -0.8564 0.5162 0.0019
vn 0.0376 0.1695 0.9848
vn 0.8678 -0.4964 0.0247
vn 0.0227 0.2986 -0.9541
vn -0.8581 -0.5124 -0.0341
vn -0.0228 -0.4419 0.8968
vn 0.9214 0.3879 0.0242
vn 0.9387 -0.3411 0.0493
vn 0.0172 -0.0000 0.9999
vn -0.9722 0.2298 -0.0452
vn -0.0202 -0.1281 -0.9916
vn 0.0024 1.0000 -0.0027
vn 0.0299 0.1237 -0.9919
vn -0.9544 -0.2883 0.0776
vn -0.0704 -0.1269 0.9894
vn 0.9542 0.2991 0.0017
vn -0.0233 -0.1763 -0.9841
vn -0.8672 0.4937 -0.0650
vn -0.0006 0.1321 0.9912
vn 0.8280 -0.5501 0.1092
vn 0.7545 0.6563 0.0015
vn 0.0154 -0.5011 0.8652
vn -0.7317 -0.6816 0.0116
vn -0.0184 0.4603 -0.8876
vn 0.8705 0.4918 -0.0160
vn -0.0255 -0.2169 0.9759
vn -0.8718 -0.4852 0.0676
vn 0.0026 0.2150 -0.9766
vn 0.9949 -0.0700 0.0721
vn -0.0572 -0.0013 0.9984
vn -0.9981 0.0611 0.0084
vn 0.0115 0.0103 -0.9999
vn -0.0320 -0.1287 -0.9912
vn -0.8615 0.5015 -0.0790
vn 0.0226 0.1418 0.9896
vn 0.8635 -0.4940 0.1014
vn -0.0108 0.0628 -0.9980
vn -0.8308 -0.5565 -0.0058
vn 0.0275 -0.2367 0.9712
vn 0.8954 0.4453 -0.0049
vn 0.9493 -0.3034 0.0825
vn 0.0244 -0.0068 0.9997
vn -0.9798 0.1835 -0.0799
vn -0.0287 -0.1218 -0.9921
vn 0.0020 1.0000 -0.0033
vn -0.1093 0.2201 -0.9693
vn -0.9835 -0.1805 0.0075
vn 0.0779 -0.2011 0.9765
vn 0.9853 0.1685 0.0292
vn -0.0734 -0.1683 -0.9830
vn -0.8580 0.4796 -0.1839
vn 0.0528 0.1146 0.9920
vn 0.8257 -0.5208 0.2167
vn 0.7970 0.5963 0.0956
vn 0.0781 -0.3694 0.9260
vn -0.7786 -0.6219 -0.0842
vn -0.0686 0.3037 -0.9503
vn 0.8361 0.5426 0.0807
vn 0.0661 -0.2735 0.9596
vn -0.8424 -0.5356 -0.0584
vn -0.0786 0.2751 -0.9582
vn 0.9687 -0.2057 0.1390
vn 0.0700 -0.0171 0.9974
vn -0.9788 0.1869 -0.0841
vn -0.1010 0.0182 -0.9947
vn -0.0470 -0.1053 -0.9933
vn -0.8954 0.4146 -0.1623
vn 0.0363 0.1148 0.9927
vn 0.8921 -0.4141 0.1807
vn -0.0995 0.0976 -0.9902
vn -0.9064 -0.4182 -0.0599
vn 0.1209 -0.2208 0.9678
vn 0.9516 0.3035 0.0476
vn 0.9663 -0.2416 0.0891
vn 0.0476 -0.0049 0.9989
vn -0.9899 0.1140 -0.0844
vn -0.0520 -0.1244 -0.9909
vn 0.0024 1.0000 -0.0032
vn -0.2035 0.3207 -0.9251
vn -0.9433 -0.2143 -0.2536
vn 0.1907 -0.3111 0.9311
vn 0.9326 0.1891 0.3073
vn -0.1253 -0.1695 -0.9775
vn -0.8937 0.3640 -0.2625
vn 0.1096 0.1226 0.9864
vn 0.8626 -0.4176 0.2855
vn 0.8673 0.4505 0.2118
vn 0.1392 -0.1468 0.9793
vn -0.8579 -0.4781 -0.1881
vn -0.1203 0.0926 -0.9884
vn 0.8572 0.4216 0.2958
vn 0.1476 -0.2386 0.9598
vn -0.8699 -0.4227 -0.2541
vn -0.1376 0.2185 -0.9661
vn 0.9111 -0.2586 0.3209
vn 0.1739 0.0234 0.9845
vn -0.9281 0.2476 -0.2781
vn -0.2016 -0.0223 -0.9792
vn -0.0873 -0.0930 -0.9918
vn -0.9413 0.2875 -0.1771
vn 0.0790 0.0997 0.9919
vn 0.9360 -0.2949 0.1925
vn -0.1317 -0.0285 -0.9909
vn -0.9231 -0.3715 -0.0993
vn 0.1519 -0.0779 0.9853
vn 0.9616 0.2541 0.1034
vn 0.6630 -0.3467 -0.6635
vn 0.7201 -0.0229 0.6935
vn -0.6808 0.2285 0.6959
vn -0.7174 -0.1160 -0.6869
vn 0.0020 1.0000 -0.0025
vn -0.7557 0.0101 -0.6549
vn -0.4026 -0.3373 0.8510
vn 0.7602 -0.0005 0.6496
vn 0.4217 0.3507 -0.8362
vn -0.7741 -0.1093 -0.6235
vn -0.4619 0.3698 0.8062
vn 0.7722 0.0354 0.6344
vn 0.4996 -0.4164 -0.7596
vn 0.5898 0.5160 -0.6213
vn 0.7430 -0.0527 0.6672
vn -0.5647 -0.5592 0.6069
vn -0.7440 0.0309 -0.6675
vn 0.4875 0.5123 -0.7071
vn 0.7381 0.0520 0.6726
vn -0.4741 -0.5080 0.7191
vn -0.7355 -0.0417 -0.6763
vn 0.3916 -0.2360 -0.8893
vn 0.7769 0.0355 0.6287
vn -0.3467 0.2059 0.9151
vn -0.7779 -0.0416 -0.6271
vn -0.7485 -0.0672 -0.6597
vn -0.6105 0.3227 0.7233
vn 0.7454 0.0438 0.6652
vn 0.6376 -0.3034 -0.7081
vn -0.7691 0.1007 -0.6312
vn -0.7010 -0.3860 0.5997
vn 0.7506 -0.2229 0.6221
vn 0.7332 0.2548 -0.6304
vn 0.6931 -0.3184 -0.6467
vn 0.7206 0.0055 0.6933
vn -0.7043 0.2060 0.6793
vn -0.7161 -0.1355 -0.6847
vn 0.0004 1.0000 -0.0036
vn -0.6442 0.0934 -0.7591
vn -0.4853 -0.4212 0.7662
vn 0.6458 -0.0906 0.7581
vn 0.5068 0.4437 -0.7391
vn -0.7170 -0.3212 -0.6187
vn -0.5214 0.5963 0.6104
vn 0.7282 0.2633 0.6327
vn 0.5185 -0.6449 -0.5615
vn 0.5445 0.6254 -0.5590
vn 0.6413 -0.3057 0.7037
vn -0.5111 -0.6611 0.5493
vn -0.6463 0.2728 -0.7126
vn 0.5189 0.5650 -0.6414
vn 0.6474 -0.1127 0.7538
vn -0.4998 -0.5449 0.6733
vn -0.6447 0.1223 -0.7546
vn 0.5750 -0.0811 -0.8141
vn 0.6937 0.0219 0.7199
vn -0.5525 0.0346 0.8328
vn -0.6936 -0.0361 -0.7194
vn -0.7408 -0.1661 -0.6509
vn -0.6187 0.4770 0.6243
vn 0.7379 0.1674 0.6539
vn 0.6501 -0.4479 -0.6138
vn -0.7142 -0.0076 -0.6999
vn -0.6321 -0.5242 0.5707
vn 0.7087 -0.1383 0.6918
vn 0.6773 0.4090 -0.6115
vn 0.6781 -0.3343 -0.6545
vn 0.7202 0.0061 0.6937
vn -0.6937 0.2264 0.6838
vn -0.7152 -0.1346 -0.6859
vn 0.0006 1.0000 -0.0035
vn -0.6330 0.1419 -0.7610
vn -0.5715 -0.3828 0.7258
vn 0.6009 -0.1513 0.7849
vn 0.6038 0.3984 -0.6904
vn -0.7000 -0.2596 -0.6652
vn -0.5689 0.5439 0.6169
vn 0.6939 0.2230 0.6846
vn 0.5741 -0.6042 -0.5525
vn 0.5107 0.6958 -0.5051
vn 0.6320 -0.3205 0.7056
vn -0.4890 -0.7159 0.4983
vn -0.6558 0.2576 -0.7096
vn 0.5657 0.5474 -0.6167
vn 0.6202 -0.2161 0.7541
vn -0.5483 -0.5297 0.6471
vn -0.6455 0.2014 -0.7367
vn 0.6718 -0.1332 -0.7287
vn 0.6314 0.0707 0.7722
vn -0.6243 0.1094 0.7735
vn -0.6628 -0.0688 -0.7456
vn -0.7282 -0.1560 -0.6673
vn -0.6043 0.5162 0.6069
vn 0.7230 0.1695 0.6698
vn 0.6311 -0.4964 -0.5962
vn -0.6586 0.2986 -0.6907
vn -0.6309 -0.5124 0.5826
vn 0.6180 -0.4420 0.6502
vn 0.6687 0.3879 -0.6344
vn 0.6986 -0.3411 -0.6289
vn 0.7191 -0.0000 0.6949
vn -0.7194 0.2298 0.6555
vn -0.7154 -0.1281 -0.6868
vn -0.0002 1.0000 -0.0036
vn -0.6802 0.1237 -0.7225
vn -0.6200 -0.2883 0.7297
vn 0.6498 -0.1269 0.7494
vn 0.6759 0.2991 -0.6736
vn -0.7123 -0.1763 -0.6794
vn -0.6592 0.4937 0.5672
vn 0.7005 0.1321 0.7013
vn 0.6627 -0.5501 -0.5082
vn 0.5346 0.6563 -0.5325
vn 0.6227 -0.5011 0.6010
vn -0.5091 -0.6816 0.5256
vn -0.6406 0.4603 -0.6146
vn 0.6043 0.4918 -0.6269
vn 0.6720 -0.2169 0.7081
vn -0.5686 -0.4852 0.6642
vn -0.6887 0.2150 -0.6924
vn 0.7545 -0.0700 -0.6526
vn 0.6655 -0.0013 0.7464
vn -0.6998 0.0611 0.7117
vn -0.6989 0.0103 -0.7151
vn -0.7235 -0.1287 -0.6782
vn -0.6650 0.5015 0.5533
vn 0.7158 0.1418 0.6838
vn 0.6823 -0.4940 -0.5389
vn -0.7133 0.0628 -0.6981
vn -0.5916 -0.5565 0.5834
vn 0.7062 -0.2367 0.6673
vn 0.6296 0.4453 -0.6366
vn 0.7296 -0.3034 -0.6129
vn 0.7242 -0.0068 0.6896
vn -0.7493 0.1835 0.6363
vn -0.7219 -0.1218 -0.6812
vn -0.0010 1.0000 -0.0038
vn -0.7627 0.2201 -0.6081
vn -0.6901 -0.1805 0.7008
vn 0.7455 -0.2011 0.6354
vn 0.7173 0.1685 -0.6761
vn -0.7470 -0.1683 -0.6432
vn -0.7367 0.4796 0.4767
vn 0.7388 0.1146 0.6641
vn 0.7371 -0.5208 -0.4307
vn 0.6312 0.5963 -0.4960
vn 0.7100 -0.3694 0.5995
vn -0.6101 -0.6219 0.4910
vn -0.7205 0.3037 -0.6234
vn 0.6483 0.5426 -0.5342
vn 0.7253 -0.2735 0.6318
vn -0.6370 -0.5356 0.5544
vn -0.7331 0.2751 -0.6220
vn 0.7833 -0.2057 -0.5867
vn 0.7548 -0.0171 0.6558
vn -0.7516 0.1869 0.6326
vn -0.7748 0.0182 -0.6320
vn -0.7356 -0.1053 -0.6691
vn -0.7479 0.4146 0.5184
vn 0.7277 0.1148 0.6763
vn 0.7586 -0.4141 -0.5030
vn -0.7705 0.0976 -0.6299
vn -0.6832 -0.4182 0.5986
vn 0.7698 -0.2208 0.5988
vn 0.7066 0.3035 -0.6393
vn 0.7463 -0.2416 -0.6203
vn 0.7399 -0.0049 0.6726
vn -0.7596 0.1140 0.6403
vn -0.7374 -0.1244 -0.6639
vn -0.0005 1.0000 -0.0039
vn -0.7980 0.3207 -0.5102
vn -0.8463 -0.2143 0.4876
vn 0.7932 -0.3111 0.5235
vn 0.8768 0.1891 -0.4422
vn -0.7798 -0.1695 -0.6027
vn -0.8175 0.3640 0.4463
vn 0.7750 0.1226 0.6200
vn 0.8118 -0.4176 -0.4081
vn 0.7630 0.4505 -0.4635
vn 0.7909 -0.1468 0.5941
vn -0.7397 -0.4781 0.4736
vn -0.7840 0.0927 -0.6139
vn 0.8152 0.4216 -0.3970
vn 0.7831 -0.2386 0.5744
vn -0.7948 -0.4227 0.4354
vn -0.7804 0.2185 -0.5858
vn 0.8712 -0.2586 -0.4173
vn 0.8191 0.0234 0.5732
vn -0.8529 0.2476 0.4596
vn -0.8350 -0.0223 -0.5498
vn -0.7630 -0.0930 -0.6396
vn -0.7908 0.2875 0.5404
vn 0.7572 0.0997 0.6455
vn 0.7979 -0.2949 -0.5257
vn -0.7938 -0.0285 -0.6075
vn -0.7229 -0.3715 0.5825
vn 0.8041 -0.0779 0.5893
vn 0.7531 0.2541 -0.6068
vn -0.0003 -0.3467 -0.9380
vn 0.9996 -0.0229 -0.0188
vn 0.0107 0.2285 0.9735
vn -0.9930 -0.1160 0.0216
vn -0.0004 1.0000 -0.0032
vn -0.9974 0.0101 0.0713
vn 0.3170 -0.3373 0.8864
vn 0.9969 -0.0005 -0.0782
vn -0.2931 0.3507 -0.8895
vn -0.9883 -0.1093 0.1065
vn 0.2435 0.3698 0.8967
vn 0.9946 0.0354 -0.0974
vn -0.1838 -0.4164 -0.8904
vn -0.0223 0.5160 -0.8563
vn 0.9972 -0.0527 -0.0536
vn 0.0298 -0.5592 0.8285
vn -0.9981 0.0309 0.0541
vn -0.1553 0.5123 -0.8447
vn 0.9976 0.0520 -0.0463
vn 0.1732 -0.5080 0.8438
vn -0.9983 -0.0417 0.0418
vn -0.3520 -0.2360 -0.9058
vn 0.9939 0.0355 -0.1048
vn 0.4019 0.2059 0.8922
vn -0.9934 -0.0416 0.1066
vn -0.9958 -0.0672 0.0628
vn 0.0798 0.3227 0.9431
vn 0.9974 0.0438 -0.0567
vn -0.0498 -0.3034 -0.9516
vn -0.9901 0.1007 0.0975
vn -0.0716 -0.3860 0.9197
vn 0.9706 -0.2229 -0.0909
vn 0.0727 0.2548 -0.9643
vn 0.0328 -0.3184 -0.9474
vn 0.9998 0.0055 -0.0193
vn -0.0177 0.2060 0.9784
vn -0.9905 -0.1355 0.0222
vn -0.0023 1.0000 -0.0028
vn -0.9923 0.0934 -0.0812
vn 0.1987 -0.4212 0.8849
vn 0.9927 -0.0906 0.0794
vn -0.1642 0.4437 -0.8810
vn -0.9445 -0.3212 0.0695
vn 0.0630 0.5963 0.8003
vn 0.9624 0.2633 -0.0675
vn -0.0305 -0.6449 -0.7637
vn -0.0103 0.6254 -0.7802
vn 0.9511 -0.3057 0.0441
vn 0.0270 -0.6611 0.7498
vn -0.9609 0.2728 -0.0469
vn -0.0866 0.5650 -0.8205
vn 0.9908 -0.1127 0.0752
vn 0.1227 -0.5449 0.8295
vn -0.9895 0.1223 -0.0777
vn -0.1690 -0.0811 -0.9823
vn 0.9996 0.0219 0.0185
vn 0.1982 0.0346 0.9795
vn -0.9992 -0.0361 -0.0183
vn -0.9841 -0.1661 0.0635
vn 0.0040 0.4770 0.8789
vn 0.9841 0.1674 -0.0594
vn 0.0257 -0.4479 -0.8937
vn -0.9999 -0.0076 0.0101
vn -0.0434 -0.5242 0.8505
vn 0.9903 -0.1383 -0.0120
vn 0.0466 0.4090 -0.9114
vn 0.0167 -0.3343 -0.9423
vn 0.9998 0.0061 -0.0187
vn -0.0070 0.2264 0.9740
vn -0.9907 -0.1346 0.0207
vn -0.0021 1.0000 -0.0029
vn -0.9857 0.1419 -0.0905
vn 0.1092 -0.3828 0.9173
vn 0.9799 -0.1513 0.1301
vn -0.0612 0.3984 -0.9152
vn -0.9654 -0.2596 0.0246
vn 0.0340 0.5439 0.8385
vn 0.9748 0.2230 -0.0066
vn 0.0152 -0.6042 -0.7967
vn 0.0040 0.6958 -0.7183
vn 0.9458 -0.3205 0.0521
vn 0.0066 -0.7159 0.6981
vn -0.9655 0.2576 -0.0380
vn -0.0361 0.5474 -0.8361
vn 0.9718 -0.2161 0.0946
vn 0.0699 -0.5297 0.8453
vn -0.9774 0.2014 -0.0645
vn -0.0402 -0.1332 -0.9903
vn 0.9925 0.0707 0.0996
vn 0.1054 0.1094 0.9884
vn -0.9959 -0.0688 -0.0585
vn -0.9868 -0.1560 0.0430
vn 0.0019 0.5162 0.8564
vn 0.9848 0.1695 -0.0376
vn 0.0247 -0.4964 -0.8678
vn -0.9541 0.2986 -0.0227
vn -0.0341 -0.5124 0.8581
vn 0.8968 -0.4420 0.0228
vn 0.0242 0.3879 -0.9214
vn 0.0493 -0.3411 -0.9387
vn 0.9999 -0.0000 -0.0172
vn -0.0452 0.2298 0.9722
vn -0.9916 -0.1281 0.0202
vn -0.0027 1.0000 -0.0024
vn -0.9919 0.1237 -0.0299
vn 0.0776 -0.2883 0.9544
vn 0.9894 -0.1269 0.0704
vn 0.0017 0.2991 -0.9542
vn -0.9841 -0.1763 0.0233
vn -0.0650 0.4937 0.8672
vn 0.9912 0.1321 0.0006
vn 0.1092 -0.5500 -0.8280
vn 0.0015 0.6563 -0.7545
vn 0.8652 -0.5011 -0.0154
vn 0.0116 -0.6816 0.7317
vn -0.8876 0.4603 0.0184
vn -0.0160 0.4918 -0.8705
vn 0.9759 -0.2169 0.0255
vn 0.0676 -0.4852 0.8718
vn -0.9766 0.2150 -0.0026
vn 0.0721 -0.0700 -0.9949
vn 0.9984 -0.0013 0.0572
vn 0.0084 0.0611 0.9981
vn -0.9999 0.0103 -0.0115
vn -0.9912 -0.1287 0.0320
vn -0.0790 0.5015 0.8615
vn 0.9896 0.1418 -0.0226
vn 0.1014 -0.4940 -0.8635
vn -0.9980 0.0628 0.0108
vn -0.0058 -0.5565 0.8308
vn 0.9712 -0.2367 -0.0275
vn -0.0049 0.4453 -0.8954
vn 0.0825 -0.3034 -0.9493
vn 0.9997 -0.0068 -0.0244
vn -0.0799 0.1835 0.9798
vn -0.9921 -0.1218 0.0287
vn -0.0033 1.0000 -0.0020
vn -0.9693 0.2201 0.1093
vn 0.0075 -0.1805 0.9835
vn 0.9765 -0.2011 -0.0778
vn 0.0292 0.1685 -0.9853
vn -0.9830 -0.1683 0.0734
vn -0.1839 0.4796 0.8580
vn 0.9920 0.1146 -0.0528
vn 0.2167 -0.5208 -0.8257
vn 0.0956 0.5963 -0.7970
vn 0.9260 -0.3694 -0.0781
vn -0.0842 -0.6219 0.7786
vn -0.9503 0.3037 0.0686
vn 0.0807 0.5426 -0.8361
vn 0.9596 -0.2735 -0.0661
vn -0.0584 -0.5356 0.8424
vn -0.9582 0.2751 0.0786
vn 0.1390 -0.2057 -0.9687
vn 0.9974 -0.0171 -0.0700
vn -0.0841 0.1869 0.9788
vn -0.9947 0.0182 0.1010
vn -0.9933 -0.1053 0.0470
vn -0.1623 0.4146 0.8954
vn 0.9927 0.1148 -0.0363
vn 0.1807 -0.4141 -0.8921
vn -0.9902 0.0976 0.0995
vn -0.0599 -0.4182 0.9064
vn 0.9678 -0.2208 -0.1209
vn 0.0476 0.3035 -0.9516
vn 0.0891 -0.2416 -0.9663
vn 0.9989 -0.0049 -0.0476
vn -0.0844 0.1140 0.9899
vn -0.9909 -0.1244 0.0520
vn -0.0032 1.0000 -0.0024
vn -0.9251 0.3207 0.2035
vn -0.2536 -0.2143 0.9433
vn 0.9311 -0.3111 -0.1907
vn 0.3073 0.1891 -0.9326
vn -0.9775 -0.1695 0.1253
vn -0.2625 0.3640 0.8937
vn 0.9864 0.1226 -0.1096
vn 0.2855 -0.4176 -0.8626
vn 0.2118 0.4505 -0.8673
vn 0.9793 -0.1468 -0.1392
vn -0.1881 -0.4781 0.8579
vn -0.9884 0.0927 0.1203
vn 0.2958 0.4216 -0.8572
vn 0.9598 -0.2386 -0.1476
vn -0.2541 -0.4227 0.8699
vn -0.9661 0.2185 0.1376
vn 0.3209 -0.2586 -0.9111
vn 0.9845 0.0234 -0.1739
vn -0.2781 0.2476 0.9281
vn -0.9792 -0.0223 0.2016
vn -0.9918 -0.0930 0.0873
vn -0.1771 0.2875 0.9413
vn 0.9919 0.0997 -0.0790
vn 0.1925 -0.2949 -0.9360
vn -0.9909 -0.0285 0.1317
vn -0.0993 -0.3715 0.9231
vn 0.9853 -0.0779 -0.1519
vn 0.1034 0.2542 -0.9616
vn -0.6635 -0.3467 -0.6630
vn 0.6935 -0.0229 -0.7201
vn 0.6959 0.2285 0.6808
vn -0.6869 -0.1160 0.7174
vn -0.0025 1.0000 -0.0020
vn -0.6549 0.0101 0.7557
vn 0.8510 -0.3373 0.4026
vn 0.6496 -0.0005 -0.7602
vn -0.8362 0.3507 -0.4217
vn -0.6235 -0.1093 0.7741
vn 0.8062 0.3698 0.4619
vn 0.6344 0.0354 -0.7722
vn -0.7596 -0.4164 -0.4996
vn -0.6213 0.5160 -0.5898
vn 0.6672 -0.0527 -0.7430
vn 0.6069 -0.5592 0.5647
vn -0.6675 0.0309 0.7440
vn -0.7071 0.5123 -0.4875
vn 0.6726 0.0520 -0.7381
vn 0.7191 -0.5080 0.4741
vn -0.6763 -0.0417 0.7355
vn -0.8893 -0.2360 -0.3916
vn 0.6287 0.0355 -0.7769
vn 0.9151 0.2059 0.3467
vn -0.6271 -0.0416 0.7779
vn -0.6597 -0.0672 0.7485
vn 0.7233 0.3227 0.6105
vn 0.6652 0.0438 -0.7454
vn -0.7081 -0.3034 -0.6376
vn -0.6312 0.1007 0.7691
vn 0.5997 -0.3860 0.7010
vn 0.6221 -0.2229 -0.7506
vn -0.6304 0.2548 -0.7332
vn -0.6467 -0.3184 -0.6931
vn 0.6933 0.0055 -0.7206
vn 0.6793 0.2060 0.7043
vn -0.6847 -0.1355 0.7161
vn -0.0036 1.0000 -0.0004
vn -0.7591 0.0934 0.6442
vn 0.7662 -0.4212 0.4853
vn 0.7581 -0.0906 -0.6458
vn -0.7391 0.4437 -0.5068
vn -0.6187 -0.3212 0.7170
vn 0.6104 0.5963 0.5214
vn 0.6327 0.2633 -0.7282
vn -0.5615 -0.6449 -0.5185
vn -0.5590 0.6254 -0.5445
vn 0.7037 -0.3057 -0.6414
vn 0.5493 -0.6611 0.5111
vn -0.7127 0.2728 0.6463
vn -0.6414 0.5650 -0.5189
vn 0.7538 -0.1127 -0.6474
vn 0.6733 -0.5449 0.4998
vn -0.7546 0.1223 0.6447
vn -0.8141 -0.0811 -0.5750
vn 0.7199 0.0219 -0.6937
vn 0.8328 0.0346 0.5525
vn -0.7194 -0.0361 0.6936
vn -0.6509 -0.1661 0.7408
vn 0.6243 0.4770 0.6187
vn 0.6539 0.1674 -0.7379
vn -0.6138 -0.4479 -0.6501
vn -0.6999 -0.0076 0.7142
vn 0.5707 -0.5242 0.6321
vn 0.6918 -0.1383 -0.7087
vn -0.6115 0.4090 -0.6773
vn -0.6545 -0.3343 -0.6781
vn 0.6937 0.0061 -0.7202
vn 0.6838 0.2264 0.6937
vn -0.6859 -0.1346 0.7152
vn -0.0035 1.0000 -0.0006
vn -0.7610 0.1419 0.6330
vn 0.7258 -0.3828 0.5715
vn 0.7849 -0.1513 -0.6009
vn -0.6904 0.3984 -0.6038
vn -0.6652 -0.2596 0.7000
vn 0.6169 0.5439 0.5689
vn 0.6846 0.2230 -0.6939
vn -0.5525 -0.6042 -0.5741
vn -0.5051 0.6958 -0.5107
vn 0.7056 -0.3205 -0.6320
vn 0.4983 -0.7159 0.4890
vn -0.7096 0.2576 0.6558
vn -0.6167 0.5474 -0.5657
vn 0.7541 -0.2161 -0.6202
vn 0.6471 -0.5297 0.5483
vn -0.7367 0.2014 0.6455
vn -0.7287 -0.1332 -0.6718
vn 0.7722 0.0707 -0.6314
vn 0.7735 0.1094 0.6243
vn -0.7456 -0.0688 0.6628
vn -0.6673 -0.1560 0.7282
vn 0.6069 0.5162 0.6043
vn 0.6698 0.1695 -0.7230
vn -0.5961 -0.4964 -0.6311
vn -0.6907 0.2986 0.6586
vn 0.5826 -0.5124 0.6309
vn 0.6502 -0.4420 -0.6180
vn -0.6344 0.3879 -0.6687
vn -0.6289 -0.3411 -0.6986
vn 0.6949 -0.0000 -0.7191
vn 0.6555 0.2298 0.7194
vn -0.6868 -0.1281 0.7154
vn -0.0036 1.0000 0.0002
vn -0.7225 0.1237 0.6802
vn 0.7297 -0.2883 0.6200
vn 0.7494 -0.1269 -0.6498
vn -0.6736 0.2991 -0.6759
vn -0.6794 -0.1763 0.7123
vn 0.5672 0.4937 0.6592
vn 0.7013 0.1321 -0.7005
vn -0.5082 -0.5500 -0.6627
vn -0.5325 0.6563 -0.5346
vn 0.6010 -0.5011 -0.6227
vn 0.5256 -0.6816 0.5091
vn -0.6146 0.4603 0.6406
vn -0.6269 0.4918 -0.6043
vn 0.7081 -0.2169 -0.6720
vn 0.6642 -0.4852 0.5686
vn -0.6924 0.2150 0.6887
vn -0.6526 -0.0700 -0.7545
vn 0.7464 -0.0013 -0.6655
vn 0.7117 0.0611 0.6998
vn -0.7151 0.0103 0.6989
vn -0.6782 -0.1287 0.7235
vn 0.5533 0.5015 0.6650
vn 0.6838 0.1418 -0.7158
vn -0.5389 -0.4940 -0.6823
vn -0.6981 0.0628 0.7133
vn 0.5834 -0.5565 0.5916
vn 0.6673 -0.2367 -0.7062
vn -0.6366 0.4453 -0.6296
vn -0.6129 -0.3034 -0.7296
vn 0.6896 -0.0068 -0.7242
vn 0.6363 0.1835 0.7493
vn -0.6812 -0.1218 0.7219
vn -0.0038 1.0000 0.0010
vn -0.6081 0.2201 0.7627
vn 0.7008 -0.1805 0.6901
vn 0.6354 -0.2011 -0.7455
vn -0.6761 0.1685 -0.7173
vn -0.6432 -0.1683 0.7470
vn 0.4767 0.4796 0.7367
vn 0.6641 0.1146 -0.7388
vn -0.4307 -0.5208 -0.7371
vn -0.4960 0.5963 -0.6312
vn 0.5995 -0.3694 -0.7100
vn 0.4910 -0.6219 0.6101
vn -0.6234 0.3037 0.7205
vn -0.5342 0.5426 -0.6483
vn 0.6318 -0.2735 -0.7253
vn 0.5544 -0.5356 0.6370
vn -0.6220 0.2751 0.7331
vn -0.5867 -0.2057 -0.7833
vn 0.6558 -0.0171 -0.7548
vn 0.6326 0.1869 0.7516
vn -0.6320 0.0182 0.7748
vn -0.6691 -0.1053 0.7356
vn 0.5184 0.4146 0.7479
vn 0.6763 0.1148 -0.7277
vn -0.5030 -0.4141 -0.7586
vn -0.6299 0.0976 0.7705
vn 0.5986 -0.4182 0.6832
vn 0.5988 -0.2208 -0.7698
vn -0.6393 0.3035 -0.7066
vn -0.6203 -0.2416 -0.7463
vn 0.6726 -0.0049 -0.7399
vn 0.6403 0.1140 0.7596
vn -0.6639 -0.1244 0.7374
vn -0.0039 1.0000 0.0005
vn -0.5102 0.3207 0.7980
vn 0.4876 -0.2143 0.8463
vn 0.5235 -0.3111 -0.7932
vn -0.4422 0.1891 -0.8768
vn -0.6027 -0.1695 0.7798
vn 0.4463 0.3640 0.8175
vn 0.6200 0.1226 -0.7750
vn -0.4081 -0.4176 -0.8118
vn -0.4635 0.4505 -0.7630
vn 0.5941 -0.1468 -0.7909
vn 0.4736 -0.4781 0.7397
vn -0.6139 0.0927 0.7840
vn -0.3970 0.4216 -0.8152
vn 0.5744 -0.2386 -0.7831
vn 0.4354 -0.4227 0.7948
vn -0.5858 0.2185 0.7804
vn -0.4173 -0.2586 -0.8712
vn 0.5732 0.0234 -0.8191
vn 0.4596 0.2476 0.8529
vn -0.5498 -0.0223 0.8350
vn -0.6396 -0.0930 0.7630
vn 0.5404 0.2875 0.7908
vn 0.6455 0.0997 -0.7572
vn -0.5257 -0.2949 -0.7979
vn -0.6075 -0.0285 0.7938
vn 0.5825 -0.3715 0.7230
vn 0.5893 -0.0779 -0.8041
vn -0.6068 0.2542 -0.7531
vt 0.593750 0.000000
vt 0.625000 0.000000
vt 0.625000 0.250000
vt 0.593750 0.250000
vt 0.625000 0.500000
vt 0.593750 0.500000
vt 0.625000 0.750000
vt 0.593750 0.750000
vt 0.625000 1.000000
vt 0.593750 1.000000
vt 0.875000 0.500000
vt 0.875000 0.750000
vt 0.468750 0.750000
vt 0.500000 0.750000
vt 0.500000 1.000000
vt 0.468750 1.000000
vt 0.468750 0.500000
vt 0.500000 0.500000
vt 0.468750 0.250000
vt 0.500000 0.250000
vt 0.468750 0.000000
vt 0.500000 0.000000
vt 0.531250 0.750000
vt 0.562500 0.750000
vt 0.562500 1.000000
vt 0.531250 1.000000
vt 0.531250 0.500000
vt 0.562500 0.500000
vt 0.531250 0.250000
vt 0.562500 0.250000
vt 0.531250 0.000000
vt 0.562500 0.000000
vt 0.406250 0.000000
vt 0.437500 0.000000
vt 0.437500 0.250000
vt 0.406250 0.250000
vt 0.437500 0.500000
vt 0.406250 0.500000
vt 0.437500 0.750000
vt 0.406250 0.750000
vt 0.437500 1.000000
vt 0.406250 1.000000
vt 0.375000 0.750000
vt 0.375000 0.500000
vt 0.375000 0.250000
vt 0.375000 0.000000
s 0
usemtl Glass
f 26/1/1 2/2/1 3/3/1 27/4/1
f 27/4/2 3/3/2 5/5/2 28/6/2
f 28/6/3 5/5/3 4/7/3 29/8/3
f 29/8/4 4/7/4 2/9/4 26/10/4
f 5/5/5 3/11/5 2/12/5 4/7/5
f 21/13/6 9/14/6 6/15/6 18/16/6
f 20/17/7 8/18/7 9/14/7 21/13/7
f 19/19/8 7/20/8 8/18/8 20/17/8
f 18/21/9 6/22/9 7/20/9 19/19/9
f 24/23/10 13/24/10 10/25/10 25/26/10
f 23/27/11 12/28/11 13/24/11 24/23/11
f 22/29/12 11/30/12 12/28/12 23/27/12
f 25/31/13 10/32/13 11/30/13 22/29/13
f 33/33/14 17/34/14 14/35/14 30/36/14
f 30/36/15 14/35/15 15/37/15 31/38/15
f 31/38/16 15/37/16 16/39/16 32/40/16
f 32/40/17 16/39/17 17/41/17 33/42/17
f 17/34/18 18/21/18 19/19/18 14/35/18
f 14/35/19 19/19/19 20/17/19 15/37/19
f 15/37/20 20/17/20 21/13/20 16/39/20
f 16/39/21 21/13/21 18/16/21 17/41/21
f 6/22/22 25/31/22 22/29/22 7/20/22
f 7/20/23 22/29/23 23/27/23 8/18/23
f 8/18/24 23/27/24 24/23/24 9/14/24
f 9/14/25 24/23/25 25/26/25 6/15/25
f 13/24/26 29/8/26 26/10/26 10/25/26
f 12/28/27 28/6/27 29/8/27 13/24/27
f 11/30/28 27/4/28 28/6/28 12/28/28
f 10/32/29 26/1/29 27/4/29 11/30/29
f 1/43/30 32/40/30 33/42/30
f 1/44/31 31/38/31 32/40/31
f 1/45/32 30/36/32 31/38/32
f 1/46/33 33/33/33 30/36/33
f 59/1/34 35/2/34 36/3/34 60/4/34
f 60/4/35 36/3/35 38/5/35 61/6/35
f 61/6/36 38/5/36 37/7/36 62/8/36
f 62/8/37 37/7/37 35/9/37 59/10/37
f 38/5/38 36/11/38 35/12/38 37/7/38
f 54/13/39 42/14/39 39/15/39 51/16/39
f 53/17/40 41/18/40 42/14/40 54/13/40
f 52/19/41 40/20/41 41/18/41 53/17/41
f 51/21/42 39/22/42 40/20/42 52/19/42
f 57/23/43 46/24/43 43/25/43 58/26/43
f 56/27/44 45/28/44 46/24/44 57/23/44
f 55/29/45 44/30/45 45/28/45 56/27/45
f 58/31/46 43/32/46 44/30/46 55/29/46
f 66/33/47 50/34/47 47/35/47 63/36/47
f 63/36/48 47/35/48 48/37/48 64/38/48
f 64/38/49 48/37/49 49/39/49 65/40/49
f 65/40/50 49/39/50 50/41/50 66/42/50
f 50/34/51 51/21/51 52/19/51 47/35/51
f 47/35/52 52/19/52 53/17/52 48/37/52
f 48/37/53 53/17/53 54/13/53 49/39/53
f 49/39/54 54/13/54 51/16/54 50/41/54
f 39/22/55 58/31/55 55/29/55 40/20/55
f 40/20/56 55/29/56 56/27/56 41/18/56
f 41/18/57 56/27/57 57/23/57 42/14/57
f 42/14/58 57/23/58 58/26/58 39/15/58
f 46/24/59 62/8/59 59/10/59 43/25/59
f 45/28/60 61/6/60 62/8/60 46/24/60
f 44/30/61 60/4/61 61/6/61 45/28/61
f 43/32/62 59/1/62 60/4/62 44/30/62
f 34/43/63 65/40/63 66/42/63
f 34/44/64 64/38/64 65/40/64
f 34/45/65 63/36/65 64/38/65
f 34/46/66 66/33/66 63/36/66
f 92/1/67 68/2/67 69/3/67 93/4/67
f 93/4/68 69/3/68 71/5/68 94/6/68
f 94/6/69 71/5/69 70/7/69 95/8/69
f 95/8/70 70/7/70 68/9/70 92/10/70
f 71/5/71 69/11/71 68/12/71 70/7/71
f 87/13/72 75/14/72 72/15/72 84/16/72
f 86/17/73 74/18/73 75/14/73 87/13/73
f 85/19/74 73/20/74 74/18/74 86/17/74
f 84/21/75 72/22/75 73/20/75 85/19/75
f 90/23/76 79/24/76 76/25/76 91/26/76
f 89/27/77 78/28/77 79/24/77 90/23/77
f 88/29/78 77/30/78 78/28/78 89/27/78
f 91/31/79 76/32/79 77/30/79 88/29/79
f 99/33/80 83/34/80 80/35/80 96/36/80
f 96/36/81 80/35/81 81/37/81 97/38/81
f 97/38/82 81/37/82 82/39/82 98/40/82
f 98/40/83 82/39/83 83/41/83 99/42/83
f 83/34/84 84/21/84 85/19/84 80/35/84
f 80/35/85 85/19/85 86/17/85 81/37/85
f 81/37/86 86/17/86 87/13/86 82/39/86
f 82/39/87 87/13/87 84/16/87 83/41/87
f 72/22/88 91/31/88 88/29/88 73/20/88
f 73/20/89 88/29/89 89/27/89 74/18/89
f 74/18/90 89/27/90 90/23/90 75/14/90
f 75/14/91 90/23/91 91/26/91 72/15/91
f 79/24/92 95/8/92 92/10/92 76/25/92
f 78/28/93 94/6/93 95/8/93 79/24/93
f 77/30/94 93/4/94 94/6/94 78/28/94
f 76/32/95 92/1/95 93/4/95 77/30/95
f 67/43/96 98/40/96 99/42/96
f 67/44/97 97/38/97 98/40/97
f 67/45/98 96/36/98 97/38/98
f 67/46/99 99/33/99 96/36/99
f 125/1/100 101/2/100 102/3/100 126/4/100
f 126/4/101 102/3/101 104/5/101 127/6/101
f 127/6/102 104/5/102 103/7/102 128/8/102
f 128/8/103 103/7/103 101/9/103 125/10/103
f 104/5/104 102/11/104 101/12/104 103/7/104
f 120/13/105 108/14/105 105/15/105 117/16/105
f 119/17/106 107/18/106 108/14/106 120/13/106
f 118/19/107 106/20/107 107/18/107 119/17/107
f 117/21/108 105/22/108 106/20/108 118/19/108
f 123/23/109 112/24/109 109/25/109 124/26/109
f 122/27/110 111/28/110 112/24/110 123/23/110
f 121/29/111 110/30/111 111/28/111 122/27/111
f 124/31/112 109/32/112 110/30/112 121/29/112
f 132/33/113 116/34/113 113/35/113 129/36/113
f 129/36/114 113/35/114 114/37/114 130/38/114
f 130/38/115 114/37/115 115/39/115 131/40/115
f 131/40/116 115/39/116 116/41/116 132/42/116
f 116/34/117 117/21/117 118/19/117 113/35/117
f 113/35/118 118/19/118 119/17/118 114/37/118
f 114/37/119 119/17/119 120/13/119 115/39/119
f 115/39/120 120/13/120 117/16/120 116/41/120
f 105/22/121 124/31/121 121/29/121 106/20/121
f 106/20/122 121/29/122 122/27/122 107/18/122
f 107/18/123 122/27/123 123/23/123 108/14/123
f 108/14/124 123/23/124 124/26/124 105/15/124
f 112/24/125 128/8/125 125/10/125 109/25/125
f 111/28/126 127/6/126 128/8/126 112/24/126
f 110/30/127 126/4/127 127/6/127 111/28/127
f 109/32/128 125/1/128 126/4/128 110/30/128
f 100/43/129 131/40/129 132/42/129
f 100/44/130 130/38/130 131/40/130
f 100/45/131 129/36/131 130/38/131
f 100/46/132 132/33/132 129/36/132
f 158/1/133 134/2/133 135/3/133 159/4/133
f 159/4/134 135/3/134 137/5/134 160/6/134
f 160/6/135 137/5/135 136/7/135 161/8/135
f 161/8/136 136/7/136 134/9/136 158/10/136
f 137/5/137 135/11/137 134/12/137 136/7/137
f 153/13/138 141/14/138 138/15/138 150/16/138
f 152/17/139 140/18/139 141/14/139 153/13/139
f 151/19/140 139/20/140 140/18/140 152/17/140
f 150/21/141 138/22/141 139/20/141 151/19/141
f 156/23/142 145/24/142 142/25/142 157/26/142
f 155/27/143 144/28/143 145/24/143 156/23/143
f 154/29/144 143/30/144 144/28/144 155/27/144
f 157/31/145 142/32/145 143/30/145 154/29/145
f 165/33/146 149/34/146 146/35/146 162/36/146
f 162/36/147 146/35/147 147/37/147 163/38/147
f 163/38/148 147/37/148 148/39/148 164/40/148
f 164/40/149 148/39/149 149/41/149 165/42/149
f 149/34/150 150/21/150 151/19/150 146/35/150
f 146/35/151 151/19/151 152/17/151 147/37/151
f 147/37/152 152/17/152 153/13/152 148/39/152
f 148/39/153 153/13/153 150/16/153 149/41/153
f 138/22/154 157/31/154 154/29/154 139/20/154
f 139/20/155 154/29/155 155/27/155 140/18/155
f 140/18/156 155/27/156 156/23/156 141/14/156
f 141/14/157 156/23/157 157/26/157 138/15/157
f 145/24/158 161/8/158 158/10/158 142/25/158
f 144/28/159 160/6/159 161/8/159 145/24/159
f 143/30/160 159/4/160 160/6/160 144/28/160
f 142/32/161 158/1/161 159/4/161 143/30/161
f 133/43/162 164/40/162 165/42/162
f 133/44/163 163/38/163 164/40/163
f 133/45/164 162/36/164 163/38/164
f 133/46/165 165/33/165 162/36/165
f 191/1/166 167/2/166 168/3/166 192/4/166
f 192/4/167 168/3/167 170/5/167 193/6/167
f 193/6/168 170/5/168 169/7/168 194/8/168
f 194/8/169 169/7/169 167/9/169 191/10/169
f 170/5/170 168/11/170 167/12/170 169/7/170
f 186/13/171 174/14/171 171/15/171 183/16/171
f 185/17/172 173/18/172 174/14/172 186/13/172
f 184/19/173 172/20/173 173/18/173 185/17/173
f 183/21/174 171/22/174 172/20/174 184/19/174
f 189/23/175 178/24/175 175/25/175 190/26/175
f 188/27/176 177/28/176 178/24/176 189/23/176
f 187/29/177 176/30/177 177/28/177 188/27/177
f 190/31/178 175/32/178 176/30/178 187/29/178
f 198/33/179 182/34/179 179/35/179 195/36/179
f 195/36/180 179/35/180 180/37/180 196/38/180
f 196/38/181 180/37/181 181/39/181 197/40/181
f 197/40/182 181/39/182 182/41/182 198/42/182
f 182/34/183 183/21/183 184/19/183 179/35/183
f 179/35/184 184/19/184 185/17/184 180/37/184
f 180/37/185 185/17/185 186/13/185 181/39/185
f 181/39/186 186/13/186 183/16/186 182/41/186
f 171/22/187 190/31/187 187/29/187 172/20/187
f 172/20/188 187/29/188 188/27/188 173/18/188
f 173/18/189 188/27/189 189/23/189 174/14/189
f 174/14/190 189/23/190 190/26/190 171/15/190
f 178/24/191 194/8/191 191/10/191 175/25/191
f 177/28/192 193/6/192 194/8/192 178/24/192
f 176/30/193 192/4/193 193/6/193 177/28/193
f 175/32/194 191/1/194 192/4/194 176/30/194
f 166/43/195 197/40/195 198/42/195
f 166/44/196 196/38/196 197/40/196
f 166/45/197 195/36/197 196/38/197
f 166/46/198 198/33/198 195/36/198
f 224/1/199 200/2/199 201/3/199 225/4/199
f 225/4/200 201/3/200 203/5/200 226/6/200
f 226/6/201 203/5/201 202/7/201 227/8/201
f 227/8/202 202/7/202 200/9/202 224/10/202
f 203/5/203 201/11/203 200/12/203 202/7/203
f 219/13/204 207/14/204 204/15/204 216/16/204
f 218/17/205 206/18/205 207/14/205 219/13/205
f 217/19/206 205/20/206 206/18/206 218/17/206
f 216/21/207 204/22/207 205/20/207 217/19/207
f 222/23/208 211/24/208 208/25/208 223/26/208
f 221/27/209 210/28/209 211/24/209 222/23/209
f 220/29/210 209/30/210 210/28/210 221/27/210
f 223/31/211 208/32/211 209/30/211 220/29/211
f 231/33/212 215/34/212 212/35/212 228/36/212
f 228/36/213 212/35/213 213/37/213 229/38/213
f 229/38/214 213/37/214 214/39/214 230/40/214
f 230/40/215 214/39/215 215/41/215 231/42/215
f 215/34/216 216/21/216 217/19/216 212/35/216
f 212/35/217 217/19/217 218/17/217 213/37/217
f 213/37/218 218/17/218 219/13/218 214/39/218
f 214/39/219 219/13/219 216/16/219 215/41/219
f 204/22/220 223/31/220 220/29/220 205/20/220
f 205/20/221 220/29/221 221/27/221 206/18/221
f 206/18/222 221/27/222 222/23/222 207/14/222
f 207/14/223 222/23/223 223/26/223 204/15/223
f 211/24/224 227/8/224 224/10/224 208/25/224
f 210/28/225 226/6/225 227/8/225 211/24/225
f 209/30/226 225/4/226 226/6/226 210/28/226
f 208/32/227 224/1/227 225/4/227 209/30/227
f 199/43/228 230/40/228 231/42/228
f 199/44/229 229/38/229 230/40/229
f 199/45/230 228/36/230 229/38/230
f 199/46/231 231/33/231 228/36/231
f 257/1/232 233/2/232 234/3/232 258/4/232
f 258/4/233 234/3/233 236/5/233 259/6/233
f 259/6/234 236/5/234 235/7/234 260/8/234
f 260/8/235 235/7/235 233/9/235 257/10/235
f 236/5/236 234/11/236 233/12/236 235/7/236
f 252/13/237 240/14/237 237/15/237 249/16/237
f 251/17/238 239/18/238 240/14/238 252/13/238
f 250/19/239 238/20/239 239/18/239 251/17/239
f 249/21/240 237/22/240 238/20/240 250/19/240
f 255/23/241 244/24/241 241/25/241 256/26/241
f 254/27/242 243/28/242 244/24/242 255/23/242
f 253/29/243 242/30/243 243/28/243 254/27/243
f 256/31/244 241/32/244 242/30/244 253/29/244
f 264/33/245 248/34/245 245/35/245 261/36/245
f 261/36/246 245/35/246 246/37/246 262/38/246
f 262/38/247 246/37/247 247/39/247 263/40/247
f 263/40/248 247/39/248 248/41/248 264/42/248
f 248/34/249 249/21/249 250/19/249 245/35/249
f 245/35/250 250/19/250 251/17/250 246/37/250
f 246/37/251 251/17/251 252/13/251 247/39/251
f 247/39/252 252/13/252 249/16/252 248/41/252
f 237/22/253 256/31/253 253/29/253 238/20/253
f 238/20/254 253/29/254 254/27/254 239/18/254
f 239/18/255 254/27/255 255/23/255 240/14/255
f 240/14/256 255/23/256 256/26/256 237/15/256
f 244/24/257 260/8/257 257/10/257 241/25/257
f 243/28/258 259/6/258 260/8/258 244/24/258
f 242/30/259 258/4/259 259/6/259 243/28/259
f 241/32/260 257/1/260 258/4/260 242/30/260
f 232/43/261 263/40/261 264/42/261
f 232/44/262 262/38/262 263/40/262
f 232/45/263 261/36/263 262/38/263
f 232/46/264 264/33/264 261/36/264
f 290/1/265 266/2/265 267/3/265 291/4/265
f 291/4/266 267/3/266 269/5/266 292/6/266
f 292/6/267 269/5/267 268/7/267 293/8/267
f 293/8/268 268/7/268 266/9/268 290/10/268
f 269/5/269 267/11/269 266/12/269 268/7/269
f 285/13/270 273/14/270 270/15/270 282/16/270
f 284/17/271 272/18/271 273/14/271 285/13/271
f 283/19/272 271/20/272 272/18/272 284/17/272
f 282/21/273 270/22/273 271/20/273 283/19/273
f 288/23/274 277/24/274 274/25/274 289/26/274
f 287/27/275 276/28/275 277/24/275 288/23/275
f 286/29/276 275/30/276 276/28/276 287/27/276
f 289/31/277 274/32/277 275/30/277 286/29/277
f 297/33/278 281/34/278 278/35/278 294/36/278
f 294/36/279 278/35/279 279/37/279 295/38/279
f 295/38/280 279/37/280 280/39/280 296/40/280
f 296/40/281 280/39/281 281/41/281 297/42/281
f 281/34/282 282/21/282 283/19/282 278/35/282
f 278/35/283 283/19/283 284/17/283 279/37/283
f 279/37/284 284/17/284 285/13/284 280/39/284
f 280/39/285 285/13/285 282/16/285 281/41/285
f 270/22/286 289/31/286 286/29/286 271/20/286
f 271/20/287 286/29/287 287/27/287 272/18/287
f 272/18/288 287/27/288 288/23/288 273/14/288
f 273/14/289 288/23/289 289/26/289 270/15/289
f 277/24/290 293/8/290 290/10/290 274/25/290
f 276/28/291 292/6/291 293/8/291 277/24/291
f 275/30/292 291/4/292 292/6/292 276/28/292
f 274/32/293 290/1/293 291/4/293 275/30/293
f 265/43/294 296/40/294 297/42/294
f 265/44/295 295/38/295 296/40/295
f 265/45/296 294/36/296 295/38/296
f 265/46/297 297/33/297 294/36/297
f 323/1/298 299/2/298 300/3/298 324/4/298
f 324/4/299 300/3/299 302/5/299 325/6/299
f 325/6/300 302/5/300 301/7/300 326/8/300
f 326/8/301 301/7/301 299/9/301 323/10/301
f 302/5/302 300/11/302 299/12/302 301/7/302
f 318/13/303 306/14/303 303/15/303 315/16/303
f 317/17/304 305/18/304 306/14/304 318/13/304
f 316/19/305 304/20/305 305/18/305 317/17/305
f 315/21/306 303/22/306 304/20/306 316/19/306
f 321/23/307 310/24/307 307/25/307 322/26/307
f 320/27/308 309/28/308 310/24/308 321/23/308
f 319/29/309 308/30/309 309/28/309 320/27/309
f 322/31/310 307/32/310 308/30/310 319/29/310
f 330/33/311 314/34/311 311/35/311 327/36/311
f 327/36/312 311/35/312 312/37/312 328/38/312
f 328/38/313 312/37/313 313/39/313 329/40/313
f 329/40/314 313/39/314 314/41/314 330/42/314
f 314/34/315 315/21/315 316/19/315 311/35/315
f 311/35/316 316/19/316 317/17/316 312/37/316
f 312/37/317 317/17/317 318/13/317 313/39/317
f 313/39/318 318/13/318 315/16/318 314/41/318
f 303/22/319 322/31/319 319/29/319 304/20/319
f 304/20/320 319/29/320 320/27/320 305/18/320
f 305/18/321 320/27/321 321/23/321 306/14/321
f 306/14/322 321/23/322 322/26/322 303/15/322
f 310/24/323 326/8/323 323/10/323 307/25/323
f 309/28/324 325/6/324 326/8/324 310/24/324
f 308/30/325 324/4/325 325/6/325 309/28/325
f 307/32/326 323/1/326 324/4/326 308/30/326
f 298/43/327 329/40/327 330/42/327
f 298/44/328 328/38/328 329/40/328
f 298/45/329 327/36/329 328/38/329
f 298/46/330 330/33/330 327/36/330
f 356/1/331 332/2/331 333/3/331 357/4/331
f 357/4/332 333/3/332 335/5/332 358/6/332
f 358/6/333 335/5/333 334/7/333 359/8/333
f 359/8/334 334/7/334 332/9/334 356/10/334
f 335/5/335 333/11/335 332/12/335 334/7/335
f 351/13/336 339/14/336 336/15/336 348/16/336
f 350/17/337 338/18/337 339/14/337 351/13/337
f 349/19/338 337/20/338 338/18/338 350/17/338
f 348/21/339 336/22/339 337/20/339 349/19/339
f 354/23/340 343/24/340 340/25/340 355/26/340
f 353/27/341 342/28/341 343/24/341 354/23/341
f 352/29/342 341/30/342 342/28/342 353/27/342
f 355/31/343 340/32/343 341/30/343 352/29/343
f 363/33/344 347/34/344 344/35/344 360/36/344
f 360/36/345 344/35/345 345/37/345 361/38/345
f 361/38/346 345/37/346 346/39/346 362/40/346
f 362/40/347 346/39/347 347/41/347 363/42/347
f 347/34/348 348/21/348 349/19/348 344/35/348
f 344/35/349 349/19/349 350/17/349 345/37/349
f 345/37/350 350/17/350 351/13/350 346/39/350
f 346/39/351 351/13/351 348/16/351 347/41/351
f 336/22/352 355/31/352 352/29/352 337/20/352
f 337/20/353 352/29/353 353/27/353 338/18/353
f 338/18/354 353/27/354 354/23/354 339/14/354
f 339/14/355 354/23/355 355/26/355 336/15/355
f 343/24/356 359/8/356 356/10/356 340/25/356
f 342/28/357 358/6/357 359/8/357 343/24/357
f 341/30/358 357/4/358 358/6/358 342/28/358
f 340/32/359 356/1/359 357/4/359 341/30/359
f 331/43/360 362/40/360 363/42/360
f 331/44/361 361/38/361 362/40/361
f 331/45/362 360/36/362 361/38/362
f 331/46/363 363/33/363 360/36/363
f 389/1/364 365/2/364 366/3/364 390/4/364
f 390/4/365 366/3/365 368/5/365 391/6/365
f 391/6/366 368/5/366 367/7/366 392/8/366
f 392/8/367 367/7/367 365/9/367 389/10/367
f 368/5/368 366/11/368 365/12/368 367/7/368
f 384/13/369 372/14/369 369/15/369 381/16/369
f 383/17/370 371/18/370 372/14/370 384/13/370
f 382/19/371 370/20/371 371/18/371 383/17/371
f 381/21/372 369/22/372 370/20/372 382/19/372
f 387/23/373 376/24/373 373/25/373 388/26/373
f 386/27/374 375/28/374 376/24/374 387/23/374
f 385/29/375 374/30/375 375/28/375 386/27/375
f 388/31/376 373/32/376 374/30/376 385/29/376
f 396/33/377 380/34/377 377/35/377 393/36/377
f 393/36/378 377/35/378 378/37/378 394/38/378
f 394/38/379 378/37/379 379/39/379 395/40/379
f 395/40/380 379/39/380 380/41/380 396/42/380
f 380/34/381 381/21/381 382/19/381 377/35/381
f 377/35/382 382/19/382 383/17/382 378/37/382
f 378/37/383 383/17/383 384/13/383 379/39/383
f 379/39/384 384/13/384 381/16/384 380/41/384
f 369/22/385 388/31/385 385/29/385 370/20/385
f 370/20/386 385/29/386 386/27/386 371/18/386
f 371/18/387 386/27/387 387/23/387 372/14/387
f 372/14/388 387/23/388 388/26/388 369/15/388
f 376/24/389 392/8/389 389/10/389 373/25/389
f 375/28/390 391/6/390 392/8/390 376/24/390
f 374/30/391 390/4/391 391/6/391 375/28/391
f 373/32/392 389/1/392 390/4/392 374/30/392
f 364/43/393 395/40/393 396/42/393
f 364/44/394 394/38/394 395/40/394
f 364/45/395 393/36/395 394/38/395
f 364/46/396 396/33/396 393/36/396
f 422/1/397 398/2/397 399/3/397 423/4/397
f 423/4/398 399/3/398 401/5/398 424/6/398
f 424/6/399 401/5/399 400/7/399 425/8/399
f 425/8/400 400/7/400 398/9/400 422/10/400
f 401/5/401 399/11/401 398/12/401 400/7/401
f 417/13/402 405/14/402 402/15/402 414/16/402
f 416/17/403 404/18/403 405/14/403 417/13/403
f 415/19/404 403/20/404 404/18/404 416/17/404
f 414/21/405 402/22/405 403/20/405 415/19/405
f 420/23/406 409/24/406 406/25/406 421/26/406
f 419/27/407 408/28/407 409/24/407 420/23/407
f 418/29/408 407/30/408 408/28/408 419/27/408
f 421/31/409 406/32/409 407/30/409 418/29/409
f 429/33/410 413/34/410 410/35/410 426/36/410
f 426/36/411 410/35/411 411/37/411 427/38/411
f 427/38/412 411/37/412 412/39/412 428/40/412
f 428/40/413 412/39/413 413/41/413 429/42/413
f 413/34/414 414/21/414 415/19/414 410/35/414
f 410/35/415 415/19/415 416/17/415 411/37/415
f 411/37/416 416/17/416 417/13/416 412/39/416
f 412/39/417 417/13/417 414/16/417 413/41/417
f 402/22/418 421/31/418 418/29/418 403/20/418
f 403/20/419 418/29/419 419/27/419 404/18/419
f 404/18/420 419/27/420 420/23/420 405/14/420
f 405/14/421 420/23/421 421/26/421 402/15/421
f 409/24/422 425/8/422 422/10/422 406/25/422
f 408/28/423 424/6/423 425/8/423 409/24/423
f 407/30/424 423/4/424 424/6/424 408/28/424
f 406/32/425 422/1/425 423/4/425 407/30/425
f 397/43/426 428/40/426 429/42/426
f 397/44/427 427/38/427 428/40/427
f 397/45/428 426/36/428 427/38/428
f 397/46/429 429/33/429 426/36/429
f 455/1/430 431/2/430 432/3/430 456/4/430
f 456/4/431 432/3/431 434/5/431 457/6/431
f 457/6/432 434/5/432 433/7/432 458/8/432
f 458/8/433 433/7/433 431/9/433 455/10/433
f 434/5/434 432/11/434 431/12/434 433/7/434
f 450/13/435 438/14/435 435/15/435 447/16/435
f 449/17/436 437/18/436 438/14/436 450/13/436
f 448/19/437 436/20/437 437/18/437 449/17/437
f 447/21/438 435/22/438 436/20/438 448/19/438
f 453/23/439 442/24/439 439/25/439 454/26/439
f 452/27/440 441/28/440 442/24/440 453/23/440
f 451/29/441 440/30/441 441/28/441 452/27/441
f 454/31/442 439/32/442 440/30/442 451/29/442
f 462/33/443 446/34/443 443/35/443 459/36/443
f 459/36/444 443/35/444 444/37/444 460/38/444
f 460/38/445 444/37/445 445/39/445 461/40/445
f 461/40/446 445/39/446 446/41/446 462/42/446
f 446/34/447 447/21/447 448/19/447 443/35/447
f 443/35/448 448/19/448 449/17/448 444/37/448
f 444/37/449 449/17/449 450/13/449 445/39/449
f 445/39/450 450/13/450 447/16/450 446/41/450
f 435/22/451 454/31/451 451/29/451 436/20/451
f 436/20/452 451/29/452 452/27/452 437/18/452
f 437/18/453 452/27/453 453/23/453 438/14/453
f 438/14/454 453/23/454 454/26/454 435/15/454
f 442/24/455 458/8/455 455/10/455 439/25/455
f 441/28/456 457/6/456 458/8/456 442/24/456
f 440/30/457 456/4/457 457/6/457 441/28/457
f 439/32/458 455/1/458 456/4/458 440/30/458
f 430/43/459 461/40/459 462/42/459
f 430/44/460 460/38/460 461/40/460
f 430/45/461 459/36/461 460/38/461
f 430/46/462 462/33/462 459/36/462
f 488/1/463 464/2/463 465/3/463 489/4/463
f 489/4/464 465/3/464 467/5/464 490/6/464
f 490/6/465 467/5/465 466/7/465 491/8/465
f 491/8/466 466/7/466 464/9/466 488/10/466
f 467/5/467 465/11/467 464/12/467 466/7/467
f 483/13/468 471/14/468 468/15/468 480/16/468
f 482/17/469 470/18/469 471/14/469 483/13/469
f 481/19/470 469/20/470 470/18/470 482/17/470
f 480/21/471 468/22/471 469/20/471 481/19/471
f 486/23/472 475/24/472 472/25/472 487/26/472
f 485/27/473 474/28/473 475/24/473 486/23/473
f 484/29/474 473/30/474 474/28/474 485/27/474
f 487/31/475 472/32/475 473/30/475 484/29/475
f 495/33/476 479/34/476 476/35/476 492/36/476
f 492/36/477 476/35/477 477/37/477 493/38/477
f 493/38/478 477/37/478 478/39/478 494/40/478
f 494/40/479 478/39/479 479/41/479 495/42/479
f 479/34/480 480/21/480 481/19/480 476/35/480
f 476/35/481 481/19/481 482/17/481 477/37/481
f 477/37/482 482/17/482 483/13/482 478/39/482
f 478/39/483 483/13/483 480/16/483 479/41/483
f 468/22/484 487/31/484 484/29/484 469/20/484
f 469/20/485 484/29/485 485/27/485 470/18/485
f 470/18/486 485/27/486 486/23/486 471/14/486
f 471/14/487 486/23/487 487/26/487 468/15/487
f 475/24/488 491/8/488 488/10/488 472/25/488
f 474/28/489 490/6/489 491/8/489 475/24/489
f 473/30/490 489/4/490 490/6/490 474/28/490
f 472/32/491 488/1/491 489/4/491 473/30/491
f 463/43/492 494/40/492 495/42/492
f 463/44/493 493/38/493 494/40/493
f 463/45/494 492/36/494 493/38/494
f 463/46/495 495/33/495 492/36/495
f 521/1/496 497/2/496 498/3/496 522/4/496
f 522/4/497 498/3/497 500/5/497 523/6/497
f 523/6/498 500/5/498 499/7/498 524/8/498
f 524/8/499 499/7/499 497/9/499 521/10/499
f 500/5/500 498/11/500 497/12/500 499/7/500
f 516/13/501 504/14/501 501/15/501 513/16/501
f 515/17/502 503/18/502 504/14/502 516/13/502
f 514/19/503 502/20/503 503/18/503 515/17/503
f 513/21/504 501/22/504 502/20/504 514/19/504
f 519/23/505 508/24/505 505/25/505 520/26/505
f 518/27/506 507/28/506 508/24/506 519/23/506
f 517/29/507 506/30/507 507/28/507 518/27/507
f 520/31/508 505/32/508 506/30/508 517/29/508
f 528/33/509 512/34/509 509/35/509 525/36/509
f 525/36/510 509/35/510 510/37/510 526/38/510
f 526/38/511 510/37/511 511/39/511 527/40/511
f 527/40/512 511/39/512 512/41/512 528/42/512
f 512/34/513 513/21/513 514/19/513 509/35/513
f 509/35/514 514/19/514 515/17/514 510/37/514
f 510/37/515 515/17/515 516/13/515 511/39/515
f 511/39/516 516/13/516 513/16/516 512/41/516
f 501/22/517 520/31/517 517/29/517 502/20/517
f 502/20/518 517/29/518 518/27/518 503/18/518
f 503/18/519 518/27/519 519/23/519 504/14/519
f 504/14/520 519/23/520 520/26/520 501/15/520
f 508/24/521 524/8/521 521/10/521 505/25/521
f 507/28/522 523/6/522 524/8/522 508/24/522
f 506/30/523 522/4/523 523/6/523 507/28/523
f 505/32/524 521/1/524 522/4/524 506/30/524
f 496/43/525 527/40/525 528/42/525
f 496/44/526 526/38/526 527/40/526
f 496/45/527 525/36/527 526/38/527
f 496/46/528 528/33/528 525/36/528
f 554/1/529 530/2/529 531/3/529 555/4/529
f 555/4/530 531/3/530 533/5/530 556/6/530
f 556/6/531 533/5/531 532/7/531 557/8/531
f 557/8/532 532/7/532 530/9/532 554/10/532
f 533/5/533 531/11/533 530/12/533 532/7/533
f 549/13/534 537/14/534 534/15/534 546/16/534
f 548/17/535 536/18/535 537/14/535 549/13/535
f 547/19/536 535/20/536 536/18/536 548/17/536
f 546/21/537 534/22/537 535/20/537 547/19/537
f 552/23/538 541/24/538 538/25/538 553/26/538
f 551/27/539 540/28/539 541/24/539 552/23/539
f 550/29/540 539/30/540 540/28/540 551/27/540
f 553/31/541 538/32/541 539/30/541 550/29/541
f 561/33/542 545/34/542 542/35/542 558/36/542
f 558/36/543 542/35/543 543/37/543 559/38/543
f 559/38/544 543/37/544 544/39/544 560/40/544
f 560/40/545 544/39/545 545/41/545 561/42/545
f 545/34/546 546/21/546 547/19/546 542/35/546
f 542/35/547 547/19/547 548/17/547 543/37/547
f 543/37/548 548/17/548 549/13/548 544/39/548
f 544/39/549 549/13/549 546/16/549 545/41/549
f 534/22/550 553/31/550 550/29/550 535/20/550
f 535/20/551 550/29/551 551/27/551 536/18/551
f 536/18/552 551/27/552 552/23/552 537/14/552
f 537/14/553 552/23/553 553/26/553 534/15/553
f 541/24/554 557/8/554 554/10/554 538/25/554
f 540/28/555 556/6/555 557/8/555 541/24/555
f 539/30/556 555/4/556 556/6/556 540/28/556
f 538/32/557 554/1/557 555/4/557 539/30/557
f 529/43/558 560/40/558 561/42/558
f 529/44/559 559/38/559 560/40/559
f 529/45/560 558/36/560 559/38/560
f 529/46/561 561/33/561 558/36/561
f 587/1/562 563/2/562 564/3/562 588/4/562
f 588/4/563 564/3/563 566/5/563 589/6/563
f 589/6/564 566/5/564 565/7/564 590/8/564
f 590/8/565 565/7/565 563/9/565 587/10/565
f 566/5/566 564/11/566 563/12/566 565/7/566
f 582/13/567 570/14/567 567/15/567 579/16/567
f 581/17/568 569/18/568 570/14/568 582/13/568
f 580/19/569 568/20/569 569/18/569 581/17/569
f 579/21/570 567/22/570 568/20/570 580/19/570
f 585/23/571 574/24/571 571/25/571 586/26/571
f 584/27/572 573/28/572 574/24/572 585/23/572
f 583/29/573 572/30/573 573/28/573 584/27/573
f 586/31/574 571/32/574 572/30/574 583/29/574
f 594/33/575 578/34/575 575/35/575 591/36/575
f 591/36/576 575/35/576 576/37/576 592/38/576
f 592/38/577 576/37/577 577/39/577 593/40/577
f 593/40/578 577/39/578 578/41/578 594/42/578
f 578/34/579 579/21/579 580/19/579 575/35/579
f 575/35/580 580/19/580 581/17/580 576/37/580
f 576/37/581 581/17/581 582/13/581 577/39/581
f 577/39/582 582/13/582 579/16/582 578/41/582
f 567/22/583 586/31/583 583/29/583 568/20/583
f 568/20/584 583/29/584 584/27/584 569/18/584
f 569/18/585 584/27/585 585/23/585 570/14/585
f 570/14/586 585/23/586 586/26/586 567/15/586
f 574/24/587 590/8/587 587/10/587 571/25/587
f 573/28/588 589/6/588 590/8/588 574/24/588
f 572/30/589 588/4/589 589/6/589 573/28/589
f 571/32/590 587/1/590 588/4/590 572/30/590
f 562/43/591 593/40/591 594/42/591
f 562/44/592 592/38/592 593/40/592
f 562/45/593 591/36/593 592/38/593
f 562/46/594 594/33/594 591/36/594
f 620/1/595 596/2/595 597/3/595 621/4/595
f 621/4/596 597/3/596 599/5/596 622/6/596
f 622/6/597 599/5/597 598/7/597 623/8/597
f 623/8/598 598/7/598 596/9/598 620/10/598
f 599/5/599 597/11/599 596/12/599 598/7/599
f 615/13/600 603/14/600 600/15/600 612/16/600
f 614/17/601 602/18/601 603/14/601 615/13/601
f 613/19/602 601/20/602 602/18/602 614/17/602
f 612/21/603 600/22/603 601/20/603 613/19/603
f 618/23/604 607/24/604 604/25/604 619/26/604
f 617/27/605 606/28/605 607/24/605 618/23/605
f 616/29/606 605/30/606 606/28/606 617/27/606
f 619/31/607 604/32/607 605/30/607 616/29/607
f 627/33/608 611/34/608 608/35/608 624/36/608
f 624/36/609 608/35/609 609/37/609 625/38/609
f 625/38/610 609/37/610 610/39/610 626/40/610
f 626/40/611 610/39/611 611/41/611 627/42/611
f 611/34/612 612/21/612 613/19/612 608/35/612
f 608/35/613 613/19/613 614/17/613 609/37/613
f 609/37/614 614/17/614 615/13/614 610/39/614
f 610/39/615 615/13/615 612/16/615 611/41/615
f 600/22/616 619/31/616 616/29/616 601/20/616
f 601/20/617 616/29/617 617/27/617 602/18/617
f 602/18/618 617/27/618 618/23/618 603/14/618
f 603/14/619 618/23/619 619/26/619 600/15/619
f 607/24/620 623/8/620 620/10/620 604/25/620
f 606/28/621 622/6/621 623/8/621 607/24/621
f 605/30/622 621/4/622 622/6/622 606/28/622
f 604/32/623 620/1/623 621/4/623 605/30/623
f 595/43/624 626/40/624 627/42/624
f 595/44/625 625/38/625 626/40/625
f 595/45/626 624/36/626 625/38/626
f 595/46/627 627/33/627 624/36/627
f 653/1/628 629/2/628 630/3/628 654/4/628
f 654/4/629 630/3/629 632/5/629 655/6/629
f 655/6/630 632/5/630 631/7/630 656/8/630
f 656/8/631 631/7/631 629/9/631 653/10/631
f 632/5/632 630/11/632 629/12/632 631/7/632
f 648/13/633 636/14/633 633/15/633 645/16/633
f 647/17/634 635/18/634 636/14/634 648/13/634
f 646/19/635 634/20/635 635/18/635 647/17/635
f 645/21/636 633/22/636 634/20/636 646/19/636
f 651/23/637 640/24/637 637/25/637 652/26/637
f 650/27/638 639/28/638 640/24/638 651/23/638
f 649/29/639 638/30/639 639/28/639 650/27/639
f 652/31/640 637/32/640 638/30/640 649/29/640
f 660/33/641 644/34/641 641/35/641 657/36/641
f 657/36/642 641/35/642 642/37/642 658/38/642
f 658/38/643 642/37/643 643/39/643 659/40/643
f 659/40/644 643/39/644 644/41/644 660/42/644
f 644/34/645 645/21/645 646/19/645 641/35/645
f 641/35/646 646/19/646 647/17/646 642/37/646
f 642/37/647 647/17/647 648/13/647 643/39/647
f 643/39/648 648/13/648 645/16/648 644/41/648
f 633/22/649 652/31/649 649/29/649 634/20/649
f 634/20/650 649/29/650 650/27/650 635/18/650
f 635/18/651 650/27/651 651/23/651 636/14/651
f 636/14/652 651/23/652 652/26/652 633/15/652
f 640/24/653 656/8/653 653/10/653 637/25/653
f 639/28/654 655/6/654 656/8/654 640/24/654
f 638/30/655 654/4/655 655/6/655 639/28/655
f 637/32/656 653/1/656 654/4/656 638/30/656
f 628/43/657 659/40/657 660/42/657
f 628/44/658 658/38/658 659/40/658
f 628/45/659 657/36/659 658/38/659
f 628/46/660 660/33/660 657/36/660
f 686/1/661 662/2/661 663/3/661 687/4/661
f 687/4/662 663/3/662 665/5/662 688/6/662
f 688/6/663 665/5/663 664/7/663 689/8/663
f 689/8/664 664/7/664 662/9/664 686/10/664
f 665/5/665 663/11/665 662/12/665 664/7/665
f 681/13/666 669/14/666 666/15/666 678/16/666
f 680/17/667 668/18/667 669/14/667 681/13/667
f 679/19/668 667/20/668 668/18/668 680/17/668
f 678/21/669 666/22/669 667/20/669 679/19/669
f 684/23/670 673/24/670 670/25/670 685/26/670
f 683/27/671 672/28/671 673/24/671 684/23/671
f 682/29/672 671/30/672 672/28/672 683/27/672
f 685/31/673 670/32/673 671/30/673 682/29/673
f 693/33/674 677/34/674 674/35/674 690/36/674
f 690/36/675 674/35/675 675/37/675 691/38/675
f 691/38/676 675/37/676 676/39/676 692/40/676
f 692/40/677 676/39/677 677/41/677 693/42/677
f 677/34/678 678/21/678 679/19/678 674/35/678
f 674/35/679 679/19/679 680/17/679 675/37/679
f 675/37/680 680/17/680 681/13/680 676/39/680
f 676/39/681 681/13/681 678/16/681 677/41/681
f 666/22/682 685/31/682 682/29/682 667/20/682
f 667/20/683 682/29/683 683/27/683 668/18/683
f 668/18/684 683/27/684 684/23/684 669/14/684
f 669/14/685 684/23/685 685/26/685 666/15/685
f 673/24/686 689/8/686 686/10/686 670/25/686
f 672/28/687 688/6/687 689/8/687 673/24/687
f 671/30/688 687/4/688 688/6/688 672/28/688
f 670/32/689 686/1/689 687/4/689 671/30/689
f 661/43/690 692/40/690 693/42/690
f 661/44/691 691/38/691 692/40/691
f 661/45/692 690/36/692 691/38/692
f 661/46/693 693/33/693 690/36/693
f 719/1/694 695/2/694 696/3/694 720/4/694
f 720/4/695 696/3/695 698/5/695 721/6/695
f 721/6/696 698/5/696 697/7/696 722/8/696
f 722/8/697 697/7/697 695/9/697 719/10/697
f 698/5/698 696/11/698 695/12/698 697/7/698
f 714/13/699 702/14/699 699/15/699 711/16/699
f 713/17/700 701/18/700 702/14/700 714/13/700
f 712/19/701 700/20/701 701/18/701 713/17/701
f 711/21/702 699/22/702 700/20/702 712/19/702
f 717/23/703 706/24/703 703/25/703 718/26/703
f 716/27/704 705/28/704 706/24/704 717/23/704
f 715/29/705 704/30/705 705/28/705 716/27/705
f 718/31/706 703/32/706 704/30/706 715/29/706
f 726/33/707 710/34/707 707/35/707 723/36/707
f 723/36/708 707/35/708 708/37/708 724/38/708
f 724/38/709 708/37/709 709/39/709 725/40/709
f 725/40/710 709/39/710 710/41/710 726/42/710
f 710/34/711 711/21/711 712/19/711 707/35/711
f 707/35/712 712/19/712 713/17/712 708/37/712
f 708/37/713 713/17/713 714/13/713 709/39/713
f 709/39/714 714/13/714 711/16/714 710/41/714
f 699/22/715 718/31/715 715/29/715 700/20/715
f 700/20/716 715/29/716 716/27/716 701/18/716
f 701/18/717 716/27/717 717/23/717 702/14/717
f 702/14/718 717/23/718 718/26/718 699/15/718
f 706/24/719 722/8/719 719/10/719 703/25/719
f 705/28/720 721/6/720 722/8/720 706/24/720
f 704/30/721 720/4/721 721/6/721 705/28/721
f 703/32/722 719/1/722 720/4/722 704/30/722
f 694/43/723 725/40/723 726/42/723
f 694/44/724 724/38/724 725/40/724
f 694/45/725 723/36/725 724/38/725
f 694/46/726 726/33/726 723/36/726
f 752/1/727 728/2/727 729/3/727 753/4/727
f 753/4/728 729/3/728 731/5/728 754/6/728
f 754/6/729 731/5/729 730/7/729 755/8/729
f 755/8/730 730/7/730 728/9/730 752/10/730
f 731/5/731 729/11/731 728/12/731 730/7/731
f 747/13/732 735/14/732 732/15/732 744/16/732
f 746/17/733 734/18/733 735/14/733 747/13/733
f 745/19/734 733/20/734 734/18/734 746/17/734
f 744/21/735 732/22/735 733/20/735 745/19/735
f 750/23/736 739/24/736 736/25/736 751/26/736
f 749/27/737 738/28/737 739/24/737 750/23/737
f 748/29/738 737/30/738 738/28/738 749/27/738
f 751/31/739 736/32/739 737/30/739 748/29/739
f 759/33/740 743/34/740 740/35/740 756/36/740
f 756/36/741 740/35/741 741/37/741 757/38/741
f 757/38/742 741/37/742 742/39/742 758/40/742
f 758/40/743 742/39/743 743/41/743 759/42/743
f 743/34/744 744/21/744 745/19/744 740/35/744
f 740/35/745 745/19/745 746/17/745 741/37/745
f 741/37/746 746/17/746 747/13/746 742/39/746
f 742/39/747 747/13/747 744/16/747 743/41/747
f 732/22/748 751/31/748 748/29/748 733/20/748
f 733/20/749 748/29/749 749/27/749 734/18/749
f 734/18/750 749/27/750 750/23/750 735/14/750
f 735/14/751 750/23/751 751/26/751 732/15/751
f 739/24/752 755/8/752 752/10/752 736/25/752
f 738/28/753 754/6/753 755/8/753 739/24/753
f 737/30/754 753/4/754 754/6/754 738/28/754
f 736/32/755 752/1/755 753/4/755 737/30/755
f 727/43/756 758/40/756 759/42/756
f 727/44/757 757/38/757 758/40/757
f 727/45/758 756/36/758 757/38/758
f 727/46/759 759/33/759 756/36/759
f 785/1/760 761/2/760 762/3/760 786/4/760
f 786/4/761 762/3/761 764/5/761 787/6/761
f 787/6/762 764/5/762 763/7/762 788/8/762
f 788/8/763 763/7/763 761/9/763 785/10/763
f 764/5/764 762/11/764 761/12/764 763/7/764
f 780/13/765 768/14/765 765/15/765 777/16/765
f 779/17/766 767/18/766 768/14/766 780/13/766
f 778/19/767 766/20/767 767/18/767 779/17/767
f 777/21/768 765/22/768 766/20/768 778/19/768
f 783/23/769 772/24/769 769/25/769 784/26/769
f 782/27/770 771/28/770 772/24/770 783/23/770
f 781/29/771 770/30/771 771/28/771 782/27/771
f 784/31/772 769/32/772 770/30/772 781/29/772
f 792/33/773 776/34/773 773/35/773 789/36/773
f 789/36/774 773/35/774 774/37/774 790/38/774
f 790/38/775 774/37/775 775/39/775 791/40/775
f 791/40/776 775/39/776 776/41/776 792/42/776
f 776/34/777 777/21/777 778/19/777 773/35/777
f 773/35/778 778/19/778 779/17/778 774/37/778
f 774/37/779 779/17/779 780/13/779 775/39/779
f 775/39/780 780/13/780 777/16/780 776/41/780
f 765/22/781 784/31/781 781/29/781 766/20/781
f 766/20/782 781/29/782 782/27/782 767/18/782
f 767/18/783 782/27/783 783/23/783 768/14/783
f 768/14/784 783/23/784 784/26/784 765/15/784
f 772/24/785 788/8/785 785/10/785 769/25/785
f 771/28/786 787/6/786 788/8/786 772/24/786
f 770/30/787 786/4/787 787/6/787 771/28/787
f 769/32/788 785/1/788 786/4/788 770/30/788
f 760/43/789 791/40/789 792/42/789
f 760/44/790 790/38/790 791/40/790
f 760/45/791 789/36/791 790/38/791
f 760/46/792 792/33/792 789/36/792
f 818/1/793 794/2/793 795/3/793 819/4/793
f 819/4/794 795/3/794 797/5/794 820/6/794
f 820/6/795 797/5/795 796/7/795 821/8/795
f 821/8/796 796/7/796 794/9/796 818/10/796
f 797/5/797 795/11/797 794/12/797 796/7/797
f 813/13/798 801/14/798 798/15/798 810/16/798
f 812/17/799 800/18/799 801/14/799 813/13/799
f 811/19/800 799/20/800 800/18/800 812/17/800
f 810/21/801 798/22/801 799/20/801 811/19/801
f 816/23/802 805/24/802 802/25/802 817/26/802
f 815/27/803 804/28/803 805/24/803 816/23/803
f 814/29/804 803/30/804 804/28/804 815/27/804
f 817/31/805 802/32/805 803/30/805 814/29/805
f 825/33/806 809/34/806 806/35/806 822/36/806
f 822/36/807 806/35/807 807/37/807 823/38/807
f 823/38/808 807/37/808 808/39/808 824/40/808
f 824/40/809 808/39/809 809/41/809 825/42/809
f 809/34/810 810/21/810 811/19/810 806/35/810
f 806/35/811 811/19/811 812/17/811 807/37/811
f 807/37/812 812/17/812 813/13/812 808/39/812
f 808/39/813 813/13/813 810/16/813 809/41/813
f 798/22/814 817/31/814 814/29/814 799/20/814
f 799/20/815 814/29/815 815/27/815 800/18/815
f 800/18/816 815/27/816 816/23/816 801/14/816
f 801/14/817 816/23/817 817/26/817 798/15/817
f 805/24/818 821/8/818 818/10/818 802/25/818
f 804/28/819 820/6/819 821/8/819 805/24/819
f 803/30/820 819/4/820 820/6/820 804/28/820
f 802/32/821 818/1/821 819/4/821 803/30/821
f 793/43/822 824/40/822 825/42/822
f 793/44/823 823/38/823 824/40/823
f 793/45/824 822/36/824 823/38/824
f 793/46/825 825/33/825 822/36/825
f 851/1/826 827/2/826 828/3/826 852/4/826
f 852/4/827 828/3/827 830/5/827 853/6/827
f 853/6/828 830/5/828 829/7/828 854/8/828
f 854/8/829 829/7/829 827/9/829 851/10/829
f 830/5/830 828/11/830 827/12/830 829/7/830
f 846/13/831 834/14/831 831/15/831 843/16/831
f 845/17/832 833/18/832 834/14/832 846/13/832
f 844/19/833 832/20/833 833/18/833 845/17/833
f 843/21/834 831/22/834 832/20/834 844/19/834
f 849/23/835 838/24/835 835/25/835 850/26/835
f 848/27/836 837/28/836 838/24/836 849/23/836
f 847/29/837 836/30/837 837/28/837 848/27/837
f 850/31/838 835/32/838 836/30/838 847/29/838
f 858/33/839 842/34/839 839/35/839 855/36/839
f 855/36/840 839/35/840 840/37/840 856/38/840
f 856/38/841 840/37/841 841/39/841 857/40/841
f 857/40/842 841/39/842 842/41/842 858/42/842
f 842/34/843 843/21/843 844/19/843 839/35/843
f 839/35/844 844/19/844 845/17/844 840/37/844
f 840/37/845 845/17/845 846/13/845 841/39/845
f 841/39/846 846/13/846 843/16/846 842/41/846
f 831/22/847 850/31/847 847/29/847 832/20/847
f 832/20/848 847/29/848 848/27/848 833/18/848
f 833/18/849 848/27/849 849/23/849 834/14/849
f 834/14/850 849/23/850 850/26/850 831/15/850
f 838/24/851 854/8/851 851/10/851 835/25/851
f 837/28/852 853/6/852 854/8/852 838/24/852
f 836/30/853 852/4/853 853/6/853 837/28/853
f 835/32/854 851/1/854 852/4/854 836/30/854
f 826/43/855 857/40/855 858/42/855
f 826/44/856 856/38/856 857/40/856
f 826/45/857 855/36/857 856/38/857
f 826/46/858 858/33/858 855/36/858
f 884/1/859 860/2/859 861/3/859 885/4/859
f 885/4/860 861/3/860 863/5/860 886/6/860
f 886/6/861 863/5/861 862/7/861 887/8/861
f 887/8/862 862/7/862 860/9/862 884/10/862
f 863/5/863 861/11/863 860/12/863 862/7/863
f 879/13/864 867/14/864 864/15/864 876/16/864
f 878/17/865 866/18/865 867/14/865 879/13/865
f 877/19/866 865/20/866 866/18/866 878/17/866
f 876/21/867 864/22/867 865/20/867 877/19/867
f 882/23/868 871/24/868 868/25/868 883/26/868
f 881/27/869 870/28/869 871/24/869 882/23/869
f 880/29/870 869/30/870 870/28/870 881/27/870
f 883/31/871 868/32/871 869/30/871 880/29/871
f 891/33/872 875/34/872 872/35/872 888/36/872
f 888/36/873 872/35/873 873/37/873 889/38/873
f 889/38/874 873/37/874 874/39/874 890/40/874
f 890/40/875 874/39/875 875/41/875 891/42/875
f 875/34/876 876/21/876 877/19/876 872/35/876
f 872/35/877 877/19/877 878/17/877 873/37/877
f 873/37/878 878/17/878 879/13/878 874/39/878
f 874/39/879 879/13/879 876/16/879 875/41/879
f 864/22/880 883/31/880 880/29/880 865/20/880
f 865/20/881 880/29/881 881/27/881 866/18/881
f 866/18/882 881/27/882 882/23/882 867/14/882
f 867/14/883 882/23/883 883/26/883 864/15/883
f 871/24/884 887/8/884 884/10/884 868/25/884
f 870/28/885 886/6/885 887/8/885 871/24/885
f 869/30/886 885/4/886 886/6/886 870/28/886
f 868/32/887 884/1/887 885/4/887 869/30/887
f 859/43/888 890/40/888 891/42/888
f 859/44/889 889/38/889 890/40/889
f 859/45/890 888/36/890 889/38/890
f 859/46/891 891/33/891 888/36/891
f 917/1/892 893/2/892 894/3/892 918/4/892
f 918/4/893 894/3/893 896/5/893 919/6/893
f 919/6/894 896/5/894 895/7/894 920/8/894
f 920/8/895 895/7/895 893/9/895 917/10/895
f 896/5/896 894/11/896 893/12/896 895/7/896
f 912/13/897 900/14/897 897/15/897 909/16/897
f 911/17/898 899/18/898 900/14/898 912/13/898
f 910/19/899 898/20/899 899/18/899 911/17/899
f 909/21/900 897/22/900 898/20/900 910/19/900
f 915/23/901 904/24/901 901/25/901 916/26/901
f 914/27/902 903/28/902 904/24/902 915/23/902
f 913/29/903 902/30/903 903/28/903 914/27/903
f 916/31/904 901/32/904 902/30/904 913/29/904
f 924/33/905 908/34/905 905/35/905 921/36/905
f 921/36/906 905/35/906 906/37/906 922/38/906
f 922/38/907 906/37/907 907/39/907 923/40/907
f 923/40/908 907/39/908 908/41/908 924/42/908
f 908/34/909 909/21/909 910/19/909 905/35/909
f 905/35/910 910/19/910 911/17/910 906/37/910
f 906/37/911 911/17/911 912/13/911 907/39/911
f 907/39/912 912/13/912 909/16/912 908/41/912
f 897/22/913 916/31/913 913/29/913 898/20/913
f 898/20/914 913/29/914 914/27/914 899/18/914
f 899/18/915 914/27/915 915/23/915 900/14/915
f 900/14/916 915/23/916 916/26/916 897/15/916
f 904/24/917 920/8/917 917/10/917 901/25/917
f 903/28/918 919/6/918 920/8/918 904/24/918
f 902/30/919 918/4/919 919/6/919 903/28/919
f 901/32/920 917/1/920 918/4/920 902/30/920
f 892/43/921 923/40/921 924/42/921
f 892/44/922 922/38/922 923/40/922
f 892/45/923 921/36/923 922/38/923
f 892/46/924 924/33/924 921/36/924
f 950/1/925 926/2/925 927/3/925 951/4/925
f 951/4/926 927/3/926 929/5/926 952/6/926
f 952/6/927 929/5/927 928/7/927 953/8/927
f 953/8/928 928/7/928 926/9/928 950/10/928
f 929/5/929 927/11/929 926/12/929 928/7/929
f 945/13/930 933/14/930 930/15/930 942/16/930
f 944/17/931 932/18/931 933/14/931 945/13/931
f 943/19/932 931/20/932 932/18/932 944/17/932
f 942/21/933 930/22/933 931/20/933 943/19/933
f 948/23/934 937/24/934 934/25/934 949/26/934
f 947/27/935 936/28/935 937/24/935 948/23/935
f 946/29/936 935/30/936 936/28/936 947/27/936
f 949/31/937 934/32/937 935/30/937 946/29/937
f 957/33/938 941/34/938 938/35/938 954/36/938
f 954/36/939 938/35/939 939/37/939 955/38/939
f 955/38/940 939/37/940 940/39/940 956/40/940
f 956/40/941 940/39/941 941/41/941 957/42/941
f 941/34/942 942/21/942 943/19/942 938/35/942
f 938/35/943 943/19/943 944/17/943 939/37/943
f 939/37/944 944/17/944 945/13/944 940/39/944
f 940/39/945 945/13/945 942/16/945 941/41/945
f 930/22/946 949/31/946 946/29/946 931/20/946
f 931/20/947 946/29/947 947/27/947 932/18/947
f 932/18/948 947/27/948 948/23/948 933/14/948
f 933/14/949 948/23/949 949/26/949 930/15/949
f 937/24/950 953/8/950 950/10/950 934/25/950
f 936/28/951 952/6/951 953/8/951 937/24/951
f 935/30/952 951/4/952 952/6/952 936/28/952
f 934/32/953 950/1/953 951/4/953 935/30/953
f 925/43/954 956/40/954 957/42/954
f 925/44/955 955/38/955 956/40/955
f 925/45/956 954/36/956 955/38/956
f 925/46/957 957/33/957 954/36/957
f 983/1/958 959/2/958 960/3/958 984/4/958
f 984/4/959 960/3/959 962/5/959 985/6/959
f 985/6/960 962/5/960 961/7/960 986/8/960
f 986/8/961 961/7/961 959/9/961 983/10/961
f 962/5/962 960/11/962 959/12/962 961/7/962
f 978/13/963 966/14/963 963/15/963 975/16/963
f 977/17/964 965/18/964 966/14/964 978/13/964
f 976/19/965 964/20/965 965/18/965 977/17/965
f 975/21/966 963/22/966 964/20/966 976/19/966
f 981/23/967 970/24/967 967/25/967 982/26/967
f 980/27/968 969/28/968 970/24/968 981/23/968
f 979/29/969 968/30/969 969/28/969 980/27/969
f 982/31/970 967/32/970 968/30/970 979/29/970
f 990/33/971 974/34/971 971/35/971 987/36/971
f 987/36/972 971/35/972 972/37/972 988/38/972
f 988/38/973 972/37/973 973/39/973 989/40/973
f 989/40/974 973/39/974 974/41/974 990/42/974
f 974/34/975 975/21/975 976/19/975 971/35/975
f 971/35/976 976/19/976 977/17/976 972/37/976
f 972/37/977 977/17/977 978/13/977 973/39/977
f 973/39/978 978/13/978 975/16/978 974/41/978
f 963/22/979 982/31/979 979/29/979 964/20/979
f 964/20/980 979/29/980 980/27/980 965/18/980
f 965/18/981 980/27/981 981/23/981 966/14/981
f 966/14/982 981/23/982 982/26/982 963/15/982
f 970/24/983 986/8/983 983/10/983 967/25/983
f 969/28/984 985/6/984 986/8/984 970/24/984
f 968/30/985 984/4/985 985/6/985 969/28/985
f 967/32/986 983/1/986 984/4/986 968/30/986
f 958/43/987 989/40/987 990/42/987
f 958/44/988 988/38/988 989/40/988
f 958/45/989 987/36/989 988/38/989
f 958/46/990 990/33/990 987/36/990
f 1016/1/991 992/2/991 993/3/991 1017/4/991
f 1017/4/992 993/3/992 995/5/992 1018/6/992
f 1018/6/993 995/5/993 994/7/993 1019/8/993
f 1019/8/994 994/7/994 992/9/994 1016/10/994
f 995/5/995 993/11/995 992/12/995 994/7/995
f 1011/13/996 999/14/996 996/15/996 1008/16/996
f 1010/17/997 998/18/997 999/14/997 1011/13/997
f 1009/19/998 997/20/998 998/18/998 1010/17/998
f 1008/21/999 996/22/999 997/20/999 1009/19/999
f 1014/23/1000 1003/24/1000 1000/25/1000 1015/26/1000
f 1013/27/1001 1002/28/1001 1003/24/1001 1014/23/1001
f 1012/29/1002 1001/30/1002 1002/28/1002 1013/27/1002
f 1015/31/1003 1000/32/1003 1001/30/1003 1012/29/1003
f 1023/33/1004 1007/34/1004 1004/35/1004 1020/36/1004
f 1020/36/1005 1004/35/1005 1005/37/1005 1021/38/1005
f 1021/38/1006 1005/37/1006 1006/39/1006 1022/40/1006
f 1022/40/1007 1006/39/1007 1007/41/1007 1023/42/1007
f 1007/34/1008 1008/21/1008 1009/19/1008 1004/35/1008
f 1004/35/1009 1009/19/1009 1010/17/1009 1005/37/1009
f 1005/37/1010 1010/17/1010 1011/13/1010 1006/39/1010
f 1006/39/1011 1011/13/1011 1008/16/1011 1007/41/1011
f 996/22/1012 1015/31/1012 1012/29/1012 997/20/1012
f 997/20/1013 1012/29/1013 1013/27/1013 998/18/1013
f 998/18/1014 1013/27/1014 1014/23/1014 999/14/1014
f 999/14/1015 1014/23/1015 1015/26/1015 996/15/1015
f 1003/24/1016 1019/8/1016 1016/10/1016 1000/25/1016
f 1002/28/1017 1018/6/1017 1019/8/1017 1003/24/1017
f 1001/30/1018 1017/4/1018 1018/6/1018 1002/28/1018
f 1000/32/1019 1016/1/1019 1017/4/1019 1001/30/1019
f 991/43/1020 1022/40/1020 1023/42/1020
f 991/44/1021 1021/38/1021 1022/40/1021
f 991/45/1022 1020/36/1022 1021/38/1022
f 991/46/1023 1023/33/1023 1020/36/1023
f 1049/1/1024 1025/2/1024 1026/3/1024 1050/4/1024
f 1050/4/1025 1026/3/1025 1028/5/1025 1051/6/1025
f 1051/6/1026 1028/5/1026 1027/7/1026 1052/8/1026
f 1052/8/1027 1027/7/1027 1025/9/1027 1049/10/1027
f 1028/5/1028 1026/11/1028 1025/12/1028 1027/7/1028
f 1044/13/1029 1032/14/1029 1029/15/1029 1041/16/1029
f 1043/17/1030 1031/18/1030 1032/14/1030 1044/13/1030
f 1042/19/1031 1030/20/1031 1031/18/1031 1043/17/1031
f 1041/21/1032 1029/22/1032 1030/20/1032 1042/19/1032
f 1047/23/1033 1036/24/1033 1033/25/1033 1048/26/1033
f 1046/27/1034 1035/28/1034 1036/24/1034 1047/23/1034
f 1045/29/1035 1034/30/1035 1035/28/1035 1046/27/1035
f 1048/31/1036 1033/32/1036 1034/30/1036 1045/29/1036
f 1056/33/1037 1040/34/1037 1037/35/1037 1053/36/1037
f 1053/36/1038 1037/35/1038 1038/37/1038 1054/38/1038
f 1054/38/1039 1038/37/1039 1039/39/1039 1055/40/1039
f 1055/40/1040 1039/39/1040 1040/41/1040 1056/42/1040
f 1040/34/1041 1041/21/1041 1042/19/1041 1037/35/1041
f 1037/35/1042 1042/19/1042 1043/17/1042 1038/37/1042
f 1038/37/1043 1043/17/1043 1044/13/1043 1039/39/1043
f 1039/39/1044 1044/13/1044 1041/16/1044 1040/41/1044
f 1029/22/1045 1048/31/1045 1045/29/1045 1030/20/1045
f 1030/20/1046 1045/29/1046 1046/27/1046 1031/18/1046
f 1031/18/1047 1046/27/1047 1047/23/1047 1032/14/1047
f 1032/14/1048 1047/23/1048 1048/26/1048 1029/15/1048
f 1036/24/1049 1052/8/1049 1049/10/1049 1033/25/1049
f 1035/28/1050 1051/6/1050 1052/8/1050 1036/24/1050
f 1034/30/1051 1050/4/1051 1051/6/1051 1035/28/1051
f 1033/32/1052 1049/1/1052 1050/4/1052 1034/30/1052
f 1024/43/1053 1055/40/1053 1056/42/1053
f 1024/44/1054 1054/38/1054 1055/40/1054
f 1024/45/1055 1053/36/1055 1054/38/1055
f 1024/46/1056 1056/33/1056 1053/36/1056
f 1082/1/1057 1058/2/1057 1059/3/1057 1083/4/1057
f 1083/4/1058 1059/3/1058 1061/5/1058 1084/6/1058
f 1084/6/1059 1061/5/1059 1060/7/1059 1085/8/1059
f 1085/8/1060 1060/7/1060 1058/9/1060 1082/10/1060
f 1061/5/1061 1059/11/1061 1058/12/1061 1060/7/1061
f 1077/13/1062 1065/14/1062 1062/15/1062 1074/16/1062
f 1076/17/1063 1064/18/1063 1065/14/1063 1077/13/1063
f 1075/19/1064 1063/20/1064 1064/18/1064 1076/17/1064
f 1074/21/1065 1062/22/1065 1063/20/1065 1075/19/1065
f 1080/23/1066 1069/24/1066 1066/25/1066 1081/26/1066
f 1079/27/1067 1068/28/1067 1069/24/1067 1080/23/1067
f 1078/29/1068 1067/30/1068 1068/28/1068 1079/27/1068
f 1081/31/1069 1066/32/1069 1067/30/1069 1078/29/1069
f 1089/33/1070 1073/34/1070 1070/35/1070 1086/36/1070
f 1086/36/1071 1070/35/1071 1071/37/1071 1087/38/1071
f 1087/38/1072 1071/37/1072 1072/39/1072 1088/40/1072
f 1088/40/1073 1072/39/1073 1073/41/1073 1089/42/1073
f 1073/34/1074 1074/21/1074 1075/19/1074 1070/35/1074
f 1070/35/1075 1075/19/1075 1076/17/1075 1071/37/1075
f 1071/37/1076 1076/17/1076 1077/13/1076 1072/39/1076
f 1072/39/1077 1077/13/1077 1074/16/1077 1073/41/1077
f 1062/22/1078 1081/31/1078 1078/29/1078 1063/20/1078
f 1063/20/1079 1078/29/1079 1079/27/1079 1064/18/1079
f 1064/18/1080 1079/27/1080 1080/23/1080 1065/14/1080
f 1065/14/1081 1080/23/1081 1081/26/1081 1062/15/1081
f 1069/24/1082 1085/8/1082 1082/10/1082 1066/25/1082
f 1068/28/1083 1084/6/1083 1085/8/1083 1069/24/1083
f 1067/30/1084 1083/4/1084 1084/6/1084 1068/28/1084
f 1066/32/1085 1082/1/1085 1083/4/1085 1067/30/1085
f 1057/43/1086 1088/40/1086 1089/42/1086
f 1057/44/1087 1087/38/1087 1088/40/1087
f 1057/45/1088 1086/36/1088 1087/38/1088
f 1057/46/1089 1089/33/1089 1086/36/1089
f 1115/1/1090 1091/2/1090 1092/3/1090 1116/4/1090
f 1116/4/1091 1092/3/1091 1094/5/1091 1117/6/1091
f 1117/6/1092 1094/5/1092 1093/7/1092 1118/8/1092
f 1118/8/1093 1093/7/1093 1091/9/1093 1115/10/1093
f 1094/5/1094 1092/11/1094 1091/12/1094 1093/7/1094
f 1110/13/1095 1098/14/1095 1095/15/1095 1107/16/1095
f 1109/17/1096 1097/18/1096 1098/14/1096 1110/13/1096
f 1108/19/1097 1096/20/1097 1097/18/1097 1109/17/1097
f 1107/21/1098 1095/22/1098 1096/20/1098 1108/19/1098
f 1113/23/1099 1102/24/1099 1099/25/1099 1114/26/1099
f 1112/27/1100 1101/28/1100 1102/24/1100 1113/23/1100
f 1111/29/1101 1100/30/1101 1101/28/1101 1112/27/1101
f 1114/31/1102 1099/32/1102 1100/30/1102 1111/29/1102
f 1122/33/1103 1106/34/1103 1103/35/1103 1119/36/1103
f 1119/36/1104 1103/35/1104 1104/37/1104 1120/38/1104
f 1120/38/1105 1104/37/1105 1105/39/1105 1121/40/1105
f 1121/40/1106 1105/39/1106 1106/41/1106 1122/42/1106
f 1106/34/1107 1107/21/1107 1108/19/1107 1103/35/1107
f 1103/35/1108 1108/19/1108 1109/17/1108 1104/37/1108
f 1104/37/1109 1109/17/1109 1110/13/1109 1105/39/1109
f 1105/39/1110 1110/13/1110 1107/16/1110 1106/41/1110
f 1095/22/1111 1114/31/1111 1111/29/1111 1096/20/1111
f 1096/20/1112 1111/29/1112 1112/27/1112 1097/18/1112
f 1097/18/1113 1112/27/1113 1113/23/1113 1098/14/1113
f 1098/14/1114 1113/23/1114 1114/26/1114 1095/15/1114
f 1102/24/1115 1118/8/1115 1115/10/1115 1099/25/1115
f 1101/28/1116 1117/6/1116 1118/8/1116 1102/24/1116
f 1100/30/1117 1116/4/1117 1117/6/1117 1101/28/1117
f 1099/32/1118 1115/1/1118 1116/4/1118 1100/30/1118
f 1090/43/1119 1121/40/1119 1122/42/1119
f 1090/44/1120 1120/38/1120 1121/40/1120
f 1090/45/1121 1119/36/1121 1120/38/1121
f 1090/46/1122 1122/33/1122 1119/36/1122
f 1148/1/1123 1124/2/1123 1125/3/1123 1149/4/1123
f 1149/4/1124 1125/3/1124 1127/5/1124 1150/6/1124
f 1150/6/1125 1127/5/1125 1126/7/1125 1151/8/1125
f 1151/8/1126 1126/7/1126 1124/9/1126 1148/10/1126
f 1127/5/1127 1125/11/1127 1124/12/1127 1126/7/1127
f 1143/13/1128 1131/14/1128 1128/15/1128 1140/16/1128
f 1142/17/1129 1130/18/1129 1131/14/1129 1143/13/1129
f 1141/19/1130 1129/20/1130 1130/18/1130 1142/17/1130
f 1140/21/1131 1128/22/1131 1129/20/1131 1141/19/1131
f 1146/23/1132 1135/24/1132 1132/25/1132 1147/26/1132
f 1145/27/1133 1134/28/1133 1135/24/1133 1146/23/1133
f 1144/29/1134 1133/30/1134 1134/28/1134 1145/27/1134
f 1147/31/1135 1132/32/1135 1133/30/1135 1144/29/1135
f 1155/33/1136 1139/34/1136 1136/35/1136 1152/36/1136
f 1152/36/1137 1136/35/1137 1137/37/1137 1153/38/1137
f 1153/38/1138 1137/37/1138 1138/39/1138 1154/40/1138
f 1154/40/1139 1138/39/1139 1139/41/1139 1155/42/1139
f 1139/34/1140 1140/21/1140 1141/19/1140 1136/35/1140
f 1136/35/1141 1141/19/1141 1142/17/1141 1137/37/1141
f 1137/37/1142 1142/17/1142 1143/13/1142 1138/39/1142
f 1138/39/1143 1143/13/1143 1140/16/1143 1139/41/1143
f 1128/22/1144 1147/31/1144 1144/29/1144 1129/20/1144
f 1129/20/1145 1144/29/1145 1145/27/1145 1130/18/1145
f 1130/18/1146 1145/27/1146 1146/23/1146 1131/14/1146
f 1131/14/1147 1146/23/1147 1147/26/1147 1128/15/1147
f 1135/24/1148 1151/8/1148 1148/10/1148 1132/25/1148
f 1134/28/1149 1150/6/1149 1151/8/1149 1135/24/1149
f 1133/30/1150 1149/4/1150 1150/6/1150 1134/28/1150
f 1132/32/1151 1148/1/1151 1149/4/1151 1133/30/1151
f 1123/43/1152 1154/40/1152 1155/42/1152
f 1123/44/1153 1153/38/1153 1154/40/1153
f 1123/45/1154 1152/36/1154 1153/38/1154
f 1123/46/1155 1155/33/1155 1152/36/1155
f 1181/1/1156 1157/2/1156 1158/3/1156 1182/4/1156
f 1182/4/1157 1158/3/1157 1160/5/1157 1183/6/1157
f 1183/6/1158 1160/5/1158 1159/7/1158 1184/8/1158
f 1184/8/1159 1159/7/1159 1157/9/1159 1181/10/1159
f 1160/5/1160 1158/11/1160 1157/12/1160 1159/7/1160
f 1176/13/1161 1164/14/1161 1161/15/1161 1173/16/1161
f 1175/17/1162 1163/18/1162 1164/14/1162 1176/13/1162
f 1174/19/1163 1162/20/1163 1163/18/1163 1175/17/1163
f 1173/21/1164 1161/22/1164 1162/20/1164 1174/19/1164
f 1179/23/1165 1168/24/1165 1165/25/1165 1180/26/1165
f 1178/27/1166 1167/28/1166 1168/24/1166 1179/23/1166
f 1177/29/1167 1166/30/1167 1167/28/1167 1178/27/1167
f 1180/31/1168 1165/32/1168 1166/30/1168 1177/29/1168
f 1188/33/1169 1172/34/1169 1169/35/1169 1185/36/1169
f 1185/36/1170 1169/35/1170 1170/37/1170 1186/38/1170
f 1186/38/1171 1170/37/1171 1171/39/1171 1187/40/1171
f 1187/40/1172 1171/39/1172 1172/41/1172 1188/42/1172
f 1172/34/1173 1173/21/1173 1174/19/1173 1169/35/1173
f 1169/35/1174 1174/19/1174 1175/17/1174 1170/37/1174
f 1170/37/1175 1175/17/1175 1176/13/1175 1171/39/1175
f 1171/39/1176 1176/13/1176 1173/16/1176 1172/41/1176
f 1161/22/1177 1180/31/1177 1177/29/1177 1162/20/1177
f 1162/20/1178 1177/29/1178 1178/27/1178 1163/18/1178
f 1163/18/1179 1178/27/1179 1179/23/1179 1164/14/1179
f 1164/14/1180 1179/23/1180 1180/26/1180 1161/15/1180
f 1168/24/1181 1184/8/1181 1181/10/1181 1165/25/1181
f 1167/28/1182 1183/6/1182 1184/8/1182 1168/24/1182
f 1166/30/1183 1182/4/1183 1183/6/1183 1167/28/1183
f 1165/32/1184 1181/1/1184 1182/4/1184 1166/30/1184
f 1156/43/1185 1187/40/1185 1188/42/1185
f 1156/44/1186 1186/38/1186 1187/40/1186
f 1156/45/1187 1185/36/1187 1186/38/1187
f 1156/46/1188 1188/33/1188 1185/36/1188
f 1214/1/1189 1190/2/1189 1191/3/1189 1215/4/1189
f 1215/4/1190 1191/3/1190 1193/5/1190 1216/6/1190
f 1216/6/1191 1193/5/1191 1192/7/1191 1217/8/1191
f 1217/8/1192 1192/7/1192 1190/9/1192 1214/10/1192
f 1193/5/1193 1191/11/1193 1190/12/1193 1192/7/1193
f 1209/13/1194 1197/14/1194 1194/15/1194 1206/16/1194
f 1208/17/1195 1196/18/1195 1197/14/1195 1209/13/1195
f 1207/19/1196 1195/20/1196 1196/18/1196 1208/17/1196
f 1206/21/1197 1194/22/1197 1195/20/1197 1207/19/1197
f 1212/23/1198 1201/24/1198 1198/25/1198 1213/26/1198
f 1211/27/1199 1200/28/1199 1201/24/1199 1212/23/1199
f 1210/29/1200 1199/30/1200 1200/28/1200 1211/27/1200
f 1213/31/1201 1198/32/1201 1199/30/1201 1210/29/1201
f 1221/33/1202 1205/34/1202 1202/35/1202 1218/36/1202
f 1218/36/1203 1202/35/1203 1203/37/1203 1219/38/1203
f 1219/38/1204 1203/37/1204 1204/39/1204 1220/40/1204
f 1220/40/1205 1204/39/1205 1205/41/1205 1221/42/1205
f 1205/34/1206 1206/21/1206 1207/19/1206 1202/35/1206
f 1202/35/1207 1207/19/1207 1208/17/1207 1203/37/1207
f 1203/37/1208 1208/17/1208 1209/13/1208 1204/39/1208
f 1204/39/1209 1209/13/1209 1206/16/1209 1205/41/1209
f 1194/22/1210 1213/31/1210 1210/29/1210 1195/20/1210
f 1195/20/1211 1210/29/1211 1211/27/1211 1196/18/1211
f 1196/18/1212 1211/27/1212 1212/23/1212 1197/14/1212
f 1197/14/1213 1212/23/1213 1213/26/1213 1194/15/1213
f 1201/24/1214 1217/8/1214 1214/10/1214 1198/25/1214
f 1200/28/1215 1216/6/1215 1217/8/1215 1201/24/1215
f 1199/30/1216 1215/4/1216 1216/6/1216 1200/28/1216
f 1198/32/1217 1214/1/1217 1215/4/1217 1199/30/1217
f 1189/43/1218 1220/40/1218 1221/42/1218
f 1189/44/1219 1219/38/1219 1220/40/1219
f 1189/45/1220 1218/36/1220 1219/38/1220
f 1189/46/1221 1221/33/1221 1218/36/1221
f 1247/1/1222 1223/2/1222 1224/3/1222 1248/4/1222
f 1248/4/1223 1224/3/1223 1226/5/1223 1249/6/1223
f 1249/6/1224 1226/5/1224 1225/7/1224 1250/8/1224
f 1250/8/1225 1225/7/1225 1223/9/1225 1247/10/1225
f 1226/5/1226 1224/11/1226 1223/12/1226 1225/7/1226
f 1242/13/1227 1230/14/1227 1227/15/1227 1239/16/1227
f 1241/17/1228 1229/18/1228 1230/14/1228 1242/13/1228
f 1240/19/1229 1228/20/1229 1229/18/1229 1241/17/1229
f 1239/21/1230 1227/22/1230 1228/20/1230 1240/19/1230
f 1245/23/1231 1234/24/1231 1231/25/1231 1246/26/1231
f 1244/27/1232 1233/28/1232 1234/24/1232 1245/23/1232
f 1243/29/1233 1232/30/1233 1233/28/1233 1244/27/1233
f 1246/31/1234 1231/32/1234 1232/30/1234 1243/29/1234
f 1254/33/1235 1238/34/1235 1235/35/1235 1251/36/1235
f 1251/36/1236 1235/35/1236 1236/37/1236 1252/38/1236
f 1252/38/1237 1236/37/1237 1237/39/1237 1253/40/1237
f 1253/40/1238 1237/39/1238 1238/41/1238 1254/42/1238
f 1238/34/1239 1239/21/1239 1240/19/1239 1235/35/1239
f 1235/35/1240 1240/19/1240 1241/17/1240 1236/37/1240
f 1236/37/1241 1241/17/1241 1242/13/1241 1237/39/1241
f 1237/39/1242 1242/13/1242 1239/16/1242 1238/41/1242
f 1227/22/1243 1246/31/1243 1243/29/1243 1228/20/1243
f 1228/20/1244 1243/29/1244 1244/27/1244 1229/18/1244
f 1229/18/1245 1244/27/1245 1245/23/1245 1230/14/1245
f 1230/14/1246 1245/23/1246 1246/26/1246 1227/15/1246
f 1234/24/1247 1250/8/1247 1247/10/1247 1231/25/1247
f 1233/28/1248 1249/6/1248 1250/8/1248 1234/24/1248
f 1232/30/1249 1248/4/1249 1249/6/1249 1233/28/1249
f 1231/32/1250 1247/1/1250 1248/4/1250 1232/30/1250
f 1222/43/1251 1253/40/1251 1254/42/1251
f 1222/44/1252 1252/38/1252 1253/40/1252
f 1222/45/1253 1251/36/1253 1252/38/1253
f 1222/46/1254 1254/33/1254 1251/36/1254
f 1280/1/1255 1256/2/1255 1257/3/1255 1281/4/1255
f 1281/4/1256 1257/3/1256 1259/5/1256 1282/6/1256
f 1282/6/1257 1259/5/1257 1258/7/1257 1283/8/1257
f 1283/8/1258 1258/7/1258 1256/9/1258 1280/10/1258
f 1259/5/1259 1257/11/1259 1256/12/1259 1258/7/1259
f 1275/13/1260 1263/14/1260 1260/15/1260 1272/16/1260
f 1274/17/1261 1262/18/1261 1263/14/1261 1275/13/1261
f 1273/19/1262 1261/20/1262 1262/18/1262 1274/17/1262
f 1272/21/1263 1260/22/1263 1261/20/1263 1273/19/1263
f 1278/23/1264 1267/24/1264 1264/25/1264 1279/26/1264
f 1277/27/1265 1266/28/1265 1267/24/1265 1278/23/1265
f 1276/29/1266 1265/30/1266 1266/28/1266 1277/27/1266
f 1279/31/1267 1264/32/1267 1265/30/1267 1276/29/1267
f 1287/33/1268 1271/34/1268 1268/35/1268 1284/36/1268
f 1284/36/1269 1268/35/1269 1269/37/1269 1285/38/1269
f 1285/38/1270 1269/37/1270 1270/39/1270 1286/40/1270
f 1286/40/1271 1270/39/1271 1271/41/1271 1287/42/1271
f 1271/34/1272 1272/21/1272 1273/19/1272 1268/35/1272
f 1268/35/1273 1273/19/1273 1274/17/1273 1269/37/1273
f 1269/37/1274 1274/17/1274 1275/13/1274 1270/39/1274
f 1270/39/1275 1275/13/1275 1272/16/1275 1271/41/1275
f 1260/22/1276 1279/31/1276 1276/29/1276 1261/20/1276
f 1261/20/1277 1276/29/1277 1277/27/1277 1262/18/1277
f 1262/18/1278 1277/27/1278 1278/23/1278 1263/14/1278
f 1263/14/1279 1278/23/1279 1279/26/1279 1260/15/1279
f 1267/24/1280 1283/8/1280 1280/10/1280 1264/25/1280
f 1266/28/1281 1282/6/1281 1283/8/1281 1267/24/1281
f 1265/30/1282 1281/4/1282 1282/6/1282 1266/28/1282
f 1264/32/1283 1280/1/1283 1281/4/1283 1265/30/1283
f 1255/43/1284 1286/40/1284 1287/42/1284
f 1255/44/1285 1285/38/1285 1286/40/1285
f 1255/45/1286 1284/36/1286 1285/38/1286
f 1255/46/1287 1287/33/1287 1284/36/1287
f 1313/1/1288 1289/2/1288 1290/3/1288 1314/4/1288
f 1314/4/1289 1290/3/1289 1292/5/1289 1315/6/1289
f 1315/6/1290 1292/5/1290 1291/7/1290 1316/8/1290
f 1316/8/1291 1291/7/1291 1289/9/1291 1313/10/1291
f 1292/5/1292 1290/11/1292 1289/12/1292 1291/7/1292
f 1308/13/1293 1296/14/1293 1293/15/1293 1305/16/1293
f 1307/17/1294 1295/18/1294 1296/14/1294 1308/13/1294
f 1306/19/1295 1294/20/1295 1295/18/1295 1307/17/1295
f 1305/21/1296 1293/22/1296 1294/20/1296 1306/19/1296
f 1311/23/1297 1300/24/1297 1297/25/1297 1312/26/1297
f 1310/27/1298 1299/28/1298 1300/24/1298 1311/23/1298
f 1309/29/1299 1298/30/1299 1299/28/1299 1310/27/1299
f 1312/31/1300 1297/32/1300 1298/30/1300 1309/29/1300
f 1320/33/1301 1304/34/1301 1301/35/1301 1317/36/1301
f 1317/36/1302 1301/35/1302 1302/37/1302 1318/38/1302
f 1318/38/1303 1302/37/1303 1303/39/1303 1319/40/1303
f 1319/40/1304 1303/39/1304 1304/41/1304 1320/42/1304
f 1304/34/1305 1305/21/1305 1306/19/1305 1301/35/1305
f 1301/35/1306 1306/19/1306 1307/17/1306 1302/37/1306
f 1302/37/1307 1307/17/1307 1308/13/1307 1303/39/1307
f 1303/39/1308 1308/13/1308 1305/16/1308 1304/41/1308
f 1293/22/1309 1312/31/1309 1309/29/1309 1294/20/1309
f 1294/20/1310 1309/29/1310 1310/27/1310 1295/18/1310
f 1295/18/1311 1310/27/1311 1311/23/1311 1296/14/1311
f 1296/14/1312 1311/23/1312 1312/26/1312 1293/15/1312
f 1300/24/1313 1316/8/1313 1313/10/1313 1297/25/1313
f 1299/28/1314 1315/6/1314 1316/8/1314 1300/24/1314
f 1298/30/1315 1314/4/1315 1315/6/1315 1299/28/1315
f 1297/32/1316 1313/1/1316 1314/4/1316 1298/30/1316
f 1288/43/1317 1319/40/1317 1320/42/1317
f 1288/44/1318 1318/38/1318 1319/40/1318
f 1288/45/1319 1317/36/1319 1318/38/1319
f 1288/46/1320 1320/33/1320 1317/36/1320
f 1346/1/1321 1322/2/1321 1323/3/1321 1347/4/1321
f 1347/4/1322 1323/3/1322 1325/5/1322 1348/6/1322
f 1348/6/1323 1325/5/1323 1324/7/1323 1349/8/1323
f 1349/8/1324 1324/7/1324 1322/9/1324 1346/10/1324
f 1325/5/1325 1323/11/1325 1322/12/1325 1324/7/1325
f 1341/13/1326 1329/14/1326 1326/15/1326 1338/16/1326
f 1340/17/1327 1328/18/1327 1329/14/1327 1341/13/1327
f 1339/19/1328 1327/20/1328 1328/18/1328 1340/17/1328
f 1338/21/1329 1326/22/1329 1327/20/1329 1339/19/1329
f 1344/23/1330 1333/24/1330 1330/25/1330 1345/26/1330
f 1343/27/1331 1332/28/1331 1333/24/1331 1344/23/1331
f 1342/29/1332 1331/30/1332 1332/28/1332 1343/27/1332
f 1345/31/1333 1330/32/1333 1331/30/1333 1342/29/1333
f 1353/33/1334 1337/34/1334 1334/35/1334 1350/36/1334
f 1350/36/1335 1334/35/1335 1335/37/1335 1351/38/1335
f 1351/38/1336 1335/37/1336 1336/39/1336 1352/40/1336
f 1352/40/1337 1336/39/1337 1337/41/1337 1353/42/1337
f 1337/34/1338 1338/21/1338 1339/19/1338 1334/35/1338
f 1334/35/1339 1339/19/1339 1340/17/1339 1335/37/1339
f 1335/37/1340 1340/17/1340 1341/13/1340 1336/39/1340
f 1336/39/1341 1341/13/1341 1338/16/1341 1337/41/1341
f 1326/22/1342 1345/31/1342 1342/29/1342 1327/20/1342
f 1327/20/1343 1342/29/1343 1343/27/1343 1328/18/1343
f 1328/18/1344 1343/27/1344 1344/23/1344 1329/14/1344
f 1329/14/1345 1344/23/1345 1345/26/1345 1326/15/1345
f 1333/24/1346 1349/8/1346 1346/10/1346 1330/25/1346
f 1332/28/1347 1348/6/1347 1349/8/1347 1333/24/1347
f 1331/30/1348 1347/4/1348 1348/6/1348 1332/28/1348
f 1330/32/1349 1346/1/1349 1347/4/1349 1331/30/1349
f 1321/43/1350 1352/40/1350 1353/42/1350
f 1321/44/1351 1351/38/1351 1352/40/1351
f 1321/45/1352 1350/36/1352 1351/38/1352
f 1321/46/1353 1353/33/1353 1350/36/1353
f 1379/1/1354 1355/2/1354 1356/3/1354 1380/4/1354
f 1380/4/1355 1356/3/1355 1358/5/1355 1381/6/1355
f 1381/6/1356 1358/5/1356 1357/7/1356 1382/8/1356
f 1382/8/1357 1357/7/1357 1355/9/1357 1379/10/1357
f 1358/5/1358 1356/11/1358 1355/12/1358 1357/7/1358
f 1374/13/1359 1362/14/1359 1359/15/1359 1371/16/1359
f 1373/17/1360 1361/18/1360 1362/14/1360 1374/13/1360
f 1372/19/1361 1360/20/1361 1361/18/1361 1373/17/1361
f 1371/21/1362 1359/22/1362 1360/20/1362 1372/19/1362
f 1377/23/1363 1366/24/1363 1363/25/1363 1378/26/1363
f 1376/27/1364 1365/28/1364 1366/24/1364 1377/23/1364
f 1375/29/1365 1364/30/1365 1365/28/1365 1376/27/1365
f 1378/31/1366 1363/32/1366 1364/30/1366 1375/29/1366
f 1386/33/1367 1370/34/1367 1367/35/1367 1383/36/1367
f 1383/36/1368 1367/35/1368 1368/37/1368 1384/38/1368
f 1384/38/1369 1368/37/1369 1369/39/1369 1385/40/1369
f 1385/40/1370 1369/39/1370 1370/41/1370 1386/42/1370
f 1370/34/1371 1371/21/1371 1372/19/1371 1367/35/1371
f 1367/35/1372 1372/19/1372 1373/17/1372 1368/37/1372
f 1368/37/1373 1373/17/1373 1374/13/1373 1369/39/1373
f 1369/39/1374 1374/13/1374 1371/16/1374 1370/41/1374
f 1359/22/1375 1378/31/1375 1375/29/1375 1360/20/1375
f 1360/20/1376 1375/29/1376 1376/27/1376 1361/18/1376
f 1361/18/1377 1376/27/1377 1377/23/1377 1362/14/1377
f 1362/14/1378 1377/23/1378 1378/26/1378 1359/15/1378
f 1366/24/1379 1382/8/1379 1379/10/1379 1363/25/1379
f 1365/28/1380 1381/6/1380 1382/8/1380 1366/24/1380
f 1364/30/1381 1380/4/1381 1381/6/1381 1365/28/1381
f 1363/32/1382 1379/1/1382 1380/4/1382 1364/30/1382
f 1354/43/1383 1385/40/1383 1386/42/1383
f 1354/44/1384 1384/38/1384 1385/40/1384
f 1354/45/1385 1383/36/1385 1384/38/1385
f 1354/46/1386 1386/33/1386 1383/36/1386
f 1412/1/1387 1388/2/1387 1389/3/1387 1413/4/1387
f 1413/4/1388 1389/3/1388 1391/5/1388 1414/6/1388
f 1414/6/1389 1391/5/1389 1390/7/1389 1415/8/1389
f 1415/8/1390 1390/7/1390 1388/9/1390 1412/10/1390
f 1391/5/1391 1389/11/1391 1388/12/1391 1390/7/1391
f 1407/13/1392 1395/14/1392 1392/15/1392 1404/16/1392
f 1406/17/1393 1394/18/1393 1395/14/1393 1407/13/1393
f 1405/19/1394 1393/20/1394 1394/18/1394 1406/17/1394
f 1404/21/1395 1392/22/1395 1393/20/1395 1405/19/1395
f 1410/23/1396 1399/24/1396 1396/25/1396 1411/26/1396
f 1409/27/1397 1398/28/1397 1399/24/1397 1410/23/1397
f 1408/29/1398 1397/30/1398 1398/28/1398 1409/27/1398
f 1411/31/1399 1396/32/1399 1397/30/1399 1408/29/1399
f 1419/33/1400 1403/34/1400 1400/35/1400 1416/36/1400
f 1416/36/1401 1400/35/1401 1401/37/1401 1417/38/1401
f 1417/38/1402 1401/37/1402 1402/39/1402 1418/40/1402
f 1418/40/1403 1402/39/1403 1403/41/1403 1419/42/1403
f 1403/34/1404 1404/21/1404 1405/19/1404 1400/35/1404
f 1400/35/1405 1405/19/1405 1406/17/1405 1401/37/1405
f 1401/37/1406 1406/17/1406 1407/13/1406 1402/39/1406
f 1402/39/1407 1407/13/1407 1404/16/1407 1403/41/1407
f 1392/22/1408 1411/31/1408 1408/29/1408 1393/20/1408
f 1393/20/1409 1408/29/1409 1409/27/1409 1394/18/1409
f 1394/18/1410 1409/27/1410 1410/23/1410 1395/14/1410
f 1395/14/1411 1410/23/1411 1411/26/1411 1392/15/1411
f 1399/24/1412 1415/8/1412 1412/10/1412 1396/25/1412
f 1398/28/1413 1414/6/1413 1415/8/1413 1399/24/1413
f 1397/30/1414 1413/4/1414 1414/6/1414 1398/28/1414
f 1396/32/1415 1412/1/1415 1413/4/1415 1397/30/1415
f 1387/43/1416 1418/40/1416 1419/42/1416
f 1387/44/1417 1417/38/1417 1418/40/1417
f 1387/45/1418 1416/36/1418 1417/38/1418
f 1387/46/1419 1419/33/1419 1416/36/1419
f 1445/1/1420 1421/2/1420 1422/3/1420 1446/4/1420
f 1446/4/1421 1422/3/1421 1424/5/1421 1447/6/1421
f 1447/6/1422 1424/5/1422 1423/7/1422 1448/8/1422
f 1448/8/1423 1423/7/1423 1421/9/1423 1445/10/1423
f 1424/5/1424 1422/11/1424 1421/12/1424 1423/7/1424
f 1440/13/1425 1428/14/1425 1425/15/1425 1437/16/1425
f 1439/17/1426 1427/18/1426 1428/14/1426 1440/13/1426
f 1438/19/1427 1426/20/1427 1427/18/1427 1439/17/1427
f 1437/21/1428 1425/22/1428 1426/20/1428 1438/19/1428
f 1443/23/1429 1432/24/1429 1429/25/1429 1444/26/1429
f 1442/27/1430 1431/28/1430 1432/24/1430 1443/23/1430
f 1441/29/1431 1430/30/1431 1431/28/1431 1442/27/1431
f 1444/31/1432 1429/32/1432 1430/30/1432 1441/29/1432
f 1452/33/1433 1436/34/1433 1433/35/1433 1449/36/1433
f 1449/36/1434 1433/35/1434 1434/37/1434 1450/38/1434
f 1450/38/1435 1434/37/1435 1435/39/1435 1451/40/1435
f 1451/40/1436 1435/39/1436 1436/41/1436 1452/42/1436
f 1436/34/1437 1437/21/1437 1438/19/1437 1433/35/1437
f 1433/35/1438 1438/19/1438 1439/17/1438 1434/37/1438
f 1434/37/1439 1439/17/1439 1440/13/1439 1435/39/1439
f 1435/39/1440 1440/13/1440 1437/16/1440 1436/41/1440
f 1425/22/1441 1444/31/1441 1441/29/1441 1426/20/1441
f 1426/20/1442 1441/29/1442 1442/27/1442 1427/18/1442
f 1427/18/1443 1442/27/1443 1443/23/1443 1428/14/1443
f 1428/14/1444 1443/23/1444 1444/26/1444 1425/15/1444
f 1432/24/1445 1448/8/1445 1445/10/1445 1429/25/1445
f 1431/28/1446 1447/6/1446 1448/8/1446 1432/24/1446
f 1430/30/1447 1446/4/1447 1447/6/1447 1431/28/1447
f 1429/32/1448 1445/1/1448 1446/4/1448 1430/30/1448
f 1420/43/1449 1451/40/1449 1452/42/1449
f 1420/44/1450 1450/38/1450 1451/40/1450
f 1420/45/1451 1449/36/1451 1450/38/1451
f 1420/46/1452 1452/33/1452 1449/36/1452
f 1478/1/1453 1454/2/1453 1455/3/1453 1479/4/1453
f 1479/4/1454 1455/3/1454 1457/5/1454 1480/6/1454
f 1480/6/1455 1457/5/1455 1456/7/1455 1481/8/1455
f 1481/8/1456 1456/7/1456 1454/9/1456 1478/10/1456
f 1457/5/1457 1455/11/1457 1454/12/1457 1456/7/1457
f 1473/13/1458 1461/14/1458 1458/15/1458 1470/16/1458
f 1472/17/1459 1460/18/1459 1461/14/1459 1473/13/1459
f 1471/19/1460 1459/20/1460 1460/18/1460 1472/17/1460
f 1470/21/1461 1458/22/1461 1459/20/1461 1471/19/1461
f 1476/23/1462 1465/24/1462 1462/25/1462 1477/26/1462
f 1475/27/1463 1464/28/1463 1465/24/1463 1476/23/1463
f 1474/29/1464 1463/30/1464 1464/28/1464 1475/27/1464
f 1477/31/1465 1462/32/1465 1463/30/1465 1474/29/1465
f 1485/33/1466 1469/34/1466 1466/35/1466 1482/36/1466
f 1482/36/1467 1466/35/1467 1467/37/1467 1483/38/1467
f 1483/38/1468 1467/37/1468 1468/39/1468 1484/40/1468
f 1484/40/1469 1468/39/1469 1469/41/1469 1485/42/1469
f 1469/34/1470 1470/21/1470 1471/19/1470 1466/35/1470
f 1466/35/1471 1471/19/1471 1472/17/1471 1467/37/1471
f 1467/37/1472 1472/17/1472 1473/13/1472 1468/39/1472
f 1468/39/1473 1473/13/1473 1470/16/1473 1469/41/1473
f 1458/22/1474 1477/31/1474 1474/29/1474 1459/20/1474
f 1459/20/1475 1474/29/1475 1475/27/1475 1460/18/1475
f 1460/18/1476 1475/27/1476 1476/23/1476 1461/14/1476
f 1461/14/1477 1476/23/1477 1477/26/1477 1458/15/1477
f 1465/24/1478 1481/8/1478 1478/10/1478 1462/25/1478
f 1464/28/1479 1480/6/1479 1481/8/1479 1465/24/1479
f 1463/30/1480 1479/4/1480 1480/6/1480 1464/28/1480
f 1462/32/1481 1478/1/1481 1479/4/1481 1463/30/1481
f 1453/43/1482 1484/40/1482 1485/42/1482
f 1453/44/1483 1483/38/1483 1484/40/1483
f 1453/45/1484 1482/36/1484 1483/38/1484
f 1453/46/1485 1485/33/1485 1482/36/1485
f 1511/1/1486 1487/2/1486 1488/3/1486 1512/4/1486
f 1512/4/1487 1488/3/1487 1490/5/1487 1513/6/1487
f 1513/6/1488 1490/5/1488 1489/7/1488 1514/8/1488
f 1514/8/1489 1489/7/1489 1487/9/1489 1511/10/1489
f 1490/5/1490 1488/11/1490 1487/12/1490 1489/7/1490
f 1506/13/1491 1494/14/1491 1491/15/1491 1503/16/1491
f 1505/17/1492 1493/18/1492 1494/14/1492 1506/13/1492
f 1504/19/1493 1492/20/1493 1493/18/1493 1505/17/1493
f 1503/21/1494 1491/22/1494 1492/20/1494 1504/19/1494
f 1509/23/1495 1498/24/1495 1495/25/1495 1510/26/1495
f 1508/27/1496 1497/28/1496 1498/24/1496 1509/23/1496
f 1507/29/1497 1496/30/1497 1497/28/1497 1508/27/1497
f 1510/31/1498 1495/32/1498 1496/30/1498 1507/29/1498
f 1518/33/1499 1502/34/1499 1499/35/1499 1515/36/1499
f 1515/36/1500 1499/35/1500 1500/37/1500 1516/38/1500
f 1516/38/1501 1500/37/1501 1501/39/1501 1517/40/1501
f 1517/40/1502 1501/39/1502 1502/41/1502 1518/42/1502
f 1502/34/1503 1503/21/1503 1504/19/1503 1499/35/1503
f 1499/35/1504 1504/19/1504 1505/17/1504 1500/37/1504
f 1500/37/1505 1505/17/1505 1506/13/1505 1501/39/1505
f 1501/39/1506 1506/13/1506 1503/16/1506 1502/41/1506
f 1491/22/1507 1510/31/1507 1507/29/1507 1492/20/1507
f 1492/20/1508 1507/29/1508 1508/27/1508 1493/18/1508
f 1493/18/1509 1508/27/1509 1509/23/1509 1494/14/1509
f 1494/14/1510 1509/23/1510 1510/26/1510 1491/15/1510
f 1498/24/1511 1514/8/1511 1511/10/1511 1495/25/1511
f 1497/28/1512 1513/6/1512 1514/8/1512 1498/24/1512
f 1496/30/1513 1512/4/1513 1513/6/1513 1497/28/1513
f 1495/32/1514 1511/1/1514 1512/4/1514 1496/30/1514
f 1486/43/1515 1517/40/1515 1518/42/1515
f 1486/44/1516 1516/38/1516 1517/40/1516
f 1486/45/1517 1515/36/1517 1516/38/1517
f 1486/46/1518 1518/33/1518 1515/36/1518
f 1544/1/1519 1520/2/1519 1521/3/1519 1545/4/1519
f 1545/4/1520 1521/3/1520 1523/5/1520 1546/6/1520
f 1546/6/1521 1523/5/1521 1522/7/1521 1547/8/1521
f 1547/8/1522 1522/7/1522 1520/9/1522 1544/10/1522
f 1523/5/1523 1521/11/1523 1520/12/1523 1522/7/1523
f 1539/13/1524 1527/14/1524 1524/15/1524 1536/16/1524
f 1538/17/1525 1526/18/1525 1527/14/1525 1539/13/1525
f 1537/19/1526 1525/20/1526 1526/18/1526 1538/17/1526
f 1536/21/1527 1524/22/1527 1525/20/1527 1537/19/1527
f 1542/23/1528 1531/24/1528 1528/25/1528 1543/26/1528
f 1541/27/1529 1530/28/1529 1531/24/1529 1542/23/1529
f 1540/29/1530 1529/30/1530 1530/28/1530 1541/27/1530
f 1543/31/1531 1528/32/1531 1529/30/1531 1540/29/1531
f 1551/33/1532 1535/34/1532 1532/35/1532 1548/36/1532
f 1548/36/1533 1532/35/1533 1533/37/1533 1549/38/1533
f 1549/38/1534 1533/37/1534 1534/39/1534 1550/40/1534
f 1550/40/1535 1534/39/1535 1535/41/1535 1551/42/1535
f 1535/34/1536 1536/21/1536 1537/19/1536 1532/35/1536
f 1532/35/1537 1537/19/1537 1538/17/1537 1533/37/1537
f 1533/37/1538 1538/17/1538 1539/13/1538 1534/39/1538
f 1534/39/1539 1539/13/1539 1536/16/1539 1535/41/1539
f 1524/22/1540 1543/31/1540 1540/29/1540 1525/20/1540
f 1525/20/1541 1540/29/1541 1541/27/1541 1526/18/1541
f 1526/18/1542 1541/27/1542 1542/23/1542 1527/14/1542
f 1527/14/1543 1542/23/1543 1543/26/1543 1524/15/1543
f 1531/24/1544 1547/8/1544 1544/10/1544 1528/25/1544
f 1530/28/1545 1546/6/1545 1547/8/1545 1531/24/1545
f 1529/30/1546 1545/4/1546 1546/6/1546 1530/28/1546
f 1528/32/1547 1544/1/1547 1545/4/1547 1529/30/1547
f 1519/43/1548 1550/40/1548 1551/42/1548
f 1519/44/1549 1549/38/1549 1550/40/1549
f 1519/45/1550 1548/36/1550 1549/38/1550
f 1519/46/1551 1551/33/1551 1548/36/1551
f 1577/1/1552 1553/2/1552 1554/3/1552 1578/4/1552
f 1578/4/1553 1554/3/1553 1556/5/1553 1579/6/1553
f 1579/6/1554 1556/5/1554 1555/7/1554 1580/8/1554
f 1580/8/1555 1555/7/1555 1553/9/1555 1577/10/1555
f 1556/5/1556 1554/11/1556 1553/12/1556 1555/7/1556
f 1572/13/1557 1560/14/1557 1557/15/1557 1569/16/1557
f 1571/17/1558 1559/18/1558 1560/14/1558 1572/13/1558
f 1570/19/1559 1558/20/1559 1559/18/1559 1571/17/1559
f 1569/21/1560 1557/22/1560 1558/20/1560 1570/19/1560
f 1575/23/1561 1564/24/1561 1561/25/1561 1576/26/1561
f 1574/27/1562 1563/28/1562 1564/24/1562 1575/23/1562
f 1573/29/1563 1562/30/1563 1563/28/1563 1574/27/1563
f 1576/31/1564 1561/32/1564 1562/30/1564 1573/29/1564
f 1584/33/1565 1568/34/1565 1565/35/1565 1581/36/1565
f 1581/36/1566 1565/35/1566 1566/37/1566 1582/38/1566
f 1582/38/1567 1566/37/1567 1567/39/1567 1583/40/1567
f 1583/40/1568 1567/39/1568 1568/41/1568 1584/42/1568
f 1568/34/1569 1569/21/1569 1570/19/1569 1565/35/1569
f 1565/35/1570 1570/19/1570 1571/17/1570 1566/37/1570
f 1566/37/1571 1571/17/1571 1572/13/1571 1567/39/1571
f 1567/39/1572 1572/13/1572 1569/16/1572 1568/41/1572
f 1557/22/1573 1576/31/1573 1573/29/1573 1558/20/1573
f 1558/20/1574 1573/29/1574 1574/27/1574 1559/18/1574
f 1559/18/1575 1574/27/1575 1575/23/1575 1560/14/1575
f 1560/14/1576 1575/23/1576 1576/26/1576 1557/15/1576
f 1564/24/1577 1580/8/1577 1577/10/1577 1561/25/1577
f 1563/28/1578 1579/6/1578 1580/8/1578 1564/24/1578
f 1562/30/1579 1578/4/1579 1579/6/1579 1563/28/1579
f 1561/32/1580 1577/1/1580 1578/4/1580 1562/30/1580
f 1552/43/1581 1583/40/1581 1584/42/1581
f 1552/44/1582 1582/38/1582 1583/40/1582
f 1552/45/1583 1581/36/1583 1582/38/1583
f 1552/46/1584 1584/33/1584 1581/36/1584
o Sphere
v 4.915091 4.054875 4.915240
v 5.274907 3.572929 5.275064
v 5.546774 3.147288 5.546927
v 5.707485 2.728731 5.707637
v 5.814532 2.234315 5.814682
v 5.898442 1.797619 5.898591
v -4.915239 4.054875 -4.915091
v -5.275064 3.572929 -5.274908
v -5.546927 3.147288 -5.546775
v -5.707637 2.728731 -5.707486
v -5.814682 2.234315 -5.814532
v -5.898590 1.797619 -5.898443
v -6.010595 1.157187 -6.010452
v -0.681902 5.854716 -0.559609
v -1.357235 5.807900 -1.113827
v -2.019490 5.745405 -1.657311
v -2.662285 5.643848 -2.184823
v -3.279414 5.464254 -2.691270
v -3.864893 5.183664 -3.171732
v -4.412997 4.863101 -3.621496
v -4.918156 4.500921 -4.035940
v -5.374702 4.139741 -4.410271
v -5.775371 3.741226 -4.738011
v -6.108237 3.301405 -5.007943
v -6.365975 2.814739 -5.213339
v -6.564586 2.259565 -5.370708
v -6.722799 1.636091 -5.499175
v -6.810183 0.911776 -5.577601
v -6.773167 0.209290 -5.551962
v -6.671001 -0.403694 -5.471598
v -6.546325 -1.036907 -5.371256
v -6.275263 -1.955514 -5.149664
v -0.733472 5.854716 -0.490078
v -1.459877 5.807902 -0.975434
v -2.172218 5.745448 -1.451392
v -2.863626 5.644409 -1.913362
v -3.527432 5.469681 -2.356884
v -4.157215 5.215460 -2.777662
v -4.746856 4.912830 -3.171586
v -5.290534 4.578218 -3.534723
v -5.782742 4.221361 -3.863299
v -6.218193 3.830041 -4.153603
v -6.592060 3.385626 -4.402207
v -6.901067 2.868437 -4.607037
v -7.144429 2.267308 -4.768312
v -7.322814 1.579534 -4.887487
v -7.380804 0.821867 -4.927642
v -7.317146 0.086105 -4.886620
v -7.189814 -0.586446 -4.802667
v -7.046125 -1.291106 -4.707403
v -6.750730 -2.213346 -4.510450
v -0.777977 5.854715 -0.415826
v -1.548460 5.807904 -0.827647
v -2.304025 5.745485 -1.231493
v -3.037389 5.644900 -1.623472
v -3.741481 5.473306 -1.999801
v -4.409501 5.228418 -2.356839
v -5.034988 4.932538 -2.691118
v -5.611862 4.602813 -2.999367
v -6.134513 4.246561 -3.278558
v -6.597854 3.853300 -3.525943
v -6.997435 3.404279 -3.739155
v -7.329556 2.878948 -3.916281
v -7.591350 2.266498 -4.055942
v -7.780658 1.566464 -4.157154
v -7.838368 0.799193 -4.188314
v -7.766911 0.053774 -4.150522
v -7.629030 -0.628917 -4.077166
v -7.474864 -1.330108 -3.995029
v -7.160645 -2.200186 -3.827266
v -0.814991 5.854715 -0.337571
v -1.622131 5.807901 -0.671889
v -2.413643 5.745496 -0.999735
v -3.181900 5.645074 -1.317947
v -3.919498 5.474368 -1.623457
v -4.619313 5.231544 -1.913310
v -5.274601 4.937353 -2.184709
v -5.879020 4.608558 -2.435022
v -6.426754 4.252198 -2.661838
v -6.912534 3.858160 -2.862976
v -7.331714 3.407941 -3.036528
v -7.680296 2.880993 -3.180846
v -7.955009 2.266557 -3.294605
v -8.153276 1.564448 -3.376757
v -8.213193 0.795280 -3.401647
v -8.137688 0.048226 -3.370454
v -7.992731 -0.633638 -3.310482
v -7.830848 -1.306249 -3.243490
v -7.501360 -1.868909 -3.107051
v -0.844155 5.854716 -0.256064
v -1.680179 5.807901 -0.509660
v -2.500017 5.745476 -0.758348
v -3.295768 5.644840 -0.999727
v -4.059765 5.472903 -1.231474
v -4.784630 5.227495 -1.451348
v -5.463379 4.932521 -1.657233
v -6.089437 4.604185 -1.847142
v -6.656767 4.248023 -2.019254
v -7.159883 3.854383 -2.171913
v -7.593956 3.405454 -2.303664
v -7.954838 2.880595 -2.413236
v -8.239162 2.268795 -2.499589
v -8.444346 1.569442 -2.561899
v -8.506405 0.802700 -2.580705
v -8.428387 0.057640 -2.556941
v -8.278479 -0.624652 -2.511356
v -8.110991 -1.322820 -2.460465
v -7.769887 -2.176539 -2.356947
v -0.865190 5.854713 -0.172091
v -1.722046 5.807898 -0.342523
v -2.562314 5.745437 -0.509656
v -3.377895 5.644315 -0.671879
v -4.160932 5.468829 -0.827628
v -4.903860 5.212091 -0.975399
v -5.599507 4.912191 -1.113776
v -6.241103 4.584388 -1.241418
v -6.822357 4.227223 -1.357106
v -7.337463 3.832734 -1.459727
v -7.781266 3.389194 -1.548298
v -8.149537 2.874416 -1.621956
v -8.439157 2.276353 -1.680001
v -8.648080 1.592035 -1.721874
v -8.712050 0.836545 -1.734499
v -8.634153 0.102327 -1.718507
v -8.482689 -0.570932 -1.687848
v -8.312386 -1.276131 -1.653626
v -7.963377 -2.193341 -1.584041
v -0.877893 5.854712 -0.086460
v -1.747329 5.807900 -0.172087
v -2.599934 5.745403 -0.256057
v -3.427492 5.643775 -0.337558
v -4.222026 5.463332 -0.415808
v -4.975856 5.175631 -0.490051
v -5.681687 4.860032 -0.559574
v -6.332582 4.524707 -0.623708
v -6.921888 4.160151 -0.681834
v -7.442641 3.740224 -0.733397
v -7.887423 3.312993 -0.777902
v -8.251064 2.835028 -0.814912
v -8.533904 2.291398 -0.844078
v -8.733814 1.686237 -0.865114
v -8.796990 0.970744 -0.871454
v -8.730970 0.277898 -0.863416
v -8.594776 -0.337319 -0.848007
v -8.431162 -0.991659 -0.830811
v -8.079725 -1.866953 -0.795846
v -0.882141 5.854714 0.000003
v -1.755785 5.807900 0.000006
v -2.612515 5.745387 0.000009
v -3.444078 5.643569 0.000013
v -4.242458 5.460832 0.000015
v -4.999932 5.147473 0.000020
v -5.709159 4.812826 0.000025
v -6.363062 4.412910 0.000026
v -6.954672 4.054876 0.000028
v -7.473871 3.572927 0.000031
v -7.899506 3.147286 0.000028
v -8.217003 2.728732 0.000028
v -8.457865 2.234314 0.000029
v -8.636065 1.797619 0.000027
v -8.734865 1.157188 0.000028
v -8.698479 0.503554 0.000025
v -8.585588 0.032092 0.000026
v -8.453909 -0.408644 0.000024
v -8.115600 -1.106134 0.000019
v -0.877893 5.854715 0.086466
v -1.747331 5.807899 0.172099
v -2.599936 5.745405 0.256075
v -3.427495 5.643848 0.337585
v -4.222034 5.464248 0.415842
v -4.975867 5.183666 0.490093
v -5.681700 4.863101 0.559625
v -6.332559 4.500921 0.623764
v -6.921733 4.139741 0.681898
v -7.441917 3.741224 0.733465
v -7.883496 3.301405 0.777966
v -8.240028 2.814740 0.814979
v -8.518840 2.259564 0.844144
v -8.728231 1.636090 0.865182
v -8.813347 0.911776 0.871518
v -8.746449 0.209292 0.863474
v -8.600862 -0.403693 0.848062
v -8.432376 -1.036907 0.830856
v -8.079947 -1.955512 0.795882
v -0.865191 5.854715 0.172096
v -1.722049 5.807898 0.342535
v -2.562319 5.745443 0.509674
v -3.377904 5.644406 0.671905
v -4.160949 5.469679 0.827663
v -4.903883 5.215458 0.975447
v -5.599537 4.912831 1.113836
v -6.241122 4.578214 1.241494
v -6.822310 4.221359 1.357198
v -7.337195 3.830041 1.459831
v -7.780460 3.385628 1.548404
v -8.148018 2.868436 1.622070
v -8.437583 2.267308 1.680115
v -8.648033 1.579533 1.721983
v -8.713821 0.821866 1.734598
v -8.635914 0.086104 1.718594
v -8.483606 -0.586445 1.687924
v -8.312716 -1.291106 1.653687
v -7.963470 -2.213346 1.584084
v -0.844157 5.854713 0.256069
v -1.680183 5.807902 0.509672
v -2.500024 5.745482 0.758366
v -3.295781 5.644897 0.999755
v -4.059790 5.473306 1.231514
v -4.784669 5.228418 1.451405
v -5.463435 4.932540 1.657314
v -6.089511 4.602809 1.847257
v -6.656845 4.246561 2.019403
v -7.159935 3.853300 2.172103
v -7.593950 3.404281 2.303880
v -7.954785 2.878948 2.413475
v -8.239171 2.266497 2.499834
v -8.444557 1.566463 2.562127
v -8.506812 0.799193 2.580904
v -8.428806 0.053774 2.557107
v -8.278786 -0.628917 2.511491
v -8.111174 -1.330108 2.460566
v -7.769982 -2.200186 2.357015
v -0.814993 5.854715 0.337576
v -1.622136 5.807900 0.671900
v -2.413653 5.745496 0.999754
v -3.181918 5.645068 1.317976
v -3.919531 5.474366 1.623502
v -4.619370 5.231544 1.913381
v -5.274697 4.937354 2.184823
v -5.879175 4.608554 2.435203
v -6.426991 4.252196 2.662111
v -6.912871 3.858161 2.863367
v -7.332158 3.407943 3.037032
v -7.680832 2.880993 3.181451
v -7.955603 2.266554 3.295247
v -8.153857 1.564448 3.377349
v -8.213701 0.795281 3.402128
v -8.138094 0.048226 3.370815
v -7.993032 -0.633638 3.310747
v -7.831057 -1.306249 3.243674
v -7.501508 -1.868908 3.107185
v -0.777980 5.854717 0.415832
v -1.548467 5.807899 0.827658
v -2.304037 5.745474 1.231512
v -3.037411 5.644837 1.623503
v -3.741523 5.472904 1.999851
v -4.409575 5.227495 2.356924
v -5.035132 4.932522 2.691274
v -5.612134 4.604183 2.999655
v -6.135017 4.248024 3.279080
v -6.598722 3.854383 3.526835
v -6.998797 3.405455 3.740536
v -7.331411 2.880596 3.918158
v -7.593463 2.268796 4.058067
v -7.782559 1.569440 4.159061
v -7.839729 0.802701 4.189674
v -7.767802 0.057640 4.151404
v -7.629611 -0.624653 4.077740
v -7.475219 -1.322821 3.995378
v -7.160826 -2.176540 3.827445
v -0.733475 5.854715 0.490083
v -1.459885 5.807895 0.975445
v -2.172232 5.745436 1.451410
v -2.863651 5.644313 1.913394
v -3.527483 5.468833 2.356941
v -4.157310 5.212091 2.777764
v -4.747054 4.912191 3.171792
v -5.290967 4.584387 3.535166
v -5.783715 4.227222 3.864282
v -6.220359 3.832734 4.155783
v -6.596521 3.389195 4.406675
v -6.908612 2.874415 4.614592
v -7.154021 2.276352 4.777907
v -7.331050 1.592035 4.895729
v -7.385304 0.836546 4.932146
v -7.319402 0.102327 4.888876
v -7.191144 -0.570932 4.803997
v -7.046859 -1.276131 4.708135
v -6.751029 -2.193341 4.510746
v -0.681906 5.854714 0.559614
v -1.357243 5.807898 1.113837
v -2.019507 5.745401 1.657330
v -2.662313 5.643771 2.184856
v -3.279468 5.463332 2.691328
v -3.865003 5.175629 3.171847
v -4.413246 4.860031 3.621750
v -4.918784 4.524706 4.036576
v -5.376412 4.160150 4.411988
v -5.780553 3.740224 4.743204
v -6.125156 3.312994 5.024864
v -6.406084 2.835028 5.253453
v -6.624084 2.291398 5.430209
v -6.777617 1.686237 5.553997
v -6.826546 0.970745 5.593968
v -6.777270 0.277898 5.556066
v -6.674038 -0.337320 5.474635
v -6.548339 -0.991660 5.373269
v -6.275821 -1.866952 5.150217
v -0.623763 5.854714 0.623763
v -1.241516 5.807897 1.241516
v -1.847311 5.745382 1.847311
v -2.435305 5.643569 2.435305
v -2.999834 5.460834 2.999834
v -3.535429 5.147471 3.535429
v -4.036889 4.812826 4.036889
v -4.499165 4.412909 4.499164
v -4.917198 4.054875 4.917198
v -5.283051 3.572928 5.282906
v -5.578587 3.147287 5.578436
v -5.791262 2.728732 5.791117
v -5.949911 2.234314 5.949766
v -6.067991 1.797619 6.067991
v -6.145513 1.157188 6.145512
v -6.128843 0.503554 6.128843
v -6.057940 0.032091 6.057940
v -5.973334 -0.408644 5.973334
v -5.737724 -1.106135 5.737723
v 6.010452 1.157187 6.010595
v 0.559609 5.854716 0.681902
v 1.113827 5.807900 1.357235
v 1.657311 5.745405 2.019490
v 2.184823 5.643848 2.662285
v 2.691269 5.464254 3.279414
v 3.171731 5.183664 3.864893
v 3.621495 4.863101 4.412998
v 4.035940 4.500921 4.918157
v 4.410270 4.139741 5.374702
v 4.738011 3.741226 5.775372
v 5.007943 3.301405 6.108237
v 5.213338 2.814739 6.365975
v 5.370708 2.259565 6.564587
v 5.499175 1.636091 6.722799
v 5.577601 0.911776 6.810184
v 5.551962 0.209290 6.773167
v 5.471597 -0.403694 6.671002
v 5.371256 -1.036907 6.546325
v 5.149663 -1.955514 6.275263
v 0.490078 5.854716 0.733472
v 0.975434 5.807902 1.459877
v 1.451391 5.745448 2.172218
v 1.913362 5.644409 2.863626
v 2.356884 5.469681 3.527432
v 2.777661 5.215460 4.157215
v 3.171586 4.912830 4.746856
v 3.534722 4.578218 5.290534
v 3.863298 4.221361 5.782742
v 4.153602 3.830041 6.218193
v 4.402207 3.385626 6.592060
v 4.607037 2.868437 6.901067
v 4.768312 2.267308 7.144430
v 4.887487 1.579534 7.322814
v 4.927641 0.821867 7.380805
v 4.886620 0.086105 7.317147
v 4.802666 -0.586446 7.189815
v 4.707402 -1.291106 7.046126
v 4.510449 -2.213346 6.750730
v 0.415826 5.854715 0.777977
v 0.827647 5.807904 1.548460
v 1.231493 5.745485 2.304025
v 1.623472 5.644900 3.037389
v 1.999801 5.473306 3.741482
v 2.356838 5.228418 4.409501
v 2.691117 4.932538 5.034988
v 2.999367 4.602813 5.611863
v 3.278558 4.246561 6.134513
v 3.525942 3.853300 6.597855
v 3.739154 3.404279 6.997436
v 3.916280 2.878948 7.329556
v 4.055941 2.266498 7.591351
v 4.157153 1.566464 7.780658
v 4.188313 0.799193 7.838369
v 4.150521 0.053774 7.766911
v 4.077166 -0.628917 7.629031
v 3.995028 -1.330108 7.474864
v 3.827266 -2.200186 7.160645
v 0.337571 5.854715 0.814991
v 0.671889 5.807901 1.622131
v 0.999734 5.745496 2.413643
v 1.317947 5.645074 3.181900
v 1.623457 5.474368 3.919498
v 1.913310 5.231544 4.619314
v 2.184709 4.937353 5.274602
v 2.435022 4.608558 5.879020
v 2.661837 4.252198 6.426754
v 2.862976 3.858160 6.912535
v 3.036527 3.407941 7.331715
v 3.180846 2.880993 7.680297
v 3.294605 2.266557 7.955009
v 3.376757 1.564448 8.153276
v 3.401646 0.795280 8.213194
v 3.370453 0.048226 8.137688
v 3.310482 -0.633638 7.992731
v 3.243489 -1.306249 7.830849
v 3.107050 -1.868909 7.501360
v 0.256064 5.854716 0.844155
v 0.509660 5.807901 1.680179
v 0.758348 5.745476 2.500017
v 0.999727 5.644840 3.295768
v 1.231474 5.472903 4.059765
v 1.451348 5.227495 4.784630
v 1.657233 4.932521 5.463379
v 1.847141 4.604185 6.089437
v 2.019254 4.248023 6.656767
v 2.171913 3.854383 7.159883
v 2.303664 3.405454 7.593956
v 2.413235 2.880595 7.954839
v 2.499588 2.268795 8.239163
v 2.561898 1.569442 8.444346
v 2.580704 0.802700 8.506406
v 2.556941 0.057640 8.428388
v 2.511355 -0.624652 8.278480
v 2.460464 -1.322820 8.110991
v 2.356946 -2.176539 7.769887
v 0.172091 5.854713 0.865190
v 0.342523 5.807898 1.722046
v 0.509656 5.745437 2.562314
v 0.671879 5.644315 3.377895
v 0.827628 5.468829 4.160932
v 0.975399 5.212091 4.903860
v 1.113775 4.912191 5.599507
v 1.241417 4.584388 6.241103
v 1.357106 4.227223 6.822358
v 1.459727 3.832734 7.337463
v 1.548297 3.389194 7.781266
v 1.621955 2.874416 8.149537
v 1.680001 2.276353 8.439157
v 1.721873 1.592035 8.648081
v 1.734498 0.836545 8.712049
v 1.718506 0.102327 8.634154
v 1.687848 -0.570932 8.482690
v 1.653626 -1.276131 8.312386
v 1.584040 -2.193341 7.963377
v 0.086460 5.854712 0.877893
v 0.172087 5.807900 1.747329
v 0.256057 5.745403 2.599934
v 0.337558 5.643775 3.427492
v 0.415808 5.463332 4.222026
v 0.490051 5.175631 4.975856
v 0.559573 4.860032 5.681687
v 0.623707 4.524707 6.332582
v 0.681834 4.160151 6.921889
v 0.733396 3.740224 7.442641
v 0.777902 3.312993 7.887422
v 0.814911 2.835028 8.251064
v 0.844077 2.291398 8.533904
v 0.865113 1.686237 8.733814
v 0.871453 0.970744 8.796990
v 0.863415 0.277898 8.730970
v 0.848006 -0.337319 8.594776
v 0.830810 -0.991659 8.431162
v 0.795845 -1.866953 8.079725
v -0.000003 5.854714 0.882141
v -0.000006 5.807900 1.755785
v -0.000009 5.745387 2.612515
v -0.000013 5.643569 3.444078
v -0.000016 5.460832 4.242458
v -0.000021 5.147473 4.999932
v -0.000026 4.812826 5.709159
v -0.000027 4.412910 6.363062
v -0.000028 4.054876 6.954671
v -0.000032 3.572927 7.473871
v -0.000028 3.147286 7.899506
v -0.000029 2.728732 8.217003
v -0.000029 2.234314 8.457866
v -0.000028 1.797619 8.636065
v -0.000028 1.157188 8.734865
v -0.000026 0.503554 8.698479
v -0.000027 0.032092 8.585588
v -0.000025 -0.408644 8.453909
v -0.000020 -1.106134 8.115600
v -0.086466 5.854715 0.877893
v -0.172099 5.807899 1.747331
v -0.256075 5.745405 2.599936
v -0.337585 5.643848 3.427495
v -0.415843 5.464248 4.222034
v -0.490094 5.183666 4.975867
v -0.559625 4.863101 5.681700
v -0.623765 4.500921 6.332559
v -0.681898 4.139741 6.921733
v -0.733465 3.741224 7.441917
v -0.777967 3.301405 7.883496
v -0.814980 2.814740 8.240028
v -0.844145 2.259564 8.518841
v -0.865182 1.636090 8.728231
v -0.871519 0.911776 8.813348
v -0.863475 0.209292 8.746449
v -0.848062 -0.403693 8.600862
v -0.830856 -1.036907 8.432377
v -0.795883 -1.955512 8.079947
v -0.172096 5.854715 0.865191
v -0.342535 5.807898 1.722049
v -0.509675 5.745443 2.562319
v -0.671906 5.644406 3.377904
v -0.827664 5.469679 4.160949
v -0.975448 5.215458 4.903883
v -1.113837 4.912831 5.599536
v -1.241495 4.578214 6.241122
v -1.357199 4.221359 6.822310
v -1.459831 3.830041 7.337195
v -1.548404 3.385628 7.780460
v -1.622070 2.868436 8.148018
v -1.680116 2.267308 8.437583
v -1.721983 1.579533 8.648033
v -1.734599 0.821866 8.713821
v -1.718595 0.086104 8.635914
v -1.687925 -0.586445 8.483605
v -1.653688 -1.291106 8.312716
v -1.584085 -2.213346 7.963469
v -0.256069 5.854713 0.844157
v -0.509672 5.807902 1.680183
v -0.758366 5.745482 2.500024
v -0.999756 5.644897 3.295781
v -1.231514 5.473306 4.059790
v -1.451406 5.228418 4.784669
v -1.657314 4.932540 5.463435
v -1.847257 4.602809 6.089511
v -2.019404 4.246561 6.656844
v -2.172103 3.853300 7.159934
v -2.303881 3.404281 7.593950
v -2.413476 2.878948 7.954785
v -2.499835 2.266497 8.239171
v -2.562128 1.566463 8.444557
v -2.580905 0.799193 8.506811
v -2.557108 0.053774 8.428806
v -2.511491 -0.628917 8.278785
v -2.460566 -1.330108 8.111174
v -2.357016 -2.200186 7.769982
v -0.337576 5.854715 0.814993
v -0.671901 5.807900 1.622136
v -0.999754 5.745496 2.413653
v -1.317976 5.645068 3.181918
v -1.623502 5.474366 3.919531
v -1.913382 5.231544 4.619370
v -2.184823 4.937354 5.274697
v -2.435204 4.608554 5.879175
v -2.662111 4.252196 6.426990
v -2.863367 3.858161 6.912871
v -3.037033 3.407943 7.332157
v -3.181452 2.880993 7.680832
v -3.295247 2.266554 7.955602
v -3.377350 1.564448 8.153857
v -3.402129 0.795281 8.213701
v -3.370816 0.048226 8.138094
v -3.310748 -0.633638 7.993032
v -3.243674 -1.306249 7.831057
v -3.107185 -1.868908 7.501508
v -0.415832 5.854717 0.777980
v -0.827658 5.807899 1.548466
v -1.231512 5.745474 2.304037
v -1.623504 5.644837 3.037411
v -1.999851 5.472904 3.741523
v -2.356925 5.227495 4.409575
v -2.691275 4.932522 5.035132
v -2.999656 4.604183 5.612134
v -3.279080 4.248024 6.135017
v -3.526836 3.854383 6.598722
v -3.740536 3.405455 6.998797
v -3.918158 2.880596 7.331411
v -4.058068 2.268796 7.593463
v -4.159062 1.569440 7.782559
v -4.189675 0.802701 7.839729
v -4.151405 0.057640 7.767801
v -4.077741 -0.624653 7.629611
v -3.995379 -1.322821 7.475219
v -3.827445 -2.176540 7.160825
v -0.490083 5.854715 0.733475
v -0.975445 5.807895 1.459885
v -1.451411 5.745436 2.172231
v -1.913394 5.644313 2.863651
v -2.356942 5.468833 3.527483
v -2.777765 5.212091 4.157310
v -3.171793 4.912191 4.747054
v -3.535166 4.584387 5.290967
v -3.864283 4.227222 5.783715
v -4.155784 3.832734 6.220359
v -4.406675 3.389195 6.596521
v -4.614592 2.874415 6.908611
v -4.777908 2.276352 7.154020
v -0.623759 5.854716 -0.623759
v -1.241507 5.807900 -1.241507
v -1.847293 5.745382 -1.847293
v -2.435274 5.643569 -2.435274
v -2.999776 5.460838 -2.999776
v -3.535310 5.147472 -3.535310
v -4.036618 4.812825 -4.036618
v -4.498453 4.412910 -4.498453
v -4.915091 4.054875 -4.915240
v -5.274907 3.572929 -5.275064
v -5.546774 3.147288 -5.546927
v -5.707485 2.728731 -5.707637
v -5.814532 2.234315 -5.814682
v -5.898442 1.797619 -5.898591
v -6.010452 1.157187 -6.010595
v -6.031662 0.503553 -6.031662
v -6.000740 0.032091 -6.000741
v -5.953603 -0.408643 -5.953604
v -5.734000 -1.106135 -5.734001
v -0.559609 5.854716 -0.681902
v -1.113827 5.807900 -1.357235
v -1.657311 5.745405 -2.019490
v -2.184823 5.643848 -2.662285
v -2.691269 5.464254 -3.279414
v -3.171731 5.183664 -3.864893
v -3.621495 4.863101 -4.412998
v -4.035940 4.500921 -4.918157
v -4.410270 4.139741 -5.374702
v -4.738011 3.741226 -5.775372
v -5.007943 3.301405 -6.108237
v -5.213338 2.814739 -6.365975
v -5.370708 2.259565 -6.564587
v -5.499175 1.636091 -6.722799
v -5.577601 0.911776 -6.810184
v -5.551962 0.209290 -6.773167
v -5.471597 -0.403694 -6.671002
v -5.371256 -1.036907 -6.546325
v -5.149663 -1.955514 -6.275263
v 0.000000 5.874743 0.000000
v -0.490078 5.854716 -0.733472
v -0.975434 5.807902 -1.459877
v -1.451391 5.745448 -2.172218
v -1.913362 5.644409 -2.863626
v -2.356884 5.469681 -3.527432
v -2.777661 5.215460 -4.157215
v -3.171586 4.912830 -4.746856
v -3.534722 4.578218 -5.290534
v -3.863298 4.221361 -5.782742
v -4.153602 3.830041 -6.218193
v -4.402207 3.385626 -6.592060
v -4.607037 2.868437 -6.901067
v -4.768312 2.267308 -7.144430
v -4.887487 1.579534 -7.322814
v -4.927641 0.821867 -7.380805
v -4.886620 0.086105 -7.317147
v -4.802666 -0.586446 -7.189815
v -4.707402 -1.291106 -7.046126
v -4.510449 -2.213346 -6.750730
v -0.415826 5.854715 -0.777977
v -0.827647 5.807904 -1.548460
v -1.231493 5.745485 -2.304025
v -1.623472 5.644900 -3.037389
v -1.999801 5.473306 -3.741482
v -2.356838 5.228418 -4.409501
v -2.691117 4.932538 -5.034988
v -2.999367 4.602813 -5.611863
v -3.278558 4.246561 -6.134513
v -3.525942 3.853300 -6.597855
v -3.739154 3.404279 -6.997436
v -3.916280 2.878948 -7.329556
v -4.055941 2.266498 -7.591351
v -4.157153 1.566464 -7.780658
v -4.188313 0.799193 -7.838369
v -4.150521 0.053774 -7.766911
v -4.077166 -0.628917 -7.629031
v -3.995028 -1.330108 -7.474864
v -3.827266 -2.200186 -7.160645
v -0.337571 5.854715 -0.814991
v -0.671889 5.807901 -1.622131
v -0.999734 5.745496 -2.413643
v -1.317947 5.645074 -3.181900
v -1.623457 5.474368 -3.919498
v -1.913310 5.231544 -4.619314
v -2.184709 4.937353 -5.274602
v -2.435022 4.608558 -5.879020
v -2.661837 4.252198 -6.426754
v -2.862976 3.858160 -6.912535
v -3.036527 3.407941 -7.331715
v -3.180846 2.880993 -7.680297
v -3.294605 2.266557 -7.955009
v -3.376757 1.564448 -8.153276
v -3.401646 0.795280 -8.213194
v -3.370453 0.048226 -8.137688
v -3.310482 -0.633638 -7.992731
v -3.243489 -1.306249 -7.830849
v -3.107050 -1.868909 -7.501360
v -0.256064 5.854716 -0.844155
v -0.509660 5.807901 -1.680179
v -0.758348 5.745476 -2.500017
v -0.999727 5.644840 -3.295768
v -1.231474 5.472903 -4.059765
v -1.451348 5.227495 -4.784630
v -1.657233 4.932521 -5.463379
v -1.847141 4.604185 -6.089437
v -2.019254 4.248023 -6.656767
v -2.171913 3.854383 -7.159883
v -2.303664 3.405454 -7.593956
v -2.413235 2.880595 -7.954839
v -2.499588 2.268795 -8.239163
v -2.561898 1.569442 -8.444346
v -2.580704 0.802700 -8.506406
v -2.556941 0.057640 -8.428388
v -2.511355 -0.624652 -8.278480
v -2.460464 -1.322820 -8.110991
v -2.356946 -2.176539 -7.769887
v -0.172091 5.854713 -0.865190
v -0.342523 5.807898 -1.722046
v -0.509656 5.745437 -2.562314
v -0.671879 5.644315 -3.377895
v -0.827628 5.468829 -4.160932
v -0.975399 5.212091 -4.903860
v -1.113775 4.912191 -5.599507
v -1.241417 4.584388 -6.241103
v -1.357106 4.227223 -6.822358
v -1.459727 3.832734 -7.337463
v -1.548297 3.389194 -7.781266
v -1.621955 2.874416 -8.149537
v -1.680001 2.276353 -8.439157
v -1.721873 1.592035 -8.648081
v -1.734498 0.836545 -8.712049
v -1.718506 0.102327 -8.634154
v -1.687848 -0.570932 -8.482690
v -1.653626 -1.276131 -8.312386
v -1.584040 -2.193341 -7.963377
v -0.086460 5.854712 -0.877893
v -0.172087 5.807900 -1.747329
v -0.256057 5.745403 -2.599934
v -0.337558 5.643775 -3.427492
v -0.415808 5.463332 -4.222026
v -0.490051 5.175631 -4.975856
v -0.559573 4.860032 -5.681687
v -0.623707 4.524707 -6.332582
v -0.681834 4.160151 -6.921889
v -0.733396 3.740224 -7.442641
v -0.777902 3.312993 -7.887422
v -0.814911 2.835028 -8.251064
v -0.844077 2.291398 -8.533904
v -0.865113 1.686237 -8.733814
v -0.871453 0.970744 -8.796990
v -0.863415 0.277898 -8.730970
v -0.848006 -0.337319 -8.594776
v -0.830810 -0.991659 -8.431162
v -0.795845 -1.866953 -8.079725
v 0.000003 5.854714 -0.882141
v 0.000006 5.807900 -1.755785
v 0.000009 5.745387 -2.612515
v 0.000013 5.643569 -3.444078
v 0.000016 5.460832 -4.242458
v 0.000021 5.147473 -4.999932
v 0.000026 4.812826 -5.709159
v 0.000027 4.412910 -6.363062
v 0.000028 4.054876 -6.954671
v 0.000032 3.572927 -7.473871
v 0.000028 3.147286 -7.899506
v 0.000029 2.728732 -8.217003
v 0.000029 2.234314 -8.457866
v 0.000028 1.797619 -8.636065
v 0.000028 1.157188 -8.734865
v 0.000026 0.503554 -8.698479
v 0.000027 0.032092 -8.585588
v 0.000025 -0.408644 -8.453909
v 0.000020 -1.106134 -8.115600
v 0.086466 5.854715 -0.877893
v 0.172099 5.807899 -1.747331
v 0.256075 5.745405 -2.599936
v 0.337585 5.643848 -3.427495
v 0.415843 5.464248 -4.222034
v 0.490094 5.183666 -4.975867
v 0.559625 4.863101 -5.681700
v 0.623765 4.500921 -6.332559
v 0.681898 4.139741 -6.921733
v 0.733465 3.741224 -7.441917
v 0.777967 3.301405 -7.883496
v 0.814980 2.814740 -8.240028
v 0.844145 2.259564 -8.518841
v 0.865182 1.636090 -8.728231
v 0.871519 0.911776 -8.813348
v 0.863475 0.209292 -8.746449
v 0.848062 -0.403693 -8.600862
v 0.830856 -1.036907 -8.432377
v 0.795883 -1.955512 -8.079947
v 0.172096 5.854715 -0.865191
v 0.342535 5.807898 -1.722049
v 0.509675 5.745443 -2.562319
v 0.671906 5.644406 -3.377904
v 0.827664 5.469679 -4.160949
v 0.975448 5.215458 -4.903883
v 1.113837 4.912831 -5.599536
v 1.241495 4.578214 -6.241122
v 1.357199 4.221359 -6.822310
v 1.459831 3.830041 -7.337195
v 1.548404 3.385628 -7.780460
v 1.622070 2.868436 -8.148018
v 1.680116 2.267308 -8.437583
v 1.721983 1.579533 -8.648033
v 1.734599 0.821866 -8.713821
v 1.718595 0.086104 -8.635914
v 1.687925 -0.586445 -8.483605
v 1.653688 -1.291106 -8.312716
v 1.584085 -2.213346 -7.963469
v 0.256069 5.854713 -0.844157
v 0.509672 5.807902 -1.680183
v 0.758366 5.745482 -2.500024
v 0.999756 5.644897 -3.295781
v 1.231514 5.473306 -4.059790
v 1.451406 5.228418 -4.784669
v 1.657314 4.932540 -5.463435
v 1.847257 4.602809 -6.089511
v 2.019404 4.246561 -6.656844
v 2.172103 3.853300 -7.159934
v 2.303881 3.404281 -7.593950
v 2.413476 2.878948 -7.954785
v 2.499835 2.266497 -8.239171
v 2.562128 1.566463 -8.444557
v 2.580905 0.799193 -8.506811
v 2.557108 0.053774 -8.428806
v 2.511491 -0.628917 -8.278785
v 2.460566 -1.330108 -8.111174
v 2.357016 -2.200186 -7.769982
v 0.337576 5.854715 -0.814993
v 0.671901 5.807900 -1.622136
v 0.999754 5.745496 -2.413653
v 1.317976 5.645068 -3.181918
v 1.623502 5.474366 -3.919531
v 1.913382 5.231544 -4.619370
v 2.184823 4.937354 -5.274697
v 2.435204 4.608554 -5.879175
v 2.662111 4.252196 -6.426990
v 2.863367 3.858161 -6.912871
v 3.037033 3.407943 -7.332157
v 3.181452 2.880993 -7.680832
v 3.295247 2.266554 -7.955602
v 3.377350 1.564448 -8.153857
v 3.402129 0.795281 -8.213701
v 3.370816 0.048226 -8.138094
v 3.310748 -0.633638 -7.993032
v 3.243674 -1.306249 -7.831057
v 3.107185 -1.868908 -7.501508
v 0.415832 5.854717 -0.777980
v 0.827658 5.807899 -1.548466
v 1.231512 5.745474 -2.304037
v 1.623504 5.644837 -3.037411
v 1.999851 5.472904 -3.741523
v 2.356925 5.227495 -4.409575
v 2.691275 4.932522 -5.035132
v 2.999656 4.604183 -5.612134
v 3.279080 4.248024 -6.135017
v 3.526836 3.854383 -6.598722
v 3.740536 3.405455 -6.998797
v 3.918158 2.880596 -7.331411
v 4.058068 2.268796 -7.593463
v 4.159062 1.569440 -7.782559
v 4.189675 0.802701 -7.839729
v 4.151405 0.057640 -7.767801
v 4.077741 -0.624653 -7.629611
v 3.995379 -1.322821 -7.475219
v 3.827445 -2.176540 -7.160825
v 0.490083 5.854715 -0.733475
v 0.975445 5.807895 -1.459885
v 1.451411 5.745436 -2.172231
v 1.913394 5.644313 -2.863651
v 2.356942 5.468833 -3.527483
v 2.777765 5.212091 -4.157310
v 3.171793 4.912191 -4.747054
v 3.535166 4.584387 -5.290967
v 3.864283 4.227222 -5.783715
v 4.155784 3.832734 -6.220359
v 4.406675 3.389195 -6.596521
v 4.614592 2.874415 -6.908611
v 4.777908 2.276352 -7.154020
v 4.895730 1.592035 -7.331050
v 4.932146 0.836546 -7.385304
v 4.888876 0.102327 -7.319402
v 4.803998 -0.570932 -7.191143
v 4.708136 -1.276131 -7.046859
v 4.510747 -2.193341 -6.751029
v 0.559614 5.854714 -0.681906
v 1.113837 5.807898 -1.357243
v 1.657330 5.745401 -2.019506
v 2.184856 5.643771 -2.662313
v 2.691328 5.463332 -3.279468
v 3.171847 5.175629 -3.865003
v 3.621750 4.860031 -4.413245
v 4.036576 4.524706 -4.918784
v 4.411988 4.160150 -5.376412
v 4.743205 3.740224 -5.780553
v 5.024864 3.312994 -6.125156
v 5.253454 2.835028 -6.406083
v 5.430209 2.291398 -6.624084
v 5.553997 1.686237 -6.777617
v 5.593969 0.970745 -6.826546
v 5.556067 0.277898 -6.777270
v 5.474636 -0.337320 -6.674038
v 5.373270 -0.991660 -6.548338
v 5.150218 -1.866952 -6.275821
v 0.623763 5.854714 -0.623763
v 1.241516 5.807897 -1.241516
v 1.847311 5.745382 -1.847311
v 2.435305 5.643569 -2.435305
v 2.999834 5.460834 -2.999834
v 3.535429 5.147471 -3.535429
v 4.036889 4.812826 -4.036889
v 4.499165 4.412909 -4.499164
v 4.917198 4.054875 -4.917198
v 5.282907 3.572928 -5.283051
v 5.578436 3.147287 -5.578587
v 5.791117 2.728732 -5.791262
v 5.949767 2.234314 -5.949910
v 6.067991 1.797619 -6.067991
v 6.145513 1.157188 -6.145512
v 6.128843 0.503554 -6.128843
v 6.057940 0.032091 -6.057940
v 5.973334 -0.408644 -5.973334
v 5.737724 -1.106135 -5.737723
v -4.895730 1.592035 7.331050
v -4.932146 0.836546 7.385304
v -4.888876 0.102327 7.319402
v -4.803998 -0.570932 7.191143
v -4.708136 -1.276131 7.046859
v -4.510747 -2.193341 6.751029
v -0.559614 5.854714 0.681906
v -1.113837 5.807898 1.357243
v -1.657330 5.745401 2.019506
v -2.184856 5.643771 2.662313
v -2.691328 5.463332 3.279468
v -3.171847 5.175629 3.865003
v -3.621750 4.860031 4.413245
v -4.036576 4.524706 4.918784
v -4.411988 4.160150 5.376412
v -4.743205 3.740224 5.780553
v -5.024864 3.312994 6.125156
v -5.253454 2.835028 6.406083
v -5.430209 2.291398 6.624084
v -5.553997 1.686237 6.777617
v -5.593969 0.970745 6.826546
v -5.556067 0.277898 6.777270
v -5.474636 -0.337320 6.674038
v -5.373270 -0.991660 6.548338
v -5.150218 -1.866952 6.275821
v -5.282907 3.572928 5.283051
v -5.578436 3.147287 5.578587
v -5.791117 2.728732 5.791262
v -5.949767 2.234314 5.949910
v 0.623759 5.854716 0.623759
v 1.241507 5.807900 1.241507
v 1.847293 5.745382 1.847293
v 2.435274 5.643569 2.435274
v 2.999776 5.460838 2.999776
v 3.535310 5.147472 3.535310
v 4.036618 4.812825 4.036618
v 4.498453 4.412910 4.498453
v 4.915239 4.054875 4.915091
v 5.275064 3.572929 5.274908
v 5.546927 3.147288 5.546775
v 5.707637 2.728731 5.707486
v 5.814682 2.234315 5.814532
v 5.898590 1.797619 5.898443
v 6.010595 1.157187 6.010452
v 6.031662 0.503553 6.031662
v 6.000740 0.032091 6.000741
v 5.953603 -0.408643 5.953604
v 5.734000 -1.106135 5.734001
v 0.681902 5.854716 0.559609
v 1.357235 5.807900 1.113827
v 2.019490 5.745405 1.657311
v 2.662285 5.643848 2.184823
v 3.279414 5.464254 2.691270
v 3.864893 5.183664 3.171732
v 4.412997 4.863101 3.621496
v 4.918156 4.500921 4.035940
v 5.374702 4.139741 4.410271
v 5.775371 3.741226 4.738011
v 6.108237 3.301405 5.007943
v 6.365975 2.814739 5.213339
v 6.564586 2.259565 5.370708
v 6.722799 1.636091 5.499175
v 6.810183 0.911776 5.577601
v 6.773167 0.209290 5.551962
v 6.671001 -0.403694 5.471598
v 6.546325 -1.036907 5.371256
v 6.275263 -1.955514 5.149664
v 0.733472 5.854716 0.490078
v 1.459877 5.807902 0.975434
v 2.172218 5.745448 1.451392
v 2.863626 5.644409 1.913362
v 3.527432 5.469681 2.356884
v 4.157215 5.215460 2.777662
v 4.746856 4.912830 3.171586
v 5.290534 4.578218 3.534723
v 5.782742 4.221361 3.863299
v 6.218193 3.830041 4.153603
v 6.592060 3.385626 4.402207
v 6.901067 2.868437 4.607037
v 7.144429 2.267308 4.768312
v 7.322814 1.579534 4.887487
v 7.380804 0.821867 4.927642
v 7.317146 0.086105 4.886620
v 7.189814 -0.586446 4.802667
v 7.046125 -1.291106 4.707403
v 6.750730 -2.213346 4.510450
v 0.777977 5.854715 0.415826
v 1.548460 5.807904 0.827647
v 2.304025 5.745485 1.231493
v 3.037389 5.644900 1.623472
v 3.741481 5.473306 1.999801
v 4.409501 5.228418 2.356839
v 5.034988 4.932538 2.691118
v 5.611862 4.602813 2.999367
v 6.134513 4.246561 3.278558
v 6.597854 3.853300 3.525943
v 6.997435 3.404279 3.739155
v 7.329556 2.878948 3.916281
v 7.591350 2.266498 4.055942
v 7.780658 1.566464 4.157154
v 7.838368 0.799193 4.188314
v 7.766911 0.053774 4.150522
v 7.629030 -0.628917 4.077166
v 7.474864 -1.330108 3.995029
v 7.160645 -2.200186 3.827266
v 0.814991 5.854715 0.337571
v 1.622131 5.807901 0.671889
v 2.413643 5.745496 0.999735
v 3.181900 5.645074 1.317947
v 3.919498 5.474368 1.623457
v 4.619313 5.231544 1.913310
v 5.274601 4.937353 2.184709
v 5.879020 4.608558 2.435022
v 6.426754 4.252198 2.661838
v 6.912534 3.858160 2.862976
v 7.331714 3.407941 3.036528
v 7.680296 2.880993 3.180846
v 7.955009 2.266557 3.294605
v 8.153276 1.564448 3.376757
v 8.213193 0.795280 3.401647
v 8.137688 0.048226 3.370454
v 7.992731 -0.633638 3.310482
v 7.830848 -1.306249 3.243490
v 7.501360 -1.868909 3.107051
v 0.844155 5.854716 0.256064
v 1.680179 5.807901 0.509660
v 2.500017 5.745476 0.758348
v 3.295768 5.644840 0.999727
v 4.059765 5.472903 1.231474
v 4.784630 5.227495 1.451348
v 5.463379 4.932521 1.657233
v 6.089437 4.604185 1.847142
v 6.656767 4.248023 2.019254
v 7.159883 3.854383 2.171913
v 7.593956 3.405454 2.303664
v 7.954838 2.880595 2.413236
v 8.239162 2.268795 2.499589
v 8.444346 1.569442 2.561899
v 8.506405 0.802700 2.580705
v 8.428387 0.057640 2.556941
v 8.278479 -0.624652 2.511356
v 8.110991 -1.322820 2.460465
v 7.769887 -2.176539 2.356947
v 0.865190 5.854713 0.172091
v 1.722046 5.807898 0.342523
v 2.562314 5.745437 0.509656
v 3.377895 5.644315 0.671879
v 4.160932 5.468829 0.827628
v 4.903860 5.212091 0.975399
v 5.599507 4.912191 1.113776
v 6.241103 4.584388 1.241418
v 6.822357 4.227223 1.357106
v 7.337463 3.832734 1.459727
v 7.781266 3.389194 1.548298
v 8.149537 2.874416 1.621956
v 8.439157 2.276353 1.680001
v 8.648080 1.592035 1.721874
v 8.712050 0.836545 1.734499
v 8.634153 0.102327 1.718507
v 8.482689 -0.570932 1.687848
v 8.312386 -1.276131 1.653626
v 7.963377 -2.193341 1.584041
v 0.877893 5.854712 0.086460
v 1.747329 5.807900 0.172087
v 2.599934 5.745403 0.256057
v 3.427492 5.643775 0.337558
v 4.222026 5.463332 0.415808
v 4.975856 5.175631 0.490051
v 5.681687 4.860032 0.559574
v 6.332582 4.524707 0.623708
v 6.921888 4.160151 0.681834
v 7.442641 3.740224 0.733397
v 7.887423 3.312993 0.777902
v 8.251064 2.835028 0.814912
v 8.533904 2.291398 0.844078
v 8.733814 1.686237 0.865114
v 8.796990 0.970744 0.871454
v 8.730970 0.277898 0.863416
v 8.594776 -0.337319 0.848007
v 8.431162 -0.991659 0.830811
v 8.079725 -1.866953 0.795846
v 0.882141 5.854714 -0.000003
v 1.755785 5.807900 -0.000006
v 2.612515 5.745387 -0.000009
v 3.444078 5.643569 -0.000013
v 4.242458 5.460832 -0.000015
v 4.999932 5.147473 -0.000020
v 5.709159 4.812826 -0.000025
v 6.363062 4.412910 -0.000026
v 6.954672 4.054876 -0.000028
v 7.473871 3.572927 -0.000031
v 7.899506 3.147286 -0.000028
v 8.217003 2.728732 -0.000028
v 8.457865 2.234314 -0.000029
v 8.636065 1.797619 -0.000027
v 8.734865 1.157188 -0.000028
v 8.698479 0.503554 -0.000025
v 8.585588 0.032092 -0.000026
v 8.453909 -0.408644 -0.000024
v 8.115600 -1.106134 -0.000019
v 0.877893 5.854715 -0.086466
v 1.747331 5.807899 -0.172099
v 2.599936 5.745405 -0.256075
v 3.427495 5.643848 -0.337585
v 4.222034 5.464248 -0.415842
v 4.975867 5.183666 -0.490093
v 5.681700 4.863101 -0.559625
v 6.332559 4.500921 -0.623764
v 6.921733 4.139741 -0.681898
v 7.441917 3.741224 -0.733465
v 7.883496 3.301405 -0.777966
v 8.240028 2.814740 -0.814979
v 8.518840 2.259564 -0.844144
v 8.728231 1.636090 -0.865182
v 8.813347 0.911776 -0.871518
v 8.746449 0.209292 -0.863474
v 8.600862 -0.403693 -0.848062
v 8.432376 -1.036907 -0.830856
v 8.079947 -1.955512 -0.795882
v 0.865191 5.854715 -0.172096
v 1.722049 5.807898 -0.342535
v 2.562319 5.745443 -0.509674
v 3.377904 5.644406 -0.671905
v 4.160949 5.469679 -0.827663
v 4.903883 5.215458 -0.975447
v 5.599537 4.912831 -1.113836
v 6.241122 4.578214 -1.241494
v 6.822310 4.221359 -1.357198
v 7.337195 3.830041 -1.459831
v 7.780460 3.385628 -1.548404
v 8.148018 2.868436 -1.622070
v 8.437583 2.267308 -1.680115
v 8.648033 1.579533 -1.721983
v 8.713821 0.821866 -1.734598
v 8.635914 0.086104 -1.718594
v 8.483606 -0.586445 -1.687924
v 8.312716 -1.291106 -1.653687
v 7.963470 -2.213346 -1.584084
v 0.844157 5.854713 -0.256069
v 1.680183 5.807902 -0.509672
v 2.500024 5.745482 -0.758366
v 3.295781 5.644897 -0.999755
v 4.059790 5.473306 -1.231514
v 4.784669 5.228418 -1.451405
v 5.463435 4.932540 -1.657314
v 6.089511 4.602809 -1.847257
v 6.656845 4.246561 -2.019403
v 7.159935 3.853300 -2.172103
v 7.593950 3.404281 -2.303880
v 7.954785 2.878948 -2.413475
v 8.239171 2.266497 -2.499834
v 8.444557 1.566463 -2.562127
v 8.506812 0.799193 -2.580904
v 8.428806 0.053774 -2.557107
v 8.278786 -0.628917 -2.511491
v 8.111174 -1.330108 -2.460566
v 7.769982 -2.200186 -2.357015
v 0.814993 5.854715 -0.337576
v 1.622136 5.807900 -0.671900
v 2.413653 5.745496 -0.999754
v 3.181918 5.645068 -1.317976
v 3.919531 5.474366 -1.623502
v 4.619370 5.231544 -1.913381
v 5.274697 4.937354 -2.184823
v 5.879175 4.608554 -2.435203
v 6.426991 4.252196 -2.662111
v 6.912871 3.858161 -2.863367
v 7.332158 3.407943 -3.037032
v 7.680832 2.880993 -3.181451
v 7.955603 2.266554 -3.295247
v 8.153857 1.564448 -3.377349
v 8.213701 0.795281 -3.402128
v 8.138094 0.048226 -3.370815
v 7.993032 -0.633638 -3.310747
v 7.831057 -1.306249 -3.243674
v 7.501508 -1.868908 -3.107185
v 0.777980 5.854717 -0.415832
v 1.548467 5.807899 -0.827658
v 2.304037 5.745474 -1.231512
v 3.037411 5.644837 -1.623503
v -4.915162 4.054892 -4.915162
v -5.274982 3.572955 -5.274983
v -5.546853 3.147310 -5.546854
v -5.707575 2.728745 -5.707575
v -5.814629 2.234322 -5.814630
v -5.898543 1.797606 -5.898543
v -6.010542 1.157166 -6.010542
v 3.741523 5.472904 -1.999851
v 4.409575 5.227495 -2.356924
v 5.035132 4.932522 -2.691274
v 5.612134 4.604183 -2.999655
v 6.135017 4.248024 -3.279080
v 6.598722 3.854383 -3.526835
v 6.998797 3.405455 -3.740536
v 7.331411 2.880596 -3.918158
v 7.593463 2.268796 -4.058067
v 7.782559 1.569440 -4.159061
v 7.839729 0.802701 -4.189674
v 7.767802 0.057640 -4.151404
v 7.629611 -0.624653 -4.077740
v 7.475219 -1.322821 -3.995378
v 7.160826 -2.176540 -3.827445
v 0.733475 5.854715 -0.490083
v 1.459885 5.807895 -0.975445
v 2.172232 5.745436 -1.451410
v 2.863651 5.644313 -1.913394
v 3.527483 5.468833 -2.356941
v 4.157310 5.212091 -2.777764
v 4.747054 4.912191 -3.171792
v 5.290967 4.584387 -3.535166
v 5.783715 4.227222 -3.864282
v 6.220359 3.832734 -4.155783
v 6.596521 3.389195 -4.406675
v -5.791193 2.728743 5.791193
v -5.949846 2.234317 5.949845
v -5.282976 3.572951 5.282976
v -5.578511 3.147308 5.578510
v 5.949846 2.234317 -5.949845
v 5.791193 2.728743 -5.791193
v 5.282976 3.572951 -5.282976
v 5.578511 3.147308 -5.578510
v 6.908612 2.874415 -4.614592
v 7.154021 2.276352 -4.777907
v 7.331050 1.592035 -4.895729
v 7.385304 0.836546 -4.932146
v 7.319402 0.102327 -4.888876
v 7.191144 -0.570932 -4.803997
v 7.046859 -1.276131 -4.708135
v 6.751029 -2.193341 -4.510746
v 0.681906 5.854714 -0.559614
v 1.357243 5.807898 -1.113837
v 2.019507 5.745401 -1.657330
v 2.662313 5.643771 -2.184856
v 3.279468 5.463332 -2.691328
v 3.865003 5.175629 -3.171847
v 4.413246 4.860031 -3.621750
v 4.918784 4.524706 -4.036576
v 5.376412 4.160150 -4.411988
v 5.780553 3.740224 -4.743204
v 6.125156 3.312994 -5.024864
v 6.406084 2.835028 -5.253453
v 6.624084 2.291398 -5.430209
v 6.777617 1.686237 -5.553997
v 6.826546 0.970745 -5.593968
v 6.777270 0.277898 -5.556066
v 6.674038 -0.337320 -5.474635
v 6.548339 -0.991660 -5.373269
v 6.275821 -1.866952 -5.150217
v 5.283051 3.572928 -5.282906
v 5.578587 3.147287 -5.578436
v 5.791262 2.728732 -5.791117
v 5.949911 2.234314 -5.949766
v 4.915162 4.054892 4.915162
v 5.274982 3.572955 5.274983
v 5.546853 3.147310 5.546854
v 5.707575 2.728745 5.707575
v 5.814629 2.234322 5.814630
v 5.898543 1.797606 5.898543
v 6.010542 1.157166 6.010542
vn 0.1463 0.9859 -0.0810
vn 0.1387 0.9855 -0.0976
vn 0.0808 0.9952 -0.0546
vn 0.0855 0.9953 -0.0462
vn 0.2998 0.9371 -0.1790
vn 0.2745 0.9322 -0.2360
vn 0.2154 0.9619 -0.1681
vn 0.2274 0.9649 -0.1316
vn 0.8111 -0.0117 -0.5848
vn 0.7019 0.0112 -0.7122
vn 0.6873 0.2102 -0.6953
vn 0.8032 0.1900 -0.5646
vn 0.7800 -0.2305 -0.5818
vn 0.6629 -0.2276 -0.7133
vn 0.6860 -0.1474 -0.7125
vn 0.7937 -0.1640 -0.5858
vn -0.5034 0.7020 -0.5037
vn -0.5034 0.7050 -0.4996
vn -0.4325 0.7962 -0.4232
vn -0.4241 0.8001 -0.4242
vn 0.7527 -0.3104 -0.5806
vn 0.5951 -0.3149 -0.7394
vn -0.5722 0.5874 -0.5723
vn -0.5810 0.5817 -0.5693
vn 0.6448 0.3798 -0.6633
vn 0.7608 0.3718 -0.5319
vn -0.6510 0.3907 -0.6508
vn -0.6569 0.4105 -0.6325
vn -0.4365 0.7320 -0.5231
vn -0.3695 0.8124 -0.4512
vn -0.6794 0.2775 -0.6793
vn -0.6896 0.2993 -0.6595
vn -0.5086 0.6185 -0.5990
vn -0.6847 0.2497 -0.6847
vn -0.6913 0.2504 -0.6778
vn -0.5681 0.4655 -0.6786
vn -0.7012 0.1284 -0.7013
vn -0.6963 0.1359 -0.7048
vn -0.7055 -0.0676 -0.7055
vn -0.3654 0.8562 -0.3654
vn -0.3221 0.8590 -0.3981
vn -0.2923 0.8896 -0.3510
vn -0.3308 0.8838 -0.3308
vn 0.0527 0.9980 -0.0353
vn 0.0559 0.9980 -0.0299
vn -0.6419 -0.1192 -0.7574
vn -0.6339 0.0509 -0.7718
vn -0.0692 0.9952 -0.0692
vn -0.0753 0.9952 -0.0623
vn -0.0490 0.9980 -0.0403
vn -0.0449 0.9980 -0.0449
vn -0.6966 -0.1716 -0.6966
vn -0.6436 -0.2051 -0.7374
vn -0.1225 0.9849 -0.1225
vn -0.1305 0.9851 -0.1118
vn -0.6838 -0.2547 -0.6838
vn -0.5905 -0.3008 -0.7489
vn -0.2102 0.9548 -0.2102
vn -0.2063 0.9578 -0.2003
vn -0.6565 -0.3715 -0.6565
vn -0.6000 -0.3587 -0.7151
vn -0.2801 0.9182 -0.2801
vn -0.2578 0.9231 -0.2855
vn -0.5858 0.3394 -0.7360
vn -0.5091 0.7539 -0.4153
vn -0.4274 0.8269 -0.3655
vn -0.6052 0.2247 -0.7637
vn -0.6006 0.6440 -0.4739
vn -0.0273 0.9993 -0.0273
vn -0.0298 0.9993 -0.0245
vn -0.0000 1.0000 -0.0000
vn -0.6808 0.5051 -0.5305
vn -0.7352 0.3651 -0.5711
vn -0.7785 0.2019 -0.5942
vn -0.7596 -0.3063 -0.5738
vn -0.7833 -0.2301 -0.5775
vn -0.2148 0.9626 -0.1651
vn -0.1384 0.9856 -0.0972
vn -0.7444 -0.3641 -0.5598
vn -0.2769 0.9323 -0.2325
vn -0.3239 0.9021 -0.2853
vn -0.3688 0.8703 -0.3264
vn -0.0321 0.9993 -0.0214
vn -0.7529 0.5101 -0.4158
vn -0.6655 0.6477 -0.3711
vn -0.8024 0.0039 -0.5967
vn -0.8159 0.3653 -0.4481
vn -0.0527 0.9980 -0.0353
vn -0.8612 0.1904 -0.4712
vn -0.7955 -0.1584 -0.5848
vn -0.0340 0.9993 -0.0182
vn -0.0807 0.9952 -0.0546
vn -0.8776 -0.0107 -0.4793
vn -0.3607 0.9076 -0.2148
vn -0.3009 0.9370 -0.1774
vn -0.4170 0.8749 -0.2463
vn -0.4836 0.8293 -0.2801
vn -0.5690 0.7565 -0.3226
vn -0.0559 0.9980 -0.0299
vn -0.9066 0.1887 -0.3774
vn -0.8595 0.3646 -0.3582
vn -0.8654 -0.1654 -0.4729
vn -0.0357 0.9993 -0.0148
vn -0.0855 0.9953 -0.0461
vn -0.9234 -0.0125 -0.3837
vn -0.8539 -0.2332 -0.4654
vn -0.0586 0.9980 -0.0243
vn -0.1463 0.9860 -0.0806
vn -0.9108 -0.1665 -0.3777
vn -0.8420 -0.3278 -0.4285
vn -0.2274 0.9651 -0.1300
vn -0.8213 -0.4029 -0.4039
vn -0.7035 0.6475 -0.2929
vn -0.6041 0.7562 -0.2515
vn -0.7940 0.5101 -0.3308
vn -0.0897 0.9953 -0.0371
vn -0.0607 0.9980 -0.0184
vn -0.0369 0.9993 -0.0112
vn -0.8980 -0.2355 -0.3717
vn -0.9458 -0.1670 -0.2787
vn -0.9581 -0.0129 -0.2862
vn -0.1538 0.9861 -0.0635
vn -0.0931 0.9953 -0.0278
vn -0.8676 -0.3458 -0.3574
vn -0.9327 -0.2343 -0.2740
vn -0.2402 0.9657 -0.0989
vn -0.1608 0.9859 -0.0462
vn -0.8285 -0.4457 -0.3390
vn -0.3201 0.9381 -0.1320
vn -0.3855 0.9088 -0.1598
vn -0.4460 0.8756 -0.1857
vn -0.5159 0.8293 -0.2149
vn -0.9400 0.1891 -0.2839
vn -0.8982 -0.3305 -0.2897
vn -0.1671 0.9855 -0.0291
vn -0.0957 0.9952 -0.0185
vn -0.2538 0.9649 -0.0678
vn -0.9424 -0.3112 -0.1223
vn -0.9622 -0.2324 -0.1422
vn -0.8652 -0.4075 -0.2922
vn -0.2712 0.9619 -0.0334
vn -0.3385 0.9371 -0.0854
vn -0.9205 -0.3711 -0.1224
vn -0.4049 0.9086 -0.1029
vn -0.3610 0.9322 -0.0273
vn -0.4668 0.8757 -0.1235
vn -0.5391 0.8292 -0.1476
vn -0.6290 0.7569 -0.1776
vn -0.7301 0.6494 -0.2127
vn -0.8230 0.5122 -0.2456
vn -0.8908 0.3661 -0.2691
vn -0.4233 0.9056 -0.0273
vn -0.4448 0.8946 0.0430
vn -0.3847 0.9229 0.0177
vn -0.5619 0.8254 -0.0546
vn -0.4848 0.8737 -0.0394
vn -0.5012 0.8634 0.0571
vn -0.6504 0.7560 -0.0738
vn -0.5828 0.8105 0.0586
vn -0.7475 0.6559 -0.1052
vn -0.6698 0.7403 0.0570
vn -0.8419 0.5208 -0.1413
vn -0.9125 0.3734 -0.1672
vn -0.9657 0.1908 -0.1759
vn -0.0379 0.9993 -0.0075
vn -0.9859 -0.0128 -0.1671
vn -0.0622 0.9980 -0.0123
vn -0.9743 -0.1664 -0.1517
vn -0.2902 0.9569 -0.0060
vn -0.7521 0.6577 0.0417
vn -0.7608 0.6489 0.0076
vn -0.6838 0.7297 0.0043
vn -0.0384 0.9993 -0.0038
vn -0.8497 0.5272 0.0132
vn -0.8542 0.5198 0.0123
vn -0.9999 0.0052 -0.0145
vn -0.9770 0.2123 -0.0201
vn -0.0631 0.9980 -0.0062
vn -0.9876 -0.1568 0.0049
vn -0.0973 0.9952 -0.0092
vn -0.9712 -0.2365 0.0298
vn -0.1717 0.9851 -0.0136
vn -0.9425 -0.3188 0.1006
vn -0.9237 -0.3722 0.0910
vn -0.5137 0.8579 0.0115
vn -0.4634 0.8862 0.0021
vn -0.5961 0.8028 0.0090
vn -0.9214 0.3884 -0.0086
vn -0.0979 0.9952 -0.0000
vn -0.0634 0.9980 -0.0000
vn -0.9708 -0.2394 -0.0149
vn -0.9904 -0.1375 -0.0134
vn -0.1733 0.9849 -0.0004
vn -0.9529 -0.3029 -0.0120
vn -0.2982 0.9545 -0.0028
vn -0.9200 -0.3916 -0.0145
vn -0.3960 0.9182 -0.0047
vn -0.9193 0.3932 0.0140
vn -0.6687 0.7415 -0.0552
vn -0.5776 0.8144 -0.0566
vn -0.9690 0.2469 0.0089
vn -0.7588 0.6501 -0.0386
vn -0.0386 0.9993 -0.0000
vn -0.8548 0.5188 -0.0099
vn -0.9991 0.0411 -0.0035
vn -0.9229 0.3849 0.0118
vn -0.9758 0.2177 0.0223
vn -0.2875 0.9578 0.0043
vn -0.1713 0.9851 0.0132
vn -0.9276 -0.3651 -0.0788
vn -0.9419 -0.3190 -0.1047
vn -0.3841 0.9231 -0.0196
vn -0.4546 0.8897 -0.0415
vn -0.5085 0.8594 -0.0535
vn -0.0384 0.9993 0.0038
vn -0.8463 0.5164 0.1307
vn -0.7520 0.6515 0.1001
vn -0.9999 0.0089 0.0141
vn -0.9152 0.3724 0.1544
vn -0.0631 0.9980 0.0062
vn -0.9655 0.1967 0.1705
vn -0.9864 -0.1638 -0.0087
vn -0.0378 0.9993 0.0075
vn -0.0973 0.9952 0.0092
vn -0.9847 -0.0078 0.1742
vn -0.9688 -0.2452 -0.0353
vn -0.4911 0.8706 0.0302
vn -0.4306 0.9021 0.0274
vn -0.5594 0.8277 0.0446
vn -0.6499 0.7568 0.0696
vn -0.0622 0.9980 0.0123
vn -0.9404 0.1897 0.2823
vn -0.8917 0.3660 0.2663
vn -0.9720 -0.1678 0.1645
vn -0.0369 0.9993 0.0112
vn -0.0957 0.9952 0.0185
vn -0.9579 -0.0123 0.2868
vn -0.9596 -0.2363 0.1524
vn -0.0607 0.9980 0.0184
vn -0.1666 0.9856 0.0292
vn -0.9452 -0.1670 0.2807
vn -0.9416 -0.3091 0.1337
vn -0.2686 0.9626 0.0352
vn -0.9214 -0.3655 0.1316
vn -0.3602 0.9324 0.0314
vn -0.8242 0.5116 0.2429
vn -0.7312 0.6489 0.2106
vn -0.0931 0.9953 0.0279
vn -0.9107 -0.1668 0.3780
vn -0.9237 -0.0128 0.3830
vn -0.9320 -0.2344 0.2764
vn -0.0897 0.9953 0.0372
vn -0.0586 0.9980 0.0243
vn -0.1604 0.9860 0.0465
vn -0.8975 -0.2357 0.3727
vn -0.8978 -0.3285 0.2932
vn -0.1536 0.9861 0.0638
vn -0.2527 0.9651 0.0689
vn -0.8660 -0.3459 0.3612
vn -0.8660 -0.4034 0.2956
vn -0.3381 0.9370 0.0874
vn -0.4068 0.9077 0.1032
vn -0.4688 0.8750 0.1209
vn -0.5395 0.8296 0.1443
vn -0.6293 0.7571 0.1753
vn -0.2398 0.9657 0.0999
vn -0.8399 -0.3304 0.4306
vn -0.8530 -0.2341 0.4664
vn -0.8254 -0.4458 0.3463
vn -0.2274 0.9649 0.1316
vn -0.1463 0.9859 0.0810
vn -0.3197 0.9381 0.1330
vn -0.8183 -0.4075 0.4054
vn -0.3856 0.9088 0.1596
vn -0.2998 0.9371 0.1790
vn -0.4465 0.8756 0.1842
vn -0.3590 0.9086 0.2136
vn -0.5165 0.8293 0.2131
vn -0.6046 0.7563 0.2498
vn -0.7041 0.6477 0.2911
vn -0.7947 0.5103 0.3287
vn -0.8604 0.3646 0.3560
vn -0.9073 0.1886 0.3758
vn -0.0357 0.9993 0.0148
vn -0.5702 0.7568 0.3195
vn -0.4855 0.8292 0.2770
vn -0.4359 0.8253 0.3590
vn -0.3707 0.8737 0.3151
vn -0.4174 0.8757 0.2428
vn -0.6664 0.6493 0.3665
vn -0.5121 0.7556 0.4085
vn -0.7552 0.5120 0.4093
vn -0.6026 0.6550 0.4559
vn -0.8196 0.3659 0.4409
vn -0.8647 0.1890 0.4654
vn -0.0340 0.9993 0.0182
vn -0.8791 -0.0128 0.4764
vn -0.0559 0.9980 0.0299
vn -0.8653 -0.1667 0.4727
vn -0.0855 0.9953 0.0462
vn -0.3186 0.9056 0.2800
vn -0.2745 0.9322 0.2360
vn -0.8111 -0.0117 0.5848
vn -0.8032 0.1900 0.5646
vn -0.7608 0.3718 0.5319
vn -0.6448 0.3798 0.6633
vn -0.5861 0.5189 0.6223
vn -0.6940 0.5194 0.4986
vn -0.0527 0.9980 0.0353
vn -0.0321 0.9993 0.0215
vn -0.7937 -0.1640 0.5858
vn -0.0808 0.9952 0.0546
vn -0.7800 -0.2305 0.5818
vn -0.1387 0.9855 0.0976
vn -0.7527 -0.3104 0.5806
vn -0.2154 0.9619 0.1681
vn -0.7373 -0.3708 0.5647
vn -0.3708 0.8102 0.4540
vn -0.3140 0.8634 0.3949
vn -0.4336 0.7388 0.5159
vn -0.5017 0.6530 0.5673
vn -0.6629 -0.2276 0.7133
vn -0.6860 -0.1474 0.7125
vn -0.1310 0.9851 0.1118
vn -0.0753 0.9952 0.0623
vn -0.5951 -0.3149 0.7394
vn -0.2095 0.9569 0.2010
vn -0.5888 -0.3709 0.7182
vn -0.2595 0.9228 0.2846
vn -0.2842 0.8946 0.3450
vn -0.6873 0.2102 0.6953
vn -0.5374 0.6411 0.5479
vn -0.4930 0.7208 0.4872
vn -0.0298 0.9993 0.0245
vn -0.6016 0.5036 0.6200
vn -0.7019 0.0112 0.7122
vn -0.6465 0.3830 0.6598
vn -0.0490 0.9980 0.0403
vn -0.6868 0.2378 0.6868
vn -0.0273 0.9993 0.0273
vn -0.6502 -0.3931 0.6502
vn -0.6761 -0.2927 0.6761
vn -0.2800 0.9183 0.2800
vn -0.2116 0.9542 0.2116
vn -0.3247 0.8883 0.3247
vn -0.3619 0.8591 0.3619
vn -0.4245 0.7997 0.4245
vn -0.7064 0.0445 0.7064
vn 0.7055 -0.0676 0.7055
vn 0.7048 0.1359 0.6963
vn 0.7718 0.0509 0.6339
vn 0.7574 -0.1192 0.6419
vn -0.0449 0.9980 0.0449
vn 0.0692 0.9952 0.0692
vn 0.0449 0.9980 0.0449
vn 0.0403 0.9980 0.0490
vn 0.0623 0.9952 0.0753
vn -0.7017 -0.1235 0.7017
vn 0.5034 0.7020 0.5037
vn 0.4241 0.8001 0.4242
vn 0.4231 0.7962 0.4325
vn 0.4994 0.7050 0.5036
vn -0.0692 0.9952 0.0692
vn 0.6966 -0.1716 0.6966
vn 0.7374 -0.2051 0.6436
vn -0.6896 -0.2211 0.6896
vn 0.5722 0.5874 0.5723
vn 0.5692 0.5817 0.5810
vn -0.1227 0.9848 0.1227
vn 0.7012 0.1284 0.7013
vn 0.6847 0.2497 0.6847
vn 0.6778 0.2504 0.6913
vn 0.3654 0.8562 0.3654
vn 0.3308 0.8838 0.3308
vn 0.3510 0.8896 0.2923
vn 0.3981 0.8590 0.3221
vn 0.4512 0.8124 0.3695
vn 0.1225 0.9849 0.1225
vn 0.1118 0.9851 0.1305
vn 0.7151 -0.3587 0.6000
vn 0.7489 -0.3008 0.5905
vn 0.5738 -0.3063 0.7596
vn 0.5598 -0.3641 0.7444
vn 0.6510 0.3907 0.6508
vn 0.6325 0.4105 0.6568
vn 0.2801 0.9182 0.2801
vn 0.2855 0.9231 0.2578
vn 0.6838 -0.2547 0.6838
vn 0.2003 0.9578 0.2063
vn 0.1651 0.9626 0.2148
vn 0.2325 0.9323 0.2769
vn 0.5231 0.7320 0.4365
vn 0.6595 0.2993 0.6895
vn 0.6786 0.4655 0.5681
vn 0.7360 0.3394 0.5858
vn 0.2102 0.9548 0.2102
vn 0.2853 0.9021 0.3239
vn 0.6794 0.2775 0.6793
vn 0.6565 -0.3715 0.6565
vn 0.5990 0.6185 0.5086
vn 0.0972 0.9856 0.1384
vn 0.3655 0.8269 0.4274
vn 0.4153 0.7539 0.5091
vn 0.4739 0.6440 0.6006
vn 0.3226 0.7565 0.5690
vn 0.3711 0.6477 0.6655
vn 0.3264 0.8703 0.3688
vn 0.5711 0.3651 0.7352
vn 0.5305 0.5051 0.6808
vn 0.4158 0.5101 0.7529
vn 0.4481 0.3653 0.8159
vn 0.7637 0.2247 0.6052
vn 0.0353 0.9980 0.0527
vn 0.0214 0.9993 0.0321
vn 0.0182 0.9993 0.0340
vn 0.0299 0.9980 0.0559
vn 0.0245 0.9993 0.0298
vn 0.4712 0.1904 0.8612
vn 0.3582 0.3646 0.8595
vn 0.3774 0.1887 0.9066
vn 0.0273 0.9993 0.0273
vn 0.5942 0.2019 0.7785
vn 0.5775 -0.2301 0.7833
vn 0.4654 -0.2332 0.8539
vn 0.4729 -0.1654 0.8654
vn 0.3777 -0.1665 0.9108
vn 0.3717 -0.2355 0.8980
vn 0.5967 0.0039 0.8024
vn 0.5848 -0.1584 0.7955
vn 0.3837 -0.0125 0.9234
vn 0.2862 -0.0129 0.9581
vn 0.2787 -0.1670 0.9458
vn 0.0546 0.9952 0.0807
vn 0.0148 0.9993 0.0357
vn 0.0243 0.9980 0.0586
vn 0.4793 -0.0107 0.8776
vn 0.0461 0.9953 0.0855
vn 0.0806 0.9860 0.1463
vn 0.1774 0.9370 0.3009
vn 0.2148 0.9076 0.3607
vn 0.2463 0.8749 0.4170
vn 0.2801 0.8293 0.4836
vn 0.1320 0.9381 0.3201
vn 0.1598 0.9088 0.3855
vn 0.4285 -0.3278 0.8420
vn 0.4039 -0.4029 0.8213
vn 0.1857 0.8756 0.4460
vn 0.1300 0.9651 0.2274
vn 0.2149 0.8293 0.5159
vn 0.2515 0.7562 0.6041
vn 0.2929 0.6475 0.7035
vn 0.3308 0.5101 0.7940
vn 0.0371 0.9953 0.0897
vn 0.0112 0.9993 0.0369
vn 0.0184 0.9980 0.0607
vn 0.3574 -0.3458 0.8676
vn 0.3390 -0.4457 0.8285
vn 0.0989 0.9657 0.2402
vn 0.0273 0.9056 0.4233
vn 0.0273 0.9322 0.3610
vn -0.0177 0.9229 0.3847
vn -0.0430 0.8946 0.4448
vn 0.0278 0.9953 0.0931
vn 0.0635 0.9861 0.1538
vn 0.0462 0.9859 0.1608
vn 0.0678 0.9649 0.2538
vn 0.2897 -0.3305 0.8982
vn 0.2740 -0.2343 0.9327
vn 0.1422 -0.2324 0.9622
vn 0.1223 -0.3112 0.9424
vn 0.2922 -0.4075 0.8652
vn 0.0291 0.9855 0.1671
vn 0.0334 0.9619 0.2712
vn 0.2127 0.6494 0.7301
vn 0.2456 0.5122 0.8230
vn 0.2839 0.1891 0.9400
vn 0.2691 0.3661 0.8908
vn 0.0185 0.9952 0.0957
vn 0.0854 0.9371 0.3385
vn 0.1776 0.7569 0.6290
vn 0.0738 0.7560 0.6504
vn 0.1052 0.6559 0.7475
vn 0.1029 0.9086 0.4049
vn 0.1235 0.8757 0.4668
vn 0.0546 0.8254 0.5619
vn -0.0586 0.8105 0.5828
vn -0.0570 0.7403 0.6698
vn 0.1476 0.8292 0.5391
vn 0.0394 0.8737 0.4848
vn 0.0060 0.9569 0.2902
vn -0.0571 0.8634 0.5012
vn -0.0417 0.6577 0.7521
vn -0.0043 0.7297 0.6838
vn -0.0076 0.6489 0.7608
vn 0.1224 -0.3711 0.9205
vn 0.0075 0.9993 0.0379
vn 0.0038 0.9993 0.0384
vn 0.1413 0.5208 0.8419
vn 0.0123 0.9980 0.0622
vn 0.1671 -0.0128 0.9859
vn 0.1517 -0.1664 0.9743
vn -0.0132 0.5272 0.8497
vn -0.0123 0.5198 0.8542
vn 0.0092 0.9952 0.0973
vn 0.0062 0.9980 0.0631
vn -0.0000 0.9980 0.0634
vn -0.0000 0.9952 0.0979
vn 0.1672 0.3734 0.9125
vn -0.0298 -0.2365 0.9712
vn -0.0049 -0.1568 0.9876
vn 0.0134 -0.1375 0.9904
vn 0.0149 -0.2394 0.9708
vn 0.1759 0.1908 0.9657
vn 0.0201 0.2123 0.9770
vn 0.0145 0.0052 0.9999
vn 0.0136 0.9851 0.1717
vn 0.0004 0.9849 0.1733
vn 0.0086 0.3884 0.9214
vn -0.0090 0.8028 0.5961
vn -0.1006 -0.3188 0.9425
vn 0.0120 -0.3029 0.9529
vn 0.0047 0.9182 0.3960
vn 0.0028 0.9545 0.2982
vn -0.0043 0.9578 0.2875
vn 0.0196 0.9231 0.3841
vn -0.0140 0.3932 0.9193
vn -0.0021 0.8862 0.4634
vn 0.0415 0.8897 0.4546
vn 0.0566 0.8144 0.5776
vn 0.0552 0.7415 0.6687
vn -0.0910 -0.3722 0.9237
vn 0.0145 -0.3916 0.9200
vn -0.0115 0.8579 0.5137
vn 0.0535 0.8594 0.5085
vn -0.0089 0.2469 0.9690
vn -0.0062 0.9980 0.0631
vn -0.0038 0.9993 0.0384
vn -0.0075 0.9993 0.0378
vn -0.0123 0.9980 0.0622
vn -0.0000 0.9993 0.0386
vn 0.0386 0.6501 0.7588
vn -0.1705 0.1967 0.9655
vn -0.1544 0.3724 0.9152
vn -0.2663 0.3660 0.8917
vn -0.2823 0.1897 0.9404
vn -0.0223 0.2177 0.9758
vn -0.0118 0.3849 0.9229
vn 0.0087 -0.1638 0.9864
vn -0.0141 0.0089 0.9999
vn -0.1742 -0.0078 0.9847
vn -0.1645 -0.1678 0.9720
vn 0.0099 0.5188 0.8548
vn 0.0035 0.0411 0.9991
vn -0.0132 0.9851 0.1713
vn 0.1047 -0.3190 0.9419
vn 0.0788 -0.3651 0.9276
vn -0.0302 0.8706 0.4911
vn -0.0446 0.8277 0.5594
vn -0.1001 0.6515 0.7520
vn -0.1307 0.5164 0.8463
vn -0.0696 0.7568 0.6499
vn -0.0292 0.9856 0.1666
vn -0.0185 0.9952 0.0957
vn -0.0279 0.9953 0.0931
vn -0.0465 0.9860 0.1604
vn -0.0092 0.9952 0.0973
vn -0.2868 -0.0123 0.9579
vn -0.2807 -0.1670 0.9452
vn 0.0353 -0.2452 0.9688
vn -0.1524 -0.2363 0.9596
vn -0.1337 -0.3091 0.9416
vn -0.0352 0.9626 0.2686
vn -0.0274 0.9021 0.4306
vn -0.2764 -0.2344 0.9320
vn -0.0184 0.9980 0.0607
vn -0.0243 0.9980 0.0586
vn -0.0372 0.9953 0.0897
vn -0.0112 0.9993 0.0369
vn -0.1316 -0.3655 0.9214
vn -0.0314 0.9324 0.3602
vn -0.0874 0.9370 0.3381
vn -0.1032 0.9077 0.4068
vn -0.1209 0.8750 0.4688
vn -0.1443 0.8296 0.5395
vn -0.2106 0.6489 0.7312
vn -0.2429 0.5116 0.8242
vn -0.1753 0.7571 0.6293
vn -0.3830 -0.0128 0.9237
vn -0.3780 -0.1668 0.9107
vn -0.2932 -0.3285 0.8978
vn -0.2956 -0.4034 0.8660
vn -0.0689 0.9651 0.2527
vn -0.0638 0.9861 0.1536
vn -0.0999 0.9657 0.2398
vn -0.0148 0.9993 0.0357
vn -0.3612 -0.3459 0.8660
vn -0.3727 -0.2357 0.8975
vn -0.4664 -0.2341 0.8530
vn -0.4306 -0.3304 0.8399
vn -0.3758 0.1886 0.9073
vn -0.3463 -0.4458 0.8254
vn -0.2498 0.7563 0.6046
vn -0.2131 0.8293 0.5165
vn -0.2770 0.8292 0.4855
vn -0.3195 0.7568 0.5702
vn -0.2428 0.8757 0.4174
vn -0.3151 0.8737 0.3707
vn -0.3590 0.8253 0.4359
vn -0.0810 0.9859 0.1463
vn -0.1316 0.9649 0.2274
vn -0.1330 0.9381 0.3197
vn -0.4054 -0.4075 0.8183
vn -0.1596 0.9088 0.3856
vn -0.2136 0.9086 0.3590
vn -0.2800 0.9056 0.3186
vn -0.2911 0.6477 0.7041
vn -0.3665 0.6493 0.6664
vn -0.4764 -0.0128 0.8791
vn -0.4654 0.1890 0.8647
vn -0.5646 0.1900 0.8032
vn -0.5848 -0.0117 0.8111
vn -0.1842 0.8756 0.4465
vn -0.5319 0.3718 0.7608
vn -0.4986 0.5194 0.6940
vn -0.6223 0.5189 0.5861
vn -0.6633 0.3798 0.6448
vn -0.4085 0.7556 0.5121
vn -0.3560 0.3646 0.8604
vn -0.4409 0.3659 0.8196
vn -0.1790 0.9371 0.2998
vn 0.7947 0.5103 -0.3287
vn 0.7552 0.5120 -0.4093
vn 0.6664 0.6493 -0.3665
vn 0.7041 0.6477 -0.2911
vn -0.3287 0.5103 0.7947
vn -0.4093 0.5120 0.7552
vn -0.4559 0.6550 0.6026
vn -0.4727 -0.1667 0.8653
vn 0.0340 0.9993 -0.0182
vn 0.0321 0.9993 -0.0215
vn -0.0299 0.9980 0.0559
vn -0.0462 0.9953 0.0855
vn -0.2360 0.9322 0.2745
vn 0.1310 0.9851 -0.1118
vn 0.0753 0.9952 -0.0623
vn 0.2095 0.9569 -0.2010
vn 0.7373 -0.3708 -0.5647
vn 0.5888 -0.3709 -0.7182
vn 0.3707 0.8737 -0.3151
vn 0.3140 0.8634 -0.3949
vn 0.2842 0.8946 -0.3450
vn 0.3186 0.9056 -0.2800
vn 0.5017 0.6530 -0.5673
vn 0.5374 0.6411 -0.5479
vn 0.4930 0.7208 -0.4872
vn 0.4336 0.7388 -0.5159
vn 0.6459 0.3830 -0.6604
vn 0.6016 0.5036 -0.6200
vn 0.5861 0.5189 -0.6223
vn 0.8604 0.3646 -0.3560
vn 0.8196 0.3659 -0.4409
vn 0.6026 0.6550 -0.4559
vn 0.5121 0.7556 -0.4085
vn 0.0298 0.9993 -0.0245
vn -0.0182 0.9993 0.0340
vn 0.6940 0.5194 -0.4986
vn -0.4231 0.7962 -0.4325
vn -0.4994 0.7050 -0.5036
vn -0.5692 0.5817 -0.5810
vn -0.6325 0.4105 -0.6568
vn -0.6595 0.2993 -0.6895
vn -0.6778 0.2504 -0.6913
vn -0.7048 0.1359 -0.6963
vn 0.9073 0.1886 -0.3758
vn 0.8647 0.1890 -0.4654
vn 0.0357 0.9993 -0.0148
vn 0.9237 -0.0128 -0.3830
vn 0.8791 -0.0128 -0.4764
vn 0.2595 0.9228 -0.2846
vn -0.3510 0.8896 -0.2923
vn -0.3981 0.8590 -0.3221
vn -0.4512 0.8124 -0.3695
vn -0.5231 0.7320 -0.4365
vn -0.5990 0.6185 -0.5086
vn -0.6786 0.4655 -0.5681
vn -0.7360 0.3394 -0.5858
vn -0.7637 0.2247 -0.6052
vn -0.0245 0.9993 -0.0298
vn -0.7718 0.0509 -0.6339
vn -0.0403 0.9980 -0.0490
vn -0.7574 -0.1192 -0.6419
vn -0.0623 0.9952 -0.0753
vn -0.7374 -0.2051 -0.6436
vn -0.1118 0.9851 -0.1305
vn -0.7489 -0.3008 -0.5905
vn -0.2003 0.9578 -0.2063
vn -0.7151 -0.3587 -0.6000
vn -0.2855 0.9231 -0.2578
vn -0.3655 0.8269 -0.4274
vn -0.4153 0.7539 -0.5091
vn -0.4739 0.6440 -0.6006
vn -0.5305 0.5051 -0.6808
vn -0.5711 0.3651 -0.7352
vn -0.5942 0.2019 -0.7785
vn -0.0214 0.9993 -0.0321
vn -0.5967 0.0039 -0.8024
vn -0.0353 0.9980 -0.0527
vn -0.5848 -0.1584 -0.7955
vn -0.0546 0.9952 -0.0807
vn -0.5775 -0.2301 -0.7833
vn -0.0972 0.9856 -0.1384
vn -0.5738 -0.3063 -0.7596
vn -0.1651 0.9626 -0.2148
vn -0.5598 -0.3641 -0.7444
vn -0.2325 0.9323 -0.2769
vn -0.2853 0.9021 -0.3239
vn -0.3264 0.8703 -0.3688
vn -0.3711 0.6477 -0.6655
vn -0.4158 0.5101 -0.7529
vn -0.4481 0.3653 -0.8159
vn -0.4712 0.1904 -0.8612
vn -0.0182 0.9993 -0.0340
vn -0.4793 -0.0107 -0.8776
vn -0.0299 0.9980 -0.0559
vn -0.4729 -0.1654 -0.8654
vn -0.0461 0.9953 -0.0855
vn -0.4654 -0.2332 -0.8539
vn -0.0806 0.9860 -0.1463
vn -0.4285 -0.3278 -0.8420
vn -0.1300 0.9651 -0.2274
vn -0.4039 -0.4029 -0.8213
vn -0.1774 0.9370 -0.3009
vn -0.2148 0.9076 -0.3607
vn -0.2463 0.8749 -0.4170
vn -0.2801 0.8293 -0.4836
vn -0.3226 0.7565 -0.5690
vn -0.3582 0.3646 -0.8595
vn -0.3774 0.1887 -0.9066
vn -0.0148 0.9993 -0.0357
vn -0.3837 -0.0125 -0.9234
vn -0.0243 0.9980 -0.0586
vn -0.3777 -0.1665 -0.9108
vn -0.0371 0.9953 -0.0897
vn -0.3717 -0.2355 -0.8980
vn -0.0635 0.9861 -0.1538
vn -0.3574 -0.3458 -0.8676
vn -0.0989 0.9657 -0.2402
vn -0.3390 -0.4457 -0.8285
vn -0.1320 0.9381 -0.3201
vn -0.1598 0.9088 -0.3855
vn -0.1857 0.8756 -0.4460
vn -0.2149 0.8293 -0.5159
vn -0.2515 0.7562 -0.6041
vn -0.2929 0.6475 -0.7035
vn -0.3308 0.5101 -0.7940
vn -0.0112 0.9993 -0.0369
vn -0.0184 0.9980 -0.0607
vn -0.2862 -0.0129 -0.9581
vn -0.2787 -0.1670 -0.9458
vn -0.0278 0.9953 -0.0931
vn -0.2740 -0.2343 -0.9327
vn -0.0462 0.9859 -0.1608
vn -0.2897 -0.3305 -0.8982
vn -0.0678 0.9649 -0.2538
vn -0.2922 -0.4075 -0.8652
vn -0.0854 0.9371 -0.3385
vn -0.1029 0.9086 -0.4049
vn -0.1235 0.8757 -0.4668
vn -0.1476 0.8292 -0.5391
vn -0.1776 0.7569 -0.6290
vn -0.2127 0.6494 -0.7301
vn -0.2456 0.5122 -0.8230
vn -0.2691 0.3661 -0.8908
vn -0.2839 0.1891 -0.9400
vn -0.0185 0.9952 -0.0957
vn -0.0291 0.9855 -0.1671
vn -0.1422 -0.2324 -0.9622
vn -0.1223 -0.3112 -0.9424
vn -0.0334 0.9619 -0.2712
vn -0.1224 -0.3711 -0.9205
vn -0.0273 0.9322 -0.3610
vn -0.0273 0.9056 -0.4233
vn -0.0394 0.8737 -0.4848
vn -0.0546 0.8254 -0.5619
vn -0.0738 0.7560 -0.6504
vn -0.1052 0.6559 -0.7475
vn -0.1413 0.5208 -0.8419
vn -0.1672 0.3734 -0.9125
vn -0.1759 0.1908 -0.9657
vn -0.0075 0.9993 -0.0379
vn -0.1671 -0.0128 -0.9859
vn -0.0123 0.9980 -0.0622
vn -0.1517 -0.1664 -0.9743
vn -0.0060 0.9569 -0.2902
vn 0.0177 0.9229 -0.3847
vn 0.0430 0.8946 -0.4448
vn 0.0571 0.8634 -0.5012
vn 0.0586 0.8105 -0.5828
vn 0.0570 0.7403 -0.6698
vn 0.0417 0.6577 -0.7521
vn 0.0132 0.5272 -0.8497
vn -0.0086 0.3884 -0.9214
vn -0.0201 0.2123 -0.9770
vn -0.0038 0.9993 -0.0384
vn -0.0145 0.0052 -0.9999
vn -0.0062 0.9980 -0.0631
vn 0.0049 -0.1568 -0.9876
vn -0.0092 0.9952 -0.0973
vn 0.0298 -0.2365 -0.9712
vn -0.0136 0.9851 -0.1717
vn 0.1006 -0.3188 -0.9425
vn 0.0910 -0.3722 -0.9237
vn 0.0021 0.8862 -0.4634
vn 0.0115 0.8579 -0.5137
vn 0.0090 0.8028 -0.5961
vn 0.0043 0.7297 -0.6838
vn 0.0076 0.6489 -0.7608
vn 0.0123 0.5198 -0.8542
vn 0.0140 0.3932 -0.9193
vn 0.0089 0.2469 -0.9690
vn -0.0000 0.9993 -0.0386
vn -0.0035 0.0411 -0.9991
vn -0.0000 0.9980 -0.0634
vn -0.0134 -0.1375 -0.9904
vn -0.0000 0.9952 -0.0979
vn -0.0149 -0.2394 -0.9708
vn -0.0004 0.9849 -0.1733
vn -0.0120 -0.3029 -0.9529
vn -0.0028 0.9545 -0.2982
vn -0.0145 -0.3916 -0.9200
vn -0.0047 0.9182 -0.3960
vn -0.0566 0.8144 -0.5776
vn -0.0552 0.7415 -0.6687
vn -0.0386 0.6501 -0.7588
vn -0.0099 0.5188 -0.8548
vn 0.0118 0.3849 -0.9229
vn 0.0223 0.2177 -0.9758
vn 0.0038 0.9993 -0.0384
vn 0.0141 0.0089 -0.9999
vn 0.0062 0.9980 -0.0631
vn -0.0087 -0.1638 -0.9864
vn 0.0092 0.9952 -0.0973
vn -0.0353 -0.2452 -0.9688
vn 0.0132 0.9851 -0.1713
vn -0.1047 -0.3190 -0.9419
vn 0.0043 0.9578 -0.2875
vn -0.0788 -0.3651 -0.9276
vn -0.0196 0.9231 -0.3841
vn -0.0415 0.8897 -0.4546
vn -0.0535 0.8594 -0.5085
vn 0.1001 0.6515 -0.7520
vn 0.1307 0.5164 -0.8463
vn 0.1544 0.3724 -0.9152
vn 0.1705 0.1967 -0.9655
vn 0.0075 0.9993 -0.0378
vn 0.1742 -0.0078 -0.9847
vn 0.0123 0.9980 -0.0622
vn 0.1645 -0.1678 -0.9720
vn 0.0185 0.9952 -0.0957
vn 0.1524 -0.2363 -0.9596
vn 0.0292 0.9856 -0.1666
vn 0.1337 -0.3091 -0.9416
vn 0.0352 0.9626 -0.2686
vn 0.1316 -0.3655 -0.9214
vn 0.0314 0.9324 -0.3602
vn 0.0274 0.9021 -0.4306
vn 0.0302 0.8706 -0.4911
vn 0.0446 0.8277 -0.5594
vn 0.0696 0.7568 -0.6499
vn 0.2663 0.3660 -0.8917
vn 0.2823 0.1897 -0.9404
vn 0.0112 0.9993 -0.0369
vn 0.2868 -0.0123 -0.9579
vn 0.0184 0.9980 -0.0607
vn 0.2807 -0.1670 -0.9452
vn 0.0279 0.9953 -0.0931
vn 0.2764 -0.2344 -0.9320
vn 0.0465 0.9860 -0.1604
vn 0.2932 -0.3285 -0.8978
vn 0.0689 0.9651 -0.2527
vn 0.2956 -0.4034 -0.8660
vn 0.0874 0.9370 -0.3381
vn 0.1032 0.9077 -0.4068
vn 0.1209 0.8750 -0.4688
vn 0.1443 0.8296 -0.5395
vn 0.1753 0.7571 -0.6293
vn 0.2106 0.6489 -0.7312
vn 0.2429 0.5116 -0.8242
vn 0.3830 -0.0128 -0.9237
vn 0.3780 -0.1668 -0.9107
vn 0.0243 0.9980 -0.0586
vn 0.0372 0.9953 -0.0897
vn 0.3727 -0.2357 -0.8975
vn 0.0638 0.9861 -0.1536
vn 0.3612 -0.3459 -0.8660
vn 0.0999 0.9657 -0.2398
vn 0.3463 -0.4458 -0.8254
vn 0.1330 0.9381 -0.3197
vn 0.1596 0.9088 -0.3856
vn 0.1842 0.8756 -0.4465
vn 0.2131 0.8293 -0.5165
vn 0.2498 0.7563 -0.6046
vn 0.2911 0.6477 -0.7041
vn 0.3287 0.5103 -0.7947
vn 0.3560 0.3646 -0.8604
vn 0.3758 0.1886 -0.9073
vn 0.0148 0.9993 -0.0357
vn 0.4664 -0.2341 -0.8530
vn 0.4306 -0.3304 -0.8399
vn 0.0810 0.9859 -0.1463
vn 0.1316 0.9649 -0.2274
vn 0.4054 -0.4075 -0.8183
vn 0.1790 0.9371 -0.2998
vn 0.2136 0.9086 -0.3590
vn 0.2428 0.8757 -0.4174
vn 0.2770 0.8292 -0.4855
vn 0.3195 0.7568 -0.5702
vn 0.3665 0.6493 -0.6664
vn 0.4093 0.5120 -0.7552
vn 0.4409 0.3659 -0.8196
vn 0.4654 0.1890 -0.8647
vn 0.0182 0.9993 -0.0340
vn 0.4764 -0.0128 -0.8791
vn 0.0299 0.9980 -0.0559
vn 0.4727 -0.1667 -0.8653
vn 0.0462 0.9953 -0.0855
vn 0.2360 0.9322 -0.2745
vn 0.2800 0.9056 -0.3186
vn 0.3151 0.8737 -0.3707
vn 0.3590 0.8253 -0.4359
vn 0.4085 0.7556 -0.5121
vn 0.4559 0.6550 -0.6026
vn 0.4986 0.5194 -0.6940
vn 0.5319 0.3718 -0.7608
vn 0.5646 0.1900 -0.8032
vn 0.0215 0.9993 -0.0321
vn 0.5848 -0.0117 -0.8111
vn 0.0353 0.9980 -0.0527
vn 0.5858 -0.1640 -0.7937
vn 0.0546 0.9952 -0.0808
vn 0.5818 -0.2305 -0.7800
vn 0.0976 0.9855 -0.1387
vn 0.5806 -0.3104 -0.7527
vn 0.1681 0.9619 -0.2154
vn 0.5647 -0.3708 -0.7373
vn 0.3949 0.8634 -0.3140
vn 0.4540 0.8102 -0.3708
vn 0.5159 0.7388 -0.4336
vn 0.5673 0.6530 -0.5017
vn 0.6223 0.5189 -0.5861
vn 0.6633 0.3798 -0.6448
vn 0.6953 0.2102 -0.6873
vn 0.0245 0.9993 -0.0298
vn 0.7122 0.0112 -0.7019
vn 0.0403 0.9980 -0.0490
vn 0.7125 -0.1474 -0.6860
vn 0.0623 0.9952 -0.0753
vn 0.7133 -0.2276 -0.6629
vn 0.1118 0.9851 -0.1310
vn 0.7394 -0.3149 -0.5951
vn 0.2010 0.9569 -0.2095
vn 0.7182 -0.3709 -0.5888
vn 0.2846 0.9228 -0.2595
vn 0.3450 0.8946 -0.2842
vn 0.4875 0.7208 -0.4928
vn 0.5479 0.6411 -0.5374
vn 0.6194 0.5036 -0.6023
vn 0.6600 0.3830 -0.6463
vn 0.6868 0.2378 -0.6868
vn 0.0273 0.9993 -0.0273
vn 0.7064 0.0445 -0.7064
vn 0.0449 0.9980 -0.0449
vn 0.7017 -0.1235 -0.7017
vn 0.0692 0.9952 -0.0692
vn 0.6896 -0.2211 -0.6896
vn 0.1227 0.9848 -0.1227
vn 0.6761 -0.2927 -0.6761
vn 0.2116 0.9542 -0.2116
vn 0.6502 -0.3931 -0.6502
vn 0.2800 0.9183 -0.2800
vn 0.3247 0.8883 -0.3247
vn 0.3619 0.8591 -0.3619
vn 0.4245 0.7997 -0.4245
vn -0.4540 0.8102 0.3708
vn -0.5159 0.7388 0.4336
vn 0.6521 0.3853 -0.6529
vn -0.0215 0.9993 0.0321
vn -0.0353 0.9980 0.0527
vn -0.5673 0.6530 0.5017
vn -0.5858 -0.1640 0.7937
vn -0.0546 0.9952 0.0808
vn -0.5818 -0.2305 0.7800
vn -0.7125 -0.1474 0.6860
vn -0.7133 -0.2276 0.6629
vn -0.0976 0.9855 0.1387
vn -0.0623 0.9952 0.0753
vn -0.1118 0.9851 0.1310
vn -0.5806 -0.3104 0.7527
vn -0.1681 0.9619 0.2154
vn -0.5647 -0.3708 0.7373
vn -0.3949 0.8634 0.3140
vn -0.7122 0.0112 0.7019
vn -0.2010 0.9569 0.2095
vn -0.0245 0.9993 0.0298
vn -0.7394 -0.3149 0.5951
vn -0.7182 -0.3709 0.5888
vn -0.0403 0.9980 0.0490
vn -0.2846 0.9228 0.2595
vn -0.3450 0.8946 0.2842
vn -0.6953 0.2102 0.6873
vn -0.4875 0.7208 0.4928
vn -0.5479 0.6411 0.5374
vn -0.6194 0.5036 0.6023
vn -0.6594 0.3830 0.6470
vn 0.6896 0.2993 0.6595
vn 0.6569 0.4105 0.6325
vn 0.6913 0.2504 0.6778
vn 0.6963 0.1359 0.7048
vn 0.4325 0.7962 0.4232
vn 0.5034 0.7050 0.4996
vn 0.5810 0.5817 0.5693
vn 0.6000 -0.3587 0.7151
vn 0.5905 -0.3008 0.7489
vn 0.5086 0.6185 0.5990
vn 0.4365 0.7320 0.5231
vn 0.2578 0.9231 0.2855
vn 0.2063 0.9578 0.2003
vn 0.5681 0.4655 0.6786
vn 0.5858 0.3394 0.7360
vn 0.6052 0.2247 0.7637
vn 0.0298 0.9993 0.0245
vn 0.6339 0.0509 0.7718
vn 0.0490 0.9980 0.0403
vn 0.6419 -0.1192 0.7574
vn 0.0753 0.9952 0.0623
vn 0.6436 -0.2051 0.7374
vn 0.1305 0.9851 0.1118
vn 0.3221 0.8590 0.3981
vn 0.2923 0.8896 0.3510
vn 0.3695 0.8124 0.4512
vn 0.0321 0.9993 0.0214
vn 0.8024 0.0039 0.5967
vn 0.7785 0.2019 0.5942
vn 0.0527 0.9980 0.0353
vn 0.7955 -0.1584 0.5848
vn 0.0807 0.9952 0.0546
vn 0.7833 -0.2301 0.5775
vn 0.1384 0.9856 0.0972
vn 0.7596 -0.3063 0.5738
vn 0.2148 0.9626 0.1651
vn 0.5091 0.7539 0.4153
vn 0.4274 0.8269 0.3655
vn 0.7444 -0.3641 0.5598
vn 0.6006 0.6440 0.4739
vn 0.2769 0.9323 0.2325
vn 0.6808 0.5051 0.5305
vn 0.3239 0.9021 0.2853
vn 0.7352 0.3651 0.5711
vn 0.3688 0.8703 0.3264
vn 0.0855 0.9953 0.0461
vn 0.0559 0.9980 0.0299
vn 0.8539 -0.2332 0.4654
vn 0.8654 -0.1654 0.4729
vn 0.1463 0.9860 0.0806
vn 0.8420 -0.3278 0.4285
vn 0.2274 0.9651 0.1300
vn 0.8213 -0.4029 0.4039
vn 0.3009 0.9370 0.1774
vn 0.7529 0.5101 0.4158
vn 0.6655 0.6477 0.3711
vn 0.3607 0.9076 0.2148
vn 0.8159 0.3653 0.4481
vn 0.4170 0.8749 0.2463
vn 0.8612 0.1904 0.4712
vn 0.4836 0.8293 0.2801
vn 0.0340 0.9993 0.0182
vn 0.5690 0.7565 0.3226
vn 0.8776 -0.0107 0.4793
vn 0.2402 0.9657 0.0989
vn 0.1538 0.9861 0.0635
vn 0.8285 -0.4457 0.3390
vn 0.8676 -0.3458 0.3574
vn 0.3201 0.9381 0.1320
vn 0.3855 0.9088 0.1598
vn 0.4460 0.8756 0.1857
vn 0.9066 0.1887 0.3774
vn 0.8595 0.3646 0.3582
vn 0.5159 0.8293 0.2149
vn 0.0357 0.9993 0.0148
vn 0.6041 0.7562 0.2515
vn 0.9234 -0.0125 0.3837
vn 0.7035 0.6475 0.2929
vn 0.0586 0.9980 0.0243
vn 0.7940 0.5101 0.3308
vn 0.9108 -0.1665 0.3777
vn 0.0897 0.9953 0.0371
vn 0.8980 -0.2355 0.3717
vn 0.5391 0.8292 0.1476
vn 0.4668 0.8757 0.1235
vn 0.6290 0.7569 0.1776
vn 0.7301 0.6494 0.2127
vn 0.0607 0.9980 0.0184
vn 0.0369 0.9993 0.0112
vn 0.8230 0.5122 0.2456
vn 0.9458 -0.1670 0.2787
vn 0.9581 -0.0129 0.2862
vn 0.8908 0.3661 0.2691
vn 0.0931 0.9953 0.0278
vn 0.9400 0.1891 0.2839
vn 0.9327 -0.2343 0.2740
vn 0.1608 0.9859 0.0462
vn 0.8982 -0.3305 0.2897
vn 0.2538 0.9649 0.0678
vn 0.8652 -0.4075 0.2922
vn 0.3385 0.9371 0.0854
vn 0.4049 0.9086 0.1029
vn 0.0379 0.9993 0.0075
vn 0.1671 0.9855 0.0291
vn 0.0957 0.9952 0.0185
vn 0.9859 -0.0128 0.1671
vn 0.9657 0.1908 0.1759
vn 0.9424 -0.3112 0.1223
vn 0.9622 -0.2324 0.1422
vn 0.0622 0.9980 0.0123
vn 0.2712 0.9619 0.0334
vn 0.9743 -0.1664 0.1517
vn 0.9205 -0.3711 0.1224
vn 0.3610 0.9322 0.0273
vn 0.4233 0.9056 0.0273
vn 0.4848 0.8737 0.0394
vn 0.5619 0.8254 0.0546
vn 0.6504 0.7560 0.0738
vn 0.7475 0.6559 0.1052
vn 0.8419 0.5208 0.1413
vn 0.9125 0.3734 0.1672
vn 0.1717 0.9851 0.0136
vn 0.0973 0.9952 0.0092
vn 0.5012 0.8634 -0.0571
vn 0.4448 0.8946 -0.0430
vn 0.9425 -0.3188 -0.1006
vn 0.9712 -0.2365 -0.0298
vn 0.5828 0.8105 -0.0586
vn 0.2902 0.9569 0.0060
vn 0.6698 0.7403 -0.0570
vn 0.7521 0.6577 -0.0417
vn 0.8497 0.5272 -0.0132
vn 0.9214 0.3884 0.0086
vn 0.9770 0.2123 0.0201
vn 0.0384 0.9993 0.0038
vn 0.9999 0.0052 0.0145
vn 0.0631 0.9980 0.0062
vn 0.9876 -0.1568 -0.0049
vn 0.3847 0.9229 -0.0177
vn 0.3960 0.9182 0.0047
vn 0.2982 0.9545 0.0028
vn 0.8542 0.5198 -0.0123
vn 0.7608 0.6489 -0.0076
vn 0.9193 0.3932 -0.0140
vn 0.9690 0.2469 -0.0089
vn 0.0386 0.9993 -0.0000
vn 0.9991 0.0411 0.0035
vn 0.0634 0.9980 -0.0000
vn 0.9904 -0.1375 0.0134
vn 0.0979 0.9952 -0.0000
vn 0.9708 -0.2394 0.0149
vn 0.9237 -0.3722 -0.0910
vn 0.1733 0.9849 0.0004
vn 0.5137 0.8579 -0.0115
vn 0.4634 0.8862 -0.0021
vn 0.9529 -0.3029 0.0120
vn 0.5961 0.8028 -0.0090
vn 0.6838 0.7297 -0.0043
vn 0.9200 -0.3916 0.0145
vn 0.9999 0.0089 -0.0141
vn 0.9758 0.2177 -0.0223
vn 0.0631 0.9980 -0.0062
vn 0.0384 0.9993 -0.0038
vn 0.9864 -0.1638 0.0087
vn 0.0973 0.9952 -0.0092
vn 0.9688 -0.2452 0.0353
vn 0.1713 0.9851 -0.0132
vn 0.9419 -0.3190 0.1047
vn 0.2875 0.9578 -0.0043
vn 0.6687 0.7415 0.0552
vn 0.5776 0.8144 0.0566
vn 0.9276 -0.3651 0.0788
vn 0.7588 0.6501 0.0386
vn 0.3841 0.9231 0.0196
vn 0.8548 0.5188 0.0099
vn 0.4546 0.8897 0.0415
vn 0.9229 0.3849 -0.0118
vn 0.5085 0.8594 0.0535
vn 0.9596 -0.2363 -0.1524
vn 0.9720 -0.1678 -0.1645
vn 0.1666 0.9856 -0.0292
vn 0.0957 0.9952 -0.0185
vn 0.9416 -0.3091 -0.1337
vn 0.2686 0.9626 -0.0352
vn 0.9214 -0.3655 -0.1316
vn 0.3602 0.9324 -0.0314
vn 0.8463 0.5164 -0.1307
vn 0.7520 0.6515 -0.1001
vn 0.4306 0.9021 -0.0274
vn 0.9152 0.3724 -0.1544
vn 0.4911 0.8706 -0.0302
vn 0.9655 0.1967 -0.1705
vn 0.5594 0.8277 -0.0446
vn 0.0378 0.9993 -0.0075
vn 0.6499 0.7568 -0.0696
vn 0.9847 -0.0078 -0.1742
vn 0.0622 0.9980 -0.0123
vn 0.8660 -0.4034 -0.2956
vn 0.8978 -0.3285 -0.2932
vn 0.3381 0.9370 -0.0874
vn 0.2527 0.9651 -0.0689
vn 0.4068 0.9077 -0.1032
vn 0.4688 0.8750 -0.1209
vn 0.9404 0.1897 -0.2823
vn 0.8917 0.3660 -0.2663
vn 0.5395 0.8296 -0.1443
vn 0.0369 0.9993 -0.0112
vn 0.6293 0.7571 -0.1753
vn 0.9579 -0.0123 -0.2868
vn 0.7312 0.6489 -0.2106
vn 0.0607 0.9980 -0.0184
vn 0.8242 0.5116 -0.2429
vn 0.9452 -0.1670 -0.2807
vn 0.0931 0.9953 -0.0279
vn 0.9320 -0.2344 -0.2764
vn 0.1604 0.9860 -0.0465
vn 0.9107 -0.1668 -0.3780
vn 0.0897 0.9953 -0.0372
vn 0.0586 0.9980 -0.0243
vn 0.1536 0.9861 -0.0638
vn 0.8660 -0.3459 -0.3612
vn 0.8975 -0.2357 -0.3727
vn 0.2398 0.9657 -0.0999
vn 0.8254 -0.4458 -0.3463
vn 0.3197 0.9381 -0.1330
vn 0.3856 0.9088 -0.1596
vn 0.4465 0.8756 -0.1842
vn 0.5165 0.8293 -0.2131
vn 0.6046 0.7563 -0.2498
vn 0.8183 -0.4075 -0.4054
vn 0.8399 -0.3304 -0.4306
vn 0.3590 0.9086 -0.2136
vn 0.8530 -0.2341 -0.4664
vn 0.4174 0.8757 -0.2428
vn 0.4855 0.8292 -0.2770
vn 0.5702 0.7568 -0.3195
vn 0.0490 0.9980 -0.0403
vn 0.3708 0.8102 -0.4540
vn 0.4359 0.8253 -0.3590
vn 0.8653 -0.1667 -0.4727
vn 0.4923 0.7182 -0.4919
vn 0.5376 0.6498 -0.5374
vn 0.6099 0.5045 -0.6111
vn -0.5376 0.6498 0.5374
vn -0.4923 0.7182 0.4919
vn -0.6521 0.3853 0.6529
vn -0.6099 0.5045 0.6111
vt 0.046875 0.875000
vt 0.031250 0.875000
vt 0.031250 0.906250
vt 0.046875 0.906250
vt 0.046875 0.812500
vt 0.031250 0.812500
vt 0.031250 0.843750
vt 0.046875 0.843750
vt 0.031250 0.531250
vt 0.015625 0.531250
vt 0.015625 0.562500
vt 0.031250 0.562500
vt 0.031250 0.468750
vt 0.015625 0.468750
vt 0.015625 0.500000
vt 0.031250 0.500000
vt 0.250002 0.687500
vt 0.250000 0.687500
vt 0.250000 0.718750
vt 0.250002 0.718750
vt 0.031250 0.437500
vt 0.015625 0.437500
vt 0.250002 0.656250
vt 0.250000 0.656250
vt 0.015625 0.593750
vt 0.031250 0.593750
vt 0.250002 0.625000
vt 0.250000 0.625000
vt 0.234375 0.687500
vt 0.234375 0.718750
vt 0.250002 0.593750
vt 0.250000 0.593750
vt 0.234375 0.656250
vt 0.250002 0.562500
vt 0.250000 0.562500
vt 0.234375 0.625000
vt 0.250002 0.531250
vt 0.250000 0.531250
vt 0.250000 0.500000
vt 0.250000 0.750000
vt 0.234375 0.750000
vt 0.234375 0.781250
vt 0.250000 0.781250
vt 0.031250 0.937500
vt 0.046875 0.937500
vt 0.234375 0.500000
vt 0.234375 0.531250
vt 0.250000 0.906250
vt 0.234375 0.906250
vt 0.234375 0.937500
vt 0.250000 0.937500
vt 0.250000 0.468750
vt 0.234375 0.468750
vt 0.250000 0.875000
vt 0.234375 0.875000
vt 0.250000 0.437500
vt 0.234375 0.437500
vt 0.250000 0.843750
vt 0.234375 0.843750
vt 0.250000 0.406250
vt 0.234375 0.406250
vt 0.250000 0.812500
vt 0.234375 0.812500
vt 0.234375 0.593750
vt 0.218750 0.687500
vt 0.218750 0.718750
vt 0.234375 0.562500
vt 0.218750 0.656250
vt 0.250000 0.968750
vt 0.234375 0.968750
vt 0.242188 1.000000
vt 0.218750 0.625000
vt 0.218750 0.593750
vt 0.218750 0.562500
vt 0.218750 0.437500
vt 0.218750 0.468750
vt 0.218750 0.843750
vt 0.218750 0.875000
vt 0.218750 0.406250
vt 0.218750 0.812500
vt 0.218750 0.781250
vt 0.218750 0.750000
vt 0.218750 0.968750
vt 0.226562 1.000000
vt 0.203125 0.625000
vt 0.203125 0.656250
vt 0.218750 0.531250
vt 0.203125 0.593750
vt 0.218750 0.937500
vt 0.203125 0.562500
vt 0.218750 0.500000
vt 0.203125 0.968750
vt 0.210938 1.000000
vt 0.218750 0.906250
vt 0.203125 0.531250
vt 0.203125 0.781250
vt 0.203125 0.812500
vt 0.203125 0.750000
vt 0.203125 0.718750
vt 0.203125 0.687500
vt 0.203125 0.937500
vt 0.187500 0.562500
vt 0.187500 0.593750
vt 0.203125 0.500000
vt 0.187500 0.968750
vt 0.195313 1.000000
vt 0.203125 0.906250
vt 0.187500 0.531250
vt 0.203125 0.468750
vt 0.187500 0.937500
vt 0.203125 0.875000
vt 0.187500 0.500000
vt 0.203125 0.437500
vt 0.203125 0.843750
vt 0.203125 0.406250
vt 0.187500 0.656250
vt 0.187500 0.687500
vt 0.187500 0.625000
vt 0.187500 0.906250
vt 0.171875 0.937500
vt 0.171875 0.968750
vt 0.187500 0.468750
vt 0.171875 0.500000
vt 0.171875 0.531250
vt 0.187500 0.875000
vt 0.171875 0.906250
vt 0.187500 0.437500
vt 0.171875 0.468750
vt 0.187500 0.843750
vt 0.171875 0.875000
vt 0.187500 0.406250
vt 0.187500 0.812500
vt 0.187500 0.781250
vt 0.187500 0.750000
vt 0.187500 0.718750
vt 0.171875 0.562500
vt 0.171875 0.437500
vt 0.156250 0.875000
vt 0.156250 0.906250
vt 0.171875 0.843750
vt 0.156250 0.437500
vt 0.156250 0.468750
vt 0.171875 0.406250
vt 0.156250 0.843750
vt 0.171875 0.812500
vt 0.156250 0.406250
vt 0.171875 0.781250
vt 0.156250 0.812500
vt 0.171875 0.750000
vt 0.171875 0.718750
vt 0.171875 0.687500
vt 0.171875 0.656250
vt 0.171875 0.625000
vt 0.171875 0.593750
vt 0.179688 1.000000
vt 0.156250 0.781250
vt 0.140625 0.781250
vt 0.140625 0.812500
vt 0.156250 0.718750
vt 0.156250 0.750000
vt 0.140625 0.750000
vt 0.156250 0.687500
vt 0.140625 0.718750
vt 0.156250 0.656250
vt 0.140625 0.687500
vt 0.156250 0.625000
vt 0.156250 0.593750
vt 0.156250 0.562500
vt 0.156250 0.968750
vt 0.164062 1.000000
vt 0.156250 0.531250
vt 0.156250 0.937500
vt 0.156250 0.500000
vt 0.140625 0.843750
vt 0.140625 0.656250
vt 0.125000 0.656250
vt 0.125000 0.687500
vt 0.140625 0.968750
vt 0.148438 1.000000
vt 0.140625 0.625000
vt 0.125000 0.625000
vt 0.140625 0.531250
vt 0.140625 0.562500
vt 0.140625 0.937500
vt 0.140625 0.500000
vt 0.140625 0.906250
vt 0.140625 0.468750
vt 0.140625 0.875000
vt 0.140625 0.437500
vt 0.140625 0.406250
vt 0.125000 0.750000
vt 0.125000 0.781250
vt 0.125000 0.718750
vt 0.140625 0.593750
vt 0.125000 0.906250
vt 0.125000 0.937500
vt 0.125000 0.468750
vt 0.125000 0.500000
vt 0.125000 0.875000
vt 0.125000 0.437500
vt 0.125000 0.843750
vt 0.125000 0.406250
vt 0.125000 0.812500
vt 0.125000 0.593750
vt 0.109375 0.687500
vt 0.109375 0.718750
vt 0.125000 0.562500
vt 0.109375 0.656250
vt 0.125000 0.968750
vt 0.132813 1.000000
vt 0.109375 0.625000
vt 0.125000 0.531250
vt 0.109375 0.593750
vt 0.109375 0.562500
vt 0.109375 0.843750
vt 0.109375 0.875000
vt 0.109375 0.406250
vt 0.109375 0.437500
vt 0.109375 0.812500
vt 0.109375 0.781250
vt 0.109375 0.750000
vt 0.109375 0.968750
vt 0.117188 1.000000
vt 0.093750 0.625000
vt 0.093750 0.656250
vt 0.109375 0.531250
vt 0.093750 0.593750
vt 0.109375 0.937500
vt 0.093750 0.562500
vt 0.109375 0.500000
vt 0.093750 0.968750
vt 0.101563 1.000000
vt 0.109375 0.906250
vt 0.093750 0.531250
vt 0.109375 0.468750
vt 0.093750 0.750000
vt 0.093750 0.781250
vt 0.093750 0.718750
vt 0.093750 0.687500
vt 0.093750 0.937500
vt 0.078125 0.562500
vt 0.078125 0.593750
vt 0.093750 0.500000
vt 0.078125 0.968750
vt 0.085938 1.000000
vt 0.093750 0.906250
vt 0.078125 0.531250
vt 0.093750 0.468750
vt 0.078125 0.937500
vt 0.093750 0.875000
vt 0.078125 0.500000
vt 0.093750 0.437500
vt 0.093750 0.843750
vt 0.093750 0.406250
vt 0.093750 0.812500
vt 0.078125 0.625000
vt 0.078125 0.656250
vt 0.078125 0.906250
vt 0.062500 0.500000
vt 0.062500 0.531250
vt 0.078125 0.468750
vt 0.062500 0.906250
vt 0.062500 0.937500
vt 0.078125 0.875000
vt 0.062500 0.468750
vt 0.078125 0.437500
vt 0.062500 0.875000
vt 0.078125 0.843750
vt 0.062500 0.437500
vt 0.078125 0.406250
vt 0.078125 0.812500
vt 0.078125 0.781250
vt 0.078125 0.750000
vt 0.078125 0.718750
vt 0.078125 0.687500
vt 0.062500 0.843750
vt 0.046875 0.437500
vt 0.046875 0.468750
vt 0.062500 0.406250
vt 0.062500 0.812500
vt 0.046875 0.406250
vt 0.062500 0.781250
vt 0.062500 0.750000
vt 0.046875 0.781250
vt 0.062500 0.718750
vt 0.062500 0.687500
vt 0.062500 0.656250
vt 0.062500 0.625000
vt 0.062500 0.593750
vt 0.062500 0.562500
vt 0.062500 0.968750
vt 0.070312 1.000000
vt 0.046875 0.687500
vt 0.046875 0.718750
vt 0.031250 0.718750
vt 0.031250 0.750000
vt 0.046875 0.750000
vt 0.046875 0.656250
vt 0.031250 0.687500
vt 0.046875 0.625000
vt 0.031250 0.656250
vt 0.046875 0.593750
vt 0.046875 0.562500
vt 0.046875 0.968750
vt 0.054688 1.000000
vt 0.046875 0.531250
vt 0.046875 0.500000
vt 0.031250 0.781250
vt 0.015625 0.625000
vt 0.031250 0.625000
vt 0.031250 0.968750
vt 0.031250 0.406250
vt 0.015625 0.718750
vt 0.015625 0.750000
vt 0.015625 0.687500
vt 0.015625 0.656250
vt 0.039063 1.000000
vt 0.015625 0.875000
vt 0.015625 0.906250
vt 0.015625 0.843750
vt 0.015625 0.406250
vt 0.015625 0.812500
vt 0.015625 0.781250
vt 0.000000 0.656250
vt 0.000000 0.687500
vt 0.015625 0.968750
vt 0.023438 1.000000
vt 0.000000 0.625000
vt 0.000000 0.593750
vt 0.015625 0.937500
vt 0.000000 0.562500
vt 0.000000 0.968750
vt 0.007813 1.000000
vt 0.000000 0.406250
vt 0.000000 0.437500
vt 0.000000 0.812500
vt 0.000000 0.843750
vt 0.000000 0.781250
vt 0.000000 0.750000
vt 0.000000 0.718750
vt 0.000000 0.531250
vt 0.000000 0.937500
vt 0.000000 0.500000
vt 0.000000 0.906250
vt 0.000000 0.468750
vt 0.000000 0.875000
vt 1.000000 0.562500
vt 1.000000 0.593750
vt 0.999998 0.593750
vt 1.000000 0.656250
vt 1.000000 0.687500
vt 0.999998 0.687500
vt 0.999998 0.656250
vt 1.000000 0.625000
vt 0.999998 0.625000
vt 1.000000 0.718750
s 1
usemtl Glass
f 2766/47/1585 2792/48/1586 2791/49/1587 2765/50/1588
f 2775/51/1589 2794/52/1590 2793/53/1591 2774/54/1592
f 2811/55/1593 2830/56/1594 2829/57/1595 2810/58/1596
f 2813/59/1597 2832/60/1598 2831/61/1599 2812/62/1600
f 2768/63/1601 1592/64/1602 1591/65/1603 2767/66/1604
f 2814/67/1605 2833/68/1606 2832/60/1598 2813/59/1597
f 2769/69/1607 1593/70/1608 1592/64/1602 2768/63/1601
f 2810/58/1596 2829/57/1595 2828/71/1609 2809/72/1610
f 2770/73/1611 1594/74/1612 1593/70/1608 2769/69/1607
f 1592/64/1602 1607/75/1613 1606/76/1614 1591/65/1603
f 2771/77/1615 1595/78/1616 1594/74/1612 2770/73/1611
f 1593/70/1608 1608/79/1617 1607/75/1613 1592/64/1602
f 2772/80/1618 1596/81/1619 1595/78/1616 2771/77/1615
f 1594/74/1612 1609/82/1620 1608/79/1617 1593/70/1608
f 2773/83/1621 1597/84/1622 1596/81/1619 2772/80/1618
f 2178/85/1623 1597/84/1622 2773/83/1621
f 2170/86/1624 1605/87/1625 1604/88/1626 2169/89/1627
f 1591/65/1603 1606/76/1614 1605/87/1625 2170/86/1624
f 2765/50/1588 2791/49/1587 2790/90/1628 2764/91/1629
f 2178/85/1623 1613/92/1630 1612/93/1631 1597/84/1622
f 2165/94/1632 1600/95/1633 1599/96/1634 2164/97/1635
f 2179/98/1636 1614/99/1637 1613/92/1630 2178/85/1623
f 2166/100/1638 1601/101/1639 1600/95/1633 2165/94/1632
f 2180/102/1640 1615/103/1641 1614/99/1637 2179/98/1636
f 2167/104/1642 1602/105/1643 1601/101/1639 2166/100/1638
f 2181/106/1644 1616/107/1645 1615/103/1641 2180/102/1640
f 2168/108/1646 1603/109/1647 1602/105/1643 2167/104/1642
f 2169/89/1627 1604/88/1626 1603/109/1647 2168/108/1646
f 1595/78/1616 1610/110/1648 1609/82/1620 1594/74/1612
f 1607/75/1613 1626/111/1649 1625/112/1650 1606/76/1614
f 1596/81/1619 1611/113/1651 1610/110/1648 1595/78/1616
f 1608/79/1617 1627/114/1652 1626/111/1649 1607/75/1613
f 2163/115/1653 1598/116/1654 2201/117/1655
f 1609/82/1620 1628/118/1656 1627/114/1652 1608/79/1617
f 1597/84/1622 1612/93/1631 1611/113/1651 1596/81/1619
f 1610/110/1648 1629/119/1657 1628/118/1656 1609/82/1620
f 2164/97/1635 1599/96/1634 1598/116/1654 2163/115/1653
f 1611/113/1651 1630/120/1658 1629/119/1657 1610/110/1648
f 1615/103/1641 1634/121/1659 1633/122/1660 1614/99/1637
f 1602/105/1643 1621/123/1661 1620/124/1662 1601/101/1639
f 1616/107/1645 1635/125/1663 1634/121/1659 1615/103/1641
f 1603/109/1647 1622/126/1664 1621/123/1661 1602/105/1643
f 1604/88/1626 1623/127/1665 1622/126/1664 1603/109/1647
f 1605/87/1625 1624/128/1666 1623/127/1665 1604/88/1626
f 1606/76/1614 1625/112/1650 1624/128/1666 1605/87/1625
f 1598/116/1654 1617/129/1667 2201/130/1655
f 1628/118/1656 1647/131/1668 1646/132/1669 1627/114/1652
f 1612/93/1631 1631/133/1670 1630/120/1658 1611/113/1651
f 1629/119/1657 1648/134/1671 1647/131/1668 1628/118/1656
f 1599/96/1634 1618/135/1672 1617/129/1667 1598/116/1654
f 1630/120/1658 1649/136/1673 1648/134/1671 1629/119/1657
f 1613/92/1630 1632/137/1674 1631/133/1670 1612/93/1631
f 1617/129/1667 1636/138/1675 2201/139/1655
f 1600/95/1633 1619/140/1676 1618/135/1672 1599/96/1634
f 1631/133/1670 1650/141/1677 1649/136/1673 1630/120/1658
f 1614/99/1637 1633/122/1660 1632/137/1674 1613/92/1630
f 1601/101/1639 1620/124/1662 1619/140/1676 1600/95/1633
f 1623/127/1665 1642/142/1678 1641/143/1679 1622/126/1664
f 1624/128/1666 1643/144/1680 1642/142/1678 1623/127/1665
f 1625/112/1650 1644/145/1681 1643/144/1680 1624/128/1666
f 1626/111/1649 1645/146/1682 1644/145/1681 1625/112/1650
f 1627/114/1652 1646/132/1669 1645/146/1682 1626/111/1649
f 1618/135/1672 1637/147/1683 1636/138/1675 1617/129/1667
f 1649/136/1673 1668/148/1684 1667/149/1685 1648/134/1671
f 1632/137/1674 1651/150/1686 1650/141/1677 1631/133/1670
f 1636/138/1675 1655/151/1687 2201/152/1655
f 1619/140/1676 1638/153/1688 1637/147/1683 1618/135/1672
f 1650/141/1677 1669/154/1689 1668/148/1684 1649/136/1673
f 1633/122/1660 1652/155/1690 1651/150/1686 1632/137/1674
f 1637/147/1683 1656/156/1691 1655/151/1687 1636/138/1675
f 1620/124/1662 1639/157/1692 1638/153/1688 1619/140/1676
f 1651/150/1686 1670/158/1693 1669/154/1689 1650/141/1677
f 1634/121/1659 1653/159/1694 1652/155/1690 1633/122/1660
f 1621/123/1661 1640/160/1695 1639/157/1692 1620/124/1662
f 1635/125/1663 1654/161/1696 1653/159/1694 1634/121/1659
f 1622/126/1664 1641/143/1679 1640/160/1695 1621/123/1661
f 1646/132/1669 1665/162/1697 1664/163/1698 1645/146/1682
f 1647/131/1668 1666/164/1699 1665/162/1697 1646/132/1669
f 1648/134/1671 1667/149/1685 1666/164/1699 1647/131/1668
f 1638/153/1688 1657/165/1700 1656/156/1691 1637/147/1683
f 1656/156/1691 1675/166/1701 1674/167/1702 1655/151/1687
f 1652/155/1690 1671/168/1703 1670/158/1693 1651/150/1686
f 1670/158/1693 1689/169/1704 1688/170/1705 1669/154/1689
f 1639/157/1692 1658/171/1706 1657/165/1700 1638/153/1688
f 1657/165/1700 1676/172/1707 1675/166/1701 1656/156/1691
f 1653/159/1694 1672/173/1708 1671/168/1703 1652/155/1690
f 1671/168/1703 1690/174/1709 1689/169/1704 1670/158/1693
f 1640/160/1695 1659/175/1710 1658/171/1706 1639/157/1692
f 1658/171/1706 1677/176/1711 1676/172/1707 1657/165/1700
f 1654/161/1696 1673/177/1712 1672/173/1708 1653/159/1694
f 1641/143/1679 1660/178/1713 1659/175/1710 1640/160/1695
f 1642/142/1678 1661/179/1714 1660/178/1713 1641/143/1679
f 1643/144/1680 1662/180/1715 1661/179/1714 1642/142/1678
f 1644/145/1681 1663/181/1716 1662/180/1715 1643/144/1680
f 1645/146/1682 1664/163/1698 1663/181/1716 1644/145/1681
f 1669/154/1689 1688/170/1705 1687/182/1717 1668/148/1684
f 1672/173/1708 1691/183/1718 1690/174/1709 1671/168/1703
f 1677/176/1711 1696/184/1719 1695/185/1720 1676/172/1707
f 1659/175/1710 1678/186/1721 1677/176/1711 1658/171/1706
f 1691/183/1718 1710/187/1722 1709/188/1723 1690/174/1709
f 1673/177/1712 1692/189/1724 1691/183/1718 1672/173/1708
f 1678/186/1721 1697/190/1725 1696/184/1719 1677/176/1711
f 1660/178/1713 1679/191/1726 1678/186/1721 1659/175/1710
f 1692/189/1724 1711/192/1727 1710/187/1722 1691/183/1718
f 1661/179/1714 1680/193/1728 1679/191/1726 1660/178/1713
f 1679/191/1726 1698/194/1729 1697/190/1725 1678/186/1721
f 1662/180/1715 1681/195/1730 1680/193/1728 1661/179/1714
f 1663/181/1716 1682/196/1731 1681/195/1730 1662/180/1715
f 1664/163/1698 1683/197/1732 1682/196/1731 1663/181/1716
f 1665/162/1697 1684/198/1733 1683/197/1732 1664/163/1698
f 1666/164/1699 1685/199/1734 1684/198/1733 1665/162/1697
f 1667/149/1685 1686/200/1735 1685/199/1734 1666/164/1699
f 1668/148/1684 1687/182/1717 1686/200/1735 1667/149/1685
f 1655/151/1687 1674/167/1702 2201/201/1655
f 1699/202/1736 1718/203/1737 1717/204/1738 1698/194/1729
f 1682/196/1731 1701/205/1739 1700/206/1740 1681/195/1730
f 1700/206/1740 1719/207/1741 1718/203/1737 1699/202/1736
f 1683/197/1732 1702/208/1742 1701/205/1739 1682/196/1731
f 1701/205/1739 1720/209/1743 1719/207/1741 1700/206/1740
f 1684/198/1733 1703/210/1744 1702/208/1742 1683/197/1732
f 1702/208/1742 1721/211/1745 1720/209/1743 1701/205/1739
f 1685/199/1734 1704/212/1746 1703/210/1744 1684/198/1733
f 1686/200/1735 1705/213/1747 1704/212/1746 1685/199/1734
f 1687/182/1717 1706/214/1748 1705/213/1747 1686/200/1735
f 1674/167/1702 1693/215/1749 2201/216/1655
f 1688/170/1705 1707/217/1750 1706/214/1748 1687/182/1717
f 1675/166/1701 1694/218/1751 1693/215/1749 1674/167/1702
f 1689/169/1704 1708/219/1752 1707/217/1750 1688/170/1705
f 1676/172/1707 1695/185/1720 1694/218/1751 1675/166/1701
f 1690/174/1709 1709/188/1723 1708/219/1752 1689/169/1704
f 1680/193/1728 1699/202/1736 1698/194/1729 1679/191/1726
f 1698/194/1729 1717/204/1738 1716/220/1753 1697/190/1725
f 1681/195/1730 1700/206/1740 1699/202/1736 1680/193/1728
f 1722/221/1754 1741/222/1755 1740/223/1756 1721/211/1745
f 1693/215/1749 1712/224/1757 2201/225/1655
f 1723/226/1758 1742/227/1759 1741/222/1755 1722/221/1754
f 1707/217/1750 1726/228/1760 1725/229/1761 1706/214/1748
f 1694/218/1751 1713/230/1762 1712/224/1757 1693/215/1749
f 1708/219/1752 1727/231/1763 1726/228/1760 1707/217/1750
f 1695/185/1720 1714/232/1764 1713/230/1762 1694/218/1751
f 1709/188/1723 1728/233/1765 1727/231/1763 1708/219/1752
f 1696/184/1719 1715/234/1766 1714/232/1764 1695/185/1720
f 1710/187/1722 1729/235/1767 1728/233/1765 1709/188/1723
f 1697/190/1725 1716/220/1753 1715/234/1766 1696/184/1719
f 1711/192/1727 1730/236/1768 1729/235/1767 1710/187/1722
f 1703/210/1744 1722/221/1754 1721/211/1745 1702/208/1742
f 1719/207/1741 1738/237/1769 1737/238/1770 1718/203/1737
f 1704/212/1746 1723/226/1758 1722/221/1754 1703/210/1744
f 1720/209/1743 1739/239/1771 1738/237/1769 1719/207/1741
f 1705/213/1747 1724/240/1772 1723/226/1758 1704/212/1746
f 1721/211/1745 1740/223/1756 1739/239/1771 1720/209/1743
f 1706/214/1748 1725/229/1761 1724/240/1772 1705/213/1747
f 1714/232/1764 1733/241/1773 1732/242/1774 1713/230/1762
f 1728/233/1765 1747/243/1775 1746/244/1776 1727/231/1763
f 1715/234/1766 1734/245/1777 1733/241/1773 1714/232/1764
f 1729/235/1767 1748/246/1778 1747/243/1775 1728/233/1765
f 1716/220/1753 1735/247/1779 1734/245/1777 1715/234/1766
f 1730/236/1768 1749/248/1780 1748/246/1778 1729/235/1767
f 1717/204/1738 1736/249/1781 1735/247/1779 1716/220/1753
f 1718/203/1737 1737/238/1770 1736/249/1781 1717/204/1738
f 1724/240/1772 1743/250/1782 1742/227/1759 1723/226/1758
f 1740/223/1756 1759/251/1783 1758/252/1784 1739/239/1771
f 1725/229/1761 1744/253/1785 1743/250/1782 1724/240/1772
f 1741/222/1755 1760/254/1786 1759/251/1783 1740/223/1756
f 1712/224/1757 1731/255/1787 2201/256/1655
f 1742/227/1759 1761/257/1788 1760/254/1786 1741/222/1755
f 1726/228/1760 1745/258/1789 1744/253/1785 1725/229/1761
f 1743/250/1782 1762/259/1790 1761/257/1788 1742/227/1759
f 1713/230/1762 1732/242/1774 1731/255/1787 1712/224/1757
f 1744/253/1785 1763/260/1791 1762/259/1790 1743/250/1782
f 1727/231/1763 1746/244/1776 1745/258/1789 1726/228/1760
f 1735/247/1779 1754/261/1792 1753/262/1793 1734/245/1777
f 1749/248/1780 1768/263/1794 1767/264/1795 1748/246/1778
f 1736/249/1781 1755/265/1796 1754/261/1792 1735/247/1779
f 1737/238/1770 1756/266/1797 1755/265/1796 1736/249/1781
f 1738/237/1769 1757/267/1798 1756/266/1797 1737/238/1770
f 1739/239/1771 1758/252/1784 1757/267/1798 1738/237/1769
f 1731/255/1787 1750/268/1799 2201/269/1655
f 1761/257/1788 1780/270/1800 1779/271/1801 1760/254/1786
f 1745/258/1789 1764/272/1802 1763/260/1791 1744/253/1785
f 1762/259/1790 1781/273/1803 1780/270/1800 1761/257/1788
f 1732/242/1774 1751/274/1804 1750/268/1799 1731/255/1787
f 1763/260/1791 1782/275/1805 1781/273/1803 1762/259/1790
f 1746/244/1776 1765/276/1806 1764/272/1802 1745/258/1789
f 1750/268/1799 1769/277/1807 2201/278/1655
f 1733/241/1773 1752/279/1808 1751/274/1804 1732/242/1774
f 1764/272/1802 1783/280/1809 1782/275/1805 1763/260/1791
f 1747/243/1775 1766/281/1810 1765/276/1806 1746/244/1776
f 1734/245/1777 1753/262/1793 1752/279/1808 1733/241/1773
f 1748/246/1778 1767/264/1795 1766/281/1810 1747/243/1775
f 1757/267/1798 1776/282/1811 1775/283/1812 1756/266/1797
f 1758/252/1784 1777/284/1813 1776/282/1811 1757/267/1798
f 1759/251/1783 1778/285/1814 1777/284/1813 1758/252/1784
f 1760/254/1786 1779/271/1801 1778/285/1814 1759/251/1783
f 1751/274/1804 1770/286/1815 1769/277/1807 1750/268/1799
f 1782/275/1805 1801/287/1816 1800/288/1817 1781/273/1803
f 1765/276/1806 1784/289/1818 1783/280/1809 1764/272/1802
f 1769/277/1807 1788/290/1819 2201/291/1655
f 1752/279/1808 1771/292/1820 1770/286/1815 1751/274/1804
f 1783/280/1809 1802/293/1821 1801/287/1816 1782/275/1805
f 1766/281/1810 1785/294/1822 1784/289/1818 1765/276/1806
f 1770/286/1815 1789/295/1823 1788/290/1819 1769/277/1807
f 1753/262/1793 1772/296/1824 1771/292/1820 1752/279/1808
f 1784/289/1818 1803/297/1825 1802/293/1821 1783/280/1809
f 1767/264/1795 1786/298/1826 1785/294/1822 1766/281/1810
f 1754/261/1792 1773/299/1827 1772/296/1824 1753/262/1793
f 1768/263/1794 1787/300/1828 1786/298/1826 1767/264/1795
f 1755/265/1796 1774/301/1829 1773/299/1827 1754/261/1792
f 1756/266/1797 1775/283/1812 1774/301/1829 1755/265/1796
f 1780/270/1800 1799/302/1830 1798/303/1831 1779/271/1801
f 1781/273/1803 1800/288/1817 1799/302/1830 1780/270/1800
f 1771/292/1820 1790/304/1832 1789/295/1823 1770/286/1815
f 1803/297/1825 1822/305/1833 1821/306/1834 1802/293/1821
f 1785/294/1822 1804/307/1835 1803/297/1825 1784/289/1818
f 1790/304/1832 1809/308/1836 1808/309/1837 1789/295/1823
f 1772/296/1824 1791/310/1838 1790/304/1832 1771/292/1820
f 1804/307/1835 1823/311/1839 1822/305/1833 1803/297/1825
f 1786/298/1826 1805/312/1840 1804/307/1835 1785/294/1822
f 1791/310/1838 1810/313/1841 1809/308/1836 1790/304/1832
f 1773/299/1827 1792/314/1842 1791/310/1838 1772/296/1824
f 1805/312/1840 1824/315/1843 1823/311/1839 1804/307/1835
f 1787/300/1828 1806/316/1844 1805/312/1840 1786/298/1826
f 1774/301/1829 1793/317/1845 1792/314/1842 1773/299/1827
f 1775/283/1812 1794/318/1846 1793/317/1845 1774/301/1829
f 1776/282/1811 1795/319/1847 1794/318/1846 1775/283/1812
f 1777/284/1813 1796/320/1848 1795/319/1847 1776/282/1811
f 1778/285/1814 1797/321/1849 1796/320/1848 1777/284/1813
f 1779/271/1801 1798/303/1831 1797/321/1849 1778/285/1814
f 1792/314/1842 1811/322/1850 1810/313/1841 1791/310/1838
f 1824/315/1843 1843/323/1851 1842/324/1852 1823/311/1839
f 1806/316/1844 1825/325/1853 1824/315/1843 1805/312/1840
f 1811/322/1850 1830/54/1854 1829/47/1855 1810/313/1841
f 1793/317/1845 1812/326/1856 1811/322/1850 1792/314/1842
f 1825/325/1853 1844/327/1857 1843/323/1851 1824/315/1843
f 1794/318/1846 1813/328/1858 1812/326/1856 1793/317/1845
f 1812/326/1856 1831/51/1859 1830/54/1854 1811/322/1850
f 1795/319/1847 1814/329/1860 1813/328/1858 1794/318/1846
f 1813/328/1858 1832/330/1861 1831/51/1859 1812/326/1856
f 1796/320/1848 1815/331/1862 1814/329/1860 1795/319/1847
f 1797/321/1849 1816/332/1863 1815/331/1862 1796/320/1848
f 1798/303/1831 1817/333/1864 1816/332/1863 1797/321/1849
f 1799/302/1830 1818/334/1865 1817/333/1864 1798/303/1831
f 1800/288/1817 1819/335/1866 1818/334/1865 1799/302/1830
f 1801/287/1816 1820/336/1867 1819/335/1866 1800/288/1817
f 1788/290/1819 1807/337/1868 2201/338/1655
f 1802/293/1821 1821/306/1834 1820/336/1867 1801/287/1816
f 1789/295/1823 1808/309/1837 1807/337/1868 1788/290/1819
f 1816/332/1863 1835/339/1869 1834/340/1870 1815/331/1862
f 1834/340/1870 1853/341/1871 1852/342/1872 1833/343/1873
f 1817/333/1864 1836/344/1874 1835/339/1869 1816/332/1863
f 1835/339/1869 1854/345/1875 1853/341/1871 1834/340/1870
f 1818/334/1865 1837/346/1876 1836/344/1874 1817/333/1864
f 1836/344/1874 1855/347/1877 1854/345/1875 1835/339/1869
f 1819/335/1866 1838/348/1878 1837/346/1876 1818/334/1865
f 1820/336/1867 1839/349/1879 1838/348/1878 1819/335/1866
f 1807/337/1868 1826/350/1880 2201/351/1655
f 1821/306/1834 1840/352/1881 1839/349/1879 1820/336/1867
f 1808/309/1837 1827/91/1882 1826/350/1880 1807/337/1868
f 1822/305/1833 1841/353/1883 1840/352/1881 1821/306/1834
f 1809/308/1836 1828/50/1884 1827/91/1882 1808/309/1837
f 1823/311/1839 1842/324/1852 1841/353/1883 1822/305/1833
f 1810/313/1841 1829/47/1855 1828/50/1884 1809/308/1836
f 1814/329/1860 1833/343/1873 1832/330/1861 1813/328/1858
f 1832/330/1861 1851/354/1885 1850/52/1886 1831/51/1859
f 1815/331/1862 1834/340/1870 1833/343/1873 1814/329/1860
f 1833/343/1873 1852/342/1872 1851/354/1885 1832/330/1861
f 1840/352/1881 1859/55/1887 1858/58/1888 1839/349/1879
f 1857/72/1889 1876/71/1890 1875/355/1891 1856/356/1892
f 1827/91/1882 1846/90/1893 1845/357/1894 1826/350/1880
f 1841/353/1883 1860/62/1895 1859/55/1887 1840/352/1881
f 1828/50/1884 1847/49/1896 1846/90/1893 1827/91/1882
f 1842/324/1852 1861/59/1897 1860/62/1895 1841/353/1883
f 1829/47/1855 1848/48/1898 1847/49/1896 1828/50/1884
f 1843/323/1851 1862/67/1899 1861/59/1897 1842/324/1852
f 1830/54/1854 1849/53/1900 1848/48/1898 1829/47/1855
f 1844/327/1857 1863/358/1901 1862/67/1899 1843/323/1851
f 1831/51/1859 1850/52/1886 1849/53/1900 1830/54/1854
f 1837/346/1876 1856/356/1892 1855/347/1877 1836/344/1874
f 1853/341/1871 1872/359/1902 1871/360/1903 1852/342/1872
f 1838/348/1878 1857/72/1889 1856/356/1892 1837/346/1876
f 1854/345/1875 1873/361/1904 1872/359/1902 1853/341/1871
f 1839/349/1879 1858/58/1888 1857/72/1889 1838/348/1878
f 1855/347/1877 1874/362/1905 1873/361/1904 1854/345/1875
f 1826/350/1880 1845/357/1894 2201/363/1655
f 1856/356/1892 1875/355/1891 1874/362/1905 1855/347/1877
f 1861/59/1897 1880/60/1906 1879/61/1907 1860/62/1895
f 1848/48/1898 1867/364/1908 1866/365/1909 1847/49/1896
f 1862/67/1899 1881/68/1910 1880/60/1906 1861/59/1897
f 1849/53/1900 1868/366/1911 1867/364/1908 1848/48/1898
f 1863/358/1901 1882/367/1912 1881/68/1910 1862/67/1899
f 1850/52/1886 1869/368/1913 1868/366/1911 1849/53/1900
f 1851/354/1885 1870/369/1914 1869/368/1913 1850/52/1886
f 1852/342/1872 1871/360/1903 1870/369/1914 1851/354/1885
f 1858/58/1888 1877/57/1915 1876/71/1890 1857/72/1889
f 1874/362/1905 1893/370/1916 1892/371/1917 1873/361/1904
f 1845/357/1894 1864/372/1918 2201/373/1655
f 1875/355/1891 1894/374/1919 1893/370/1916 1874/362/1905
f 1859/55/1887 1878/56/1920 1877/57/1915 1858/58/1888
f 1876/71/1890 1895/375/1921 1894/374/1919 1875/355/1891
f 1846/90/1893 1865/376/1922 1864/372/1918 1845/357/1894
f 1877/57/1915 1896/377/1923 1895/375/1921 1876/71/1890
f 1860/62/1895 1879/61/1907 1878/56/1920 1859/55/1887
f 1864/372/1918 1883/378/1924 2201/379/1655
f 1847/49/1896 1866/365/1909 1865/376/1922 1846/90/1893
f 1882/367/1912 1901/380/1925 1900/381/1926 1881/68/1910
f 1869/368/1913 1888/382/1927 1887/383/1928 1868/366/1911
f 1870/369/1914 1889/384/1929 1888/382/1927 1869/368/1913
f 1871/360/1903 1890/385/1930 1889/384/1929 1870/369/1914
f 1872/359/1902 1891/386/1931 1890/385/1930 1871/360/1903
f 1873/361/1904 1892/371/1917 1891/386/1931 1872/359/1902
f 1878/56/1920 1897/387/1932 1896/377/1923 1877/57/1915
f 2531/85/1933 1902/84/1934 1917/93/1935 1918/92/1936
f 1865/376/1922 1884/388/1937 1883/378/1924 1864/372/1918
f 2518/94/1938 2517/97/1939 1904/96/1940 1905/95/1941
f 1879/61/1907 1898/389/1942 1897/387/1932 1878/56/1920
f 2840/63/1943 2839/66/1944 1585/65/1945 1586/64/1946
f 1866/365/1909 1885/390/1947 1884/388/1937 1865/376/1922
f 2532/98/1948 2531/85/1933 1918/92/1936 1919/99/1949
f 1880/60/1906 1899/391/1950 1898/389/1942 1879/61/1907
f 2841/69/1951 2840/63/1943 1586/64/1946 1587/70/1952
f 1867/364/1908 1886/392/1953 1885/390/1947 1866/365/1909
f 1881/68/1910 1900/381/1926 1899/391/1950 1880/60/1906
f 1868/366/1911 1887/383/1928 1886/392/1953 1867/364/1908
f 2845/83/1954 2844/80/1955 1590/81/1956 1902/84/1934
f 2531/85/1933 2845/83/1954 1902/84/1934
f 2523/86/1957 2522/89/1958 1909/88/1959 1910/87/1960
f 1585/65/1945 2523/86/1957 1910/87/1960 1911/76/1961
f 2519/100/1962 2518/94/1938 1905/95/1941 1906/101/1963
f 1921/107/1964 1920/103/1965 1939/121/1966 1940/125/1967
f 2842/73/1968 2841/69/1951 1587/70/1952 1588/74/1969
f 2522/89/1958 2521/108/1970 1908/109/1971 1909/88/1959
f 2533/102/1972 2532/98/1948 1919/99/1949 1920/103/1965
f 1908/109/1971 1907/105/1973 1926/123/1974 1927/126/1975
f 1586/64/1946 1585/65/1945 1911/76/1961 1912/75/1976
f 1589/78/1977 1588/74/1969 1914/82/1978 1915/110/1979
f 2520/104/1980 2519/100/1962 1906/101/1963 1907/105/1973
f 1909/88/1959 1908/109/1971 1927/126/1975 1928/127/1981
f 2843/77/1982 2842/73/1968 1588/74/1969 1589/78/1977
f 2534/106/1983 2533/102/1972 1920/103/1965 1921/107/1964
f 1587/70/1952 1586/64/1946 1912/75/1976 1913/79/1984
f 2844/80/1955 2843/77/1982 1589/78/1977 1590/81/1956
f 1588/74/1969 1587/70/1952 1913/79/1984 1914/82/1978
f 1907/105/1973 1906/101/1963 1925/124/1985 1926/123/1974
f 2521/108/1970 2520/104/1980 1907/105/1973 1908/109/1971
f 1912/75/1976 1911/76/1961 1930/112/1986 1931/111/1987
f 1932/114/1988 1931/111/1987 1950/146/1989 1951/132/1990
f 1910/87/1960 1909/88/1959 1928/127/1981 1929/128/1991
f 1934/119/1992 1933/118/1993 1952/131/1994 1953/134/1995
f 1590/81/1956 1589/78/1977 1915/110/1979 1916/113/1996
f 1923/135/1997 1922/129/1998 1941/138/1999 1942/147/2000
f 1911/76/1961 1910/87/1960 1929/128/1991 1930/112/1986
f 1904/96/1940 1903/116/2001 1922/129/1998 1923/135/1997
f 1913/79/1984 1912/75/1976 1931/111/1987 1932/114/1988
f 1954/136/2002 1953/134/1995 1972/149/2003 1973/148/2004
f 2516/115/2005 2201/117/1655 1903/116/2001
f 1914/82/1978 1913/79/1984 1932/114/1988 1933/118/1993
f 1902/84/1934 1590/81/1956 1916/113/1996 1917/93/1935
f 1915/110/1979 1914/82/1978 1933/118/1993 1934/119/1992
f 2517/97/1939 2516/115/2005 1903/116/2001 1904/96/1940
f 1916/113/1996 1915/110/1979 1934/119/1992 1935/120/2006
f 1920/103/1965 1919/99/1949 1938/122/2007 1939/121/1966
f 1957/155/2008 1956/150/2009 1975/158/2010 1976/168/2011
f 1918/92/1936 1917/93/1935 1936/133/2012 1937/137/2013
f 1938/122/2007 1937/137/2013 1956/150/2009 1957/155/2008
f 1922/129/1998 2201/139/1655 1941/138/1999
f 1975/158/2010 1974/154/2014 1993/170/2015 1994/169/2016
f 1905/95/1941 1904/96/1940 1923/135/1997 1924/140/2017
f 1942/147/2000 1941/138/1999 1960/151/2018 1961/156/2019
f 1936/133/2012 1935/120/2006 1954/136/2002 1955/141/2020
f 1925/124/1985 1924/140/2017 1943/153/2021 1944/157/2022
f 1919/99/1949 1918/92/1936 1937/137/2013 1938/122/2007
f 1906/101/1963 1905/95/1941 1924/140/2017 1925/124/1985
f 1928/127/1981 1927/126/1975 1946/143/2023 1947/142/2024
f 1929/128/1991 1928/127/1981 1947/142/2024 1948/144/2025
f 1903/116/2001 2201/130/1655 1922/129/1998
f 1930/112/1986 1929/128/1991 1948/144/2025 1949/145/2026
f 1933/118/1993 1932/114/1988 1951/132/1990 1952/131/1994
f 1931/111/1987 1930/112/1986 1949/145/2026 1950/146/1989
f 1917/93/1935 1916/113/1996 1935/120/2006 1936/133/2012
f 1935/120/2006 1934/119/1992 1953/134/1995 1954/136/2002
f 1947/142/2024 1946/143/2023 1965/178/2027 1966/179/2028
f 1940/125/1967 1939/121/1966 1958/159/2029 1959/161/2030
f 1948/144/2025 1947/142/2024 1966/179/2028 1967/180/2031
f 1927/126/1975 1926/123/1974 1945/160/2032 1946/143/2023
f 1949/145/2026 1948/144/2025 1967/180/2031 1968/181/2033
f 1951/132/1990 1950/146/1989 1969/163/2034 1970/162/2035
f 1952/131/1994 1951/132/1990 1970/162/2035 1971/164/2036
f 1937/137/2013 1936/133/2012 1955/141/2020 1956/150/2009
f 1953/134/1995 1952/131/1994 1971/164/2036 1972/149/2003
f 1941/138/1999 2201/152/1655 1960/151/2018
f 1943/153/2021 1942/147/2000 1961/156/2019 1962/165/2037
f 1924/140/2017 1923/135/1997 1942/147/2000 1943/153/2021
f 1961/156/2019 1960/151/2018 1979/167/2038 1980/166/2039
f 1955/141/2020 1954/136/2002 1973/148/2004 1974/154/2014
f 1956/150/2009 1955/141/2020 1974/154/2014 1975/158/2010
f 1959/161/2030 1958/159/2029 1977/173/2040 1978/177/2041
f 1939/121/1966 1938/122/2007 1957/155/2008 1958/159/2029
f 1946/143/2023 1945/160/2032 1964/175/2042 1965/178/2027
f 1926/123/1974 1925/124/1985 1944/157/2022 1945/160/2032
f 2004/202/2043 2003/194/2044 2022/204/2045 2023/203/2046
f 1962/165/2037 1961/156/2019 1980/166/2039 1981/172/2047
f 1964/175/2042 1963/171/2048 1982/176/2049 1983/186/2050
f 1958/159/2029 1957/155/2008 1976/168/2011 1977/173/2040
f 1996/183/2051 1995/174/2052 2014/188/2053 2015/187/2054
f 1976/168/2011 1975/158/2010 1994/169/2016 1995/174/2052
f 1978/177/2041 1977/173/2040 1996/183/2051 1997/189/2055
f 1945/160/2032 1944/157/2022 1963/171/2048 1964/175/2042
f 1983/186/2050 1982/176/2049 2001/184/2056 2002/190/2057
f 1963/171/2048 1962/165/2037 1981/172/2047 1982/176/2049
f 1950/146/1989 1949/145/2026 1968/181/2033 1969/163/2034
f 1971/164/2036 1970/162/2035 1989/198/2058 1990/199/2059
f 1974/154/2014 1973/148/2004 1992/182/2060 1993/170/2015
f 1972/149/2003 1971/164/2036 1990/199/2059 1991/200/2061
f 1977/173/2040 1976/168/2011 1995/174/2052 1996/183/2051
f 1973/148/2004 1972/149/2003 1991/200/2061 1992/182/2060
f 1944/157/2022 1943/153/2021 1962/165/2037 1963/171/2048
f 1960/151/2018 2201/201/1655 1979/167/2038
f 1982/176/2049 1981/172/2047 2000/185/2062 2001/184/2056
f 1984/191/2063 1983/186/2050 2002/190/2057 2003/194/2044
f 1989/198/2058 1988/197/2064 2007/208/2065 2008/210/2066
f 1967/180/2031 1966/179/2028 1985/193/2067 1986/195/2068
f 2007/208/2065 2006/205/2069 2025/209/2070 2026/211/2071
f 1968/181/2033 1967/180/2031 1986/195/2068 1987/196/2072
f 1969/163/2034 1968/181/2033 1987/196/2072 1988/197/2064
f 1970/162/2035 1969/163/2034 1988/197/2064 1989/198/2058
f 1987/196/2072 1986/195/2068 2005/206/2073 2006/205/2069
f 2003/194/2044 2002/190/2057 2021/220/2074 2022/204/2045
f 1965/178/2027 1964/175/2042 1983/186/2050 1984/191/2063
f 1986/195/2068 1985/193/2067 2004/202/2043 2005/206/2073
f 2005/206/2073 2004/202/2043 2023/203/2046 2024/207/2075
f 2027/221/2076 2026/211/2071 2045/223/2077 2046/222/2078
f 1997/189/2055 1996/183/2051 2015/187/2054 2016/192/2079
f 1998/215/2080 2201/225/1655 2017/224/2081
f 1988/197/2064 1987/196/2072 2006/205/2069 2007/208/2065
f 1990/199/2059 1989/198/2058 2008/210/2066 2009/212/2082
f 1966/179/2028 1965/178/2027 1984/191/2063 1985/193/2067
f 2006/205/2069 2005/206/2073 2024/207/2075 2025/209/2070
f 1980/166/2039 1979/167/2038 1998/215/2080 1999/218/2083
f 1994/169/2016 1993/170/2015 2012/217/2084 2013/219/2085
f 1981/172/2047 1980/166/2039 1999/218/2083 2000/185/2062
f 1995/174/2052 1994/169/2016 2013/219/2085 2014/188/2053
f 1985/193/2067 1984/191/2063 2003/194/2044 2004/202/2043
f 2028/226/2086 2027/221/2076 2046/222/2078 2047/227/2087
f 2019/232/2088 2018/230/2089 2037/242/2090 2038/241/2091
f 1991/200/2061 1990/199/2059 2009/212/2082 2010/213/2092
f 2033/233/2093 2032/231/2094 2051/244/2095 2052/243/2096
f 2012/217/2084 2011/214/2097 2030/229/2098 2031/228/2099
f 2014/188/2053 2013/219/2085 2032/231/2094 2033/233/2093
f 1992/182/2060 1991/200/2061 2010/213/2092 2011/214/2097
f 2020/234/2100 2019/232/2088 2038/241/2091 2039/245/2101
f 1999/218/2083 1998/215/2080 2017/224/2081 2018/230/2089
f 2001/184/2056 2000/185/2062 2019/232/2088 2020/234/2100
f 1979/167/2038 2201/216/1655 1998/215/2080
f 2013/219/2085 2012/217/2084 2031/228/2099 2032/231/2094
f 1993/170/2015 1992/182/2060 2011/214/2097 2012/217/2084
f 2000/185/2062 1999/218/2083 2018/230/2089 2019/232/2088
f 2010/213/2092 2009/212/2082 2028/226/2086 2029/240/2102
f 2026/211/2071 2025/209/2070 2044/239/2103 2045/223/2077
f 2011/214/2097 2010/213/2092 2029/240/2102 2030/229/2098
f 2034/235/2104 2033/233/2093 2052/243/2096 2053/246/2105
f 2041/249/2106 2040/247/2107 2059/261/2108 2060/265/2109
f 2015/187/2054 2014/188/2053 2033/233/2093 2034/235/2104
f 2029/240/2102 2028/226/2086 2047/227/2087 2048/250/2110
f 2021/220/2074 2020/234/2100 2039/245/2101 2040/247/2107
f 2042/238/2111 2041/249/2106 2060/265/2109 2061/266/2112
f 2002/190/2057 2001/184/2056 2020/234/2100 2021/220/2074
f 2045/223/2077 2044/239/2103 2063/252/2113 2064/251/2114
f 2035/236/2115 2034/235/2104 2053/246/2105 2054/248/2116
f 2043/237/2117 2042/238/2111 2061/266/2112 2062/267/2118
f 2016/192/2079 2015/187/2054 2034/235/2104 2035/236/2115
f 2022/204/2045 2021/220/2074 2040/247/2107 2041/249/2106
f 2008/210/2066 2007/208/2065 2026/211/2071 2027/221/2076
f 2024/207/2075 2023/203/2046 2042/238/2111 2043/237/2117
f 2009/212/2082 2008/210/2066 2027/221/2076 2028/226/2086
f 2025/209/2070 2024/207/2075 2043/237/2117 2044/239/2103
f 2023/203/2046 2022/204/2045 2041/249/2106 2042/238/2111
f 2030/229/2098 2029/240/2102 2048/250/2110 2049/253/2119
f 2056/274/2120 2055/268/2121 2074/277/2122 2075/286/2123
f 2044/239/2103 2043/237/2117 2062/267/2118 2063/252/2113
f 2037/242/2090 2036/255/2124 2055/268/2121 2056/274/2120
f 2046/222/2078 2045/223/2077 2064/251/2114 2065/254/2125
f 2087/275/2126 2086/273/2127 2105/288/2128 2106/287/2129
f 2036/255/2124 2201/269/1655 2055/268/2121
f 2068/260/2130 2067/259/2131 2086/273/2127 2087/275/2126
f 2017/224/2081 2201/256/1655 2036/255/2124
f 2070/276/2132 2069/272/2133 2088/280/2134 2089/289/2135
f 2047/227/2087 2046/222/2078 2065/254/2125 2066/257/2136
f 2031/228/2099 2030/229/2098 2049/253/2119 2050/258/2137
f 2048/250/2110 2047/227/2087 2066/257/2136 2067/259/2131
f 2018/230/2089 2017/224/2081 2036/255/2124 2037/242/2090
f 2049/253/2119 2048/250/2110 2067/259/2131 2068/260/2130
f 2032/231/2094 2031/228/2099 2050/258/2137 2051/244/2095
f 2040/247/2107 2039/245/2101 2058/262/2138 2059/261/2108
f 2054/248/2116 2053/246/2105 2072/264/2139 2073/263/2140
f 2063/252/2113 2062/267/2118 2081/282/2141 2082/284/2142
f 2066/257/2136 2065/254/2125 2084/271/2143 2085/270/2144
f 2064/251/2114 2063/252/2113 2082/284/2142 2083/285/2145
f 2050/258/2137 2049/253/2119 2068/260/2130 2069/272/2133
f 2065/254/2125 2064/251/2114 2083/285/2145 2084/271/2143
f 2067/259/2131 2066/257/2136 2085/270/2144 2086/273/2127
f 2051/244/2095 2050/258/2137 2069/272/2133 2070/276/2132
f 2077/296/2146 2076/292/2147 2095/304/2148 2096/310/2149
f 2055/268/2121 2201/278/1655 2074/277/2122
f 2058/262/2138 2057/279/2150 2076/292/2147 2077/296/2146
f 2038/241/2091 2037/242/2090 2056/274/2120 2057/279/2150
f 2089/289/2135 2088/280/2134 2107/293/2151 2108/297/2152
f 2069/272/2133 2068/260/2130 2087/275/2126 2088/280/2134
f 2072/264/2139 2071/281/2153 2090/294/2154 2091/298/2155
f 2052/243/2096 2051/244/2095 2070/276/2132 2071/281/2153
f 2059/261/2108 2058/262/2138 2077/296/2146 2078/299/2156
f 2039/245/2101 2038/241/2091 2057/279/2150 2058/262/2138
f 2053/246/2105 2052/243/2096 2071/281/2153 2072/264/2139
f 2062/267/2118 2061/266/2112 2080/283/2157 2081/282/2141
f 2090/294/2154 2089/289/2135 2108/297/2152 2109/307/2158
f 2071/281/2153 2070/276/2132 2089/289/2135 2090/294/2154
f 2095/304/2148 2094/295/2159 2113/309/2160 2114/308/2161
f 2075/286/2123 2074/277/2122 2093/290/2162 2094/295/2159
f 2073/263/2140 2072/264/2139 2091/298/2155 2092/300/2163
f 2080/283/2157 2079/301/2164 2098/317/2165 2099/318/2166
f 2060/265/2109 2059/261/2108 2078/299/2156 2079/301/2164
f 2081/282/2141 2080/283/2157 2099/318/2166 2100/319/2167
f 2061/266/2112 2060/265/2109 2079/301/2164 2080/283/2157
f 2082/284/2142 2081/282/2141 2100/319/2167 2101/320/2168
f 2085/270/2144 2084/271/2143 2103/303/2169 2104/302/2170
f 2083/285/2145 2082/284/2142 2101/320/2168 2102/321/2171
f 2086/273/2127 2085/270/2144 2104/302/2170 2105/288/2128
f 2084/271/2143 2083/285/2145 2102/321/2171 2103/303/2169
f 2074/277/2122 2201/291/1655 2093/290/2162
f 2076/292/2147 2075/286/2123 2094/295/2159 2095/304/2148
f 2057/279/2150 2056/274/2120 2075/286/2123 2076/292/2147
f 2108/297/2152 2107/293/2151 2126/306/2172 2127/305/2173
f 2088/280/2134 2087/275/2126 2106/287/2129 2107/293/2151
f 2092/300/2163 2091/298/2155 2110/312/2174 2111/316/2175
f 2079/301/2164 2078/299/2156 2097/314/2176 2098/317/2165
f 2097/314/2176 2096/310/2149 2115/313/2177 2116/322/2178
f 2093/290/2162 2201/338/1655 2112/337/2179
f 2129/315/2180 2128/311/2181 2147/324/2182 2148/323/2183
f 2107/293/2151 2106/287/2129 2125/336/2184 2126/306/2172
f 2109/307/2158 2108/297/2152 2127/305/2173 2128/311/2181
f 2094/295/2159 2093/290/2162 2112/337/2179 2113/309/2160
f 2111/316/2175 2110/312/2174 2129/315/2180 2130/325/2185
f 2121/332/2186 2120/331/2187 2139/340/2188 2140/339/2189
f 2091/298/2155 2090/294/2154 2109/307/2158 2110/312/2174
f 2139/340/2188 2138/343/2190 2157/342/2191 2158/341/2192
f 2116/322/2178 2115/313/2177 2134/47/2193 2135/54/2194
f 2096/310/2149 2095/304/2148 2114/308/2161 2115/313/2177
f 2098/317/2165 2097/314/2176 2116/322/2178 2117/326/2195
f 2078/299/2156 2077/296/2146 2096/310/2149 2097/314/2176
f 2130/325/2185 2129/315/2180 2148/323/2183 2149/327/2196
f 2110/312/2174 2109/307/2158 2128/311/2181 2129/315/2180
f 2099/318/2166 2098/317/2165 2117/326/2195 2118/328/2197
f 2138/343/2190 2137/330/2198 2156/354/2199 2157/342/2191
f 2122/333/2200 2121/332/2186 2140/339/2189 2141/344/2201
f 2145/352/2202 2144/349/2203 2487/58/2204 2488/55/2205
f 2100/319/2167 2099/318/2166 2118/328/2197 2119/329/2206
f 2162/72/2207 2161/356/2208 2504/355/2209 2505/71/2210
f 2140/339/2189 2139/340/2188 2158/341/2192 2159/345/2211
f 2125/336/2184 2124/335/2212 2143/348/2213 2144/349/2203
f 2118/328/2197 2117/326/2195 2136/51/2214 2137/330/2198
f 2755/334/2215 2781/346/2216 2780/344/2217 2754/333/2218
f 2123/334/2219 2122/333/2200 2141/344/2201 2142/346/2220
f 2101/320/2168 2100/319/2167 2119/329/2206 2120/331/2187
f 2141/344/2201 2140/339/2189 2159/345/2211 2160/347/2221
f 2102/321/2171 2101/320/2168 2120/331/2187 2121/332/2186
f 2124/335/2212 2123/334/2219 2142/346/2220 2143/348/2213
f 2103/303/2169 2102/321/2171 2121/332/2186 2122/333/2200
f 2104/302/2170 2103/303/2169 2122/333/2200 2123/334/2219
f 2105/288/2128 2104/302/2170 2123/334/2219 2124/335/2212
f 2106/287/2129 2105/288/2128 2124/335/2212 2125/336/2184
f 2117/326/2195 2116/322/2178 2135/54/2194 2136/51/2214
f 2812/62/1600 2831/61/1599 2830/56/1594 2811/55/1593
f 2127/305/2173 2126/306/2172 2145/352/2202 2146/353/2222
f 2763/350/2223 2789/357/2224 2201/363/1655
f 2114/308/2161 2113/309/2160 2132/91/2225 2133/50/2226
f 2764/91/1629 2790/90/1628 2789/357/2224 2763/350/2223
f 2115/313/2177 2114/308/2161 2133/50/2226 2134/47/2193
f 2137/330/2198 2136/51/2214 2155/52/2227 2156/354/2199
f 2792/48/1586 2819/364/2228 2818/365/2229 2791/49/1587
f 2793/53/1591 2820/366/2230 2819/364/2228 2792/48/1586
f 2815/358/2231 2834/367/2232 2833/68/1606 2814/67/1605
f 2796/342/2233 2823/360/2234 2822/369/2235 2795/354/2236
f 2826/362/2237 2836/370/2238 2835/371/2239 2825/361/2240
f 2828/71/1609 2838/375/2241 2837/374/2242 2827/355/2243
f 2774/54/1592 2793/53/1591 2792/48/1586 2766/47/1585
f 2756/335/2244 2782/348/2245 2781/346/2216 2755/334/2215
f 2799/347/2246 2826/362/2237 2825/361/2240 2798/345/2247
f 2126/306/2172 2125/336/2184 2144/349/2203 2145/352/2202
f 2789/357/2224 2816/372/2248 2201/373/1655
f 2113/309/2160 2112/337/2179 2131/350/2249 2132/91/2225
f 2827/355/2243 2837/374/2242 2836/370/2238 2826/362/2237
f 2119/329/2206 2118/328/2197 2137/330/2198 2138/343/2190
f 2120/331/2187 2119/329/2206 2138/343/2190 2139/340/2188
f 2781/346/2216 2808/356/2250 2799/347/2246 2780/344/2217
f 2767/66/1604 2170/86/1624 2171/65/2251
f 2768/63/1601 2767/66/1604 2171/65/2251 2172/64/2252
f 2769/69/1607 2768/63/1601 2172/64/2252 2173/70/2253
f 2770/73/1611 2769/69/1607 2173/70/2253 2174/74/2254
f 2771/77/1615 2770/73/1611 2174/74/2254 2175/78/2255
f 2772/80/1618 2771/77/1615 2175/78/2255 2176/81/2256
f 2112/337/2179 2201/351/1655 2131/350/2249
f 2773/83/1621 2772/80/1618 2176/81/2256 2177/84/2257
f 2757/336/2258 2783/349/2259 2782/348/2245 2756/335/2244
f 2178/85/1623 2773/83/1621 2177/84/2257
f 2744/337/2260 2763/350/2223 2201/351/1655
f 2782/348/2245 2809/72/1610 2808/356/2250 2781/346/2216
f 2758/306/2261 2784/352/2262 2783/349/2259 2757/336/2258
f 2795/354/2236 2822/369/2235 2821/368/2263 2794/52/1590
f 2128/311/2181 2127/305/2173 2146/353/2222 2147/324/2182
f 2170/86/1624 2169/89/1627 2188/88/2264 2189/87/2265
f 2171/65/2251 2170/86/1624 2189/87/2265 2190/76/2266
f 2172/64/2252 2171/65/2251 2190/76/2266 2191/75/2267
f 2173/70/2253 2172/64/2252 2191/75/2267 2192/79/2268
f 2174/74/2254 2173/70/2253 2192/79/2268 2193/82/2269
f 2175/78/2255 2174/74/2254 2193/82/2269 2194/110/2270
f 2176/81/2256 2175/78/2255 2194/110/2270 2195/113/2271
f 2163/115/1653 2201/117/1655 2182/116/2272
f 2177/84/2257 2176/81/2256 2195/113/2271 2196/93/2273
f 2164/97/1635 2163/115/1653 2182/116/2272 2183/96/2274
f 2178/85/1623 2177/84/2257 2196/93/2273 2197/92/2275
f 2165/94/1632 2164/97/1635 2183/96/2274 2184/95/2276
f 2179/98/1636 2178/85/1623 2197/92/2275 2198/99/2277
f 2166/100/1638 2165/94/1632 2184/95/2276 2185/101/2278
f 2180/102/1640 2179/98/1636 2198/99/2277 2199/103/2279
f 2167/104/1642 2166/100/1638 2185/101/2278 2186/105/2280
f 2181/106/1644 2180/102/1640 2199/103/2279 2200/107/2281
f 2168/108/1646 2167/104/1642 2186/105/2280 2187/109/2282
f 2169/89/1627 2168/108/1646 2187/109/2282 2188/88/2264
f 2191/75/2267 2190/76/2266 2210/112/2283 2211/111/2284
f 2192/79/2268 2191/75/2267 2211/111/2284 2212/114/2285
f 2193/82/2269 2192/79/2268 2212/114/2285 2213/118/2286
f 2194/110/2270 2193/82/2269 2213/118/2286 2214/119/2287
f 2195/113/2271 2194/110/2270 2214/119/2287 2215/120/2288
f 2182/116/2272 2201/130/1655 2202/129/2289
f 2196/93/2273 2195/113/2271 2215/120/2288 2216/133/2290
f 2183/96/2274 2182/116/2272 2202/129/2289 2203/135/2291
f 2197/92/2275 2196/93/2273 2216/133/2290 2217/137/2292
f 2184/95/2276 2183/96/2274 2203/135/2291 2204/140/2293
f 2198/99/2277 2197/92/2275 2217/137/2292 2218/122/2294
f 2185/101/2278 2184/95/2276 2204/140/2293 2205/124/2295
f 2199/103/2279 2198/99/2277 2218/122/2294 2219/121/2296
f 2186/105/2280 2185/101/2278 2205/124/2295 2206/123/2297
f 2200/107/2281 2199/103/2279 2219/121/2296 2220/125/2298
f 2187/109/2282 2186/105/2280 2206/123/2297 2207/126/2299
f 2188/88/2264 2187/109/2282 2207/126/2299 2208/127/2300
f 2189/87/2265 2188/88/2264 2208/127/2300 2209/128/2301
f 2190/76/2266 2189/87/2265 2209/128/2301 2210/112/2283
f 2213/118/2286 2212/114/2285 2231/132/2302 2232/131/2303
f 2214/119/2287 2213/118/2286 2232/131/2303 2233/134/2304
f 2215/120/2288 2214/119/2287 2233/134/2304 2234/136/2305
f 2202/129/2289 2201/139/1655 2221/138/2306
f 2216/133/2290 2215/120/2288 2234/136/2305 2235/141/2307
f 2203/135/2291 2202/129/2289 2221/138/2306 2222/147/2308
f 2217/137/2292 2216/133/2290 2235/141/2307 2236/150/2309
f 2204/140/2293 2203/135/2291 2222/147/2308 2223/153/2310
f 2218/122/2294 2217/137/2292 2236/150/2309 2237/155/2311
f 2205/124/2295 2204/140/2293 2223/153/2310 2224/157/2312
f 2219/121/2296 2218/122/2294 2237/155/2311 2238/159/2313
f 2206/123/2297 2205/124/2295 2224/157/2312 2225/160/2314
f 2220/125/2298 2219/121/2296 2238/159/2313 2239/161/2315
f 2207/126/2299 2206/123/2297 2225/160/2314 2226/143/2316
f 2208/127/2300 2207/126/2299 2226/143/2316 2227/142/2317
f 2209/128/2301 2208/127/2300 2227/142/2317 2228/144/2318
f 2210/112/2283 2209/128/2301 2228/144/2318 2229/145/2319
f 2211/111/2284 2210/112/2283 2229/145/2319 2230/146/2320
f 2212/114/2285 2211/111/2284 2230/146/2320 2231/132/2302
f 2234/136/2305 2233/134/2304 2252/149/2321 2253/148/2322
f 2221/138/2306 2201/152/1655 2240/151/2323
f 2235/141/2307 2234/136/2305 2253/148/2322 2254/154/2324
f 2222/147/2308 2221/138/2306 2240/151/2323 2241/156/2325
f 2236/150/2309 2235/141/2307 2254/154/2324 2255/158/2326
f 2223/153/2310 2222/147/2308 2241/156/2325 2242/165/2327
f 2237/155/2311 2236/150/2309 2255/158/2326 2256/168/2328
f 2224/157/2312 2223/153/2310 2242/165/2327 2243/171/2329
f 2238/159/2313 2237/155/2311 2256/168/2328 2257/173/2330
f 2225/160/2314 2224/157/2312 2243/171/2329 2244/175/2331
f 2239/161/2315 2238/159/2313 2257/173/2330 2258/177/2332
f 2226/143/2316 2225/160/2314 2244/175/2331 2245/178/2333
f 2227/142/2317 2226/143/2316 2245/178/2333 2246/179/2334
f 2228/144/2318 2227/142/2317 2246/179/2334 2247/180/2335
f 2229/145/2319 2228/144/2318 2247/180/2335 2248/181/2336
f 2230/146/2320 2229/145/2319 2248/181/2336 2249/163/2337
f 2231/132/2302 2230/146/2320 2249/163/2337 2250/162/2338
f 2232/131/2303 2231/132/2302 2250/162/2338 2251/164/2339
f 2233/134/2304 2232/131/2303 2251/164/2339 2252/149/2321
f 2241/156/2325 2240/151/2323 2259/167/2340 2260/166/2341
f 2255/158/2326 2254/154/2324 2273/170/2342 2274/169/2343
f 2242/165/2327 2241/156/2325 2260/166/2341 2261/172/2344
f 2256/168/2328 2255/158/2326 2274/169/2343 2275/174/2345
f 2243/171/2329 2242/165/2327 2261/172/2344 2262/176/2346
f 2257/173/2330 2256/168/2328 2275/174/2345 2276/183/2347
f 2244/175/2331 2243/171/2329 2262/176/2346 2263/186/2348
f 2258/177/2332 2257/173/2330 2276/183/2347 2277/189/2349
f 2245/178/2333 2244/175/2331 2263/186/2348 2264/191/2350
f 2246/179/2334 2245/178/2333 2264/191/2350 2265/193/2351
f 2247/180/2335 2246/179/2334 2265/193/2351 2266/195/2352
f 2248/181/2336 2247/180/2335 2266/195/2352 2267/196/2353
f 2249/163/2337 2248/181/2336 2267/196/2353 2268/197/2354
f 2250/162/2338 2249/163/2337 2268/197/2354 2269/198/2355
f 2251/164/2339 2250/162/2338 2269/198/2355 2270/199/2356
f 2252/149/2321 2251/164/2339 2270/199/2356 2271/200/2357
f 2253/148/2322 2252/149/2321 2271/200/2357 2272/182/2358
f 2240/151/2323 2201/201/1655 2259/167/2340
f 2254/154/2324 2253/148/2322 2272/182/2358 2273/170/2342
f 2262/176/2346 2261/172/2344 2280/185/2359 2281/184/2360
f 2276/183/2347 2275/174/2345 2294/188/2361 2295/187/2362
f 2263/186/2348 2262/176/2346 2281/184/2360 2282/190/2363
f 2277/189/2349 2276/183/2347 2295/187/2362 2296/192/2364
f 2264/191/2350 2263/186/2348 2282/190/2363 2283/194/2365
f 2265/193/2351 2264/191/2350 2283/194/2365 2284/202/2366
f 2266/195/2352 2265/193/2351 2284/202/2366 2285/206/2367
f 2267/196/2353 2266/195/2352 2285/206/2367 2286/205/2368
f 2268/197/2354 2267/196/2353 2286/205/2368 2287/208/2369
f 2269/198/2355 2268/197/2354 2287/208/2369 2288/210/2370
f 2270/199/2356 2269/198/2355 2288/210/2370 2289/212/2371
f 2271/200/2357 2270/199/2356 2289/212/2371 2290/213/2372
f 2272/182/2358 2271/200/2357 2290/213/2372 2291/214/2373
f 2259/167/2340 2201/216/1655 2278/215/2374
f 2273/170/2342 2272/182/2358 2291/214/2373 2292/217/2375
f 2260/166/2341 2259/167/2340 2278/215/2374 2279/218/2376
f 2274/169/2343 2273/170/2342 2292/217/2375 2293/219/2377
f 2261/172/2344 2260/166/2341 2279/218/2376 2280/185/2359
f 2275/174/2345 2274/169/2343 2293/219/2377 2294/188/2361
f 2283/194/2365 2282/190/2363 2301/220/2378 2302/204/2379
f 2284/202/2366 2283/194/2365 2302/204/2379 2303/203/2380
f 2285/206/2367 2284/202/2366 2303/203/2380 2304/207/2381
f 2286/205/2368 2285/206/2367 2304/207/2381 2305/209/2382
f 2287/208/2369 2286/205/2368 2305/209/2382 2306/211/2383
f 2288/210/2370 2287/208/2369 2306/211/2383 2307/221/2384
f 2289/212/2371 2288/210/2370 2307/221/2384 2308/226/2385
f 2290/213/2372 2289/212/2371 2308/226/2385 2309/240/2386
f 2291/214/2373 2290/213/2372 2309/240/2386 2310/229/2387
f 2278/215/2374 2201/225/1655 2297/224/2388
f 2292/217/2375 2291/214/2373 2310/229/2387 2311/228/2389
f 2279/218/2376 2278/215/2374 2297/224/2388 2298/230/2390
f 2293/219/2377 2292/217/2375 2311/228/2389 2312/231/2391
f 2280/185/2359 2279/218/2376 2298/230/2390 2299/232/2392
f 2294/188/2361 2293/219/2377 2312/231/2391 2313/233/2393
f 2281/184/2360 2280/185/2359 2299/232/2392 2300/234/2394
f 2295/187/2362 2294/188/2361 2313/233/2393 2314/235/2395
f 2282/190/2363 2281/184/2360 2300/234/2394 2301/220/2378
f 2296/192/2364 2295/187/2362 2314/235/2395 2315/236/2396
f 2304/207/2381 2303/203/2380 2322/238/2397 2323/237/2398
f 2305/209/2382 2304/207/2381 2323/237/2398 2324/239/2399
f 2306/211/2383 2305/209/2382 2324/239/2399 2325/223/2400
f 2307/221/2384 2306/211/2383 2325/223/2400 2326/222/2401
f 2308/226/2385 2307/221/2384 2326/222/2401 2327/227/2402
f 2309/240/2386 2308/226/2385 2327/227/2402 2328/250/2403
f 2310/229/2387 2309/240/2386 2328/250/2403 2329/253/2404
f 2297/224/2388 2201/256/1655 2316/255/2405
f 2311/228/2389 2310/229/2387 2329/253/2404 2330/258/2406
f 2298/230/2390 2297/224/2388 2316/255/2405 2317/242/2407
f 2312/231/2391 2311/228/2389 2330/258/2406 2331/244/2408
f 2299/232/2392 2298/230/2390 2317/242/2407 2318/241/2409
f 2313/233/2393 2312/231/2391 2331/244/2408 2332/243/2410
f 2300/234/2394 2299/232/2392 2318/241/2409 2319/245/2411
f 2314/235/2395 2313/233/2393 2332/243/2410 2333/246/2412
f 2301/220/2378 2300/234/2394 2319/245/2411 2320/247/2413
f 2315/236/2396 2314/235/2395 2333/246/2412 2334/248/2414
f 2302/204/2379 2301/220/2378 2320/247/2413 2321/249/2415
f 2303/203/2380 2302/204/2379 2321/249/2415 2322/238/2397
f 2325/223/2400 2324/239/2399 2343/252/2416 2344/251/2417
f 2326/222/2401 2325/223/2400 2344/251/2417 2345/254/2418
f 2327/227/2402 2326/222/2401 2345/254/2418 2346/257/2419
f 2328/250/2403 2327/227/2402 2346/257/2419 2347/259/2420
f 2329/253/2404 2328/250/2403 2347/259/2420 2348/260/2421
f 2316/255/2405 2201/269/1655 2335/268/2422
f 2330/258/2406 2329/253/2404 2348/260/2421 2349/272/2423
f 2317/242/2407 2316/255/2405 2335/268/2422 2336/274/2424
f 2331/244/2408 2330/258/2406 2349/272/2423 2350/276/2425
f 2318/241/2409 2317/242/2407 2336/274/2424 2337/279/2426
f 2332/243/2410 2331/244/2408 2350/276/2425 2351/281/2427
f 2319/245/2411 2318/241/2409 2337/279/2426 2338/262/2428
f 2333/246/2412 2332/243/2410 2351/281/2427 2352/264/2429
f 2320/247/2413 2319/245/2411 2338/262/2428 2339/261/2430
f 2334/248/2414 2333/246/2412 2352/264/2429 2353/263/2431
f 2321/249/2415 2320/247/2413 2339/261/2430 2340/265/2432
f 2322/238/2397 2321/249/2415 2340/265/2432 2341/266/2433
f 2323/237/2398 2322/238/2397 2341/266/2433 2342/267/2434
f 2324/239/2399 2323/237/2398 2342/267/2434 2343/252/2416
f 2346/257/2419 2345/254/2418 2364/271/2435 2365/270/2436
f 2347/259/2420 2346/257/2419 2365/270/2436 2366/273/2437
f 2348/260/2421 2347/259/2420 2366/273/2437 2367/275/2438
f 2335/268/2422 2201/278/1655 2354/277/2439
f 2349/272/2423 2348/260/2421 2367/275/2438 2368/280/2440
f 2336/274/2424 2335/268/2422 2354/277/2439 2355/286/2441
f 2350/276/2425 2349/272/2423 2368/280/2440 2369/289/2442
f 2337/279/2426 2336/274/2424 2355/286/2441 2356/292/2443
f 2351/281/2427 2350/276/2425 2369/289/2442 2370/294/2444
f 2338/262/2428 2337/279/2426 2356/292/2443 2357/296/2445
f 2352/264/2429 2351/281/2427 2370/294/2444 2371/298/2446
f 2339/261/2430 2338/262/2428 2357/296/2445 2358/299/2447
f 2353/263/2431 2352/264/2429 2371/298/2446 2372/300/2448
f 2340/265/2432 2339/261/2430 2358/299/2447 2359/301/2449
f 2341/266/2433 2340/265/2432 2359/301/2449 2360/283/2450
f 2342/267/2434 2341/266/2433 2360/283/2450 2361/282/2451
f 2343/252/2416 2342/267/2434 2361/282/2451 2362/284/2452
f 2344/251/2417 2343/252/2416 2362/284/2452 2363/285/2453
f 2345/254/2418 2344/251/2417 2363/285/2453 2364/271/2435
f 2367/275/2438 2366/273/2437 2385/288/2454 2386/287/2455
f 2354/277/2439 2201/291/1655 2373/290/2456
f 2368/280/2440 2367/275/2438 2386/287/2455 2387/293/2457
f 2355/286/2441 2354/277/2439 2373/290/2456 2374/295/2458
f 2369/289/2442 2368/280/2440 2387/293/2457 2388/297/2459
f 2356/292/2443 2355/286/2441 2374/295/2458 2375/304/2460
f 2370/294/2444 2369/289/2442 2388/297/2459 2389/307/2461
f 2357/296/2445 2356/292/2443 2375/304/2460 2376/310/2462
f 2371/298/2446 2370/294/2444 2389/307/2461 2390/312/2463
f 2358/299/2447 2357/296/2445 2376/310/2462 2377/314/2464
f 2372/300/2448 2371/298/2446 2390/312/2463 2391/316/2465
f 2359/301/2449 2358/299/2447 2377/314/2464 2378/317/2466
f 2360/283/2450 2359/301/2449 2378/317/2466 2379/318/2467
f 2361/282/2451 2360/283/2450 2379/318/2467 2380/319/2468
f 2362/284/2452 2361/282/2451 2380/319/2468 2381/320/2469
f 2363/285/2453 2362/284/2452 2381/320/2469 2382/321/2470
f 2364/271/2435 2363/285/2453 2382/321/2470 2383/303/2471
f 2365/270/2436 2364/271/2435 2383/303/2471 2384/302/2472
f 2366/273/2437 2365/270/2436 2384/302/2472 2385/288/2454
f 2388/297/2459 2387/293/2457 2406/306/2473 2407/305/2474
f 2375/304/2460 2374/295/2458 2393/309/2475 2394/308/2476
f 2389/307/2461 2388/297/2459 2407/305/2474 2408/311/2477
f 2376/310/2462 2375/304/2460 2394/308/2476 2395/313/2478
f 2390/312/2463 2389/307/2461 2408/311/2477 2409/315/2479
f 2377/314/2464 2376/310/2462 2395/313/2478 2396/322/2480
f 2391/316/2465 2390/312/2463 2409/315/2479 2410/325/2481
f 2378/317/2466 2377/314/2464 2396/322/2480 2397/326/2482
f 2379/318/2467 2378/317/2466 2397/326/2482 2398/328/2483
f 2380/319/2468 2379/318/2467 2398/328/2483 2399/329/2484
f 2381/320/2469 2380/319/2468 2399/329/2484 2400/331/2485
f 2382/321/2470 2381/320/2469 2400/331/2485 2401/332/2486
f 2383/303/2471 2382/321/2470 2401/332/2486 2402/333/2487
f 2384/302/2472 2383/303/2471 2402/333/2487 2403/334/2488
f 2385/288/2454 2384/302/2472 2403/334/2488 2404/335/2489
f 2386/287/2455 2385/288/2454 2404/335/2489 2405/336/2490
f 2373/290/2456 2201/338/1655 2392/337/2491
f 2387/293/2457 2386/287/2455 2405/336/2490 2406/306/2473
f 2374/295/2458 2373/290/2456 2392/337/2491 2393/309/2475
f 2409/315/2479 2408/311/2477 2427/324/2492 2428/323/2493
f 2396/322/2480 2395/313/2478 2414/47/2494 2415/54/2495
f 2410/325/2481 2409/315/2479 2428/323/2493 2429/327/2496
f 2397/326/2482 2396/322/2480 2415/54/2495 2416/51/2497
f 2398/328/2483 2397/326/2482 2416/51/2497 2417/330/2498
f 2399/329/2484 2398/328/2483 2417/330/2498 2418/343/2499
f 2400/331/2485 2399/329/2484 2418/343/2499 2419/340/2500
f 2401/332/2486 2400/331/2485 2419/340/2500 2420/339/2501
f 2402/333/2487 2401/332/2486 2420/339/2501 2421/344/2502
f 2403/334/2488 2402/333/2487 2421/344/2502 2422/346/2503
f 2404/335/2489 2403/334/2488 2422/346/2503 2423/348/2504
f 2405/336/2490 2404/335/2489 2423/348/2504 2424/349/2505
f 2392/337/2491 2201/351/1655 2411/350/2506
f 2406/306/2473 2405/336/2490 2424/349/2505 2425/352/2507
f 2393/309/2475 2392/337/2491 2411/350/2506 2412/91/2508
f 2407/305/2474 2406/306/2473 2425/352/2507 2426/353/2509
f 2394/308/2476 2393/309/2475 2412/91/2508 2413/50/2510
f 2408/311/2477 2407/305/2474 2426/353/2509 2427/324/2492
f 2395/313/2478 2394/308/2476 2413/50/2510 2414/47/2494
f 2417/330/2498 2416/51/2497 2435/52/2511 2436/354/2512
f 2418/343/2499 2417/330/2498 2436/354/2512 2437/342/2513
f 2419/340/2500 2418/343/2499 2437/342/2513 2438/341/2514
f 2420/339/2501 2419/340/2500 2438/341/2514 2439/345/2515
f 2421/344/2502 2420/339/2501 2439/345/2515 2440/347/2516
f 2422/346/2503 2421/344/2502 2440/347/2516 2441/356/2517
f 2423/348/2504 2422/346/2503 2441/356/2517 2442/72/2518
f 2424/349/2505 2423/348/2504 2442/72/2518 2443/58/2519
f 2411/350/2506 2201/363/1655 2430/357/2520
f 2425/352/2507 2424/349/2505 2443/58/2519 2444/55/2521
f 2412/91/2508 2411/350/2506 2430/357/2520 2431/90/2522
f 2426/353/2509 2425/352/2507 2444/55/2521 2445/62/2523
f 2413/50/2510 2412/91/2508 2431/90/2522 2432/49/2524
f 2427/324/2492 2426/353/2509 2445/62/2523 2446/59/2525
f 2414/47/2494 2413/50/2510 2432/49/2524 2433/48/2526
f 2428/323/2493 2427/324/2492 2446/59/2525 2447/67/2527
f 2415/54/2495 2414/47/2494 2433/48/2526 2434/53/2528
f 2429/327/2496 2428/323/2493 2447/67/2527 2448/358/2529
f 2416/51/2497 2415/54/2495 2434/53/2528 2435/52/2511
f 2438/341/2514 2437/342/2513 2456/360/2530 2457/359/2531
f 2439/345/2515 2438/341/2514 2457/359/2531 2458/361/2532
f 2440/347/2516 2439/345/2515 2458/361/2532 2459/362/2533
f 2441/356/2517 2440/347/2516 2459/362/2533 2460/355/2534
f 2442/72/2518 2441/356/2517 2460/355/2534 2461/71/2535
f 2443/58/2519 2442/72/2518 2461/71/2535 2462/57/2536
f 2430/357/2520 2201/373/1655 2449/372/2537
f 2444/55/2521 2443/58/2519 2462/57/2536 2463/56/2538
f 2431/90/2522 2430/357/2520 2449/372/2537 2450/376/2539
f 2445/62/2523 2444/55/2521 2463/56/2538 2464/61/2540
f 2432/49/2524 2431/90/2522 2450/376/2539 2451/365/2541
f 2446/59/2525 2445/62/2523 2464/61/2540 2465/60/2542
f 2433/48/2526 2432/49/2524 2451/365/2541 2452/364/2543
f 2447/67/2527 2446/59/2525 2465/60/2542 2466/68/2544
f 2434/53/2528 2433/48/2526 2452/364/2543 2453/366/2545
f 2448/358/2529 2447/67/2527 2466/68/2544 2467/367/2546
f 2435/52/2511 2434/53/2528 2453/366/2545 2454/368/2547
f 2436/354/2512 2435/52/2511 2454/368/2547 2455/369/2548
f 2437/342/2513 2436/354/2512 2455/369/2548 2456/360/2530
f 2459/362/2533 2458/361/2532 2477/371/2549 2478/370/2550
f 2460/355/2534 2459/362/2533 2478/370/2550 2479/374/2551
f 2461/71/2535 2460/355/2534 2479/374/2551 2480/375/2552
f 2462/57/2536 2461/71/2535 2480/375/2552 2481/377/2553
f 2449/372/2537 2201/379/1655 2468/378/2554
f 2463/56/2538 2462/57/2536 2481/377/2553 2482/387/2555
f 2450/376/2539 2449/372/2537 2468/378/2554 2469/388/2556
f 2464/61/2540 2463/56/2538 2482/387/2555 2483/389/2557
f 2451/365/2541 2450/376/2539 2469/388/2556 2470/390/2558
f 2465/60/2542 2464/61/2540 2483/389/2557 2484/391/2559
f 2452/364/2543 2451/365/2541 2470/390/2558 2471/392/2560
f 2466/68/2544 2465/60/2542 2484/391/2559 2485/381/2561
f 2453/366/2545 2452/364/2543 2471/392/2560 2472/383/2562
f 2467/367/2546 2466/68/2544 2485/381/2561 2486/380/2563
f 2454/368/2547 2453/366/2545 2472/383/2562 2473/382/2564
f 2455/369/2548 2454/368/2547 2473/382/2564 2474/384/2565
f 2456/360/2530 2455/369/2548 2474/384/2565 2475/385/2566
f 2457/359/2531 2456/360/2530 2475/385/2566 2476/386/2567
f 2458/361/2532 2457/359/2531 2476/386/2567 2477/371/2549
f 2159/345/2211 2158/341/2192 2501/359/2568 2502/361/2569
f 2481/393/2553 2480/394/2552 2804/395/2570
f 2132/91/2225 2131/350/2249 2150/357/2571 2151/90/2572
f 2160/347/2221 2159/345/2211 2502/361/2569 2503/362/2573
f 2146/353/2222 2145/352/2202 2488/55/2205 2489/62/2574
f 2131/350/2249 2201/363/1655 2150/357/2571
f 2133/50/2226 2132/91/2225 2151/90/2572 2152/49/2575
f 2161/356/2208 2160/347/2221 2503/362/2573 2504/355/2209
f 2147/324/2182 2146/353/2222 2489/62/2574 2490/59/2576
f 2490/59/2576 2489/62/2574 2508/61/2577 2509/60/2578
f 2134/47/2193 2133/50/2226 2152/49/2575 2153/48/2579
f 2153/48/2579 2152/49/2575 2495/365/2580 2496/364/2581
f 2148/323/2183 2147/324/2182 2490/59/2576 2491/67/2582
f 2135/54/2194 2134/47/2193 2153/48/2579 2154/53/2583
f 2149/327/2196 2148/323/2183 2491/67/2582 2492/358/2584
f 2136/51/2214 2135/54/2194 2154/53/2583 2155/52/2227
f 2142/346/2220 2141/344/2201 2160/347/2221 2161/356/2208
f 2158/341/2192 2157/342/2191 2500/360/2585 2501/359/2568
f 2143/348/2213 2142/346/2220 2161/356/2208 2162/72/2207
f 2489/62/2574 2488/55/2205 2507/56/2586 2508/61/2577
f 2154/53/2583 2153/48/2579 2496/364/2581 2497/366/2587
f 2493/372/2588 2201/379/1655 1883/378/1924
f 2492/358/2584 2491/67/2582 2510/68/2589 2511/367/2590
f 2152/49/2575 2151/90/2572 2494/376/2591 2495/365/2580
f 2155/52/2227 2154/53/2583 2497/366/2587 2498/368/2592
f 2511/367/2590 2510/68/2589 1900/381/1926 1901/380/1925
f 2156/354/2199 2155/52/2227 2498/368/2592 2499/369/2593
f 2498/368/2592 2497/366/2587 1887/383/1928 1888/382/1927
f 2157/342/2191 2156/354/2199 2499/369/2593 2500/360/2585
f 2487/58/2204 2162/72/2207 2505/71/2210 2506/57/2594
f 2503/362/2573 2502/361/2569 2512/371/2595 2513/370/2596
f 2150/357/2571 2201/373/1655 2493/372/2588
f 2504/355/2209 2503/362/2573 2513/370/2596 2514/374/2597
f 2488/55/2205 2487/58/2204 2506/57/2594 2507/56/2586
f 2505/71/2210 2504/355/2209 2514/374/2597 2515/375/2598
f 2151/90/2572 2150/357/2571 2493/372/2588 2494/376/2591
f 2506/57/2594 2505/71/2210 2515/375/2598 1896/377/1923
f 2491/67/2582 2490/59/2576 2509/60/2578 2510/68/2589
f 2843/77/1982 2528/78/2599 2527/74/2600 2842/73/1968
f 2502/361/2569 2501/359/2568 1891/386/1931 2512/371/2595
f 2844/80/1955 2529/81/2601 2528/78/2599 2843/77/1982
f 2507/56/2586 2506/57/2594 1896/377/1923 1897/387/1932
f 2845/83/1954 2530/84/2602 2529/81/2601 2844/80/1955
f 2494/376/2591 2493/372/2588 1883/378/1924 1884/388/1937
f 2508/61/2577 2507/56/2586 1897/387/1932 1898/389/1942
f 2495/365/2580 2494/376/2591 1884/388/1937 1885/390/1947
f 2509/60/2578 2508/61/2577 1898/389/1942 1899/391/1950
f 2496/364/2581 2495/365/2580 1885/390/1947 1886/392/1953
f 2510/68/2589 2509/60/2578 1899/391/1950 1900/381/1926
f 2497/366/2587 2496/364/2581 1886/392/1953 1887/383/1928
f 2839/66/1944 2524/65/2603 2523/86/1957
f 2840/63/1943 2525/64/2604 2524/65/2603 2839/66/1944
f 2499/369/2593 2498/368/2592 1888/382/1927 1889/384/1929
f 2841/69/1951 2526/70/2605 2525/64/2604 2840/63/1943
f 2500/360/2585 2499/369/2593 1889/384/1929 1890/385/1930
f 2842/73/1968 2527/74/2600 2526/70/2605 2841/69/1951
f 2501/359/2568 2500/360/2585 1890/385/1930 1891/386/1931
f 2534/106/1983 2553/107/2606 2552/103/2607 2533/102/1972
f 2526/70/2605 2545/79/2608 2544/75/2609 2525/64/2604
f 2521/108/1970 2540/109/2610 2539/105/2611 2520/104/1980
f 2527/74/2600 2546/82/2612 2545/79/2608 2526/70/2605
f 2528/78/2599 2547/110/2613 2546/82/2612 2527/74/2600
f 2529/81/2601 2548/113/2614 2547/110/2613 2528/78/2599
f 2516/115/2005 2535/116/2615 2201/117/1655
f 2530/84/2602 2549/93/2616 2548/113/2614 2529/81/2601
f 2517/97/1939 2536/96/2617 2535/116/2615 2516/115/2005
f 2531/85/1933 2550/92/2618 2549/93/2616 2530/84/2602
f 2518/94/1938 2537/95/2619 2536/96/2617 2517/97/1939
f 2532/98/1948 2551/99/2620 2550/92/2618 2531/85/1933
f 2531/85/1933 2530/84/2602 2845/83/1954
f 2519/100/1962 2538/101/2621 2537/95/2619 2518/94/1938
f 2523/86/1957 2542/87/2622 2541/88/2623 2522/89/1958
f 2533/102/1972 2552/103/2607 2551/99/2620 2532/98/1948
f 2524/65/2603 2543/76/2624 2542/87/2622 2523/86/1957
f 2520/104/1980 2539/105/2611 2538/101/2621 2519/100/1962
f 2525/64/2604 2544/75/2609 2543/76/2624 2524/65/2603
f 2535/116/2615 2554/129/2625 2201/130/1655
f 2549/93/2616 2568/133/2626 2567/120/2627 2548/113/2614
f 2536/96/2617 2555/135/2628 2554/129/2625 2535/116/2615
f 2550/92/2618 2569/137/2629 2568/133/2626 2549/93/2616
f 2537/95/2619 2556/140/2630 2555/135/2628 2536/96/2617
f 2551/99/2620 2570/122/2631 2569/137/2629 2550/92/2618
f 2538/101/2621 2557/124/2632 2556/140/2630 2537/95/2619
f 2552/103/2607 2571/121/2633 2570/122/2631 2551/99/2620
f 2522/89/1958 2541/88/2623 2540/109/2610 2521/108/1970
f 2539/105/2611 2558/123/2634 2557/124/2632 2538/101/2621
f 2544/75/2609 2563/111/2635 2562/112/2636 2543/76/2624
f 2553/107/2606 2572/125/2637 2571/121/2633 2552/103/2607
f 2545/79/2608 2564/114/2638 2563/111/2635 2544/75/2609
f 2540/109/2610 2559/126/2639 2558/123/2634 2539/105/2611
f 2546/82/2612 2565/118/2640 2564/114/2638 2545/79/2608
f 2541/88/2623 2560/127/2641 2559/126/2639 2540/109/2610
f 2547/110/2613 2566/119/2642 2565/118/2640 2546/82/2612
f 2542/87/2622 2561/128/2643 2560/127/2641 2541/88/2623
f 2548/113/2614 2567/120/2627 2566/119/2642 2547/110/2613
f 2556/140/2630 2575/153/2644 2574/147/2645 2555/135/2628
f 2570/122/2631 2589/155/2646 2588/150/2647 2569/137/2629
f 2557/124/2632 2576/157/2648 2575/153/2644 2556/140/2630
f 2571/121/2633 2590/159/2649 2589/155/2646 2570/122/2631
f 2558/123/2634 2577/160/2650 2576/157/2648 2557/124/2632
f 2572/125/2637 2591/161/2651 2590/159/2649 2571/121/2633
f 2543/76/2624 2562/112/2636 2561/128/2643 2542/87/2622
f 2559/126/2639 2578/143/2652 2577/160/2650 2558/123/2634
f 2565/118/2640 2584/131/2653 2583/132/2654 2564/114/2638
f 2560/127/2641 2579/142/2655 2578/143/2652 2559/126/2639
f 2566/119/2642 2585/134/2656 2584/131/2653 2565/118/2640
f 2561/128/2643 2580/144/2657 2579/142/2655 2560/127/2641
f 2567/120/2627 2586/136/2658 2585/134/2656 2566/119/2642
f 2562/112/2636 2581/145/2659 2580/144/2657 2561/128/2643
f 2554/129/2625 2573/138/2660 2201/139/1655
f 2563/111/2635 2582/146/2661 2581/145/2659 2562/112/2636
f 2568/133/2626 2587/141/2662 2586/136/2658 2567/120/2627
f 2555/135/2628 2574/147/2645 2573/138/2660 2554/129/2625
f 2569/137/2629 2588/150/2647 2587/141/2662 2568/133/2626
f 2577/160/2650 2596/175/2663 2595/171/2664 2576/157/2648
f 2591/161/2651 2610/177/2665 2609/173/2666 2590/159/2649
f 2578/143/2652 2597/178/2667 2596/175/2663 2577/160/2650
f 2579/142/2655 2598/179/2668 2597/178/2667 2578/143/2652
f 2564/114/2638 2583/132/2654 2582/146/2661 2563/111/2635
f 2580/144/2657 2599/180/2669 2598/179/2668 2579/142/2655
f 2586/136/2658 2605/148/2670 2604/149/2671 2585/134/2656
f 2581/145/2659 2600/181/2672 2599/180/2669 2580/144/2657
f 2573/138/2660 2592/151/2673 2201/152/1655
f 2582/146/2661 2601/163/2674 2600/181/2672 2581/145/2659
f 2587/141/2662 2606/154/2675 2605/148/2670 2586/136/2658
f 2583/132/2654 2602/162/2676 2601/163/2674 2582/146/2661
f 2574/147/2645 2593/156/2677 2592/151/2673 2573/138/2660
f 2584/131/2653 2603/164/2678 2602/162/2676 2583/132/2654
f 2588/150/2647 2607/158/2679 2606/154/2675 2587/141/2662
f 2575/153/2644 2594/165/2680 2593/156/2677 2574/147/2645
f 2589/155/2646 2608/168/2681 2607/158/2679 2588/150/2647
f 2576/157/2648 2595/171/2664 2594/165/2680 2575/153/2644
f 2590/159/2649 2609/173/2666 2608/168/2681 2589/155/2646
f 2600/181/2672 2619/196/2682 2618/195/2683 2599/180/2669
f 2601/163/2674 2620/197/2684 2619/196/2682 2600/181/2672
f 2585/134/2656 2604/149/2671 2603/164/2678 2584/131/2653
f 2602/162/2676 2621/198/2685 2620/197/2684 2601/163/2674
f 2593/156/2677 2612/166/2686 2611/167/2687 2592/151/2673
f 2603/164/2678 2622/199/2688 2621/198/2685 2602/162/2676
f 2607/158/2679 2626/169/2689 2625/170/2690 2606/154/2675
f 2604/149/2671 2623/200/2691 2622/199/2688 2603/164/2678
f 2594/165/2680 2613/172/2692 2612/166/2686 2593/156/2677
f 2605/148/2670 2624/182/2693 2623/200/2691 2604/149/2671
f 2608/168/2681 2627/174/2694 2626/169/2689 2607/158/2679
f 2592/151/2673 2611/167/2687 2201/201/1655
f 2595/171/2664 2614/176/2695 2613/172/2692 2594/165/2680
f 2609/173/2666 2628/183/2696 2627/174/2694 2608/168/2681
f 2596/175/2663 2615/186/2697 2614/176/2695 2595/171/2664
f 2610/177/2665 2629/189/2698 2628/183/2696 2609/173/2666
f 2597/178/2667 2616/191/2699 2615/186/2697 2596/175/2663
f 2598/179/2668 2617/193/2700 2616/191/2699 2597/178/2667
f 2599/180/2669 2618/195/2683 2617/193/2700 2598/179/2668
f 2611/167/2687 2630/215/2701 2201/216/1655
f 2614/176/2695 2633/184/2702 2632/185/2703 2613/172/2692
f 2625/170/2690 2644/217/2704 2643/214/2705 2624/182/2693
f 2628/183/2696 2647/187/2706 2646/188/2707 2627/174/2694
f 2612/166/2686 2631/218/2708 2630/215/2701 2611/167/2687
f 2615/186/2697 2634/190/2709 2633/184/2702 2614/176/2695
f 2626/169/2689 2645/219/2710 2644/217/2704 2625/170/2690
f 2629/189/2698 2648/192/2711 2647/187/2706 2628/183/2696
f 2613/172/2692 2632/185/2703 2631/218/2708 2612/166/2686
f 2616/191/2699 2635/194/2712 2634/190/2709 2615/186/2697
f 2617/193/2700 2636/202/2713 2635/194/2712 2616/191/2699
f 2618/195/2683 2637/206/2714 2636/202/2713 2617/193/2700
f 2619/196/2682 2638/205/2715 2637/206/2714 2618/195/2683
f 2620/197/2684 2639/208/2716 2638/205/2715 2619/196/2682
f 2621/198/2685 2640/210/2717 2639/208/2716 2620/197/2684
f 2622/199/2688 2641/212/2718 2640/210/2717 2621/198/2685
f 2623/200/2691 2642/213/2719 2641/212/2718 2622/199/2688
f 2624/182/2693 2643/214/2705 2642/213/2719 2623/200/2691
f 2606/154/2675 2625/170/2690 2624/182/2693 2605/148/2670
f 2633/184/2702 2652/234/2720 2651/232/2721 2632/185/2703
f 2637/206/2714 2656/207/2722 2655/203/2723 2636/202/2713
f 2647/187/2706 2666/235/2724 2665/233/2725 2646/188/2707
f 2638/205/2715 2657/209/2726 2656/207/2722 2637/206/2714
f 2634/190/2709 2653/220/2727 2652/234/2720 2633/184/2702
f 2639/208/2716 2658/211/2728 2657/209/2726 2638/205/2715
f 2640/210/2717 2659/221/2729 2658/211/2728 2639/208/2716
f 2641/212/2718 2660/226/2730 2659/221/2729 2640/210/2717
f 2642/213/2719 2661/240/2731 2660/226/2730 2641/212/2718
f 2643/214/2705 2662/229/2732 2661/240/2731 2642/213/2719
f 2630/215/2701 2649/224/2733 2201/225/1655
f 2644/217/2704 2663/228/2734 2662/229/2732 2643/214/2705
f 2631/218/2708 2650/230/2735 2649/224/2733 2630/215/2701
f 2645/219/2710 2664/231/2736 2663/228/2734 2644/217/2704
f 2627/174/2694 2646/188/2707 2645/219/2710 2626/169/2689
f 2632/185/2703 2651/232/2721 2650/230/2735 2631/218/2708
f 2635/194/2712 2654/204/2737 2653/220/2727 2634/190/2709
f 2646/188/2707 2665/233/2725 2664/231/2736 2645/219/2710
f 2636/202/2713 2655/203/2723 2654/204/2737 2635/194/2712
f 2654/204/2737 2673/249/2738 2672/247/2739 2653/220/2727
f 2660/226/2730 2679/227/2740 2678/222/2741 2659/221/2729
f 2661/240/2731 2680/250/2742 2679/227/2740 2660/226/2730
f 2662/229/2732 2681/253/2743 2680/250/2742 2661/240/2731
f 2649/224/2733 2668/255/2744 2201/256/1655
f 2663/228/2734 2682/258/2745 2681/253/2743 2662/229/2732
f 2650/230/2735 2669/242/2746 2668/255/2744 2649/224/2733
f 2664/231/2736 2683/244/2747 2682/258/2745 2663/228/2734
f 2651/232/2721 2670/241/2748 2669/242/2746 2650/230/2735
f 2665/233/2725 2684/243/2749 2683/244/2747 2664/231/2736
f 2648/192/2711 2667/236/2750 2666/235/2724 2647/187/2706
f 2652/234/2720 2671/245/2751 2670/241/2748 2651/232/2721
f 2656/207/2722 2675/237/2752 2674/238/2753 2655/203/2723
f 2666/235/2724 2685/246/2754 2684/243/2749 2665/233/2725
f 2657/209/2726 2676/239/2755 2675/237/2752 2656/207/2722
f 2653/220/2727 2672/247/2739 2671/245/2751 2652/234/2720
f 2658/211/2728 2677/223/2756 2676/239/2755 2657/209/2726
f 2667/236/2750 2686/248/2757 2685/246/2754 2666/235/2724
f 2659/221/2729 2678/222/2741 2677/223/2756 2658/211/2728
f 2682/258/2745 2701/272/2758 2700/260/2759 2681/253/2743
f 2669/242/2746 2688/274/2760 2687/268/2761 2668/255/2744
f 2683/244/2747 2702/276/2762 2701/272/2758 2682/258/2745
f 2670/241/2748 2689/279/2763 2688/274/2760 2669/242/2746
f 2684/243/2749 2703/281/2764 2702/276/2762 2683/244/2747
f 2671/245/2751 2690/262/2765 2689/279/2763 2670/241/2748
f 2685/246/2754 2704/264/2766 2703/281/2764 2684/243/2749
f 2655/203/2723 2674/238/2753 2673/249/2738 2654/204/2737
f 2672/247/2739 2691/261/2767 2690/262/2765 2671/245/2751
f 2677/223/2756 2696/251/2768 2695/252/2769 2676/239/2755
f 2686/248/2757 2705/263/2770 2704/264/2766 2685/246/2754
f 2678/222/2741 2697/254/2771 2696/251/2768 2677/223/2756
f 2673/249/2738 2692/265/2772 2691/261/2767 2672/247/2739
f 2679/227/2740 2698/257/2773 2697/254/2771 2678/222/2741
f 2674/238/2753 2693/266/2774 2692/265/2772 2673/249/2738
f 2680/250/2742 2699/259/2775 2698/257/2773 2679/227/2740
f 2675/237/2752 2694/267/2776 2693/266/2774 2674/238/2753
f 2681/253/2743 2700/260/2759 2699/259/2775 2680/250/2742
f 2668/255/2744 2687/268/2761 2201/269/1655
f 2703/281/2764 2722/294/2777 2721/289/2778 2702/276/2762
f 2690/262/2765 2709/296/2779 2708/292/2780 2689/279/2763
f 2704/264/2766 2723/298/2781 2722/294/2777 2703/281/2764
f 2691/261/2767 2710/299/2782 2709/296/2779 2690/262/2765
f 2705/263/2770 2724/300/2783 2723/298/2781 2704/264/2766
f 2676/239/2755 2695/252/2769 2694/267/2776 2675/237/2752
f 2692/265/2772 2711/301/2784 2710/299/2782 2691/261/2767
f 2698/257/2773 2717/270/2785 2716/271/2786 2697/254/2771
f 2693/266/2774 2712/283/2787 2711/301/2784 2692/265/2772
f 2699/259/2775 2718/273/2788 2717/270/2785 2698/257/2773
f 2694/267/2776 2713/282/2789 2712/283/2787 2693/266/2774
f 2700/260/2759 2719/275/2790 2718/273/2788 2699/259/2775
f 2695/252/2769 2714/284/2791 2713/282/2789 2694/267/2776
f 2687/268/2761 2706/277/2792 2201/278/1655
f 2696/251/2768 2715/285/2793 2714/284/2791 2695/252/2769
f 2701/272/2758 2720/280/2794 2719/275/2790 2700/260/2759
f 2688/274/2760 2707/286/2795 2706/277/2792 2687/268/2761
f 2702/276/2762 2721/289/2778 2720/280/2794 2701/272/2758
f 2689/279/2763 2708/292/2780 2707/286/2795 2688/274/2760
f 2724/300/2783 2743/316/2796 2742/312/2797 2723/298/2781
f 2711/301/2784 2730/317/2798 2729/314/2799 2710/299/2782
f 2712/283/2787 2731/318/2800 2730/317/2798 2711/301/2784
f 2697/254/2771 2716/271/2786 2715/285/2793 2696/251/2768
f 2713/282/2789 2732/319/2801 2731/318/2800 2712/283/2787
f 2719/275/2790 2738/287/2802 2737/288/2803 2718/273/2788
f 2714/284/2791 2733/320/2804 2732/319/2801 2713/282/2789
f 2706/277/2792 2725/290/2805 2201/291/1655
f 2715/285/2793 2734/321/2806 2733/320/2804 2714/284/2791
f 2720/280/2794 2739/293/2807 2738/287/2802 2719/275/2790
f 2716/271/2786 2735/303/2808 2734/321/2806 2715/285/2793
f 2707/286/2795 2726/295/2809 2725/290/2805 2706/277/2792
f 2717/270/2785 2736/302/2810 2735/303/2808 2716/271/2786
f 2721/289/2778 2740/297/2811 2739/293/2807 2720/280/2794
f 2708/292/2780 2727/304/2812 2726/295/2809 2707/286/2795
f 2722/294/2777 2741/307/2813 2740/297/2811 2721/289/2778
f 2709/296/2779 2728/310/2814 2727/304/2812 2708/292/2780
f 2723/298/2781 2742/312/2797 2741/307/2813 2722/294/2777
f 2710/299/2782 2729/314/2799 2728/310/2814 2709/296/2779
f 2736/302/2810 2755/334/2215 2754/333/2218 2735/303/2808
f 2718/273/2788 2737/288/2803 2736/302/2810 2717/270/2785
f 2737/288/2803 2756/335/2244 2755/334/2215 2736/302/2810
f 2740/297/2811 2759/305/2815 2758/306/2261 2739/293/2807
f 2738/287/2802 2757/336/2258 2756/335/2244 2737/288/2803
f 2727/304/2812 2746/308/2816 2745/309/2817 2726/295/2809
f 2725/290/2805 2744/337/2260 2201/338/1655
f 2728/310/2814 2747/313/2818 2746/308/2816 2727/304/2812
f 2726/295/2809 2745/309/2817 2744/337/2260 2725/290/2805
f 2742/312/2797 2761/315/2819 2760/311/2820 2741/307/2813
f 2748/322/2821 2774/54/1592 2766/47/1585 2747/313/2818
f 2729/314/2799 2748/322/2821 2747/313/2818 2728/310/2814
f 2743/316/2796 2762/325/2822 2761/315/2819 2742/312/2797
f 2730/317/2798 2749/326/2823 2748/322/2821 2729/314/2799
f 2731/318/2800 2750/328/2824 2749/326/2823 2730/317/2798
f 2732/319/2801 2751/329/2825 2750/328/2824 2731/318/2800
f 2733/320/2804 2752/331/2826 2751/329/2825 2732/319/2801
f 2734/321/2806 2753/332/2827 2752/331/2826 2733/320/2804
f 2735/303/2808 2754/333/2218 2753/332/2827 2734/321/2806
f 2762/325/2822 2788/327/2828 2787/323/2829 2761/315/2819
f 2794/52/1590 2821/368/2263 2820/366/2230 2793/53/1591
f 2741/307/2813 2760/311/2820 2759/305/2815 2740/297/2811
f 2739/293/2807 2758/306/2261 2757/336/2258 2738/287/2802
f 2750/328/2824 2776/330/2830 2775/51/1589 2749/326/2823
f 2761/315/2819 2787/323/2829 2786/324/2831 2760/311/2820
f 2751/329/2825 2777/343/2832 2776/330/2830 2750/328/2824
f 2745/309/2817 2764/91/1629 2763/350/2223 2744/337/2260
f 2752/331/2826 2778/340/2833 2777/343/2832 2751/329/2825
f 2753/332/2827 2779/339/2834 2778/340/2833 2752/331/2826
f 2754/333/2218 2780/344/2217 2779/339/2834 2753/332/2827
f 2767/66/1604 1591/65/1603 2170/86/1624
f 2829/57/1595 2481/377/2553 2838/375/2241 2828/71/1609
f 2788/327/2828 2815/358/2231 2814/67/1605 2787/323/2829
f 2780/344/2217 2799/347/2246 2798/345/2247 2779/339/2834
f 2808/356/2250 2827/355/2243 2826/362/2237 2799/347/2246
f 2791/49/1587 2818/365/2229 2817/376/2835 2790/90/1628
f 2749/326/2823 2775/51/1589 2774/54/1592 2748/322/2821
f 2798/345/2247 2825/361/2240 2824/359/2836 2797/341/2837
f 2778/340/2833 2797/341/2837 2796/342/2233 2777/343/2832
f 2747/313/2818 2766/47/1585 2765/50/1588 2746/308/2816
f 2760/311/2820 2786/324/2831 2785/353/2838 2759/305/2815
f 2776/330/2830 2795/354/2236 2794/52/1590 2775/51/1589
f 2746/308/2816 2765/50/1588 2764/91/1629 2745/309/2817
f 2779/339/2834 2798/345/2247 2797/341/2837 2778/340/2833
f 2777/343/2832 2796/342/2233 2795/354/2236 2776/330/2830
f 2809/72/1610 2828/71/1609 2827/355/2243 2808/356/2250
f 2797/341/2837 2824/359/2836 2823/360/2234 2796/342/2233
f 2787/323/2829 2814/67/1605 2813/59/1597 2786/324/2831
f 2786/324/2831 2813/59/1597 2812/62/1600 2785/353/2838
f 2785/353/2838 2812/62/1600 2811/55/1593 2784/352/2262
f 2784/352/2262 2811/55/1593 2810/58/1596 2783/349/2259
f 2790/90/1628 2817/376/2835 2816/372/2248 2789/357/2224
f 2783/349/2259 2810/58/1596 2809/72/1610 2782/348/2245
f 2759/305/2815 2785/353/2838 2784/352/2262 2758/306/2261
f 2478/396/2550 2477/397/2549 2806/398/2839 2807/399/2840
f 2479/400/2551 2478/396/2550 2807/399/2840 2805/401/2841
f 2480/394/2552 2479/400/2551 2805/401/2841 2804/395/2570
f 2144/349/2203 2143/348/2213 2162/72/2207 2487/58/2204
f 2477/397/2549 2476/402/2567 2806/398/2839
f 1893/396/1916 2803/399/2842 2802/398/2843 1892/397/1917
f 1895/394/1921 2801/395/2844 2800/401/2845 1894/400/1919
f 1894/400/1919 2800/401/2845 2803/399/2842 1893/396/1916
f 1895/394/1921 1896/393/1923 2801/395/2844
f 1892/397/1917 2802/398/2843 1891/402/1931
f 2816/372/2248 2468/378/2554 2201/379/1655
f 2830/56/1594 2482/387/2555 2481/377/2553 2829/57/1595
f 2817/376/2835 2469/388/2556 2468/378/2554 2816/372/2248
f 2831/61/1599 2483/389/2557 2482/387/2555 2830/56/1594
f 2818/365/2229 2470/390/2558 2469/388/2556 2817/376/2835
f 2832/60/1598 2484/391/2559 2483/389/2557 2831/61/1599
f 2819/364/2228 2471/392/2560 2470/390/2558 2818/365/2229
f 2833/68/1606 2485/381/2561 2484/391/2559 2832/60/1598
f 2820/366/2230 2472/383/2562 2471/392/2560 2819/364/2228
f 2834/367/2232 2486/380/2563 2485/381/2561 2833/68/1606
f 2821/368/2263 2473/382/2564 2472/383/2562 2820/366/2230
f 2822/369/2235 2474/384/2565 2473/382/2564 2821/368/2263
f 2823/360/2234 2475/385/2566 2474/384/2565 2822/369/2235
f 2824/359/2836 2476/386/2567 2475/385/2566 2823/360/2234
f 2825/361/2240 2835/371/2239 2476/386/2567 2824/359/2836
f 2481/393/2553 2804/395/2570 2838/394/2241
f 2839/66/1944 2523/86/1957 1585/65/1945
f 2836/396/2238 2807/399/2840 2806/398/2839 2835/397/2239
f 2837/400/2242 2805/401/2841 2807/399/2840 2836/396/2238
f 2838/394/2241 2804/395/2570 2805/401/2841 2837/400/2242
f 2835/397/2239 2806/398/2839 2476/402/2567
f 2513/396/2596 2512/397/2595 2802/398/2843 2803/399/2842
f 2515/394/2598 2514/400/2597 2800/401/2845 2801/395/2844
f 2514/400/2597 2513/396/2596 2803/399/2842 2800/401/2845
f 2515/394/2598 2801/395/2844 1896/393/1923
f 2512/397/2595 1891/402/1931 2802/398/2843
o Cube.001
v 4.129277 -13.828713 -0.023285
v 3.708356 -1.228178 0.730361
v 3.901587 -13.090531 -0.023316
v 2.997929 -1.219756 0.023254
v 4.767692 -13.145381 -0.023254
v 4.441557 -1.223427 0.023316
v 3.711942 -1.215006 -0.683791
v 4.432336 -12.893937 0.021047
v 4.725344 -12.220674 0.065379
v 5.028214 -11.505865 0.109711
v 5.002818 -10.777661 0.154043
v 4.650850 -10.045161 0.198376
v 4.018047 -9.311199 0.242708
v 3.473038 -8.576707 0.287040
v 3.236477 -7.842000 0.331372
v 3.149307 -7.107201 0.375704
v 3.097842 -6.372358 0.420036
v 3.166241 -5.637493 0.464368
v 3.327615 -4.902617 0.508701
v 3.498141 -4.167734 0.553033
v 3.629327 -3.432848 0.597365
v 3.712337 -2.697959 0.641697
v 3.718117 -1.963069 0.686029
v 3.008284 -1.955035 0.020514
v 3.062468 -2.690312 0.017775
v 2.955264 -3.425588 0.015036
v 2.885083 -4.160861 0.012296
v 2.697650 -4.896132 0.009557
v 2.482642 -5.631396 0.006817
v 2.431360 -6.366648 0.004078
v 2.530127 -7.101879 0.001338
v 2.613961 -7.837067 -0.001401
v 2.750344 -8.572160 -0.004140
v 3.137356 -9.307038 -0.006880
v 3.741186 -10.041355 -0.009619
v 4.013469 -10.773975 -0.012359
v 4.006938 -11.500220 -0.015098
v 3.955844 -12.192451 -0.017838
v 3.877143 -12.688792 -0.020577
v 4.571677 -1.958706 0.020577
v 4.571139 -2.693983 0.017838
v 4.394880 -3.429260 0.015098
v 4.179683 -4.164533 0.012359
v 3.957162 -4.899803 0.009619
v 3.807896 -5.635067 0.006880
v 3.727664 -6.370321 0.004141
v 3.811739 -7.105553 0.001401
v 3.975769 -7.840744 -0.001338
v 4.212438 -8.575850 -0.004078
v 4.781092 -9.310764 -0.006817
v 5.342436 -10.045204 -0.009557
v 5.559941 -10.778379 -0.012296
v 5.610534 -11.507583 -0.015035
v 5.400544 -12.218225 -0.017775
v 5.004441 -12.787340 -0.020514
v 3.731261 -1.950672 -0.644938
v 3.747262 -2.686336 -0.606084
v 3.655241 -3.422000 -0.567231
v 3.525042 -4.157661 -0.528378
v 3.343038 -4.893319 -0.489525
v 3.168190 -5.628970 -0.450671
v 3.093979 -6.364608 -0.411818
v 3.145813 -7.100227 -0.372965
v 3.267671 -7.835801 -0.334111
v 3.531811 -8.571283 -0.295258
v 4.102258 -9.306553 -0.256405
v 4.684953 -10.041293 -0.217552
v 4.988428 -10.774573 -0.178698
v 5.010777 -11.503563 -0.139845
v 4.717807 -12.219178 -0.100992
v 4.430485 -12.893205 -0.062138
v 4.025590 -13.431959 -0.023203
v 3.387626 -1.267951 0.344360
v 3.389546 -1.261724 -0.298561
v 4.050816 -1.263457 -0.298556
v 4.469197 -13.428709 -0.023172
v 4.047265 -1.269685 0.344412
v 4.712979 -12.808219 -0.007926
v 5.122068 -12.169569 -0.007437
v 5.376603 -11.463821 -0.005801
v 5.318234 -10.748293 0.007326
v 4.993596 -10.024754 0.027307
v 4.376255 -9.296289 0.049892
v 3.786429 -8.565159 0.073391
v 3.530092 -7.832554 0.097196
v 3.387071 -7.099093 0.121080
v 3.318821 -6.365108 0.144954
v 3.400504 -5.630782 0.168784
v 3.563670 -4.896229 0.192560
v 3.775952 -4.161516 0.216280
v 3.962064 -3.426686 0.239947
v 4.105572 -2.691768 0.263567
v 4.078369 -1.956782 0.287146
v 4.712425 -12.807939 -0.032747
v 5.121468 -12.169050 -0.027565
v 5.375712 -11.463302 -0.023643
v 5.316829 -10.747680 -0.031413
v 4.996343 -10.023862 -0.046063
v 4.390046 -9.295032 -0.063277
v 3.802840 -8.563495 -0.081371
v 3.543089 -7.830465 -0.099749
v 3.389589 -7.096576 -0.118190
v 3.316883 -6.362154 -0.136611
v 3.400966 -5.627391 -0.154982
v 3.568675 -4.892397 -0.173293
v 3.785863 -4.157238 -0.191545
v 3.980675 -3.421960 -0.209743
v 4.147011 -2.686591 -0.227891
v 4.096094 -1.951151 -0.245997
v 4.218637 -12.746665 -0.032823
v 4.358254 -12.154585 -0.027934
v 4.600315 -11.459183 -0.024173
v 4.595185 -10.744989 -0.031817
v 4.304136 -10.021482 -0.046328
v 3.727313 -9.292791 -0.063455
v 3.148215 -8.561353 -0.081497
v 2.891145 -7.828399 -0.099843
v 2.792175 -7.094571 -0.118265
v 2.753512 -6.360203 -0.136673
v 2.828478 -5.625487 -0.155035
v 3.050069 -4.890534 -0.173339
v 3.272804 -4.155413 -0.191587
v 3.370674 -3.420170 -0.209781
v 3.508101 -2.684833 -0.227926
v 3.442860 -1.949423 -0.246030
v 4.219295 -12.746949 -0.007914
v 4.359097 -12.155095 -0.007132
v 4.601795 -11.459712 -0.005332
v 4.596954 -10.745618 0.007677
v 4.290637 -10.022385 0.027524
v 3.694047 -9.294062 0.050021
v 3.133651 -8.563022 0.073469
v 2.896861 -7.830491 0.097242
v 2.815238 -7.097091 0.121107
v 2.759317 -6.363157 0.144968
v 2.830000 -5.628880 0.168789
v 3.041053 -4.894367 0.192559
v 3.241255 -4.159691 0.216274
v 3.354143 -3.424895 0.239938
v 3.466791 -2.690011 0.263556
v 3.435643 -1.955055 0.287133
v 3.724461 -1.353816 0.022183
v 4.060153 -13.564211 -0.023230
v 4.094715 -13.696463 -0.023258
v 3.714863 -1.718105 0.700806
v 3.711610 -1.473141 0.715584
v 3.885291 -12.822705 -0.021490
v 3.893439 -12.956618 -0.022403
v 4.925525 -12.906687 -0.021427
v 4.846608 -13.026033 -0.022341
v 4.568695 -13.334267 -0.023199
v 4.668193 -13.239824 -0.023226
v 4.330082 -13.205041 -0.049187
v 4.229680 -13.516877 -0.036236
v 4.230297 -13.517121 -0.008508
v 4.331317 -13.205529 0.006270
v 4.530005 -12.669516 0.035824
v 4.627675 -12.445095 0.050602
v 4.826300 -11.982404 0.080157
v 4.927257 -11.744135 0.094934
v 5.019749 -11.263130 0.124489
v 5.011283 -11.020395 0.139266
v 4.885495 -10.533495 0.168821
v 4.768173 -10.289328 0.183598
v 4.439916 -9.800508 0.213153
v 4.228982 -9.555853 0.227930
v 3.836378 -9.066368 0.257485
v 3.654708 -8.821537 0.272263
v 3.394185 -8.331804 0.301817
v 3.315331 -8.086903 0.316595
v 3.207421 -7.597067 0.346149
v 3.178364 -7.352134 0.360927
v 3.132152 -6.862253 0.390482
v 3.114997 -6.617306 0.405259
v 3.120642 -6.127403 0.434814
v 3.143441 -5.882448 0.449591
v 3.220032 -5.392534 0.479146
v 3.273823 -5.147575 0.493923
v 3.384457 -4.657656 0.523478
v 3.441298 -4.412695 0.538255
v 3.541869 -3.922772 0.567810
v 3.585598 -3.677810 0.582587
v 3.656997 -3.187885 0.612142
v 3.684667 -2.942922 0.626920
v 3.714264 -2.452995 0.656474
v 3.716190 -2.208032 0.671252
v 3.001381 -1.464849 0.022341
v 3.004832 -1.709942 0.021428
v 3.026345 -2.200127 0.019601
v 3.044407 -2.445220 0.018688
v 3.026733 -2.935404 0.016862
v 2.990999 -3.180496 0.015949
v 2.931870 -3.670679 0.014122
v 2.908477 -3.915771 0.013209
v 2.822605 -4.405951 0.011383
v 2.760128 -4.651042 0.010470
v 2.625981 -5.141220 0.008644
v 2.554312 -5.386308 0.007730
v 2.465549 -5.876480 0.005904
v 2.448454 -6.121564 0.004991
v 2.464283 -6.611725 0.003165
v 2.497205 -6.856802 0.002252
v 2.558072 -7.346941 0.000425
v 2.586017 -7.592004 -0.000488
v 2.659422 -8.082098 -0.002314
v 2.704883 -8.327129 -0.003227
v 2.879348 -8.817120 -0.005054
v 3.008352 -9.062078 -0.005967
v 3.338633 -9.551810 -0.007793
v 3.539909 -9.796583 -0.008706
v 3.831947 -10.285562 -0.010532
v 3.922708 -10.529768 -0.011446
v 4.011292 -11.016057 -0.013272
v 4.009115 -11.258139 -0.014185
v 3.989907 -11.730964 -0.016011
v 3.972875 -11.961708 -0.016924
v 3.929610 -12.357899 -0.018751
v 3.903377 -12.523346 -0.019664
v 4.484930 -1.468520 0.022403
v 4.528303 -1.713613 0.021490
v 4.571497 -2.203798 0.019664
v 4.571318 -2.448891 0.018751
v 4.512386 -2.939075 0.016924
v 4.453633 -3.184168 0.016011
v 4.323148 -3.674351 0.014185
v 4.251415 -3.919442 0.013272
v 4.105509 -4.409623 0.011446
v 4.031335 -4.654713 0.010532
v 3.907406 -5.144891 0.008706
v 3.857651 -5.389979 0.007793
v 3.781152 -5.880152 0.005967
v 3.754408 -6.125237 0.005054
v 3.755689 -6.615398 0.003227
v 3.783714 -6.860476 0.002314
v 3.866415 -7.350617 0.000488
v 3.921092 -7.595681 -0.000425
v 4.054658 -8.085780 -0.002251
v 4.133548 -8.330815 -0.003165
v 4.401989 -8.820822 -0.004991
v 4.591540 -9.065793 -0.005904
v 4.968206 -9.555577 -0.007730
v 5.155321 -9.800390 -0.008643
v 5.414937 -10.289596 -0.010470
v 5.487440 -10.533987 -0.011383
v 5.576806 -11.021447 -0.013209
v 5.593669 -11.264515 -0.014122
v 5.540537 -11.744464 -0.015949
v 5.470541 -11.981344 -0.016862
v 5.268510 -12.407930 -0.018688
v 5.136476 -12.597635 -0.019601
v 3.718382 -1.460228 -0.670840
v 3.724821 -1.705450 -0.657889
v 3.736595 -2.195893 -0.631987
v 3.741929 -2.441114 -0.619036
v 3.716588 -2.931557 -0.593133
v 3.685915 -3.176779 -0.580182
v 3.611841 -3.667221 -0.554280
v 3.568442 -3.912441 -0.541329
v 3.464374 -4.402881 -0.515427
v 3.403706 -4.648100 -0.502476
v 3.284755 -5.138535 -0.476573
v 3.226472 -5.383753 -0.463622
v 3.143453 -5.874183 -0.437720
v 3.118716 -6.119395 -0.424769
v 3.111257 -6.609815 -0.398867
v 3.128535 -6.855021 -0.385916
v 3.186432 -7.345418 -0.360014
v 3.227051 -7.590610 -0.347063
v 3.355717 -8.080962 -0.321160
v 3.443764 -8.326122 -0.308209
v 3.721960 -8.816373 -0.282307
v 3.912108 -9.061462 -0.269356
v 4.296490 -9.551466 -0.243454
v 4.490722 -9.796379 -0.230503
v 4.786111 -10.285720 -0.204600
v 4.887270 -10.530147 -0.191649
v 4.995878 -11.017570 -0.165747
v 5.003327 -11.260567 -0.152796
v 4.913121 -11.742102 -0.126894
v 4.815464 -11.980640 -0.113943
v 4.622033 -12.443853 -0.088041
v 4.526259 -12.668530 -0.075089
v 3.942922 -13.204341 -0.023279
v 3.984256 -13.318150 -0.023241
v 4.242584 -13.695378 -0.023247
v 4.355890 -13.562044 -0.023209
v 3.446026 -2.200040 0.279274
v 3.456408 -2.445025 0.271415
v 3.429241 -2.934972 0.255683
v 3.391692 -3.179934 0.247810
v 3.316514 -3.669827 0.232050
v 3.278884 -3.914759 0.224162
v 3.174521 -4.404583 0.208369
v 3.107787 -4.649475 0.200464
v 2.970702 -5.139205 0.184635
v 2.900351 -5.384043 0.176712
v 2.806439 -5.873639 0.160849
v 2.782878 -6.118398 0.152908
v 2.777957 -6.607801 0.137014
v 2.796597 -6.852446 0.129060
v 2.842445 -7.341558 0.113152
v 2.869653 -7.586024 0.105197
v 2.975791 -8.074668 0.089318
v 3.054721 -8.318845 0.081393
v 3.320450 -8.806702 0.065653
v 3.507248 -9.050382 0.057837
v 3.892910 -9.536836 0.042522
v 4.091774 -9.779610 0.035023
v 4.392743 -10.263462 0.020908
v 4.494848 -10.504539 0.014293
v 4.598567 -10.983649 0.003341
v 4.600181 -11.221681 -0.000995
v 4.520895 -11.691506 -0.005932
v 4.439996 -11.923301 -0.006532
v 4.312496 -12.352380 -0.007392
v 4.265896 -12.549664 -0.007653
v 4.154727 -12.975286 -0.013010
v 4.090158 -13.203623 -0.018107
v 3.464607 -2.194560 -0.239995
v 3.486354 -2.439696 -0.233961
v 3.462292 -2.929945 -0.221878
v 3.416483 -3.175057 -0.215829
v 3.338050 -3.665251 -0.203716
v 3.305427 -3.910332 -0.197651
v 3.198559 -4.400453 -0.185504
v 3.124314 -4.645494 -0.179422
v 2.976206 -5.135519 -0.167238
v 2.902342 -5.380503 -0.161136
v 2.803489 -5.870392 -0.148914
v 2.778501 -6.115297 -0.142793
v 2.766400 -6.604992 -0.130537
v 2.779288 -6.849782 -0.124401
v 2.825166 -7.339180 -0.112124
v 2.858155 -7.583790 -0.105984
v 2.976835 -8.072717 -0.093728
v 3.062525 -8.317035 -0.087613
v 3.341247 -8.805165 -0.075483
v 3.534280 -9.048979 -0.069469
v 3.919587 -9.535688 -0.057746
v 4.111862 -9.778585 -0.052037
v 4.401153 -10.262650 -0.041491
v 4.498169 -10.503820 -0.036654
v 4.596895 -10.983054 -0.029269
v 4.598605 -11.221119 -0.026721
v 4.519629 -11.690984 -0.025427
v 4.438941 -11.922785 -0.026680
v 4.311715 -12.351945 -0.029564
v 4.265176 -12.549305 -0.031193
v 4.154288 -12.975097 -0.029616
v 4.089939 -13.203527 -0.026410
v 4.113067 -2.196298 -0.239962
v 4.130039 -2.441444 -0.233927
v 4.091566 -2.931714 -0.221842
v 4.036120 -3.176837 -0.215792
v 3.915738 -3.667053 -0.203677
v 3.850801 -3.912145 -0.197611
v 3.713467 -4.402291 -0.185461
v 3.641071 -4.647344 -0.179377
v 3.512772 -5.137395 -0.167189
v 3.456869 -5.382393 -0.161085
v 3.372938 -5.872312 -0.148858
v 3.344911 -6.117233 -0.142735
v 3.341119 -6.606961 -0.130470
v 3.365354 -6.851768 -0.124330
v 3.440755 -7.341206 -0.112043
v 3.491922 -7.585835 -0.105896
v 3.629673 -8.074808 -0.093623
v 3.716256 -8.319151 -0.087497
v 3.998575 -8.807341 -0.075340
v 4.194310 -9.051186 -0.069309
v 4.592144 -9.537975 -0.057539
v 4.794244 -9.780918 -0.051801
v 5.103171 -10.265135 -0.041180
v 5.210000 -10.506407 -0.036296
v 5.336456 -10.986220 -0.028823
v 5.356084 -11.224761 -0.026233
v 5.290964 -11.698551 -0.024950
v 5.206216 -11.933801 -0.026258
v 4.985120 -12.382013 -0.029292
v 4.848773 -12.594976 -0.031019
v 4.631350 -13.014862 -0.029555
v 4.550273 -13.221786 -0.026363
v 4.087437 -2.201777 0.279287
v 4.096504 -2.446773 0.271427
v 4.057736 -2.936740 0.255694
v 4.009900 -3.181713 0.247820
v 3.900027 -3.671629 0.232058
v 3.837989 -3.916572 0.224169
v 3.705191 -4.406420 0.208373
v 3.634430 -4.651324 0.200466
v 3.509281 -5.141080 0.184635
v 3.454893 -5.385931 0.176709
v 3.373276 -5.875557 0.160841
v 3.346049 -6.120332 0.152897
v 3.341571 -6.609769 0.136996
v 3.364321 -6.854431 0.129038
v 3.434744 -7.343580 0.113118
v 3.482418 -7.588067 0.105157
v 3.615537 -8.076756 0.089261
v 3.700984 -8.320957 0.081326
v 3.983038 -8.808869 0.065558
v 4.179646 -9.052580 0.057725
v 4.582035 -9.539111 0.042364
v 4.787816 -9.781933 0.034836
v 5.101809 -10.265933 0.020647
v 5.210021 -10.507113 0.013987
v 5.337690 -10.986802 0.002951
v 5.357147 -11.225311 -0.001425
v 5.291758 -11.699071 -0.006346
v 5.206913 -11.934320 -0.006891
v 4.985705 -12.382452 -0.007600
v 4.849342 -12.595335 -0.007763
v 4.631719 -13.015049 -0.013008
v 4.550458 -13.221879 -0.018090
v 4.057633 -1.498717 0.325323
v 4.068001 -1.727750 0.306235
v 4.065908 -1.492688 -0.281036
v 4.081001 -1.721920 -0.263517
v 3.407317 -1.490957 -0.281050
v 3.425089 -1.720190 -0.263540
v 3.403632 -1.496986 0.325285
v 3.419637 -1.726020 0.306209
v -0.023285 -13.828713 -4.129277
v 0.730361 -1.228178 -3.708356
v -0.023317 -13.090531 -3.901587
v 0.023254 -1.219756 -2.997929
v -0.023254 -13.145381 -4.767692
v 0.023316 -1.223427 -4.441557
v -0.683791 -1.215006 -3.711942
v 0.021047 -12.893937 -4.432336
v 0.065379 -12.220674 -4.725344
v 0.109711 -11.505865 -5.028214
v 0.154043 -10.777661 -5.002818
v 0.198375 -10.045161 -4.650850
v 0.242708 -9.311199 -4.018047
v 0.287040 -8.576707 -3.473038
v 0.331372 -7.842000 -3.236477
v 0.375704 -7.107201 -3.149307
v 0.420036 -6.372358 -3.097842
v 0.464369 -5.637493 -3.166241
v 0.508701 -4.902617 -3.327615
v 0.553033 -4.167734 -3.498141
v 0.597365 -3.432848 -3.629327
v 0.641697 -2.697959 -3.712337
v 0.686029 -1.963069 -3.718117
v 0.020514 -1.955035 -3.008284
v 0.017775 -2.690312 -3.062468
v 0.015036 -3.425588 -2.955264
v 0.012296 -4.160861 -2.885083
v 0.009557 -4.896132 -2.697650
v 0.006817 -5.631396 -2.482642
v 0.004078 -6.366648 -2.431360
v 0.001338 -7.101879 -2.530127
v -0.001401 -7.837067 -2.613961
v -0.004140 -8.572160 -2.750344
v -0.006880 -9.307038 -3.137356
v -0.009619 -10.041355 -3.741186
v -0.012359 -10.773975 -4.013469
v -0.015098 -11.500220 -4.006938
v -0.017838 -12.192451 -3.955844
v -0.020577 -12.688792 -3.877143
v 0.020577 -1.958706 -4.571677
v 0.017838 -2.693983 -4.571139
v 0.015098 -3.429260 -4.394880
v 0.012359 -4.164533 -4.179683
v 0.009619 -4.899803 -3.957162
v 0.006880 -5.635067 -3.807896
v 0.004140 -6.370321 -3.727664
v 0.001401 -7.105553 -3.811739
v -0.001338 -7.840744 -3.975769
v -0.004078 -8.575850 -4.212438
v -0.006817 -9.310764 -4.781092
v -0.009557 -10.045204 -5.342436
v -0.012296 -10.778379 -5.559941
v -0.015036 -11.507583 -5.610534
v -0.017775 -12.218225 -5.400544
v -0.020514 -12.787340 -5.004441
v -0.644938 -1.950672 -3.731261
v -0.606085 -2.686336 -3.747262
v -0.567231 -3.422000 -3.655241
v -0.528378 -4.157661 -3.525042
v -0.489525 -4.893319 -3.343038
v -0.450671 -5.628970 -3.168190
v -0.411818 -6.364608 -3.093979
v -0.372965 -7.100227 -3.145813
v -0.334111 -7.835801 -3.267671
v -0.295258 -8.571283 -3.531811
v -0.256405 -9.306553 -4.102258
v -0.217552 -10.041293 -4.684953
v -0.178698 -10.774573 -4.988428
v -0.139845 -11.503563 -5.010777
v -0.100992 -12.219178 -4.717807
v -0.062138 -12.893205 -4.430485
v -0.023203 -13.431959 -4.025590
v 0.344360 -1.267951 -3.387626
v -0.298561 -1.261724 -3.389546
v -0.298556 -1.263457 -4.050816
v -0.023172 -13.428709 -4.469197
v 0.344412 -1.269685 -4.047265
v -0.007926 -12.808219 -4.712979
v -0.007437 -12.169569 -5.122068
v -0.005801 -11.463821 -5.376603
v 0.007326 -10.748293 -5.318234
v 0.027307 -10.024754 -4.993596
v 0.049892 -9.296289 -4.376255
v 0.073390 -8.565159 -3.786429
v 0.097196 -7.832554 -3.530092
v 0.121080 -7.099093 -3.387071
v 0.144954 -6.365108 -3.318821
v 0.168784 -5.630782 -3.400504
v 0.192560 -4.896229 -3.563670
v 0.216280 -4.161516 -3.775952
v 0.239947 -3.426686 -3.962064
v 0.263567 -2.691768 -4.105572
v 0.287146 -1.956782 -4.078369
v -0.032747 -12.807939 -4.712425
v -0.027565 -12.169050 -5.121468
v -0.023643 -11.463302 -5.375712
v -0.031413 -10.747680 -5.316829
v -0.046063 -10.023862 -4.996343
v -0.063277 -9.295032 -4.390046
v -0.081371 -8.563495 -3.802840
v -0.099749 -7.830465 -3.543089
v -0.118190 -7.096576 -3.389589
v -0.136611 -6.362154 -3.316883
v -0.154982 -5.627391 -3.400966
v -0.173293 -4.892397 -3.568675
v -0.191545 -4.157238 -3.785863
v -0.209743 -3.421960 -3.980675
v -0.227891 -2.686591 -4.147011
v -0.245997 -1.951151 -4.096094
v -0.032823 -12.746665 -4.218637
v -0.027934 -12.154585 -4.358254
v -0.024173 -11.459183 -4.600315
v -0.031817 -10.744989 -4.595185
v -0.046329 -10.021482 -4.304136
v -0.063455 -9.292791 -3.727313
v -0.081497 -8.561353 -3.148215
v -0.099843 -7.828399 -2.891145
v -0.118265 -7.094571 -2.792175
v -0.136673 -6.360203 -2.753512
v -0.155035 -5.625487 -2.828478
v -0.173339 -4.890534 -3.050069
v -0.191587 -4.155413 -3.272804
v -0.209780 -3.420170 -3.370674
v -0.227926 -2.684833 -3.508101
v -0.246030 -1.949423 -3.442860
v -0.007914 -12.746949 -4.219295
v -0.007132 -12.155095 -4.359097
v -0.005332 -11.459712 -4.601795
v 0.007677 -10.745618 -4.596954
v 0.027524 -10.022385 -4.290637
v 0.050021 -9.294062 -3.694047
v 0.073468 -8.563022 -3.133651
v 0.097242 -7.830491 -2.896861
v 0.121107 -7.097091 -2.815238
v 0.144968 -6.363157 -2.759317
v 0.168789 -5.628880 -2.830000
v 0.192559 -4.894367 -3.041053
v 0.216274 -4.159691 -3.241255
v 0.239938 -3.424895 -3.354143
v 0.263556 -2.690011 -3.466791
v 0.287133 -1.955055 -3.435643
v 0.022182 -1.353816 -3.724461
v -0.023231 -13.564211 -4.060153
v -0.023258 -13.696463 -4.094715
v 0.700806 -1.718105 -3.714863
v 0.715584 -1.473141 -3.711610
v -0.021490 -12.822705 -3.885291
v -0.022403 -12.956618 -3.893439
v -0.021428 -12.906687 -4.925525
v -0.022341 -13.026033 -4.846608
v -0.023199 -13.334267 -4.568695
v -0.023226 -13.239824 -4.668193
v -0.049187 -13.205041 -4.330082
v -0.036236 -13.516877 -4.229680
v -0.008508 -13.517121 -4.230297
v 0.006270 -13.205529 -4.331317
v 0.035824 -12.669516 -4.530005
v 0.050602 -12.445095 -4.627675
v 0.080157 -11.982404 -4.826300
v 0.094934 -11.744135 -4.927257
v 0.124489 -11.263130 -5.019749
v 0.139266 -11.020395 -5.011283
v 0.168821 -10.533495 -4.885495
v 0.183598 -10.289328 -4.768173
v 0.213153 -9.800508 -4.439916
v 0.227930 -9.555853 -4.228982
v 0.257485 -9.066368 -3.836378
v 0.272263 -8.821537 -3.654708
v 0.301817 -8.331804 -3.394185
v 0.316595 -8.086903 -3.315331
v 0.346149 -7.597067 -3.207421
v 0.360927 -7.352134 -3.178364
v 0.390481 -6.862253 -3.132152
v 0.405259 -6.617306 -3.114997
v 0.434814 -6.127403 -3.120642
v 0.449591 -5.882448 -3.143441
v 0.479146 -5.392534 -3.220032
v 0.493923 -5.147575 -3.273823
v 0.523478 -4.657656 -3.384457
v 0.538255 -4.412695 -3.441299
v 0.567810 -3.922772 -3.541869
v 0.582587 -3.677810 -3.585598
v 0.612142 -3.187885 -3.656997
v 0.626920 -2.942922 -3.684667
v 0.656474 -2.452995 -3.714264
v 0.671252 -2.208032 -3.716190
v 0.022341 -1.464849 -3.001381
v 0.021428 -1.709942 -3.004832
v 0.019601 -2.200127 -3.026345
v 0.018688 -2.445220 -3.044407
v 0.016862 -2.935404 -3.026733
v 0.015949 -3.180496 -2.990999
v 0.014122 -3.670679 -2.931870
v 0.013209 -3.915771 -2.908477
v 0.011383 -4.405951 -2.822605
v 0.010470 -4.651042 -2.760128
v 0.008644 -5.141220 -2.625981
v 0.007730 -5.386308 -2.554312
v 0.005904 -5.876480 -2.465549
v 0.004991 -6.121564 -2.448454
v 0.003165 -6.611725 -2.464283
v 0.002252 -6.856802 -2.497205
v 0.000425 -7.346941 -2.558072
v -0.000488 -7.592004 -2.586017
v -0.002314 -8.082098 -2.659422
v -0.003227 -8.327129 -2.704883
v -0.005054 -8.817120 -2.879348
v -0.005967 -9.062078 -3.008352
v -0.007793 -9.551810 -3.338633
v -0.008706 -9.796583 -3.539909
v -0.010533 -10.285562 -3.831947
v -0.011446 -10.529768 -3.922708
v -0.013272 -11.016057 -4.011292
v -0.014185 -11.258139 -4.009115
v -0.016011 -11.730964 -3.989907
v -0.016925 -11.961708 -3.972875
v -0.018751 -12.357899 -3.929610
v -0.019664 -12.523346 -3.903377
v 0.022403 -1.468520 -4.484930
v 0.021490 -1.713613 -4.528303
v 0.019664 -2.203798 -4.571497
v 0.018751 -2.448891 -4.571318
v 0.016924 -2.939075 -4.512386
v 0.016011 -3.184168 -4.453633
v 0.014185 -3.674351 -4.323148
v 0.013272 -3.919442 -4.251415
v 0.011446 -4.409623 -4.105509
v 0.010532 -4.654713 -4.031335
v 0.008706 -5.144891 -3.907406
v 0.007793 -5.389979 -3.857651
v 0.005967 -5.880152 -3.781152
v 0.005054 -6.125237 -3.754408
v 0.003227 -6.615398 -3.755689
v 0.002314 -6.860476 -3.783714
v 0.000488 -7.350617 -3.866415
v -0.000425 -7.595681 -3.921092
v -0.002252 -8.085780 -4.054658
v -0.003165 -8.330815 -4.133548
v -0.004991 -8.820822 -4.401989
v -0.005904 -9.065793 -4.591540
v -0.007730 -9.555577 -4.968206
v -0.008644 -9.800390 -5.155321
v -0.010470 -10.289596 -5.414937
v -0.011383 -10.533987 -5.487440
v -0.013209 -11.021447 -5.576806
v -0.014122 -11.264515 -5.593669
v -0.015949 -11.744464 -5.540537
v -0.016862 -11.981344 -5.470541
v -0.018688 -12.407930 -5.268510
v -0.019601 -12.597635 -5.136476
v -0.670840 -1.460228 -3.718382
v -0.657889 -1.705450 -3.724821
v -0.631987 -2.195893 -3.736595
v -0.619036 -2.441114 -3.741929
v -0.593133 -2.931557 -3.716588
v -0.580182 -3.176779 -3.685915
v -0.554280 -3.667221 -3.611841
v -0.541329 -3.912441 -3.568442
v -0.515427 -4.402881 -3.464374
v -0.502476 -4.648100 -3.403706
v -0.476573 -5.138535 -3.284755
v -0.463622 -5.383753 -3.226472
v -0.437720 -5.874183 -3.143453
v -0.424769 -6.119395 -3.118716
v -0.398867 -6.609815 -3.111257
v -0.385916 -6.855021 -3.128535
v -0.360014 -7.345418 -3.186432
v -0.347063 -7.590610 -3.227051
v -0.321160 -8.080962 -3.355717
v -0.308209 -8.326122 -3.443764
v -0.282307 -8.816373 -3.721960
v -0.269356 -9.061462 -3.912108
v -0.243454 -9.551466 -4.296490
v -0.230503 -9.796379 -4.490722
v -0.204601 -10.285720 -4.786111
v -0.191649 -10.530147 -4.887270
v -0.165747 -11.017570 -4.995878
v -0.152796 -11.260567 -5.003327
v -0.126894 -11.742102 -4.913121
v -0.113943 -11.980640 -4.815464
v -0.088041 -12.443853 -4.622033
v -0.075089 -12.668530 -4.526259
v -0.023279 -13.204341 -3.942922
v -0.023241 -13.318150 -3.984256
v -0.023247 -13.695378 -4.242584
v -0.023210 -13.562044 -4.355890
v 0.279274 -2.200040 -3.446026
v 0.271415 -2.445025 -3.456408
v 0.255683 -2.934972 -3.429241
v 0.247810 -3.179934 -3.391692
v 0.232050 -3.669827 -3.316514
v 0.224162 -3.914759 -3.278884
v 0.208369 -4.404583 -3.174521
v 0.200464 -4.649475 -3.107787
v 0.184635 -5.139205 -2.970702
v 0.176713 -5.384043 -2.900351
v 0.160849 -5.873639 -2.806439
v 0.152908 -6.118398 -2.782878
v 0.137014 -6.607801 -2.777957
v 0.129060 -6.852446 -2.796597
v 0.113152 -7.341558 -2.842445
v 0.105197 -7.586024 -2.869653
v 0.089318 -8.074668 -2.975791
v 0.081393 -8.318845 -3.054721
v 0.065653 -8.806702 -3.320450
v 0.057837 -9.050382 -3.507248
v 0.042522 -9.536836 -3.892910
v 0.035023 -9.779610 -4.091774
v 0.020908 -10.263462 -4.392743
v 0.014293 -10.504539 -4.494848
v 0.003341 -10.983649 -4.598567
v -0.000996 -11.221681 -4.600181
v -0.005932 -11.691506 -4.520895
v -0.006532 -11.923301 -4.439996
v -0.007392 -12.352380 -4.312496
v -0.007653 -12.549664 -4.265896
v -0.013010 -12.975286 -4.154727
v -0.018107 -13.203623 -4.090158
v -0.239995 -2.194560 -3.464607
v -0.233961 -2.439696 -3.486354
v -0.221878 -2.929945 -3.462292
v -0.215829 -3.175057 -3.416483
v -0.203716 -3.665251 -3.338050
v -0.197651 -3.910332 -3.305427
v -0.185504 -4.400453 -3.198559
v -0.179422 -4.645494 -3.124314
v -0.167238 -5.135519 -2.976206
v -0.161136 -5.380503 -2.902342
v -0.148914 -5.870392 -2.803489
v -0.142793 -6.115297 -2.778501
v -0.130537 -6.604992 -2.766400
v -0.124401 -6.849782 -2.779288
v -0.112124 -7.339180 -2.825166
v -0.105984 -7.583790 -2.858155
v -0.093728 -8.072717 -2.976835
v -0.087613 -8.317035 -3.062525
v -0.075483 -8.805165 -3.341247
v -0.069469 -9.048979 -3.534280
v -0.057746 -9.535688 -3.919587
v -0.052037 -9.778585 -4.111862
v -0.041492 -10.262650 -4.401153
v -0.036654 -10.503820 -4.498169
v -0.029269 -10.983054 -4.596895
v -0.026721 -11.221119 -4.598605
v -0.025427 -11.690984 -4.519629
v -0.026680 -11.922785 -4.438941
v -0.029564 -12.351945 -4.311715
v -0.031193 -12.549305 -4.265176
v -0.029616 -12.975097 -4.154288
v -0.026410 -13.203527 -4.089939
v -0.239962 -2.196298 -4.113067
v -0.233927 -2.441444 -4.130039
v -0.221842 -2.931714 -4.091566
v -0.215792 -3.176837 -4.036120
v -0.203677 -3.667053 -3.915738
v -0.197611 -3.912145 -3.850801
v -0.185461 -4.402291 -3.713467
v -0.179377 -4.647344 -3.641071
v -0.167189 -5.137395 -3.512772
v -0.161086 -5.382393 -3.456869
v -0.148858 -5.872312 -3.372938
v -0.142735 -6.117233 -3.344911
v -0.130471 -6.606961 -3.341119
v -0.124330 -6.851768 -3.365354
v -0.112043 -7.341206 -3.440755
v -0.105896 -7.585835 -3.491922
v -0.093623 -8.074808 -3.629673
v -0.087497 -8.319151 -3.716256
v -0.075340 -8.807341 -3.998575
v -0.069309 -9.051186 -4.194310
v -0.057539 -9.537975 -4.592144
v -0.051801 -9.780918 -4.794244
v -0.041180 -10.265135 -5.103171
v -0.036296 -10.506407 -5.210000
v -0.028823 -10.986220 -5.336456
v -0.026233 -11.224761 -5.356084
v -0.024951 -11.698551 -5.290964
v -0.026258 -11.933801 -5.206216
v -0.029292 -12.382013 -4.985120
v -0.031019 -12.594976 -4.848773
v -0.029555 -13.014862 -4.631350
v -0.026363 -13.221786 -4.550273
v 0.279287 -2.201777 -4.087437
v 0.271427 -2.446773 -4.096504
v 0.255694 -2.936740 -4.057736
v 0.247820 -3.181713 -4.009900
v 0.232058 -3.671629 -3.900027
v 0.224169 -3.916572 -3.837989
v 0.208373 -4.406420 -3.705191
v 0.200466 -4.651324 -3.634430
v 0.184635 -5.141080 -3.509281
v 0.176709 -5.385931 -3.454893
v 0.160841 -5.875557 -3.373276
v 0.152897 -6.120332 -3.346049
v 0.136996 -6.609769 -3.341571
v 0.129038 -6.854431 -3.364321
v 0.113118 -7.343580 -3.434744
v 0.105157 -7.588067 -3.482418
v 0.089261 -8.076756 -3.615537
v 0.081326 -8.320957 -3.700984
v 0.065558 -8.808869 -3.983038
v 0.057725 -9.052580 -4.179646
v 0.042364 -9.539111 -4.582035
v 0.034836 -9.781933 -4.787816
v 0.020647 -10.265933 -5.101809
v 0.013987 -10.507113 -5.210021
v 0.002950 -10.986802 -5.337690
v -0.001425 -11.225311 -5.357147
v -0.006346 -11.699071 -5.291758
v -0.006891 -11.934320 -5.206913
v -0.007600 -12.382452 -4.985705
v -0.007763 -12.595335 -4.849342
v -0.013008 -13.015049 -4.631719
v -0.018090 -13.221879 -4.550458
v 0.325323 -1.498717 -4.057633
v 0.306235 -1.727750 -4.068001
v -0.281036 -1.492688 -4.065908
v -0.263517 -1.721920 -4.081001
v -0.281050 -1.490957 -3.407317
v -0.263540 -1.720190 -3.425089
v 0.325284 -1.496986 -3.403632
v 0.306209 -1.726020 -3.419637
v -4.129277 -13.828713 0.023285
v -3.708356 -1.228178 -0.730361
v -3.901587 -13.090531 0.023317
v -2.997930 -1.219756 -0.023254
v -4.767692 -13.145381 0.023254
v -4.441557 -1.223427 -0.023316
v -3.711942 -1.215006 0.683791
v -4.432336 -12.893937 -0.021047
v -4.725344 -12.220674 -0.065379
v -5.028214 -11.505865 -0.109711
v -5.002817 -10.777661 -0.154043
v -4.650850 -10.045161 -0.198375
v -4.018047 -9.311199 -0.242707
v -3.473038 -8.576707 -0.287040
v -3.236477 -7.842000 -0.331372
v -3.149307 -7.107201 -0.375704
v -3.097842 -6.372358 -0.420036
v -3.166241 -5.637493 -0.464368
v -3.327615 -4.902617 -0.508700
v -3.498141 -4.167734 -0.553032
v -3.629327 -3.432848 -0.597365
v -3.712337 -2.697959 -0.641697
v -3.718117 -1.963069 -0.686029
v -3.008284 -1.955035 -0.020514
v -3.062468 -2.690312 -0.017775
v -2.955264 -3.425588 -0.015035
v -2.885083 -4.160861 -0.012296
v -2.697650 -4.896132 -0.009556
v -2.482642 -5.631396 -0.006817
v -2.431360 -6.366648 -0.004078
v -2.530127 -7.101879 -0.001338
v -2.613961 -7.837067 0.001401
v -2.750344 -8.572160 0.004141
v -3.137356 -9.307038 0.006880
v -3.741186 -10.041355 0.009620
v -4.013469 -10.773975 0.012359
v -4.006938 -11.500220 0.015099
v -3.955844 -12.192451 0.017838
v -3.877143 -12.688792 0.020577
v -4.571677 -1.958706 -0.020577
v -4.571139 -2.693983 -0.017837
v -4.394880 -3.429260 -0.015098
v -4.179683 -4.164533 -0.012358
v -3.957162 -4.899803 -0.009619
v -3.807896 -5.635067 -0.006880
v -3.727664 -6.370321 -0.004140
v -3.811738 -7.105553 -0.001401
v -3.975769 -7.840744 0.001339
v -4.212438 -8.575850 0.004078
v -4.781092 -9.310764 0.006818
v -5.342436 -10.045204 0.009557
v -5.559941 -10.778379 0.012297
v -5.610534 -11.507583 0.015036
v -5.400544 -12.218225 0.017775
v -5.004441 -12.787340 0.020515
v -3.731261 -1.950672 0.644938
v -3.747262 -2.686336 0.606085
v -3.655241 -3.422000 0.567231
v -3.525042 -4.157661 0.528378
v -3.343038 -4.893319 0.489525
v -3.168190 -5.628970 0.450672
v -3.093979 -6.364608 0.411818
v -3.145813 -7.100227 0.372965
v -3.267671 -7.835801 0.334112
v -3.531811 -8.571283 0.295258
v -4.102258 -9.306553 0.256405
v -4.684953 -10.041293 0.217552
v -4.988428 -10.774573 0.178699
v -5.010777 -11.503563 0.139845
v -4.717807 -12.219178 0.100992
v -4.430485 -12.893205 0.062139
v -4.025590 -13.431959 0.023203
v -3.387626 -1.267951 -0.344360
v -3.389545 -1.261724 0.298561
v -4.050816 -1.263457 0.298556
v -4.469197 -13.428709 0.023172
v -4.047265 -1.269685 -0.344411
v -4.712979 -12.808219 0.007927
v -5.122068 -12.169569 0.007437
v -5.376603 -11.463821 0.005801
v -5.318234 -10.748293 -0.007326
v -4.993596 -10.024754 -0.027307
v -4.376255 -9.296289 -0.049892
v -3.786429 -8.565159 -0.073390
v -3.530091 -7.832554 -0.097195
v -3.387071 -7.099093 -0.121079
v -3.318820 -6.365108 -0.144954
v -3.400504 -5.630782 -0.168784
v -3.563670 -4.896229 -0.192560
v -3.775952 -4.161516 -0.216279
v -3.962064 -3.426686 -0.239947
v -4.105572 -2.691768 -0.263567
v -4.078369 -1.956782 -0.287146
v -4.712425 -12.807939 0.032747
v -5.121468 -12.169050 0.027565
v -5.375711 -11.463302 0.023644
v -5.316829 -10.747680 0.031413
v -4.996343 -10.023862 0.046063
v -4.390046 -9.295032 0.063278
v -3.802840 -8.563495 0.081372
v -3.543089 -7.830465 0.099749
v -3.389589 -7.096576 0.118190
v -3.316884 -6.362154 0.136611
v -3.400966 -5.627391 0.154982
v -3.568675 -4.892397 0.173293
v -3.785863 -4.157238 0.191545
v -3.980675 -3.421960 0.209743
v -4.147011 -2.686591 0.227892
v -4.096094 -1.951151 0.245998
v -4.218637 -12.746665 0.032823
v -4.358254 -12.154585 0.027935
v -4.600315 -11.459183 0.024173
v -4.595185 -10.744989 0.031818
v -4.304136 -10.021482 0.046329
v -3.727313 -9.292791 0.063456
v -3.148214 -8.561353 0.081498
v -2.891146 -7.828399 0.099844
v -2.792175 -7.094571 0.118265
v -2.753512 -6.360203 0.136673
v -2.828478 -5.625487 0.155035
v -3.050069 -4.890534 0.173340
v -3.272804 -4.155413 0.191587
v -3.370674 -3.420170 0.209781
v -3.508101 -2.684833 0.227926
v -3.442860 -1.949423 0.246030
v -4.219295 -12.746949 0.007914
v -4.359097 -12.155095 0.007132
v -4.601795 -11.459712 0.005332
v -4.596954 -10.745618 -0.007677
v -4.290637 -10.022385 -0.027523
v -3.694047 -9.294062 -0.050021
v -3.133651 -8.563022 -0.073468
v -2.896861 -7.830491 -0.097242
v -2.815238 -7.097091 -0.121106
v -2.759317 -6.363157 -0.144968
v -2.830000 -5.628880 -0.168789
v -3.041053 -4.894367 -0.192558
v -3.241255 -4.159691 -0.216273
v -3.354143 -3.424895 -0.239937
v -3.466791 -2.690011 -0.263555
v -3.435643 -1.955055 -0.287133
v -3.724461 -1.353816 -0.022182
v -4.060153 -13.564211 0.023231
v -4.094715 -13.696463 0.023258
v -3.714863 -1.718105 -0.700806
v -3.711610 -1.473141 -0.715584
v -3.885291 -12.822705 0.021491
v -3.893439 -12.956618 0.022404
v -4.925525 -12.906687 0.021428
v -4.846608 -13.026033 0.022341
v -4.568695 -13.334267 0.023199
v -4.668193 -13.239824 0.023227
v -4.330082 -13.205041 0.049188
v -4.229680 -13.516877 0.036237
v -4.230297 -13.517121 0.008508
v -4.331317 -13.205529 -0.006269
v -4.530005 -12.669516 -0.035824
v -4.627675 -12.445095 -0.050601
v -4.826300 -11.982404 -0.080156
v -4.927257 -11.744135 -0.094934
v -5.019749 -11.263130 -0.124488
v -5.011283 -11.020395 -0.139266
v -4.885495 -10.533495 -0.168820
v -4.768173 -10.289328 -0.183598
v -4.439916 -9.800508 -0.213153
v -4.228982 -9.555853 -0.227930
v -3.836378 -9.066368 -0.257485
v -3.654708 -8.821537 -0.272262
v -3.394185 -8.331804 -0.301817
v -3.315331 -8.086903 -0.316594
v -3.207421 -7.597067 -0.346149
v -3.178364 -7.352134 -0.360927
v -3.132152 -6.862253 -0.390481
v -3.114997 -6.617306 -0.405259
v -3.120642 -6.127403 -0.434813
v -3.143442 -5.882448 -0.449591
v -3.220032 -5.392534 -0.479146
v -3.273824 -5.147575 -0.493923
v -3.384457 -4.657656 -0.523478
v -3.441298 -4.412695 -0.538255
v -3.541870 -3.922772 -0.567810
v -3.585598 -3.677810 -0.582587
v -3.656997 -3.187885 -0.612142
v -3.684667 -2.942922 -0.626919
v -3.714264 -2.452995 -0.656474
v -3.716190 -2.208032 -0.671251
v -3.001381 -1.464849 -0.022340
v -3.004832 -1.709942 -0.021427
v -3.026345 -2.200127 -0.019601
v -3.044407 -2.445220 -0.018688
v -3.026733 -2.935404 -0.016862
v -2.990999 -3.180496 -0.015948
v -2.931870 -3.670679 -0.014122
v -2.908477 -3.915771 -0.013209
v -2.822605 -4.405951 -0.011383
v -2.760128 -4.651042 -0.010470
v -2.625981 -5.141220 -0.008643
v -2.554312 -5.386308 -0.007730
v -2.465549 -5.876480 -0.005904
v -2.448454 -6.121564 -0.004991
v -2.464283 -6.611725 -0.003164
v -2.497205 -6.856802 -0.002251
v -2.558072 -7.346941 -0.000425
v -2.586017 -7.592004 0.000488
v -2.659422 -8.082098 0.002314
v -2.704883 -8.327129 0.003228
v -2.879348 -8.817120 0.005054
v -3.008352 -9.062078 0.005967
v -3.338633 -9.551810 0.007793
v -3.539909 -9.796583 0.008706
v -3.831947 -10.285562 0.010533
v -3.922708 -10.529768 0.011446
v -4.011292 -11.016057 0.013272
v -4.009115 -11.258139 0.014185
v -3.989907 -11.730964 0.016012
v -3.972875 -11.961708 0.016925
v -3.929610 -12.357899 0.018751
v -3.903377 -12.523346 0.019664
v -4.484930 -1.468520 -0.022403
v -4.528303 -1.713613 -0.021490
v -4.571497 -2.203798 -0.019664
v -4.571318 -2.448891 -0.018750
v -4.512386 -2.939075 -0.016924
v -4.453633 -3.184168 -0.016011
v -4.323148 -3.674351 -0.014185
v -4.251415 -3.919442 -0.013272
v -4.105509 -4.409623 -0.011445
v -4.031335 -4.654713 -0.010532
v -3.907406 -5.144891 -0.008706
v -3.857651 -5.389979 -0.007793
v -3.781152 -5.880152 -0.005966
v -3.754408 -6.125237 -0.005053
v -3.755689 -6.615398 -0.003227
v -3.783714 -6.860476 -0.002314
v -3.866416 -7.350617 -0.000488
v -3.921092 -7.595681 0.000426
v -4.054658 -8.085780 0.002252
v -4.133548 -8.330815 0.003165
v -4.401989 -8.820822 0.004991
v -4.591540 -9.065793 0.005904
v -4.968206 -9.555577 0.007731
v -5.155321 -9.800390 0.008644
v -5.414938 -10.289596 0.010470
v -5.487440 -10.533987 0.011383
v -5.576805 -11.021447 0.013210
v -5.593670 -11.264515 0.014123
v -5.540537 -11.744464 0.015949
v -5.470541 -11.981344 0.016862
v -5.268510 -12.407930 0.018688
v -5.136476 -12.597635 0.019602
v -3.718382 -1.460228 0.670840
v -3.724821 -1.705450 0.657889
v -3.736595 -2.195893 0.631987
v -3.741929 -2.441114 0.619036
v -3.716588 -2.931557 0.593134
v -3.685915 -3.176779 0.580183
v -3.611841 -3.667221 0.554280
v -3.568442 -3.912441 0.541329
v -3.464374 -4.402881 0.515427
v -3.403706 -4.648100 0.502476
v -3.284755 -5.138535 0.476574
v -3.226472 -5.383753 0.463623
v -3.143453 -5.874183 0.437720
v -3.118716 -6.119395 0.424769
v -3.111257 -6.609815 0.398867
v -3.128535 -6.855021 0.385916
v -3.186432 -7.345418 0.360014
v -3.227052 -7.590610 0.347063
v -3.355717 -8.080962 0.321161
v -3.443764 -8.326122 0.308210
v -3.721960 -8.816373 0.282307
v -3.912108 -9.061462 0.269356
v -4.296490 -9.551466 0.243454
v -4.490722 -9.796379 0.230503
v -4.786111 -10.285720 0.204601
v -4.887270 -10.530147 0.191650
v -4.995878 -11.017570 0.165748
v -5.003327 -11.260567 0.152797
v -4.913121 -11.742102 0.126894
v -4.815464 -11.980640 0.113943
v -4.622033 -12.443853 0.088041
v -4.526259 -12.668530 0.075090
v -3.942922 -13.204341 0.023279
v -3.984256 -13.318150 0.023241
v -4.242584 -13.695378 0.023248
v -4.355890 -13.562044 0.023210
v -3.446026 -2.200040 -0.279274
v -3.456408 -2.445025 -0.271414
v -3.429241 -2.934972 -0.255683
v -3.391692 -3.179934 -0.247810
v -3.316514 -3.669827 -0.232049
v -3.278884 -3.914759 -0.224161
v -3.174521 -4.404583 -0.208368
v -3.107787 -4.649475 -0.200463
v -2.970702 -5.139205 -0.184635
v -2.900352 -5.384043 -0.176712
v -2.806439 -5.873639 -0.160849
v -2.782878 -6.118398 -0.152908
v -2.777957 -6.607801 -0.137014
v -2.796597 -6.852446 -0.129060
v -2.842445 -7.341558 -0.113152
v -2.869653 -7.586024 -0.105197
v -2.975791 -8.074668 -0.089318
v -3.054721 -8.318845 -0.081393
v -3.320450 -8.806702 -0.065653
v -3.507248 -9.050382 -0.057837
v -3.892910 -9.536836 -0.042522
v -4.091774 -9.779610 -0.035023
v -4.392743 -10.263462 -0.020908
v -4.494848 -10.504539 -0.014293
v -4.598567 -10.983649 -0.003341
v -4.600181 -11.221681 0.000996
v -4.520895 -11.691506 0.005932
v -4.439996 -11.923301 0.006532
v -4.312496 -12.352380 0.007393
v -4.265896 -12.549664 0.007653
v -4.154727 -12.975286 0.013010
v -4.090158 -13.203623 0.018107
v -3.464607 -2.194560 0.239996
v -3.486354 -2.439696 0.233961
v -3.462292 -2.929945 0.221878
v -3.416482 -3.175057 0.215829
v -3.338050 -3.665251 0.203716
v -3.305427 -3.910332 0.197652
v -3.198559 -4.400453 0.185505
v -3.124314 -4.645494 0.179422
v -2.976206 -5.135519 0.167238
v -2.902342 -5.380503 0.161136
v -2.803490 -5.870392 0.148914
v -2.778501 -6.115297 0.142794
v -2.766400 -6.604992 0.130537
v -2.779287 -6.849782 0.124401
v -2.825165 -7.339180 0.112124
v -2.858155 -7.583790 0.105984
v -2.976835 -8.072717 0.093728
v -3.062525 -8.317035 0.087613
v -3.341248 -8.805165 0.075484
v -3.534280 -9.048979 0.069470
v -3.919587 -9.535688 0.057747
v -4.111862 -9.778585 0.052038
v -4.401153 -10.262650 0.041492
v -4.498169 -10.503820 0.036655
v -4.596895 -10.983054 0.029270
v -4.598605 -11.221119 0.026721
v -4.519629 -11.690984 0.025427
v -4.438941 -11.922785 0.026681
v -4.311715 -12.351945 0.029564
v -4.265176 -12.549305 0.031194
v -4.154288 -12.975097 0.029617
v -4.089939 -13.203527 0.026410
v -4.113067 -2.196298 0.239962
v -4.130039 -2.441444 0.233927
v -4.091566 -2.931714 0.221842
v -4.036120 -3.176837 0.215793
v -3.915738 -3.667053 0.203677
v -3.850801 -3.912145 0.197611
v -3.713467 -4.402291 0.185461
v -3.641071 -4.647344 0.179377
v -3.512772 -5.137395 0.167190
v -3.456869 -5.382393 0.161086
v -3.372938 -5.872312 0.148858
v -3.344911 -6.117233 0.142735
v -3.341118 -6.606961 0.130471
v -3.365354 -6.851768 0.124330
v -3.440755 -7.341206 0.112043
v -3.491922 -7.585835 0.105896
v -3.629673 -8.074808 0.093623
v -3.716256 -8.319151 0.087497
v -3.998575 -8.807341 0.075340
v -4.194310 -9.051186 0.069309
v -4.592144 -9.537975 0.057540
v -4.794244 -9.780918 0.051802
v -5.103171 -10.265135 0.041180
v -5.210000 -10.506407 0.036297
v -5.336456 -10.986220 0.028824
v -5.356085 -11.224761 0.026234
v -5.290964 -11.698551 0.024951
v -5.206216 -11.933801 0.026258
v -4.985120 -12.382013 0.029292
v -4.848773 -12.594976 0.031020
v -4.631350 -13.014862 0.029555
v -4.550273 -13.221786 0.026364
v -4.087437 -2.201777 -0.279286
v -4.096504 -2.446773 -0.271427
v -4.057736 -2.936740 -0.255694
v -4.009900 -3.181713 -0.247820
v -3.900027 -3.671629 -0.232057
v -3.837989 -3.916572 -0.224168
v -3.705191 -4.406420 -0.208373
v -3.634430 -4.651324 -0.200466
v -3.509281 -5.141080 -0.184634
v -3.454893 -5.385931 -0.176709
v -3.373276 -5.875557 -0.160841
v -3.346048 -6.120332 -0.152897
v -3.341571 -6.609769 -0.136996
v -3.364321 -6.854431 -0.129038
v -3.434744 -7.343580 -0.113118
v -3.482418 -7.588067 -0.105157
v -3.615538 -8.076756 -0.089260
v -3.700984 -8.320957 -0.081325
v -3.983038 -8.808869 -0.065557
v -4.179646 -9.052580 -0.057724
v -4.582035 -9.539111 -0.042363
v -4.787816 -9.781933 -0.034835
v -5.101809 -10.265933 -0.020647
v -5.210022 -10.507113 -0.013986
v -5.337690 -10.986802 -0.002950
v -5.357147 -11.225311 0.001426
v -5.291758 -11.699071 0.006346
v -5.206913 -11.934320 0.006892
v -4.985705 -12.382452 0.007600
v -4.849342 -12.595335 0.007763
v -4.631719 -13.015049 0.013008
v -4.550458 -13.221879 0.018090
v -4.057633 -1.498717 -0.325323
v -4.068001 -1.727750 -0.306235
v -4.065908 -1.492688 0.281037
v -4.081001 -1.721920 0.263517
v -3.407317 -1.490957 0.281051
v -3.425088 -1.720190 0.263540
v -3.403632 -1.496986 -0.325284
v -3.419638 -1.726020 -0.306208
v 0.023285 -13.828713 4.129277
v -0.730361 -1.228178 3.708356
v 0.023317 -13.090531 3.901587
v -0.023253 -1.219756 2.997929
v 0.023254 -13.145381 4.767692
v -0.023316 -1.223427 4.441557
v 0.683791 -1.215006 3.711942
v -0.021047 -12.893937 4.432336
v -0.065379 -12.220674 4.725344
v -0.109711 -11.505865 5.028214
v -0.154043 -10.777661 5.002818
v -0.198375 -10.045161 4.650850
v -0.242707 -9.311199 4.018047
v -0.287040 -8.576707 3.473038
v -0.331372 -7.842000 3.236478
v -0.375704 -7.107201 3.149307
v -0.420036 -6.372358 3.097842
v -0.464368 -5.637493 3.166241
v -0.508700 -4.902617 3.327615
v -0.553032 -4.167734 3.498141
v -0.597364 -3.432848 3.629327
v -0.641697 -2.697959 3.712337
v -0.686029 -1.963069 3.718117
v -0.020514 -1.955035 3.008284
v -0.017775 -2.690312 3.062468
v -0.015035 -3.425588 2.955264
v -0.012296 -4.160861 2.885083
v -0.009557 -4.896132 2.697650
v -0.006817 -5.631396 2.482642
v -0.004078 -6.366648 2.431360
v -0.001338 -7.101879 2.530127
v 0.001401 -7.837067 2.613961
v 0.004141 -8.572160 2.750344
v 0.006880 -9.307038 3.137356
v 0.009620 -10.041355 3.741186
v 0.012359 -10.773975 4.013469
v 0.015099 -11.500220 4.006938
v 0.017838 -12.192451 3.955844
v 0.020577 -12.688792 3.877143
v -0.020577 -1.958706 4.571677
v -0.017837 -2.693983 4.571139
v -0.015098 -3.429260 4.394880
v -0.012358 -4.164533 4.179683
v -0.009619 -4.899803 3.957162
v -0.006880 -5.635067 3.807896
v -0.004140 -6.370321 3.727664
v -0.001401 -7.105553 3.811739
v 0.001339 -7.840744 3.975769
v 0.004078 -8.575850 4.212438
v 0.006818 -9.310764 4.781092
v 0.009557 -10.045204 5.342436
v 0.012297 -10.778379 5.559941
v 0.015036 -11.507583 5.610534
v 0.017776 -12.218225 5.400544
v 0.020515 -12.787340 5.004441
v 0.644938 -1.950672 3.731261
v 0.606085 -2.686336 3.747262
v 0.567231 -3.422000 3.655241
v 0.528378 -4.157661 3.525042
v 0.489525 -4.893319 3.343038
v 0.450672 -5.628970 3.168190
v 0.411818 -6.364608 3.093979
v 0.372965 -7.100227 3.145813
v 0.334112 -7.835801 3.267671
v 0.295259 -8.571283 3.531811
v 0.256405 -9.306553 4.102258
v 0.217552 -10.041293 4.684953
v 0.178699 -10.774573 4.988428
v 0.139845 -11.503563 5.010777
v 0.100992 -12.219178 4.717807
v 0.062139 -12.893205 4.430485
v 0.023204 -13.431959 4.025590
v -0.344360 -1.267951 3.387626
v 0.298561 -1.261724 3.389546
v 0.298556 -1.263457 4.050816
v 0.023172 -13.428709 4.469197
v -0.344411 -1.269685 4.047265
v 0.007927 -12.808219 4.712979
v 0.007437 -12.169569 5.122068
v 0.005801 -11.463821 5.376603
v -0.007326 -10.748293 5.318234
v -0.027307 -10.024754 4.993596
v -0.049891 -9.296289 4.376255
v -0.073390 -8.565159 3.786429
v -0.097195 -7.832554 3.530092
v -0.121079 -7.099093 3.387071
v -0.144954 -6.365108 3.318821
v -0.168784 -5.630782 3.400504
v -0.192559 -4.896229 3.563670
v -0.216279 -4.161516 3.775952
v -0.239947 -3.426686 3.962064
v -0.263567 -2.691768 4.105572
v -0.287146 -1.956782 4.078369
v 0.032747 -12.807939 4.712425
v 0.027565 -12.169050 5.121468
v 0.023644 -11.463302 5.375712
v 0.031414 -10.747680 5.316829
v 0.046063 -10.023862 4.996343
v 0.063278 -9.295032 4.390046
v 0.081372 -8.563495 3.802840
v 0.099749 -7.830465 3.543089
v 0.118190 -7.096576 3.389589
v 0.136611 -6.362154 3.316883
v 0.154982 -5.627391 3.400966
v 0.173293 -4.892397 3.568675
v 0.191545 -4.157238 3.785863
v 0.209743 -3.421960 3.980675
v 0.227892 -2.686591 4.147011
v 0.245998 -1.951151 4.096094
v 0.032823 -12.746665 4.218637
v 0.027935 -12.154585 4.358254
v 0.024173 -11.459183 4.600315
v 0.031818 -10.744989 4.595185
v 0.046329 -10.021482 4.304136
v 0.063456 -9.292791 3.727313
v 0.081498 -8.561353 3.148215
v 0.099844 -7.828399 2.891145
v 0.118265 -7.094571 2.792175
v 0.136673 -6.360203 2.753512
v 0.155035 -5.625487 2.828478
v 0.173340 -4.890534 3.050069
v 0.191587 -4.155413 3.272804
v 0.209781 -3.420170 3.370673
v 0.227926 -2.684833 3.508101
v 0.246030 -1.949423 3.442860
v 0.007914 -12.746949 4.219295
v 0.007132 -12.155095 4.359097
v 0.005332 -11.459712 4.601795
v -0.007677 -10.745618 4.596954
v -0.027524 -10.022385 4.290637
v -0.050021 -9.294062 3.694047
v -0.073468 -8.563022 3.133651
v -0.097242 -7.830491 2.896861
v -0.121106 -7.097091 2.815238
v -0.144968 -6.363157 2.759317
v -0.168789 -5.628880 2.830000
v -0.192558 -4.894367 3.041053
v -0.216273 -4.159691 3.241255
v -0.239938 -3.424895 3.354143
v -0.263556 -2.690011 3.466791
v -0.287133 -1.955055 3.435643
v -0.022182 -1.353816 3.724461
v 0.023231 -13.564211 4.060153
v 0.023258 -13.696463 4.094715
v -0.700806 -1.718105 3.714863
v -0.715583 -1.473141 3.711610
v 0.021491 -12.822705 3.885291
v 0.022404 -12.956618 3.893439
v 0.021428 -12.906687 4.925525
v 0.022341 -13.026033 4.846608
v 0.023199 -13.334267 4.568695
v 0.023227 -13.239824 4.668193
v 0.049188 -13.205041 4.330082
v 0.036237 -13.516877 4.229680
v 0.008508 -13.517121 4.230297
v -0.006269 -13.205529 4.331317
v -0.035824 -12.669516 4.530005
v -0.050601 -12.445095 4.627675
v -0.080156 -11.982404 4.826300
v -0.094934 -11.744135 4.927257
v -0.124488 -11.263130 5.019749
v -0.139266 -11.020395 5.011283
v -0.168820 -10.533495 4.885495
v -0.183598 -10.289328 4.768173
v -0.213153 -9.800508 4.439916
v -0.227930 -9.555853 4.228982
v -0.257485 -9.066368 3.836378
v -0.272262 -8.821537 3.654708
v -0.301817 -8.331804 3.394185
v -0.316594 -8.086903 3.315331
v -0.346149 -7.597067 3.207421
v -0.360927 -7.352134 3.178364
v -0.390481 -6.862253 3.132152
v -0.405259 -6.617306 3.114997
v -0.434813 -6.127403 3.120642
v -0.449591 -5.882448 3.143441
v -0.479146 -5.392534 3.220032
v -0.493923 -5.147575 3.273823
v -0.523478 -4.657656 3.384457
v -0.538255 -4.412695 3.441299
v -0.567810 -3.922772 3.541869
v -0.582587 -3.677810 3.585598
v -0.612142 -3.187885 3.656997
v -0.626919 -2.942922 3.684667
v -0.656474 -2.452995 3.714264
v -0.671251 -2.208032 3.716190
v -0.022340 -1.464849 3.001381
v -0.021427 -1.709942 3.004832
v -0.019601 -2.200127 3.026345
v -0.018688 -2.445220 3.044407
v -0.016861 -2.935404 3.026733
v -0.015949 -3.180496 2.990999
v -0.014122 -3.670679 2.931870
v -0.013209 -3.915771 2.908477
v -0.011383 -4.405951 2.822605
v -0.010470 -4.651042 2.760128
v -0.008643 -5.141220 2.625981
v -0.007730 -5.386308 2.554312
v -0.005904 -5.876480 2.465549
v -0.004991 -6.121564 2.448454
v -0.003165 -6.611725 2.464283
v -0.002251 -6.856802 2.497205
v -0.000425 -7.346941 2.558072
v 0.000488 -7.592004 2.586017
v 0.002314 -8.082098 2.659422
v 0.003227 -8.327129 2.704883
v 0.005054 -8.817120 2.879348
v 0.005967 -9.062078 3.008352
v 0.007793 -9.551810 3.338633
v 0.008707 -9.796583 3.539909
v 0.010533 -10.285562 3.831947
v 0.011446 -10.529768 3.922708
v 0.013272 -11.016057 4.011292
v 0.014185 -11.258139 4.009115
v 0.016012 -11.730964 3.989907
v 0.016925 -11.961708 3.972875
v 0.018751 -12.357899 3.929610
v 0.019664 -12.523346 3.903377
v -0.022403 -1.468520 4.484930
v -0.021490 -1.713613 4.528303
v -0.019664 -2.203798 4.571497
v -0.018750 -2.448891 4.571318
v -0.016924 -2.939075 4.512386
v -0.016011 -3.184168 4.453633
v -0.014185 -3.674351 4.323148
v -0.013272 -3.919442 4.251415
v -0.011445 -4.409623 4.105509
v -0.010532 -4.654713 4.031335
v -0.008706 -5.144891 3.907406
v -0.007793 -5.389979 3.857651
v -0.005966 -5.880152 3.781152
v -0.005053 -6.125237 3.754408
v -0.003227 -6.615398 3.755689
v -0.002314 -6.860476 3.783714
v -0.000488 -7.350617 3.866415
v 0.000426 -7.595681 3.921092
v 0.002252 -8.085780 4.054658
v 0.003165 -8.330815 4.133548
v 0.004991 -8.820822 4.401989
v 0.005904 -9.065793 4.591540
v 0.007731 -9.555577 4.968206
v 0.008644 -9.800390 5.155321
v 0.010470 -10.289596 5.414937
v 0.011384 -10.533987 5.487440
v 0.013210 -11.021447 5.576806
v 0.014123 -11.264515 5.593669
v 0.015949 -11.744464 5.540537
v 0.016862 -11.981344 5.470541
v 0.018689 -12.407930 5.268510
v 0.019602 -12.597635 5.136476
v 0.670840 -1.460228 3.718382
v 0.657889 -1.705450 3.724821
v 0.631987 -2.195893 3.736595
v 0.619036 -2.441114 3.741928
v 0.593134 -2.931557 3.716588
v 0.580183 -3.176779 3.685915
v 0.554280 -3.667221 3.611841
v 0.541329 -3.912441 3.568442
v 0.515427 -4.402881 3.464374
v 0.502476 -4.648100 3.403706
v 0.476574 -5.138535 3.284755
v 0.463623 -5.383753 3.226472
v 0.437721 -5.874183 3.143453
v 0.424769 -6.119395 3.118716
v 0.398867 -6.609815 3.111257
v 0.385916 -6.855021 3.128535
v 0.360014 -7.345418 3.186432
v 0.347063 -7.590610 3.227051
v 0.321161 -8.080962 3.355717
v 0.308209 -8.326122 3.443764
v 0.282307 -8.816373 3.721960
v 0.269356 -9.061462 3.912108
v 0.243454 -9.551466 4.296490
v 0.230503 -9.796379 4.490722
v 0.204601 -10.285720 4.786111
v 0.191650 -10.530147 4.887270
v 0.165748 -11.017570 4.995878
v 0.152797 -11.260567 5.003327
v 0.126894 -11.742102 4.913121
v 0.113943 -11.980640 4.815464
v 0.088041 -12.443853 4.622033
v 0.075090 -12.668530 4.526259
v 0.023279 -13.204341 3.942922
v 0.023241 -13.318150 3.984256
v 0.023248 -13.695378 4.242584
v 0.023210 -13.562044 4.355890
v -0.279274 -2.200040 3.446026
v -0.271415 -2.445025 3.456408
v -0.255683 -2.934972 3.429241
v -0.247810 -3.179934 3.391692
v -0.232049 -3.669827 3.316514
v -0.224161 -3.914759 3.278884
v -0.208368 -4.404583 3.174521
v -0.200463 -4.649475 3.107787
v -0.184635 -5.139205 2.970702
v -0.176712 -5.384043 2.900351
v -0.160849 -5.873639 2.806439
v -0.152908 -6.118398 2.782878
v -0.137014 -6.607801 2.777957
v -0.129060 -6.852446 2.796597
v -0.113152 -7.341558 2.842445
v -0.105197 -7.586024 2.869653
v -0.089318 -8.074668 2.975791
v -0.081393 -8.318845 3.054721
v -0.065653 -8.806702 3.320450
v -0.057837 -9.050382 3.507248
v -0.042522 -9.536836 3.892910
v -0.035023 -9.779610 4.091774
v -0.020908 -10.263462 4.392743
v -0.014292 -10.504539 4.494848
v -0.003340 -10.983649 4.598567
v 0.000996 -11.221681 4.600181
v 0.005932 -11.691506 4.520895
v 0.006532 -11.923301 4.439996
v 0.007393 -12.352380 4.312496
v 0.007653 -12.549664 4.265896
v 0.013011 -12.975286 4.154727
v 0.018107 -13.203623 4.090158
v 0.239995 -2.194560 3.464607
v 0.233961 -2.439696 3.486354
v 0.221878 -2.929945 3.462292
v 0.215829 -3.175057 3.416483
v 0.203716 -3.665251 3.338050
v 0.197652 -3.910332 3.305427
v 0.185504 -4.400453 3.198559
v 0.179422 -4.645494 3.124314
v 0.167238 -5.135519 2.976206
v 0.161136 -5.380503 2.902342
v 0.148914 -5.870392 2.803489
v 0.142794 -6.115297 2.778501
v 0.130537 -6.604992 2.766400
v 0.124401 -6.849782 2.779288
v 0.112124 -7.339180 2.825166
v 0.105984 -7.583790 2.858155
v 0.093728 -8.072717 2.976835
v 0.087613 -8.317035 3.062525
v 0.075484 -8.805165 3.341247
v 0.069469 -9.048979 3.534280
v 0.057747 -9.535688 3.919587
v 0.052038 -9.778585 4.111862
v 0.041492 -10.262650 4.401153
v 0.036655 -10.503820 4.498169
v 0.029270 -10.983054 4.596895
v 0.026721 -11.221119 4.598605
v 0.025427 -11.690984 4.519629
v 0.026681 -11.922785 4.438941
v 0.029564 -12.351945 4.311715
v 0.031194 -12.549305 4.265176
v 0.029617 -12.975097 4.154288
v 0.026410 -13.203527 4.089939
v 0.239962 -2.196298 4.113067
v 0.233927 -2.441444 4.130039
v 0.221842 -2.931714 4.091566
v 0.215793 -3.176837 4.036120
v 0.203677 -3.667053 3.915738
v 0.197611 -3.912145 3.850801
v 0.185462 -4.402291 3.713467
v 0.179377 -4.647344 3.641071
v 0.167190 -5.137395 3.512772
v 0.161086 -5.382393 3.456869
v 0.148858 -5.872312 3.372938
v 0.142735 -6.117233 3.344911
v 0.130471 -6.606961 3.341118
v 0.124330 -6.851768 3.365354
v 0.112043 -7.341206 3.440755
v 0.105896 -7.585835 3.491922
v 0.093623 -8.074808 3.629673
v 0.087497 -8.319151 3.716256
v 0.075340 -8.807341 3.998575
v 0.069309 -9.051186 4.194310
v 0.057540 -9.537975 4.592144
v 0.051802 -9.780918 4.794244
v 0.041180 -10.265135 5.103171
v 0.036297 -10.506407 5.210000
v 0.028824 -10.986220 5.336456
v 0.026234 -11.224761 5.356084
v 0.024951 -11.698551 5.290964
v 0.026258 -11.933801 5.206216
v 0.029293 -12.382013 4.985120
v 0.031020 -12.594976 4.848773
v 0.029555 -13.014862 4.631350
v 0.026364 -13.221786 4.550273
v -0.279286 -2.201777 4.087437
v -0.271427 -2.446773 4.096504
v -0.255693 -2.936740 4.057736
v -0.247820 -3.181713 4.009900
v -0.232058 -3.671629 3.900027
v -0.224168 -3.916572 3.837989
v -0.208373 -4.406420 3.705191
v -0.200466 -4.651324 3.634430
v -0.184634 -5.141080 3.509281
v -0.176709 -5.385931 3.454893
v -0.160841 -5.875557 3.373276
v -0.152897 -6.120332 3.346049
v -0.136996 -6.609769 3.341571
v -0.129038 -6.854431 3.364321
v -0.113118 -7.343580 3.434744
v -0.105157 -7.588067 3.482418
v -0.089260 -8.076756 3.615537
v -0.081325 -8.320957 3.700984
v -0.065557 -8.808869 3.983038
v -0.057724 -9.052580 4.179646
v -0.042363 -9.539111 4.582035
v -0.034835 -9.781933 4.787816
v -0.020647 -10.265933 5.101809
v -0.013986 -10.507113 5.210021
v -0.002950 -10.986802 5.337690
v 0.001426 -11.225311 5.357147
v 0.006346 -11.699071 5.291758
v 0.006892 -11.934320 5.206913
v 0.007600 -12.382452 4.985705
v 0.007763 -12.595335 4.849342
v 0.013008 -13.015049 4.631719
v 0.018090 -13.221879 4.550458
v -0.325323 -1.498717 4.057633
v -0.306235 -1.727750 4.068001
v 0.281037 -1.492688 4.065908
v 0.263517 -1.721920 4.081001
v 0.281051 -1.490957 3.407317
v 0.263540 -1.720190 3.425089
v -0.325284 -1.496986 3.403632
v -0.306208 -1.726020 3.419637
vn -0.6973 -0.0677 0.7135
vn -0.7007 -0.0678 0.7102
vn -0.6215 -0.0584 0.7812
vn -0.6044 -0.0583 0.7946
vn -0.6933 -0.0678 -0.7175
vn -0.6975 -0.0680 -0.7134
vn -0.7679 -0.0800 -0.6356
vn -0.7756 -0.0798 -0.6261
vn 0.6697 0.0175 -0.7424
vn 0.6861 0.0176 -0.7273
vn 0.6082 0.0472 -0.7924
vn 0.5831 0.0435 -0.8112
vn 0.6668 0.0025 0.7452
vn 0.6829 0.0029 0.7305
vn 0.7485 -0.0258 0.6627
vn 0.7472 -0.0260 0.6640
vn 0.0010 1.0000 0.0094
vn 0.0942 0.9922 -0.0816
vn 0.0026 0.9846 -0.1746
vn -0.0900 0.9925 -0.0826
vn 0.0896 -0.0745 0.9932
vn 0.0031 -0.0415 0.9991
vn -0.0113 -0.0437 0.9990
vn 0.1114 -0.0802 0.9905
vn 0.1152 -0.0680 0.9910
vn 0.0034 -0.0465 0.9989
vn 0.0018 -0.0529 0.9986
vn 0.1636 -0.0801 0.9833
vn 0.1645 -0.0383 0.9856
vn 0.3176 -0.0941 0.9435
vn 0.0205 -0.0412 0.9989
vn 0.2303 -0.0102 0.9731
vn 0.2318 0.0321 0.9722
vn 0.4092 0.0767 0.9092
vn 0.3863 -0.0143 0.9223
vn 0.2668 0.0913 0.9594
vn 0.2594 0.1320 0.9567
vn 0.4206 0.2606 0.8690
vn 0.4254 0.1583 0.8911
vn 0.2858 0.2125 0.9344
vn 0.2991 0.2166 0.9293
vn 0.4471 0.3185 0.8358
vn 0.4291 0.3283 0.8415
vn 0.3364 0.2339 0.9122
vn 0.3816 0.1874 0.9051
vn 0.5441 0.2264 0.8079
vn 0.4952 0.3465 0.7967
vn 0.4084 0.1093 0.9062
vn 0.4384 0.0842 0.8948
vn 0.6233 0.1093 0.7743
vn 0.5938 0.1629 0.7880
vn 0.4879 0.0570 0.8710
vn 0.7235 0.0553 0.6881
vn 0.7252 0.0525 0.6865
vn 0.6931 0.0754 0.7169
vn 0.7628 0.0322 0.6458
vn 0.7760 -0.0376 0.6296
vn 0.7761 -0.0384 0.6295
vn 0.7635 0.0323 0.6450
vn 0.7791 -0.1082 0.6175
vn 0.7771 -0.1563 0.6097
vn 0.7774 -0.1517 0.6104
vn 0.7790 -0.1082 0.6176
vn 0.6111 -0.1559 0.7761
vn 0.6194 -0.1740 0.7655
vn 0.7809 -0.2141 0.5868
vn 0.7814 -0.2000 0.5911
vn 0.6137 -0.1903 0.7663
vn 0.6111 -0.1784 0.7712
vn 0.7554 -0.2097 0.6208
vn 0.7630 -0.2268 0.6052
vn 0.6023 -0.1666 0.7807
vn 0.5962 -0.1479 0.7891
vn 0.7231 -0.1658 0.6705
vn 0.7332 -0.1885 0.6534
vn 0.5868 -0.1296 0.7993
vn 0.5816 -0.0718 0.8103
vn 0.6986 -0.0817 0.7108
vn 0.6999 -0.1402 0.7004
vn 0.6070 -0.0144 0.7945
vn 0.6198 -0.0081 0.7848
vn 0.7388 -0.0236 0.6735
vn 0.7262 -0.0212 0.6872
vn 0.0218 -0.0214 -0.9995
vn 0.0580 -0.0405 -0.9975
vn 0.0307 -0.0218 -0.9993
vn 0.0195 -0.0148 -0.9997
vn 0.1095 -0.0698 -0.9915
vn 0.1130 -0.0581 -0.9919
vn 0.0341 -0.0104 -0.9994
vn 0.0353 -0.0169 -0.9992
vn 0.1580 -0.0693 -0.9850
vn 0.1584 -0.0299 -0.9869
vn 0.0392 -0.0037 -0.9992
vn 0.0348 -0.0067 -0.9994
vn 0.2228 -0.0037 -0.9749
vn 0.2272 0.0353 -0.9732
vn 0.0779 0.0107 -0.9969
vn 0.0640 0.0014 -0.9979
vn 0.2766 0.0947 -0.9563
vn 0.2758 0.1415 -0.9507
vn 0.1076 0.0466 -0.9931
vn 0.0992 0.0285 -0.9947
vn 0.3180 0.2365 -0.9181
vn 0.3368 0.2491 -0.9080
vn 0.1444 0.1049 -0.9839
vn 0.1325 0.0959 -0.9865
vn 0.3699 0.2717 -0.8885
vn 0.4141 0.2192 -0.8835
vn 0.1855 0.1051 -0.9770
vn 0.1715 0.1250 -0.9772
vn 0.4308 0.1311 -0.8929
vn 0.4546 0.1050 -0.8845
vn 0.2228 0.0533 -0.9734
vn 0.2100 0.0606 -0.9758
vn 0.4909 0.0761 -0.8679
vn 0.5202 0.0547 -0.8523
vn 0.2722 0.0349 -0.9616
vn 0.2550 0.0448 -0.9659
vn 0.3079 0.0227 -0.9511
vn 0.3236 -0.0122 -0.9461
vn 0.3234 -0.0113 -0.9462
vn 0.3066 0.0226 -0.9516
vn 0.3530 -0.0494 -0.9343
vn 0.3678 -0.0688 -0.9273
vn 0.3691 -0.0721 -0.9266
vn 0.3538 -0.0495 -0.9340
vn 0.6167 -0.1567 -0.7714
vn 0.6275 -0.1754 -0.7586
vn 0.4202 -0.1201 -0.8994
vn 0.4047 -0.0969 -0.9093
vn 0.6254 -0.1925 -0.7562
vn 0.6240 -0.1796 -0.7605
vn 0.4527 -0.1393 -0.8807
vn 0.4430 -0.1418 -0.8852
vn 0.6133 -0.1666 -0.7721
vn 0.6067 -0.1517 -0.7803
vn 0.4726 -0.1285 -0.8719
vn 0.4654 -0.1390 -0.8741
vn 0.5966 -0.1372 -0.7907
vn 0.5925 -0.0650 -0.8030
vn 0.4969 -0.0539 -0.8661
vn 0.4886 -0.1229 -0.8638
vn 0.6133 0.0069 -0.7898
vn 0.6245 0.0103 -0.7810
vn 0.5013 0.0197 -0.8651
vn 0.4929 0.0078 -0.8700
vn -0.0723 -0.0152 -0.9973
vn 0.0025 -0.0342 -0.9994
vn -0.0098 -0.0383 -0.9992
vn -0.1022 0.0228 -0.9945
vn -0.1070 0.0269 -0.9939
vn 0.0001 -0.0370 -0.9993
vn -0.0005 -0.0433 -0.9991
vn -0.1295 0.0378 -0.9909
vn -0.1583 0.0115 -0.9873
vn -0.2714 0.0144 -0.9624
vn 0.0121 -0.0301 -0.9995
vn -0.1792 -0.0203 -0.9836
vn -0.2158 -0.0734 -0.9737
vn -0.3509 -0.0970 -0.9314
vn -0.3255 -0.0366 -0.9448
vn -0.2279 -0.1133 -0.9671
vn -0.2545 -0.1864 -0.9489
vn -0.4041 -0.2486 -0.8803
vn -0.3903 -0.1923 -0.9004
vn -0.2612 -0.2289 -0.9378
vn -0.2727 -0.2344 -0.9331
vn -0.4323 -0.3729 -0.8210
vn -0.4212 -0.3655 -0.8301
vn -0.3041 -0.2506 -0.9191
vn -0.3200 -0.1792 -0.9303
vn -0.4677 -0.3201 -0.8239
vn -0.4483 -0.3827 -0.8078
vn -0.3932 -0.1493 -0.9072
vn -0.4209 -0.1140 -0.8999
vn -0.5234 -0.1702 -0.8349
vn -0.5052 -0.2119 -0.8366
vn -0.4775 -0.0877 -0.8742
vn -0.4945 -0.0727 -0.8661
vn -0.5816 -0.0939 -0.8080
vn -0.5626 -0.1165 -0.8185
vn -0.5123 -0.0584 -0.8568
vn -0.5151 -0.0140 -0.8570
vn -0.6276 -0.0162 -0.7784
vn -0.6131 -0.0684 -0.7870
vn -0.5368 0.0313 -0.8432
vn -0.5406 0.0832 -0.8372
vn -0.6577 0.0986 -0.7468
vn -0.6471 0.0360 -0.7616
vn -0.5793 0.1439 -0.8023
vn -0.5970 0.1477 -0.7885
vn -0.7229 0.1712 -0.6694
vn -0.6996 0.1615 -0.6961
vn -0.6254 0.1560 -0.7645
vn -0.6458 0.1168 -0.7545
vn -0.7856 0.1402 -0.6027
vn -0.7656 0.1868 -0.6155
vn -0.6424 0.0729 -0.7629
vn -0.6420 0.0800 -0.7625
vn -0.7855 0.0985 -0.6110
vn -0.7838 0.0978 -0.6132
vn -0.6678 0.0908 -0.7388
vn -0.6922 0.0166 -0.7215
vn -0.8371 0.0167 -0.5468
vn -0.8209 0.1063 -0.5611
vn -0.6797 -0.0602 -0.7310
vn -0.6783 -0.0637 -0.7320
vn -0.8071 -0.0733 -0.5858
vn -0.8198 -0.0673 -0.5686
vn -0.0347 -0.0119 0.9993
vn -0.0646 -0.0090 0.9979
vn -0.0362 -0.0109 0.9993
vn -0.0341 -0.0109 0.9994
vn -0.1019 0.0135 0.9947
vn -0.1057 0.0184 0.9942
vn -0.0265 0.0022 0.9996
vn -0.0299 0.0028 0.9995
vn -0.1260 0.0295 0.9916
vn -0.1532 0.0034 0.9882
vn -0.0181 -0.0048 0.9998
vn -0.0193 0.0008 0.9998
vn -0.1742 -0.0279 0.9843
vn -0.2127 -0.0858 0.9733
vn -0.0347 -0.0215 0.9992
vn -0.0276 -0.0109 0.9996
vn -0.2338 -0.1322 0.9632
vn -0.2663 -0.2128 0.9401
vn -0.0668 -0.0622 0.9958
vn -0.0557 -0.0376 0.9977
vn -0.0853 -0.0871 0.9925
vn -0.0986 -0.0924 0.9908
vn -0.1056 -0.0908 0.9903
vn -0.0900 -0.0910 0.9918
vn -0.3320 -0.2695 0.9040
vn -0.3460 -0.1903 0.9187
vn -0.1977 -0.0945 0.9757
vn -0.1605 -0.1212 0.9796
vn -0.4170 -0.1529 0.8959
vn -0.4389 -0.1137 0.8913
vn -0.3201 -0.0727 0.9446
vn -0.2785 -0.0881 0.9564
vn -0.4839 -0.0824 0.8712
vn -0.4963 -0.0761 0.8648
vn -0.3822 -0.0582 0.9222
vn -0.3674 -0.0582 0.9282
vn -0.5114 -0.0704 0.8565
vn -0.5133 -0.0245 0.8578
vn -0.3964 -0.0202 0.9179
vn -0.3913 -0.0578 0.9185
vn -0.5372 0.0223 0.8432
vn -0.5424 0.0727 0.8369
vn -0.4234 0.0582 0.9041
vn -0.4136 0.0179 0.9103
vn -0.5855 0.1324 0.7998
vn -0.6061 0.1346 0.7839
vn -0.4652 0.1138 0.8778
vn -0.4509 0.1147 0.8852
vn -0.6363 0.1407 0.7585
vn -0.6536 0.1095 0.7489
vn -0.4927 0.0831 0.8662
vn -0.4850 0.1123 0.8673
vn -0.6533 0.0758 0.7533
vn -0.6562 0.0735 0.7510
vn -0.4933 0.0516 0.8683
vn -0.4926 0.0457 0.8691
vn -0.6804 0.0736 0.7292
vn -0.6990 0.0156 0.7150
vn -0.5180 0.0091 0.8554
vn -0.5090 0.0607 0.8586
vn -0.6890 -0.0440 0.7234
vn -0.6870 -0.0557 0.7245
vn -0.5377 -0.0519 0.8415
vn -0.5257 -0.0457 0.8495
vn -0.8230 -0.0404 0.5665
vn -0.8128 -0.0580 0.5796
vn -0.8206 0.0831 0.5654
vn -0.8328 0.0198 0.5533
vn -0.7879 0.1028 0.6072
vn -0.7928 0.0896 0.6029
vn -0.7660 0.1644 0.6215
vn -0.7825 0.1319 0.6085
vn -0.7060 0.1468 0.6928
vn -0.7295 0.1535 0.6665
vn -0.6503 0.0263 0.7592
vn -0.6617 0.0855 0.7449
vn -0.6219 -0.0816 0.7788
vn -0.6315 -0.0279 0.7748
vn -0.5921 -0.1052 0.7990
vn -0.6041 -0.0939 0.7914
vn -0.5478 -0.2143 0.8087
vn -0.5635 -0.1659 0.8093
vn -0.4924 -0.4070 0.7694
vn -0.5123 -0.3344 0.7911
vn -0.4525 -0.4165 0.7886
vn -0.4731 -0.4198 0.7746
vn -0.4803 -0.4105 0.7751
vn -0.4606 -0.4229 0.7804
vn -0.3968 -0.2187 0.8915
vn -0.4195 -0.2801 0.8635
vn -0.3153 -0.0443 0.9480
vn -0.3423 -0.1079 0.9334
vn -0.2620 0.0059 0.9651
vn -0.0785 -0.0111 0.9968
vn -0.0395 -0.0111 0.9992
vn -0.5087 -0.0503 -0.8594
vn -0.5286 -0.0522 -0.8472
vn -0.4800 0.0707 -0.8744
vn -0.4857 0.0125 -0.8741
vn -0.4725 0.0447 -0.8802
vn -0.4754 0.0566 -0.8779
vn -0.4619 0.1196 -0.8789
vn -0.4651 0.0858 -0.8811
vn -0.4459 0.1230 -0.8866
vn -0.4557 0.1225 -0.8817
vn -0.4165 0.0261 -0.9088
vn -0.4246 0.0669 -0.9029
vn -0.4033 -0.0475 -0.9138
vn -0.4033 -0.0108 -0.9150
vn -0.3870 -0.0580 -0.9203
vn -0.4055 -0.0535 -0.9125
vn -0.2773 -0.0845 -0.9570
vn -0.3251 -0.0705 -0.9431
vn -0.1531 -0.1111 -0.9819
vn -0.1907 -0.0869 -0.9778
vn -0.0853 -0.0786 -0.9932
vn -0.0996 -0.0799 -0.9918
vn -0.0542 -0.0291 -0.9981
vn -0.0646 -0.0525 -0.9965
vn -0.0270 -0.0034 -0.9996
vn -0.0341 -0.0137 -0.9993
vn -0.0186 0.0086 -0.9998
vn -0.0175 0.0029 -0.9998
vn -0.0286 0.0127 -0.9995
vn -0.0258 0.0113 -0.9996
vn -0.0213 -0.0063 -0.9998
vn -0.0552 -0.0029 -0.9985
vn -0.0253 -0.0069 -0.9997
vn 0.7216 0.0060 -0.6923
vn 0.7350 -0.0017 -0.6781
vn 0.6961 -0.1495 -0.7022
vn 0.6937 -0.0725 -0.7166
vn 0.7426 -0.1890 -0.6425
vn 0.7283 -0.1709 -0.6636
vn 0.7766 -0.2335 -0.5852
vn 0.7702 -0.2141 -0.6008
vn 0.7878 -0.2061 -0.5805
vn 0.7901 -0.2205 -0.5719
vn 0.7787 -0.1079 -0.6180
vn 0.7784 -0.1540 -0.6086
vn 0.7781 -0.1587 -0.6077
vn 0.7788 -0.1079 -0.6179
vn 0.7592 0.0390 -0.6497
vn 0.7732 -0.0351 -0.6331
vn 0.7732 -0.0335 -0.6333
vn 0.7583 0.0389 -0.6507
vn 0.6947 0.1024 -0.7119
vn 0.7199 0.0678 -0.6908
vn 0.6251 0.1935 -0.7562
vn 0.6456 0.1375 -0.7512
vn 0.5438 0.4006 -0.7374
vn 0.5916 0.2686 -0.7601
vn 0.4878 0.3659 -0.7926
vn 0.5090 0.3755 -0.7746
vn 0.4467 0.1590 -0.8804
vn 0.4556 0.2729 -0.8473
vn 0.3735 -0.0089 -0.9276
vn 0.4017 0.0732 -0.9129
vn 0.3060 -0.0835 -0.9484
vn 0.0786 -0.0576 -0.9952
vn 0.0327 -0.0282 -0.9991
vn 0.4726 -0.0072 0.8812
vn 0.4865 0.0058 0.8737
vn 0.4614 -0.1161 0.8795
vn 0.4662 -0.0583 0.8828
vn 0.4528 -0.1394 0.8806
vn 0.4567 -0.1259 0.8807
vn 0.4365 -0.1451 0.8879
vn 0.4446 -0.1415 0.8845
vn 0.4022 -0.1019 0.9098
vn 0.4165 -0.1246 0.9006
vn 0.3543 -0.0559 0.9335
vn 0.3689 -0.0782 0.9262
vn 0.3677 -0.0748 0.9269
vn 0.3535 -0.0558 0.9338
vn 0.3068 0.0146 0.9516
vn 0.3245 -0.0187 0.9457
vn 0.3246 -0.0193 0.9457
vn 0.3082 0.0147 0.9512
vn 0.2515 0.0351 0.9672
vn 0.2703 0.0259 0.9624
vn 0.2723 0.0232 0.9619
vn 0.2035 0.0507 0.9778
vn 0.2168 0.0433 0.9753
vn 0.1653 0.1131 0.9797
vn 0.1787 0.0935 0.9794
vn 0.1295 0.0872 0.9877
vn 0.1401 0.0950 0.9856
vn 0.0995 0.0215 0.9948
vn 0.1073 0.0394 0.9934
vn 0.0656 -0.0060 0.9978
vn 0.0793 0.0036 0.9968
vn 0.0359 -0.0149 0.9992
vn 0.0405 -0.0115 0.9991
vn 0.0361 -0.0267 0.9990
vn 0.0348 -0.0191 0.9992
vn 0.0377 -0.0386 0.9985
vn 0.0698 -0.0554 0.9960
vn 0.0509 -0.0445 0.9977
vn -0.0902 0.9909 0.1003
vn -0.1789 0.9838 0.0085
vn 0.0026 0.9812 0.1929
vn 0.0941 0.9904 0.1010
vn 0.1815 0.9833 0.0101
vn 0.5755 0.0308 0.8172
vn 0.6024 0.0346 0.7974
vn 0.7462 -0.0089 -0.6657
vn 0.7481 -0.0087 -0.6635
vn -0.6008 -0.0548 -0.7975
vn -0.6189 -0.0551 -0.7835
vn -0.7801 -0.0761 0.6211
vn -0.7718 -0.0764 0.6313
vn -0.7974 -0.0752 0.5987
vn -0.6911 -0.0674 0.7196
vn -0.5618 -0.0540 -0.8255
vn -0.6856 -0.0675 -0.7249
vn 0.7420 -0.0094 -0.6703
vn 0.6458 0.0138 -0.7634
vn 0.5238 0.0234 0.8515
vn 0.6423 -0.0012 0.7664
vn 0.0373 -0.0364 0.9986
vn 0.0403 -0.0379 0.9985
vn 0.0202 -0.0210 0.9996
vn 0.0441 -0.0400 0.9982
vn 0.0436 -0.0340 0.9985
vn 0.0959 -0.0731 0.9927
vn 0.0798 -0.0592 0.9951
vn 0.0401 -0.0294 0.9988
vn 0.1044 -0.0767 0.9916
vn 0.0352 -0.0146 0.9993
vn 0.1400 -0.0710 0.9876
vn 0.0513 -0.0071 0.9987
vn 0.2050 -0.0120 0.9787
vn 0.0915 0.0185 0.9956
vn 0.2584 0.0876 0.9621
vn 0.1184 0.0782 0.9899
vn 0.2759 0.2042 0.9392
vn 0.1521 0.1026 0.9830
vn 0.3165 0.2178 0.9233
vn 0.1912 0.0465 0.9805
vn 0.3917 0.1034 0.9143
vn 0.2331 0.0311 0.9720
vn 0.4584 0.0511 0.8873
vn 0.2887 0.0126 0.9573
vn 0.2901 0.0127 0.9569
vn 0.3397 -0.0544 0.9389
vn 0.3389 -0.0543 0.9392
vn 0.3850 -0.0984 0.9176
vn 0.6001 -0.1538 0.7850
vn 0.4270 -0.1424 0.8930
vn 0.6156 -0.1905 0.7647
vn 0.4495 -0.1386 0.8825
vn 0.6084 -0.1676 0.7757
vn 0.4595 -0.1157 0.8806
vn 0.5932 -0.1303 0.7945
vn 0.4697 -0.0073 0.8828
vn 0.5964 -0.0149 0.8026
vn 0.0794 -0.0649 -0.9947
vn 0.0002 -0.0329 -0.9995
vn -0.0050 -0.0330 -0.9994
vn 0.0930 -0.0621 -0.9937
vn 0.0740 -0.0472 -0.9961
vn 0.0001 -0.0413 -0.9991
vn 0.1023 -0.0663 -0.9925
vn 0.0029 -0.0265 -0.9996
vn 0.1363 -0.0611 -0.9888
vn 0.3384 -0.0113 -0.9409
vn 0.1977 -0.0055 -0.9803
vn 0.4226 0.1481 -0.8941
vn 0.2597 0.0876 -0.9617
vn 0.4668 0.3481 -0.8130
vn 0.3003 0.2219 -0.9277
vn 0.5273 0.3868 -0.7565
vn 0.3537 0.2585 -0.8989
vn 0.6159 0.1899 -0.7646
vn 0.4199 0.1271 -0.8986
vn 0.6703 0.0969 -0.7357
vn 0.4685 0.0712 -0.8806
vn 0.7411 0.0367 -0.6704
vn 0.7402 0.0365 -0.6714
vn 0.7759 -0.1077 -0.6216
vn 0.7760 -0.1077 -0.6215
vn 0.7789 -0.2045 -0.5929
vn 0.7795 -0.2046 -0.5920
vn 0.7839 -0.2351 -0.5747
vn 0.6254 -0.1922 -0.7562
vn 0.7590 -0.1918 -0.6222
vn 0.6207 -0.1677 -0.7659
vn 0.7131 -0.1518 -0.6844
vn 0.6026 -0.1378 -0.7860
vn 0.7047 0.0046 -0.7095
vn 0.6056 0.0063 -0.7957
vn -0.0191 -0.0025 -0.9998
vn -0.0246 -0.0017 -0.9997
vn 0.0236 0.0083 -0.9997
vn -0.0318 -0.0014 -0.9995
vn -0.0329 0.0068 -0.9994
vn -0.0836 0.0111 -0.9964
vn -0.0710 0.0013 -0.9975
vn -0.0310 0.0132 -0.9994
vn -0.0931 0.0195 -0.9955
vn -0.0220 0.0093 -0.9997
vn -0.1189 0.0334 -0.9923
vn -0.0209 -0.0034 -0.9998
vn -0.1629 -0.0201 -0.9864
vn -0.0437 -0.0250 -0.9987
vn -0.2131 -0.1076 -0.9711
vn -0.0753 -0.0706 -0.9947
vn -0.2498 -0.2199 -0.9430
vn -0.1219 -0.0906 -0.9884
vn -0.2866 -0.2389 -0.9278
vn -0.2303 -0.0720 -0.9705
vn -0.3645 -0.1414 -0.9204
vn -0.3602 -0.0548 -0.9313
vn -0.4550 -0.0850 -0.8864
vn -0.4081 -0.0479 -0.9117
vn -0.5067 -0.0583 -0.8602
vn -0.4087 0.0254 -0.9123
vn -0.5280 0.0303 -0.8487
vn -0.4339 0.1194 -0.8930
vn -0.5598 0.1379 -0.8170
vn -0.4603 0.1191 -0.8797
vn -0.6119 0.1518 -0.7762
vn -0.4690 0.0443 -0.8821
vn -0.6446 0.0734 -0.7610
vn -0.4778 0.0703 -0.8757
vn -0.6536 0.0880 -0.7517
vn -0.4955 -0.0493 -0.8672
vn -0.6816 -0.0599 -0.7293
vn -0.0812 -0.0183 0.9965
vn 0.0004 -0.0401 0.9992
vn -0.0051 -0.0407 0.9992
vn -0.0863 0.0028 0.9963
vn -0.0766 -0.0059 0.9970
vn 0.0011 -0.0505 0.9987
vn -0.0941 0.0106 0.9955
vn 0.0084 -0.0364 0.9993
vn -0.1165 0.0254 0.9929
vn -0.2894 -0.0441 0.9562
vn -0.1579 -0.0278 0.9871
vn -0.3692 -0.2069 0.9060
vn -0.2137 -0.1236 0.9690
vn -0.4317 -0.3999 0.8086
vn -0.2665 -0.2512 0.9305
vn -0.4878 -0.4037 0.7740
vn -0.3156 -0.2591 0.9128
vn -0.5370 -0.2112 0.8167
vn -0.3913 -0.1464 0.9085
vn -0.5795 -0.1042 0.8083
vn -0.4679 -0.0809 0.8801
vn -0.6139 -0.0813 0.7852
vn -0.5058 -0.0701 0.8598
vn -0.6404 0.0250 0.7676
vn -0.5275 0.0212 0.8493
vn -0.6802 0.1391 0.7197
vn -0.5637 0.1259 0.8164
vn -0.7488 0.1591 0.6434
vn -0.6221 0.1366 0.7709
vn -0.7887 0.1029 0.6061
vn -0.6547 0.0760 0.7521
vn -0.8054 0.0801 0.5872
vn -0.6667 0.0711 0.7420
vn -0.8306 -0.0400 0.5555
vn -0.6925 -0.0438 0.7201
vn -0.5224 -0.0456 0.8515
vn -0.4996 0.0592 0.8642
vn -0.4945 0.0460 0.8679
vn -0.4763 0.1099 0.8724
vn -0.4354 0.1101 0.8935
vn -0.4043 0.0170 0.9145
vn -0.3887 -0.0576 0.9196
vn -0.3481 -0.0562 0.9358
vn -0.2355 -0.0774 0.9688
vn -0.1287 -0.1008 0.9865
vn -0.0787 -0.0817 0.9935
vn -0.0446 -0.0332 0.9985
vn -0.0215 -0.0109 0.9997
vn -0.0227 0.0015 0.9997
vn -0.0330 0.0034 0.9994
vn -0.0362 -0.0029 0.9993
vn -0.0377 -0.0107 0.9992
vn -0.8314 -0.0673 -0.5516
vn -0.8004 0.1020 -0.5907
vn -0.7897 0.0990 -0.6055
vn -0.7447 0.1800 -0.6427
vn -0.6750 0.1539 -0.7216
vn -0.6378 0.0348 -0.7694
vn -0.5985 -0.0679 -0.7983
vn -0.5443 -0.1142 -0.8311
vn -0.4924 -0.2077 -0.8452
vn -0.4413 -0.3774 -0.8142
vn -0.4092 -0.3564 -0.8400
vn -0.3721 -0.1852 -0.9095
vn -0.2996 -0.0364 -0.9534
vn -0.0693 -0.0071 -0.9976
vn 0.4970 0.0080 -0.8677
vn 0.4807 -0.1211 -0.8685
vn 0.4598 -0.1374 -0.8773
vn 0.4321 -0.1386 -0.8911
vn 0.3841 -0.0925 -0.9186
vn 0.3862 -0.0930 -0.9177
vn 0.3379 -0.0478 -0.9400
vn 0.3387 -0.0478 -0.9397
vn 0.2907 0.0208 -0.9566
vn 0.2894 0.0207 -0.9570
vn 0.2381 0.0411 -0.9704
vn 0.1979 0.0565 -0.9786
vn 0.1576 0.1139 -0.9809
vn 0.1199 0.0859 -0.9891
vn 0.0905 0.0253 -0.9956
vn 0.0499 0.0003 -0.9988
vn 0.0344 -0.0066 -0.9994
vn 0.0388 -0.0193 -0.9991
vn 0.0412 -0.0227 -0.9989
vn 0.0389 -0.0261 -0.9989
vn 0.7098 -0.0222 0.7040
vn 0.7126 -0.1416 0.6872
vn 0.7458 -0.1906 0.6383
vn 0.7725 -0.2287 0.5924
vn 0.7759 -0.1991 0.5986
vn 0.7778 -0.1082 0.6191
vn 0.7778 -0.1082 0.6192
vn 0.7466 0.0300 0.6646
vn 0.7473 0.0301 0.6638
vn 0.6577 0.0683 0.7502
vn 0.5745 0.1557 0.8035
vn 0.4706 0.3264 0.8197
vn 0.4204 0.3205 0.8488
vn 0.4163 0.1539 0.8961
vn 0.3509 -0.0169 0.9363
vn 0.0890 -0.0687 0.9937
vn 0.7446 -0.0263 0.6669
vn 0.5348 0.0364 -0.8442
vn -0.7919 -0.0793 -0.6054
vn -0.5671 -0.0579 0.8216
vn 0.7135 -0.0677 0.6973
vn 0.7102 -0.0678 0.7007
vn 0.7812 -0.0584 0.6215
vn 0.7946 -0.0583 0.6044
vn -0.7175 -0.0678 0.6933
vn -0.7134 -0.0680 0.6975
vn -0.6356 -0.0800 0.7679
vn -0.6261 -0.0798 0.7756
vn -0.7424 0.0175 -0.6697
vn -0.7273 0.0176 -0.6861
vn -0.7924 0.0472 -0.6082
vn -0.8112 0.0435 -0.5831
vn 0.7452 0.0025 -0.6668
vn 0.7305 0.0029 -0.6829
vn 0.6627 -0.0258 -0.7485
vn 0.6640 -0.0260 -0.7472
vn 0.0094 1.0000 -0.0010
vn -0.0816 0.9922 -0.0942
vn -0.1746 0.9846 -0.0026
vn -0.0826 0.9925 0.0900
vn 0.9932 -0.0745 -0.0896
vn 0.9991 -0.0415 -0.0031
vn 0.9990 -0.0437 0.0113
vn 0.9905 -0.0802 -0.1114
vn 0.9910 -0.0680 -0.1152
vn 0.9989 -0.0465 -0.0034
vn 0.9986 -0.0529 -0.0018
vn 0.9833 -0.0801 -0.1636
vn 0.9856 -0.0383 -0.1645
vn 0.9435 -0.0941 -0.3176
vn 0.9989 -0.0412 -0.0205
vn 0.9731 -0.0102 -0.2303
vn 0.9722 0.0321 -0.2318
vn 0.9092 0.0767 -0.4092
vn 0.9223 -0.0143 -0.3863
vn 0.9594 0.0913 -0.2668
vn 0.9567 0.1320 -0.2594
vn 0.8690 0.2606 -0.4206
vn 0.8911 0.1583 -0.4254
vn 0.9344 0.2125 -0.2858
vn 0.9293 0.2166 -0.2991
vn 0.8358 0.3185 -0.4471
vn 0.8415 0.3283 -0.4291
vn 0.9122 0.2339 -0.3364
vn 0.9051 0.1874 -0.3816
vn 0.8079 0.2264 -0.5441
vn 0.7967 0.3465 -0.4952
vn 0.9062 0.1093 -0.4084
vn 0.8948 0.0842 -0.4384
vn 0.7743 0.1093 -0.6233
vn 0.7880 0.1629 -0.5938
vn 0.8710 0.0570 -0.4879
vn 0.6881 0.0553 -0.7235
vn 0.6865 0.0525 -0.7252
vn 0.7169 0.0754 -0.6931
vn 0.6458 0.0322 -0.7628
vn 0.6296 -0.0376 -0.7760
vn 0.6295 -0.0384 -0.7761
vn 0.6450 0.0323 -0.7635
vn 0.6175 -0.1082 -0.7791
vn 0.6097 -0.1563 -0.7771
vn 0.6104 -0.1517 -0.7774
vn 0.6176 -0.1082 -0.7790
vn 0.7761 -0.1559 -0.6111
vn 0.7655 -0.1740 -0.6194
vn 0.5868 -0.2141 -0.7809
vn 0.5911 -0.2000 -0.7814
vn 0.7663 -0.1903 -0.6137
vn 0.7712 -0.1784 -0.6111
vn 0.6208 -0.2097 -0.7554
vn 0.6052 -0.2268 -0.7630
vn 0.7807 -0.1666 -0.6023
vn 0.7891 -0.1479 -0.5962
vn 0.6705 -0.1658 -0.7231
vn 0.6534 -0.1885 -0.7332
vn 0.7993 -0.1296 -0.5868
vn 0.8103 -0.0718 -0.5816
vn 0.7108 -0.0817 -0.6986
vn 0.7004 -0.1402 -0.6999
vn 0.7945 -0.0144 -0.6070
vn 0.7848 -0.0081 -0.6198
vn 0.6735 -0.0236 -0.7388
vn 0.6872 -0.0212 -0.7262
vn -0.9995 -0.0214 -0.0218
vn -0.9975 -0.0405 -0.0580
vn -0.9993 -0.0218 -0.0307
vn -0.9997 -0.0148 -0.0195
vn -0.9915 -0.0698 -0.1095
vn -0.9919 -0.0581 -0.1130
vn -0.9994 -0.0104 -0.0341
vn -0.9992 -0.0169 -0.0353
vn -0.9850 -0.0693 -0.1580
vn -0.9869 -0.0299 -0.1584
vn -0.9992 -0.0037 -0.0392
vn -0.9994 -0.0067 -0.0348
vn -0.9749 -0.0037 -0.2228
vn -0.9732 0.0353 -0.2272
vn -0.9969 0.0107 -0.0779
vn -0.9979 0.0014 -0.0640
vn -0.9563 0.0947 -0.2766
vn -0.9507 0.1415 -0.2758
vn -0.9931 0.0466 -0.1076
vn -0.9947 0.0285 -0.0992
vn -0.9181 0.2365 -0.3180
vn -0.9080 0.2491 -0.3368
vn -0.9839 0.1049 -0.1444
vn -0.9865 0.0959 -0.1325
vn -0.8885 0.2717 -0.3699
vn -0.8835 0.2192 -0.4141
vn -0.9770 0.1051 -0.1855
vn -0.9772 0.1250 -0.1715
vn -0.8929 0.1311 -0.4308
vn -0.8845 0.1050 -0.4546
vn -0.9734 0.0533 -0.2228
vn -0.9758 0.0606 -0.2100
vn -0.8679 0.0761 -0.4909
vn -0.8523 0.0547 -0.5202
vn -0.9616 0.0349 -0.2722
vn -0.9659 0.0448 -0.2550
vn -0.9511 0.0227 -0.3079
vn -0.9461 -0.0122 -0.3236
vn -0.9462 -0.0113 -0.3234
vn -0.9516 0.0226 -0.3066
vn -0.9343 -0.0494 -0.3530
vn -0.9273 -0.0688 -0.3678
vn -0.9266 -0.0721 -0.3691
vn -0.9340 -0.0495 -0.3538
vn -0.7714 -0.1567 -0.6167
vn -0.7586 -0.1754 -0.6275
vn -0.8994 -0.1201 -0.4202
vn -0.9093 -0.0969 -0.4047
vn -0.7562 -0.1925 -0.6254
vn -0.7605 -0.1796 -0.6240
vn -0.8807 -0.1393 -0.4527
vn -0.8852 -0.1418 -0.4430
vn -0.7721 -0.1666 -0.6133
vn -0.7803 -0.1517 -0.6067
vn -0.8719 -0.1285 -0.4726
vn -0.8741 -0.1390 -0.4654
vn -0.7907 -0.1372 -0.5966
vn -0.8030 -0.0650 -0.5925
vn -0.8661 -0.0539 -0.4969
vn -0.8638 -0.1229 -0.4886
vn -0.7898 0.0069 -0.6133
vn -0.7810 0.0103 -0.6245
vn -0.8651 0.0197 -0.5013
vn -0.8700 0.0078 -0.4929
vn -0.9973 -0.0152 0.0723
vn -0.9994 -0.0342 -0.0025
vn -0.9992 -0.0383 0.0098
vn -0.9945 0.0228 0.1022
vn -0.9939 0.0269 0.1070
vn -0.9993 -0.0370 -0.0001
vn -0.9991 -0.0433 0.0005
vn -0.9909 0.0378 0.1295
vn -0.9873 0.0115 0.1583
vn -0.9624 0.0144 0.2714
vn -0.9995 -0.0301 -0.0121
vn -0.9836 -0.0203 0.1792
vn -0.9737 -0.0734 0.2158
vn -0.9314 -0.0970 0.3509
vn -0.9448 -0.0366 0.3255
vn -0.9671 -0.1133 0.2279
vn -0.9489 -0.1864 0.2545
vn -0.8803 -0.2486 0.4041
vn -0.9004 -0.1923 0.3903
vn -0.9378 -0.2289 0.2612
vn -0.9331 -0.2344 0.2727
vn -0.8210 -0.3729 0.4323
vn -0.8301 -0.3655 0.4212
vn -0.9191 -0.2506 0.3041
vn -0.9303 -0.1792 0.3200
vn -0.8239 -0.3201 0.4677
vn -0.8078 -0.3827 0.4483
vn -0.9072 -0.1493 0.3932
vn -0.8999 -0.1140 0.4209
vn -0.8349 -0.1702 0.5234
vn -0.8366 -0.2119 0.5052
vn -0.8742 -0.0877 0.4775
vn -0.8661 -0.0727 0.4945
vn -0.8080 -0.0939 0.5816
vn -0.8185 -0.1165 0.5626
vn -0.8568 -0.0584 0.5123
vn -0.8570 -0.0140 0.5151
vn -0.7784 -0.0162 0.6276
vn -0.7870 -0.0684 0.6131
vn -0.8432 0.0313 0.5368
vn -0.8372 0.0832 0.5406
vn -0.7468 0.0986 0.6577
vn -0.7616 0.0360 0.6471
vn -0.8023 0.1439 0.5793
vn -0.7885 0.1477 0.5970
vn -0.6694 0.1712 0.7229
vn -0.6961 0.1615 0.6996
vn -0.7645 0.1560 0.6254
vn -0.7545 0.1168 0.6458
vn -0.6027 0.1402 0.7856
vn -0.6155 0.1868 0.7656
vn -0.7629 0.0729 0.6424
vn -0.7625 0.0800 0.6420
vn -0.6110 0.0985 0.7855
vn -0.6132 0.0978 0.7838
vn -0.7388 0.0908 0.6678
vn -0.7215 0.0166 0.6922
vn -0.5468 0.0167 0.8371
vn -0.5611 0.1063 0.8209
vn -0.7310 -0.0602 0.6797
vn -0.7320 -0.0637 0.6783
vn -0.5858 -0.0733 0.8071
vn -0.5686 -0.0673 0.8198
vn 0.9993 -0.0119 0.0347
vn 0.9979 -0.0090 0.0646
vn 0.9993 -0.0109 0.0362
vn 0.9994 -0.0109 0.0341
vn 0.9947 0.0135 0.1019
vn 0.9942 0.0184 0.1057
vn 0.9996 0.0022 0.0265
vn 0.9995 0.0028 0.0299
vn 0.9916 0.0295 0.1260
vn 0.9882 0.0034 0.1532
vn 0.9998 -0.0048 0.0181
vn 0.9998 0.0008 0.0193
vn 0.9843 -0.0279 0.1742
vn 0.9733 -0.0858 0.2127
vn 0.9992 -0.0215 0.0347
vn 0.9996 -0.0109 0.0276
vn 0.9632 -0.1322 0.2338
vn 0.9401 -0.2128 0.2663
vn 0.9958 -0.0622 0.0668
vn 0.9977 -0.0376 0.0557
vn 0.9925 -0.0871 0.0853
vn 0.9908 -0.0924 0.0986
vn 0.9903 -0.0908 0.1056
vn 0.9918 -0.0910 0.0900
vn 0.9040 -0.2695 0.3320
vn 0.9187 -0.1903 0.3460
vn 0.9757 -0.0945 0.1977
vn 0.9796 -0.1212 0.1605
vn 0.8959 -0.1529 0.4170
vn 0.8913 -0.1137 0.4389
vn 0.9446 -0.0727 0.3201
vn 0.9564 -0.0881 0.2785
vn 0.8712 -0.0824 0.4839
vn 0.8648 -0.0761 0.4963
vn 0.9222 -0.0582 0.3822
vn 0.9282 -0.0582 0.3674
vn 0.8565 -0.0704 0.5114
vn 0.8578 -0.0245 0.5133
vn 0.9179 -0.0202 0.3964
vn 0.9185 -0.0578 0.3913
vn 0.8432 0.0223 0.5372
vn 0.8369 0.0727 0.5424
vn 0.9041 0.0581 0.4234
vn 0.9103 0.0179 0.4136
vn 0.7998 0.1324 0.5855
vn 0.7839 0.1346 0.6061
vn 0.8778 0.1138 0.4652
vn 0.8852 0.1147 0.4509
vn 0.7585 0.1407 0.6363
vn 0.7489 0.1095 0.6536
vn 0.8662 0.0831 0.4927
vn 0.8673 0.1123 0.4850
vn 0.7533 0.0758 0.6533
vn 0.7510 0.0735 0.6562
vn 0.8683 0.0516 0.4933
vn 0.8691 0.0457 0.4926
vn 0.7292 0.0736 0.6804
vn 0.7150 0.0156 0.6990
vn 0.8554 0.0091 0.5180
vn 0.8586 0.0607 0.5090
vn 0.7234 -0.0440 0.6890
vn 0.7245 -0.0557 0.6870
vn 0.8415 -0.0519 0.5377
vn 0.8495 -0.0457 0.5257
vn 0.5665 -0.0404 0.8230
vn 0.5796 -0.0580 0.8128
vn 0.5654 0.0831 0.8206
vn 0.5533 0.0198 0.8328
vn 0.6072 0.1028 0.7879
vn 0.6029 0.0896 0.7928
vn 0.6215 0.1644 0.7660
vn 0.6085 0.1319 0.7825
vn 0.6928 0.1468 0.7060
vn 0.6665 0.1535 0.7295
vn 0.7592 0.0263 0.6503
vn 0.7449 0.0855 0.6617
vn 0.7788 -0.0816 0.6219
vn 0.7748 -0.0279 0.6315
vn 0.7990 -0.1052 0.5921
vn 0.7914 -0.0939 0.6041
vn 0.8087 -0.2143 0.5478
vn 0.8093 -0.1659 0.5635
vn 0.7694 -0.4070 0.4924
vn 0.7911 -0.3344 0.5123
vn 0.7886 -0.4165 0.4525
vn 0.7746 -0.4198 0.4731
vn 0.7751 -0.4105 0.4803
vn 0.7804 -0.4229 0.4606
vn 0.8915 -0.2187 0.3968
vn 0.8635 -0.2801 0.4195
vn 0.9480 -0.0443 0.3153
vn 0.9334 -0.1079 0.3423
vn 0.9651 0.0059 0.2620
vn 0.9968 -0.0111 0.0786
vn 0.9992 -0.0111 0.0395
vn -0.8594 -0.0503 0.5087
vn -0.8472 -0.0522 0.5286
vn -0.8744 0.0707 0.4800
vn -0.8741 0.0125 0.4857
vn -0.8802 0.0447 0.4725
vn -0.8779 0.0566 0.4754
vn -0.8789 0.1196 0.4619
vn -0.8811 0.0858 0.4651
vn -0.8866 0.1230 0.4459
vn -0.8817 0.1225 0.4557
vn -0.9088 0.0261 0.4165
vn -0.9029 0.0669 0.4246
vn -0.9138 -0.0475 0.4033
vn -0.9150 -0.0108 0.4033
vn -0.9203 -0.0580 0.3870
vn -0.9125 -0.0535 0.4055
vn -0.9570 -0.0845 0.2773
vn -0.9431 -0.0705 0.3251
vn -0.9819 -0.1111 0.1531
vn -0.9778 -0.0869 0.1907
vn -0.9932 -0.0786 0.0853
vn -0.9918 -0.0799 0.0996
vn -0.9981 -0.0291 0.0542
vn -0.9965 -0.0525 0.0646
vn -0.9996 -0.0034 0.0270
vn -0.9993 -0.0137 0.0341
vn -0.9998 0.0086 0.0186
vn -0.9998 0.0029 0.0175
vn -0.9995 0.0127 0.0286
vn -0.9996 0.0113 0.0258
vn -0.9998 -0.0063 0.0213
vn -0.9985 -0.0029 0.0552
vn -0.9997 -0.0069 0.0253
vn -0.6923 0.0060 -0.7216
vn -0.6781 -0.0017 -0.7350
vn -0.7022 -0.1495 -0.6961
vn -0.7166 -0.0725 -0.6937
vn -0.6425 -0.1890 -0.7426
vn -0.6636 -0.1709 -0.7283
vn -0.5852 -0.2335 -0.7766
vn -0.6008 -0.2141 -0.7702
vn -0.5805 -0.2061 -0.7878
vn -0.5719 -0.2205 -0.7901
vn -0.6180 -0.1079 -0.7787
vn -0.6086 -0.1540 -0.7784
vn -0.6077 -0.1587 -0.7781
vn -0.6179 -0.1079 -0.7788
vn -0.6497 0.0390 -0.7592
vn -0.6331 -0.0351 -0.7732
vn -0.6333 -0.0335 -0.7732
vn -0.6507 0.0389 -0.7583
vn -0.7119 0.1024 -0.6947
vn -0.6908 0.0678 -0.7199
vn -0.7562 0.1935 -0.6251
vn -0.7512 0.1375 -0.6456
vn -0.7374 0.4006 -0.5438
vn -0.7601 0.2686 -0.5916
vn -0.7926 0.3659 -0.4878
vn -0.7746 0.3755 -0.5090
vn -0.8804 0.1590 -0.4467
vn -0.8473 0.2729 -0.4556
vn -0.9276 -0.0089 -0.3735
vn -0.9129 0.0732 -0.4017
vn -0.9484 -0.0835 -0.3060
vn -0.9952 -0.0576 -0.0786
vn -0.9991 -0.0282 -0.0327
vn 0.8812 -0.0072 -0.4726
vn 0.8737 0.0058 -0.4865
vn 0.8795 -0.1161 -0.4614
vn 0.8828 -0.0583 -0.4662
vn 0.8806 -0.1394 -0.4528
vn 0.8807 -0.1259 -0.4567
vn 0.8879 -0.1451 -0.4365
vn 0.8845 -0.1415 -0.4446
vn 0.9098 -0.1019 -0.4022
vn 0.9006 -0.1246 -0.4165
vn 0.9335 -0.0559 -0.3543
vn 0.9262 -0.0782 -0.3689
vn 0.9269 -0.0748 -0.3677
vn 0.9338 -0.0558 -0.3535
vn 0.9516 0.0146 -0.3068
vn 0.9457 -0.0187 -0.3245
vn 0.9457 -0.0193 -0.3246
vn 0.9512 0.0147 -0.3082
vn 0.9672 0.0351 -0.2515
vn 0.9624 0.0259 -0.2703
vn 0.9619 0.0232 -0.2723
vn 0.9778 0.0507 -0.2035
vn 0.9753 0.0433 -0.2168
vn 0.9797 0.1131 -0.1653
vn 0.9794 0.0935 -0.1787
vn 0.9877 0.0872 -0.1295
vn 0.9856 0.0950 -0.1401
vn 0.9948 0.0215 -0.0995
vn 0.9934 0.0394 -0.1073
vn 0.9978 -0.0060 -0.0656
vn 0.9968 0.0036 -0.0793
vn 0.9992 -0.0149 -0.0359
vn 0.9991 -0.0115 -0.0405
vn 0.9990 -0.0267 -0.0361
vn 0.9992 -0.0191 -0.0348
vn 0.9985 -0.0386 -0.0377
vn 0.9960 -0.0554 -0.0698
vn 0.9977 -0.0445 -0.0510
vn 0.1003 0.9909 0.0902
vn 0.0085 0.9838 0.1789
vn 0.1929 0.9812 -0.0026
vn 0.1010 0.9904 -0.0941
vn 0.0101 0.9833 -0.1815
vn 0.8172 0.0308 -0.5755
vn 0.7974 0.0346 -0.6024
vn -0.6657 -0.0089 -0.7462
vn -0.6635 -0.0087 -0.7481
vn -0.7975 -0.0548 0.6008
vn -0.7835 -0.0551 0.6189
vn 0.6211 -0.0761 0.7801
vn 0.6313 -0.0764 0.7718
vn 0.5987 -0.0752 0.7974
vn 0.7196 -0.0674 0.6911
vn -0.8255 -0.0540 0.5618
vn -0.7249 -0.0675 0.6856
vn -0.6703 -0.0094 -0.7420
vn -0.7634 0.0138 -0.6458
vn 0.8515 0.0234 -0.5238
vn 0.7664 -0.0012 -0.6423
vn 0.9986 -0.0364 -0.0373
vn 0.9985 -0.0379 -0.0403
vn 0.9996 -0.0210 -0.0202
vn 0.9982 -0.0400 -0.0441
vn 0.9985 -0.0340 -0.0436
vn 0.9927 -0.0731 -0.0959
vn 0.9951 -0.0592 -0.0798
vn 0.9988 -0.0294 -0.0401
vn 0.9916 -0.0767 -0.1044
vn 0.9993 -0.0146 -0.0352
vn 0.9876 -0.0710 -0.1400
vn 0.9987 -0.0071 -0.0513
vn 0.9787 -0.0120 -0.2050
vn 0.9956 0.0185 -0.0915
vn 0.9621 0.0876 -0.2584
vn 0.9899 0.0782 -0.1184
vn 0.9392 0.2042 -0.2759
vn 0.9830 0.1026 -0.1521
vn 0.9233 0.2178 -0.3165
vn 0.9805 0.0465 -0.1912
vn 0.9143 0.1034 -0.3917
vn 0.9720 0.0311 -0.2331
vn 0.8873 0.0511 -0.4584
vn 0.9573 0.0126 -0.2887
vn 0.9569 0.0127 -0.2901
vn 0.9389 -0.0544 -0.3397
vn 0.9392 -0.0543 -0.3389
vn 0.9176 -0.0984 -0.3850
vn 0.7850 -0.1538 -0.6001
vn 0.8930 -0.1424 -0.4270
vn 0.7647 -0.1905 -0.6156
vn 0.8825 -0.1386 -0.4495
vn 0.7757 -0.1676 -0.6084
vn 0.8806 -0.1157 -0.4595
vn 0.7945 -0.1303 -0.5932
vn 0.8828 -0.0073 -0.4697
vn 0.8026 -0.0149 -0.5964
vn -0.9947 -0.0649 -0.0795
vn -0.9995 -0.0329 -0.0002
vn -0.9994 -0.0330 0.0050
vn -0.9937 -0.0621 -0.0930
vn -0.9961 -0.0472 -0.0740
vn -0.9991 -0.0413 -0.0001
vn -0.9925 -0.0663 -0.1023
vn -0.9996 -0.0265 -0.0029
vn -0.9888 -0.0611 -0.1363
vn -0.9409 -0.0113 -0.3384
vn -0.9803 -0.0055 -0.1977
vn -0.8941 0.1481 -0.4226
vn -0.9617 0.0876 -0.2597
vn -0.8130 0.3481 -0.4668
vn -0.9277 0.2219 -0.3003
vn -0.7565 0.3868 -0.5273
vn -0.8989 0.2585 -0.3537
vn -0.7646 0.1899 -0.6159
vn -0.8986 0.1271 -0.4199
vn -0.7357 0.0969 -0.6703
vn -0.8806 0.0712 -0.4685
vn -0.6704 0.0367 -0.7411
vn -0.6714 0.0365 -0.7402
vn -0.6216 -0.1077 -0.7759
vn -0.6215 -0.1077 -0.7760
vn -0.5929 -0.2045 -0.7789
vn -0.5920 -0.2046 -0.7795
vn -0.5747 -0.2351 -0.7839
vn -0.7562 -0.1922 -0.6254
vn -0.6222 -0.1918 -0.7590
vn -0.7659 -0.1677 -0.6207
vn -0.6844 -0.1518 -0.7131
vn -0.7860 -0.1378 -0.6026
vn -0.7095 0.0046 -0.7047
vn -0.7957 0.0063 -0.6056
vn -0.9998 -0.0025 0.0191
vn -0.9997 -0.0017 0.0246
vn -0.9997 0.0083 -0.0237
vn -0.9995 -0.0014 0.0318
vn -0.9994 0.0068 0.0329
vn -0.9964 0.0111 0.0836
vn -0.9975 0.0013 0.0710
vn -0.9994 0.0132 0.0310
vn -0.9955 0.0195 0.0931
vn -0.9997 0.0093 0.0220
vn -0.9923 0.0334 0.1189
vn -0.9998 -0.0034 0.0209
vn -0.9864 -0.0201 0.1629
vn -0.9987 -0.0250 0.0437
vn -0.9711 -0.1076 0.2131
vn -0.9947 -0.0706 0.0753
vn -0.9430 -0.2199 0.2498
vn -0.9884 -0.0906 0.1219
vn -0.9278 -0.2389 0.2866
vn -0.9705 -0.0720 0.2303
vn -0.9204 -0.1414 0.3645
vn -0.9313 -0.0548 0.3602
vn -0.8864 -0.0850 0.4550
vn -0.9117 -0.0479 0.4081
vn -0.8602 -0.0583 0.5067
vn -0.9123 0.0254 0.4087
vn -0.8487 0.0303 0.5280
vn -0.8930 0.1194 0.4339
vn -0.8170 0.1379 0.5598
vn -0.8797 0.1191 0.4603
vn -0.7762 0.1518 0.6119
vn -0.8821 0.0443 0.4690
vn -0.7610 0.0734 0.6446
vn -0.8757 0.0703 0.4778
vn -0.7517 0.0880 0.6536
vn -0.8672 -0.0493 0.4955
vn -0.7293 -0.0599 0.6816
vn 0.9965 -0.0183 0.0812
vn 0.9992 -0.0401 -0.0004
vn 0.9992 -0.0407 0.0051
vn 0.9963 0.0028 0.0863
vn 0.9970 -0.0059 0.0766
vn 0.9987 -0.0505 -0.0011
vn 0.9955 0.0106 0.0941
vn 0.9993 -0.0364 -0.0084
vn 0.9929 0.0254 0.1165
vn 0.9562 -0.0441 0.2894
vn 0.9871 -0.0278 0.1579
vn 0.9060 -0.2069 0.3693
vn 0.9690 -0.1236 0.2137
vn 0.8086 -0.3999 0.4317
vn 0.9305 -0.2512 0.2665
vn 0.7740 -0.4037 0.4878
vn 0.9128 -0.2591 0.3156
vn 0.8167 -0.2112 0.5370
vn 0.9085 -0.1464 0.3913
vn 0.8083 -0.1042 0.5795
vn 0.8801 -0.0809 0.4679
vn 0.7852 -0.0813 0.6139
vn 0.8598 -0.0701 0.5058
vn 0.7676 0.0250 0.6404
vn 0.8493 0.0212 0.5275
vn 0.7197 0.1391 0.6802
vn 0.8164 0.1259 0.5637
vn 0.6434 0.1591 0.7488
vn 0.7709 0.1366 0.6221
vn 0.6061 0.1029 0.7887
vn 0.7521 0.0760 0.6547
vn 0.5872 0.0801 0.8054
vn 0.7420 0.0711 0.6667
vn 0.5555 -0.0400 0.8306
vn 0.7201 -0.0438 0.6925
vn 0.8515 -0.0456 0.5224
vn 0.8642 0.0592 0.4996
vn 0.8679 0.0460 0.4945
vn 0.8724 0.1099 0.4764
vn 0.8935 0.1101 0.4354
vn 0.9145 0.0170 0.4043
vn 0.9196 -0.0576 0.3887
vn 0.9358 -0.0562 0.3481
vn 0.9688 -0.0774 0.2355
vn 0.9865 -0.1008 0.1287
vn 0.9935 -0.0817 0.0787
vn 0.9985 -0.0332 0.0446
vn 0.9997 -0.0109 0.0215
vn 0.9997 0.0015 0.0227
vn 0.9994 0.0034 0.0330
vn 0.9993 -0.0029 0.0362
vn 0.9992 -0.0107 0.0377
vn -0.5516 -0.0673 0.8314
vn -0.5907 0.1020 0.8004
vn -0.6055 0.0990 0.7897
vn -0.6427 0.1800 0.7447
vn -0.7216 0.1539 0.6750
vn -0.7694 0.0348 0.6378
vn -0.7983 -0.0679 0.5985
vn -0.8311 -0.1142 0.5443
vn -0.8452 -0.2077 0.4924
vn -0.8142 -0.3774 0.4413
vn -0.8400 -0.3563 0.4092
vn -0.9095 -0.1852 0.3721
vn -0.9534 -0.0364 0.2996
vn -0.9976 -0.0071 0.0693
vn -0.8677 0.0080 -0.4970
vn -0.8685 -0.1211 -0.4807
vn -0.8773 -0.1374 -0.4598
vn -0.8911 -0.1386 -0.4321
vn -0.9186 -0.0925 -0.3841
vn -0.9177 -0.0930 -0.3862
vn -0.9400 -0.0478 -0.3379
vn -0.9397 -0.0478 -0.3387
vn -0.9566 0.0208 -0.2907
vn -0.9570 0.0207 -0.2894
vn -0.9704 0.0411 -0.2381
vn -0.9786 0.0565 -0.1979
vn -0.9809 0.1139 -0.1576
vn -0.9891 0.0859 -0.1199
vn -0.9956 0.0253 -0.0905
vn -0.9988 0.0003 -0.0499
vn -0.9994 -0.0066 -0.0344
vn -0.9991 -0.0193 -0.0388
vn -0.9989 -0.0227 -0.0412
vn -0.9989 -0.0261 -0.0389
vn 0.7040 -0.0222 -0.7098
vn 0.6872 -0.1416 -0.7126
vn 0.6383 -0.1906 -0.7458
vn 0.5924 -0.2287 -0.7725
vn 0.5986 -0.1991 -0.7759
vn 0.6191 -0.1082 -0.7778
vn 0.6192 -0.1082 -0.7778
vn 0.6646 0.0300 -0.7466
vn 0.6638 0.0301 -0.7473
vn 0.7502 0.0683 -0.6577
vn 0.8035 0.1557 -0.5745
vn 0.8197 0.3264 -0.4706
vn 0.8488 0.3205 -0.4204
vn 0.8961 0.1539 -0.4163
vn 0.9363 -0.0169 -0.3509
vn 0.9937 -0.0687 -0.0890
vn 0.6669 -0.0263 -0.7446
vn -0.8442 0.0364 -0.5348
vn -0.6054 -0.0793 0.7919
vn 0.8216 -0.0579 0.5671
vn 0.6973 -0.0677 -0.7135
vn 0.7007 -0.0678 -0.7102
vn 0.6215 -0.0584 -0.7812
vn 0.6044 -0.0583 -0.7946
vn 0.6933 -0.0678 0.7175
vn 0.6975 -0.0680 0.7134
vn 0.7679 -0.0800 0.6356
vn 0.7756 -0.0798 0.6261
vn -0.6697 0.0175 0.7424
vn -0.6861 0.0176 0.7273
vn -0.6082 0.0472 0.7924
vn -0.5831 0.0435 0.8112
vn -0.6668 0.0025 -0.7452
vn -0.6829 0.0029 -0.7305
vn -0.7485 -0.0258 -0.6627
vn -0.7472 -0.0260 -0.6640
vn -0.0010 1.0000 -0.0094
vn -0.0942 0.9922 0.0816
vn -0.0026 0.9846 0.1746
vn 0.0900 0.9925 0.0826
vn -0.0896 -0.0745 -0.9932
vn -0.0031 -0.0415 -0.9991
vn 0.0113 -0.0437 -0.9990
vn -0.1114 -0.0802 -0.9905
vn -0.1152 -0.0680 -0.9910
vn -0.0034 -0.0465 -0.9989
vn -0.0018 -0.0529 -0.9986
vn -0.1636 -0.0801 -0.9833
vn -0.1645 -0.0383 -0.9856
vn -0.3176 -0.0941 -0.9435
vn -0.0205 -0.0412 -0.9989
vn -0.2303 -0.0102 -0.9731
vn -0.2318 0.0321 -0.9722
vn -0.4092 0.0767 -0.9092
vn -0.3863 -0.0143 -0.9223
vn -0.2668 0.0913 -0.9594
vn -0.2594 0.1320 -0.9567
vn -0.4206 0.2606 -0.8690
vn -0.4254 0.1583 -0.8911
vn -0.2858 0.2125 -0.9344
vn -0.2991 0.2166 -0.9293
vn -0.4471 0.3185 -0.8358
vn -0.4291 0.3283 -0.8415
vn -0.3364 0.2339 -0.9122
vn -0.3816 0.1874 -0.9051
vn -0.5441 0.2264 -0.8079
vn -0.4952 0.3465 -0.7967
vn -0.4084 0.1093 -0.9062
vn -0.4384 0.0842 -0.8948
vn -0.6233 0.1093 -0.7743
vn -0.5938 0.1629 -0.7880
vn -0.4879 0.0570 -0.8710
vn -0.7235 0.0553 -0.6881
vn -0.7252 0.0525 -0.6865
vn -0.6931 0.0754 -0.7169
vn -0.7628 0.0322 -0.6458
vn -0.7760 -0.0376 -0.6296
vn -0.7761 -0.0384 -0.6295
vn -0.7635 0.0323 -0.6450
vn -0.7791 -0.1082 -0.6175
vn -0.7771 -0.1563 -0.6097
vn -0.7774 -0.1517 -0.6104
vn -0.7790 -0.1082 -0.6175
vn -0.6111 -0.1559 -0.7761
vn -0.6194 -0.1740 -0.7655
vn -0.7809 -0.2141 -0.5868
vn -0.7814 -0.2000 -0.5911
vn -0.6137 -0.1903 -0.7663
vn -0.6111 -0.1784 -0.7712
vn -0.7554 -0.2097 -0.6208
vn -0.7630 -0.2268 -0.6052
vn -0.6023 -0.1666 -0.7807
vn -0.5962 -0.1479 -0.7891
vn -0.7231 -0.1658 -0.6705
vn -0.7332 -0.1885 -0.6534
vn -0.5868 -0.1296 -0.7993
vn -0.5816 -0.0718 -0.8103
vn -0.6986 -0.0817 -0.7108
vn -0.6999 -0.1402 -0.7004
vn -0.6070 -0.0144 -0.7945
vn -0.6198 -0.0081 -0.7848
vn -0.7388 -0.0236 -0.6735
vn -0.7262 -0.0212 -0.6872
vn -0.0218 -0.0214 0.9995
vn -0.0580 -0.0405 0.9975
vn -0.0307 -0.0218 0.9993
vn -0.0195 -0.0148 0.9997
vn -0.1095 -0.0698 0.9915
vn -0.1130 -0.0581 0.9919
vn -0.0341 -0.0104 0.9994
vn -0.0353 -0.0169 0.9992
vn -0.1580 -0.0693 0.9850
vn -0.1584 -0.0299 0.9869
vn -0.0392 -0.0037 0.9992
vn -0.0348 -0.0067 0.9994
vn -0.2228 -0.0037 0.9749
vn -0.2272 0.0353 0.9732
vn -0.0779 0.0107 0.9969
vn -0.0640 0.0014 0.9979
vn -0.2766 0.0947 0.9563
vn -0.2758 0.1415 0.9507
vn -0.1076 0.0466 0.9931
vn -0.0992 0.0285 0.9947
vn -0.3180 0.2365 0.9181
vn -0.3368 0.2491 0.9080
vn -0.1444 0.1049 0.9839
vn -0.1325 0.0959 0.9865
vn -0.3699 0.2717 0.8885
vn -0.4141 0.2192 0.8835
vn -0.1855 0.1051 0.9770
vn -0.1715 0.1250 0.9772
vn -0.4308 0.1311 0.8929
vn -0.4546 0.1050 0.8845
vn -0.2228 0.0533 0.9734
vn -0.2100 0.0606 0.9758
vn -0.4909 0.0761 0.8679
vn -0.5202 0.0547 0.8523
vn -0.2722 0.0349 0.9616
vn -0.2550 0.0448 0.9659
vn -0.3079 0.0227 0.9511
vn -0.3236 -0.0122 0.9461
vn -0.3234 -0.0113 0.9462
vn -0.3066 0.0226 0.9516
vn -0.3530 -0.0494 0.9343
vn -0.3678 -0.0688 0.9273
vn -0.3691 -0.0721 0.9266
vn -0.3538 -0.0495 0.9340
vn -0.6167 -0.1567 0.7714
vn -0.6275 -0.1754 0.7586
vn -0.4202 -0.1201 0.8994
vn -0.4047 -0.0969 0.9093
vn -0.6254 -0.1925 0.7562
vn -0.6240 -0.1796 0.7605
vn -0.4527 -0.1393 0.8807
vn -0.4430 -0.1418 0.8852
vn -0.6133 -0.1666 0.7721
vn -0.6067 -0.1517 0.7803
vn -0.4726 -0.1285 0.8719
vn -0.4654 -0.1390 0.8741
vn -0.5966 -0.1372 0.7907
vn -0.5925 -0.0650 0.8030
vn -0.4969 -0.0539 0.8661
vn -0.4886 -0.1229 0.8638
vn -0.6133 0.0069 0.7898
vn -0.6245 0.0103 0.7810
vn -0.5013 0.0197 0.8651
vn -0.4929 0.0078 0.8700
vn 0.0723 -0.0152 0.9973
vn -0.0025 -0.0342 0.9994
vn 0.0098 -0.0383 0.9992
vn 0.1022 0.0228 0.9945
vn 0.1070 0.0269 0.9939
vn -0.0001 -0.0370 0.9993
vn 0.0005 -0.0433 0.9991
vn 0.1295 0.0378 0.9909
vn 0.1583 0.0115 0.9873
vn 0.2714 0.0144 0.9624
vn -0.0121 -0.0301 0.9995
vn 0.1792 -0.0203 0.9836
vn 0.2158 -0.0734 0.9737
vn 0.3509 -0.0970 0.9314
vn 0.3255 -0.0366 0.9448
vn 0.2279 -0.1133 0.9671
vn 0.2545 -0.1864 0.9489
vn 0.4040 -0.2486 0.8803
vn 0.3903 -0.1923 0.9004
vn 0.2612 -0.2289 0.9378
vn 0.2727 -0.2344 0.9331
vn 0.4323 -0.3729 0.8210
vn 0.4212 -0.3655 0.8301
vn 0.3041 -0.2506 0.9191
vn 0.3200 -0.1792 0.9303
vn 0.4677 -0.3201 0.8239
vn 0.4483 -0.3827 0.8078
vn 0.3932 -0.1493 0.9072
vn 0.4209 -0.1140 0.8999
vn 0.5234 -0.1702 0.8349
vn 0.5052 -0.2119 0.8366
vn 0.4775 -0.0877 0.8742
vn 0.4945 -0.0727 0.8661
vn 0.5816 -0.0939 0.8080
vn 0.5626 -0.1165 0.8185
vn 0.5123 -0.0584 0.8568
vn 0.5151 -0.0140 0.8570
vn 0.6276 -0.0162 0.7784
vn 0.6131 -0.0684 0.7870
vn 0.5368 0.0313 0.8432
vn 0.5406 0.0832 0.8372
vn 0.6577 0.0986 0.7468
vn 0.6471 0.0360 0.7616
vn 0.5793 0.1439 0.8023
vn 0.5970 0.1477 0.7885
vn 0.7229 0.1712 0.6694
vn 0.6996 0.1615 0.6961
vn 0.6254 0.1560 0.7645
vn 0.6458 0.1168 0.7545
vn 0.7856 0.1402 0.6027
vn 0.7656 0.1868 0.6155
vn 0.6424 0.0729 0.7629
vn 0.6420 0.0800 0.7625
vn 0.7855 0.0985 0.6110
vn 0.7838 0.0978 0.6132
vn 0.6678 0.0908 0.7388
vn 0.6922 0.0166 0.7215
vn 0.8371 0.0167 0.5468
vn 0.8209 0.1063 0.5611
vn 0.6797 -0.0602 0.7310
vn 0.6783 -0.0637 0.7320
vn 0.8071 -0.0733 0.5858
vn 0.8198 -0.0673 0.5686
vn 0.0347 -0.0119 -0.9993
vn 0.0646 -0.0090 -0.9979
vn 0.0362 -0.0109 -0.9993
vn 0.0341 -0.0109 -0.9994
vn 0.1019 0.0135 -0.9947
vn 0.1057 0.0184 -0.9942
vn 0.0265 0.0022 -0.9996
vn 0.0299 0.0028 -0.9995
vn 0.1260 0.0295 -0.9916
vn 0.1532 0.0034 -0.9882
vn 0.0181 -0.0048 -0.9998
vn 0.0193 0.0008 -0.9998
vn 0.1742 -0.0279 -0.9843
vn 0.2127 -0.0858 -0.9733
vn 0.0347 -0.0215 -0.9992
vn 0.0276 -0.0109 -0.9996
vn 0.2338 -0.1322 -0.9633
vn 0.2663 -0.2128 -0.9401
vn 0.0668 -0.0622 -0.9958
vn 0.0557 -0.0376 -0.9977
vn 0.0853 -0.0871 -0.9925
vn 0.0986 -0.0924 -0.9908
vn 0.1056 -0.0908 -0.9903
vn 0.0900 -0.0910 -0.9918
vn 0.3320 -0.2695 -0.9040
vn 0.3460 -0.1903 -0.9187
vn 0.1977 -0.0945 -0.9757
vn 0.1605 -0.1212 -0.9796
vn 0.4170 -0.1529 -0.8959
vn 0.4389 -0.1137 -0.8913
vn 0.3201 -0.0727 -0.9446
vn 0.2785 -0.0881 -0.9564
vn 0.4839 -0.0824 -0.8712
vn 0.4963 -0.0761 -0.8648
vn 0.3822 -0.0582 -0.9222
vn 0.3674 -0.0582 -0.9282
vn 0.5114 -0.0704 -0.8565
vn 0.5133 -0.0245 -0.8578
vn 0.3964 -0.0202 -0.9179
vn 0.3913 -0.0578 -0.9185
vn 0.5372 0.0223 -0.8432
vn 0.5424 0.0727 -0.8369
vn 0.4234 0.0581 -0.9041
vn 0.4136 0.0179 -0.9103
vn 0.5855 0.1324 -0.7998
vn 0.6061 0.1346 -0.7839
vn 0.4652 0.1138 -0.8778
vn 0.4509 0.1147 -0.8852
vn 0.6363 0.1407 -0.7585
vn 0.6536 0.1095 -0.7489
vn 0.4927 0.0831 -0.8662
vn 0.4850 0.1123 -0.8673
vn 0.6533 0.0758 -0.7533
vn 0.6562 0.0735 -0.7510
vn 0.4933 0.0516 -0.8683
vn 0.4926 0.0457 -0.8691
vn 0.6804 0.0736 -0.7292
vn 0.6990 0.0156 -0.7150
vn 0.5180 0.0091 -0.8554
vn 0.5090 0.0607 -0.8586
vn 0.6890 -0.0440 -0.7234
vn 0.6870 -0.0557 -0.7245
vn 0.5377 -0.0519 -0.8415
vn 0.5257 -0.0457 -0.8495
vn 0.8230 -0.0404 -0.5665
vn 0.8128 -0.0580 -0.5796
vn 0.8206 0.0831 -0.5654
vn 0.8328 0.0198 -0.5533
vn 0.7879 0.1028 -0.6072
vn 0.7928 0.0896 -0.6029
vn 0.7660 0.1644 -0.6215
vn 0.7825 0.1319 -0.6085
vn 0.7060 0.1468 -0.6928
vn 0.7295 0.1535 -0.6665
vn 0.6503 0.0263 -0.7592
vn 0.6617 0.0855 -0.7449
vn 0.6219 -0.0816 -0.7788
vn 0.6315 -0.0279 -0.7748
vn 0.5921 -0.1052 -0.7990
vn 0.6041 -0.0939 -0.7914
vn 0.5478 -0.2143 -0.8087
vn 0.5635 -0.1659 -0.8093
vn 0.4924 -0.4070 -0.7694
vn 0.5123 -0.3344 -0.7911
vn 0.4525 -0.4165 -0.7886
vn 0.4731 -0.4198 -0.7746
vn 0.4803 -0.4105 -0.7751
vn 0.4606 -0.4229 -0.7804
vn 0.3968 -0.2187 -0.8915
vn 0.4195 -0.2801 -0.8635
vn 0.3153 -0.0443 -0.9480
vn 0.3423 -0.1079 -0.9334
vn 0.2620 0.0059 -0.9651
vn 0.0785 -0.0111 -0.9968
vn 0.0395 -0.0111 -0.9992
vn 0.5087 -0.0503 0.8594
vn 0.5286 -0.0522 0.8472
vn 0.4800 0.0707 0.8744
vn 0.4857 0.0125 0.8741
vn 0.4725 0.0447 0.8802
vn 0.4754 0.0566 0.8779
vn 0.4619 0.1196 0.8789
vn 0.4651 0.0858 0.8811
vn 0.4459 0.1230 0.8866
vn 0.4557 0.1225 0.8817
vn 0.4165 0.0261 0.9088
vn 0.4246 0.0669 0.9029
vn 0.4033 -0.0475 0.9138
vn 0.4033 -0.0108 0.9150
vn 0.3870 -0.0580 0.9203
vn 0.4055 -0.0535 0.9125
vn 0.2773 -0.0845 0.9570
vn 0.3251 -0.0705 0.9431
vn 0.1531 -0.1111 0.9819
vn 0.1907 -0.0869 0.9778
vn 0.0853 -0.0786 0.9932
vn 0.0996 -0.0799 0.9918
vn 0.0542 -0.0291 0.9981
vn 0.0646 -0.0525 0.9965
vn 0.0270 -0.0034 0.9996
vn 0.0341 -0.0137 0.9993
vn 0.0186 0.0086 0.9998
vn 0.0175 0.0029 0.9998
vn 0.0286 0.0127 0.9995
vn 0.0258 0.0113 0.9996
vn 0.0213 -0.0063 0.9998
vn 0.0552 -0.0029 0.9985
vn 0.0253 -0.0069 0.9997
vn -0.7216 0.0060 0.6923
vn -0.7350 -0.0017 0.6781
vn -0.6961 -0.1495 0.7022
vn -0.6937 -0.0725 0.7166
vn -0.7426 -0.1890 0.6425
vn -0.7283 -0.1709 0.6636
vn -0.7766 -0.2335 0.5852
vn -0.7702 -0.2141 0.6008
vn -0.7878 -0.2061 0.5805
vn -0.7901 -0.2205 0.5719
vn -0.7787 -0.1079 0.6180
vn -0.7784 -0.1540 0.6086
vn -0.7781 -0.1587 0.6077
vn -0.7788 -0.1079 0.6179
vn -0.7592 0.0390 0.6497
vn -0.7732 -0.0351 0.6331
vn -0.7732 -0.0335 0.6333
vn -0.7583 0.0389 0.6507
vn -0.6947 0.1024 0.7119
vn -0.7199 0.0678 0.6908
vn -0.6251 0.1935 0.7562
vn -0.6456 0.1375 0.7512
vn -0.5438 0.4006 0.7374
vn -0.5916 0.2686 0.7601
vn -0.4878 0.3659 0.7926
vn -0.5090 0.3755 0.7746
vn -0.4467 0.1590 0.8804
vn -0.4556 0.2729 0.8473
vn -0.3735 -0.0089 0.9276
vn -0.4017 0.0732 0.9129
vn -0.3060 -0.0835 0.9484
vn -0.0786 -0.0576 0.9952
vn -0.0327 -0.0282 0.9991
vn -0.4726 -0.0072 -0.8812
vn -0.4865 0.0058 -0.8737
vn -0.4614 -0.1161 -0.8795
vn -0.4662 -0.0583 -0.8828
vn -0.4528 -0.1394 -0.8806
vn -0.4567 -0.1259 -0.8807
vn -0.4365 -0.1451 -0.8879
vn -0.4446 -0.1415 -0.8845
vn -0.4022 -0.1019 -0.9098
vn -0.4165 -0.1246 -0.9006
vn -0.3543 -0.0559 -0.9335
vn -0.3689 -0.0782 -0.9262
vn -0.3677 -0.0748 -0.9269
vn -0.3535 -0.0558 -0.9338
vn -0.3068 0.0146 -0.9516
vn -0.3245 -0.0187 -0.9457
vn -0.3246 -0.0193 -0.9457
vn -0.3082 0.0147 -0.9512
vn -0.2515 0.0351 -0.9672
vn -0.2703 0.0259 -0.9624
vn -0.2723 0.0232 -0.9619
vn -0.2035 0.0507 -0.9778
vn -0.2168 0.0433 -0.9753
vn -0.1653 0.1131 -0.9797
vn -0.1787 0.0935 -0.9794
vn -0.1295 0.0872 -0.9877
vn -0.1401 0.0950 -0.9856
vn -0.0995 0.0215 -0.9948
vn -0.1073 0.0394 -0.9934
vn -0.0656 -0.0060 -0.9978
vn -0.0793 0.0036 -0.9968
vn -0.0359 -0.0149 -0.9992
vn -0.0405 -0.0115 -0.9991
vn -0.0361 -0.0267 -0.9990
vn -0.0348 -0.0191 -0.9992
vn -0.0377 -0.0386 -0.9985
vn -0.0698 -0.0554 -0.9960
vn -0.0509 -0.0445 -0.9977
vn 0.0902 0.9909 -0.1003
vn 0.1789 0.9838 -0.0085
vn -0.0026 0.9812 -0.1929
vn -0.0941 0.9904 -0.1010
vn -0.1815 0.9833 -0.0101
vn -0.5755 0.0308 -0.8172
vn -0.6024 0.0346 -0.7974
vn -0.7462 -0.0089 0.6657
vn -0.7481 -0.0087 0.6635
vn 0.6008 -0.0548 0.7975
vn 0.6189 -0.0551 0.7835
vn 0.7801 -0.0761 -0.6211
vn 0.7718 -0.0764 -0.6313
vn 0.7974 -0.0752 -0.5987
vn 0.6911 -0.0674 -0.7196
vn 0.5618 -0.0540 0.8255
vn 0.6856 -0.0675 0.7249
vn -0.7420 -0.0094 0.6703
vn -0.6458 0.0138 0.7634
vn -0.5238 0.0234 -0.8515
vn -0.6423 -0.0012 -0.7664
vn -0.0373 -0.0364 -0.9986
vn -0.0403 -0.0379 -0.9985
vn -0.0202 -0.0210 -0.9996
vn -0.0441 -0.0400 -0.9982
vn -0.0436 -0.0340 -0.9985
vn -0.0959 -0.0731 -0.9927
vn -0.0798 -0.0592 -0.9951
vn -0.0401 -0.0294 -0.9988
vn -0.1044 -0.0767 -0.9916
vn -0.0352 -0.0146 -0.9993
vn -0.1400 -0.0710 -0.9876
vn -0.0513 -0.0071 -0.9987
vn -0.2050 -0.0120 -0.9787
vn -0.0915 0.0185 -0.9956
vn -0.2584 0.0876 -0.9621
vn -0.1184 0.0782 -0.9899
vn -0.2759 0.2042 -0.9392
vn -0.1521 0.1026 -0.9830
vn -0.3165 0.2178 -0.9233
vn -0.1912 0.0465 -0.9805
vn -0.3917 0.1034 -0.9143
vn -0.2331 0.0311 -0.9720
vn -0.4584 0.0511 -0.8873
vn -0.2887 0.0126 -0.9573
vn -0.2901 0.0127 -0.9569
vn -0.3397 -0.0544 -0.9389
vn -0.3389 -0.0543 -0.9392
vn -0.3850 -0.0984 -0.9176
vn -0.6001 -0.1538 -0.7850
vn -0.4270 -0.1424 -0.8930
vn -0.6156 -0.1905 -0.7647
vn -0.4495 -0.1386 -0.8825
vn -0.6084 -0.1676 -0.7757
vn -0.4595 -0.1157 -0.8806
vn -0.5932 -0.1303 -0.7945
vn -0.4697 -0.0073 -0.8828
vn -0.5964 -0.0149 -0.8026
vn -0.0794 -0.0649 0.9947
vn -0.0002 -0.0329 0.9995
vn 0.0050 -0.0330 0.9994
vn -0.0930 -0.0621 0.9937
vn -0.0740 -0.0472 0.9961
vn -0.0001 -0.0413 0.9991
vn -0.1023 -0.0663 0.9925
vn -0.0029 -0.0265 0.9996
vn -0.1363 -0.0611 0.9888
vn -0.3384 -0.0113 0.9409
vn -0.1977 -0.0055 0.9803
vn -0.4226 0.1481 0.8941
vn -0.2597 0.0876 0.9617
vn -0.4668 0.3481 0.8130
vn -0.3003 0.2219 0.9277
vn -0.5273 0.3868 0.7565
vn -0.3537 0.2585 0.8989
vn -0.6159 0.1899 0.7646
vn -0.4199 0.1271 0.8986
vn -0.6703 0.0969 0.7357
vn -0.4685 0.0712 0.8806
vn -0.7411 0.0367 0.6704
vn -0.7402 0.0365 0.6714
vn -0.7759 -0.1077 0.6216
vn -0.7760 -0.1077 0.6215
vn -0.7789 -0.2045 0.5929
vn -0.7795 -0.2046 0.5920
vn -0.7839 -0.2351 0.5747
vn -0.6254 -0.1922 0.7562
vn -0.7590 -0.1918 0.6222
vn -0.6207 -0.1677 0.7659
vn -0.7131 -0.1518 0.6844
vn -0.6026 -0.1378 0.7860
vn -0.7047 0.0046 0.7095
vn -0.6056 0.0063 0.7957
vn 0.0191 -0.0025 0.9998
vn 0.0246 -0.0017 0.9997
vn -0.0236 0.0083 0.9997
vn 0.0318 -0.0014 0.9995
vn 0.0329 0.0068 0.9994
vn 0.0836 0.0111 0.9964
vn 0.0710 0.0013 0.9975
vn 0.0310 0.0132 0.9994
vn 0.0931 0.0195 0.9955
vn 0.0220 0.0093 0.9997
vn 0.1189 0.0334 0.9923
vn 0.0209 -0.0034 0.9998
vn 0.1629 -0.0201 0.9864
vn 0.0437 -0.0250 0.9987
vn 0.2131 -0.1076 0.9711
vn 0.0753 -0.0706 0.9947
vn 0.2498 -0.2199 0.9430
vn 0.1219 -0.0906 0.9884
vn 0.2866 -0.2389 0.9278
vn 0.2303 -0.0720 0.9705
vn 0.3645 -0.1414 0.9204
vn 0.3602 -0.0548 0.9313
vn 0.4550 -0.0850 0.8864
vn 0.4081 -0.0479 0.9117
vn 0.5067 -0.0583 0.8602
vn 0.4087 0.0254 0.9123
vn 0.5280 0.0303 0.8487
vn 0.4339 0.1194 0.8930
vn 0.5598 0.1379 0.8170
vn 0.4603 0.1191 0.8797
vn 0.6119 0.1518 0.7762
vn 0.4690 0.0443 0.8821
vn 0.6446 0.0734 0.7610
vn 0.4778 0.0703 0.8757
vn 0.6536 0.0880 0.7517
vn 0.4955 -0.0493 0.8672
vn 0.6816 -0.0599 0.7293
vn 0.0812 -0.0183 -0.9965
vn -0.0004 -0.0401 -0.9992
vn 0.0051 -0.0407 -0.9992
vn 0.0863 0.0028 -0.9963
vn 0.0766 -0.0059 -0.9970
vn -0.0011 -0.0505 -0.9987
vn 0.0941 0.0106 -0.9955
vn -0.0084 -0.0364 -0.9993
vn 0.1165 0.0254 -0.9929
vn 0.2894 -0.0441 -0.9562
vn 0.1579 -0.0278 -0.9871
vn 0.3692 -0.2069 -0.9060
vn 0.2137 -0.1236 -0.9690
vn 0.4317 -0.3999 -0.8086
vn 0.2665 -0.2512 -0.9305
vn 0.4878 -0.4037 -0.7740
vn 0.3156 -0.2591 -0.9128
vn 0.5370 -0.2112 -0.8167
vn 0.3913 -0.1464 -0.9085
vn 0.5795 -0.1042 -0.8083
vn 0.4679 -0.0809 -0.8801
vn 0.6139 -0.0813 -0.7852
vn 0.5058 -0.0701 -0.8598
vn 0.6404 0.0250 -0.7676
vn 0.5275 0.0212 -0.8493
vn 0.6802 0.1391 -0.7197
vn 0.5637 0.1259 -0.8164
vn 0.7488 0.1591 -0.6434
vn 0.6221 0.1366 -0.7709
vn 0.7887 0.1029 -0.6061
vn 0.6547 0.0760 -0.7521
vn 0.8054 0.0801 -0.5872
vn 0.6667 0.0711 -0.7420
vn 0.8306 -0.0400 -0.5555
vn 0.6925 -0.0438 -0.7201
vn 0.5224 -0.0456 -0.8515
vn 0.4996 0.0592 -0.8642
vn 0.4945 0.0460 -0.8679
vn 0.4764 0.1099 -0.8724
vn 0.4354 0.1101 -0.8935
vn 0.4043 0.0170 -0.9145
vn 0.3887 -0.0576 -0.9196
vn 0.3481 -0.0562 -0.9358
vn 0.2355 -0.0774 -0.9688
vn 0.1287 -0.1008 -0.9865
vn 0.0787 -0.0817 -0.9935
vn 0.0446 -0.0332 -0.9985
vn 0.0215 -0.0109 -0.9997
vn 0.0227 0.0015 -0.9997
vn 0.0330 0.0034 -0.9995
vn 0.0362 -0.0029 -0.9993
vn 0.0377 -0.0107 -0.9992
vn 0.8314 -0.0673 0.5516
vn 0.8004 0.1020 0.5907
vn 0.7897 0.0990 0.6055
vn 0.7447 0.1800 0.6427
vn 0.6750 0.1539 0.7216
vn 0.6378 0.0348 0.7694
vn 0.5985 -0.0679 0.7983
vn 0.5443 -0.1142 0.8311
vn 0.4924 -0.2077 0.8452
vn 0.4413 -0.3774 0.8142
vn 0.4092 -0.3564 0.8400
vn 0.3721 -0.1852 0.9095
vn 0.2996 -0.0364 0.9534
vn 0.0693 -0.0071 0.9976
vn -0.4970 0.0080 0.8677
vn -0.4807 -0.1211 0.8685
vn -0.4598 -0.1374 0.8773
vn -0.4321 -0.1386 0.8911
vn -0.3841 -0.0925 0.9186
vn -0.3862 -0.0930 0.9177
vn -0.3379 -0.0478 0.9400
vn -0.3387 -0.0478 0.9397
vn -0.2907 0.0208 0.9566
vn -0.2894 0.0207 0.9570
vn -0.2381 0.0411 0.9704
vn -0.1979 0.0565 0.9786
vn -0.1576 0.1139 0.9809
vn -0.1199 0.0859 0.9891
vn -0.0905 0.0253 0.9956
vn -0.0499 0.0003 0.9988
vn -0.0344 -0.0066 0.9994
vn -0.0388 -0.0193 0.9991
vn -0.0412 -0.0227 0.9989
vn -0.0389 -0.0261 0.9989
vn -0.7098 -0.0222 -0.7040
vn -0.7126 -0.1416 -0.6872
vn -0.7458 -0.1906 -0.6383
vn -0.7725 -0.2287 -0.5924
vn -0.7759 -0.1991 -0.5986
vn -0.7778 -0.1082 -0.6191
vn -0.7778 -0.1082 -0.6192
vn -0.7466 0.0300 -0.6646
vn -0.7473 0.0301 -0.6638
vn -0.6577 0.0683 -0.7502
vn -0.5745 0.1557 -0.8035
vn -0.4706 0.3264 -0.8197
vn -0.4204 0.3205 -0.8488
vn -0.4163 0.1539 -0.8961
vn -0.3508 -0.0169 -0.9363
vn -0.0890 -0.0687 -0.9937
vn -0.7446 -0.0263 -0.6669
vn -0.5348 0.0364 0.8442
vn 0.7919 -0.0793 0.6054
vn 0.5671 -0.0579 -0.8216
vn -0.7135 -0.0677 -0.6973
vn -0.7102 -0.0678 -0.7007
vn -0.7812 -0.0584 -0.6215
vn -0.7946 -0.0583 -0.6044
vn 0.7175 -0.0678 -0.6933
vn 0.7134 -0.0680 -0.6975
vn 0.6356 -0.0800 -0.7679
vn 0.6261 -0.0798 -0.7756
vn 0.7424 0.0175 0.6697
vn 0.7273 0.0176 0.6861
vn 0.7924 0.0472 0.6082
vn 0.8112 0.0435 0.5831
vn -0.7452 0.0025 0.6668
vn -0.7305 0.0029 0.6829
vn -0.6627 -0.0258 0.7485
vn -0.6640 -0.0260 0.7472
vn -0.0094 1.0000 0.0010
vn 0.0816 0.9922 0.0942
vn 0.1746 0.9846 0.0026
vn 0.0826 0.9925 -0.0900
vn -0.9932 -0.0745 0.0896
vn -0.9991 -0.0415 0.0031
vn -0.9990 -0.0437 -0.0113
vn -0.9905 -0.0802 0.1114
vn -0.9910 -0.0680 0.1152
vn -0.9989 -0.0465 0.0034
vn -0.9986 -0.0529 0.0018
vn -0.9833 -0.0801 0.1636
vn -0.9856 -0.0383 0.1645
vn -0.9435 -0.0941 0.3176
vn -0.9989 -0.0412 0.0205
vn -0.9731 -0.0102 0.2303
vn -0.9722 0.0321 0.2318
vn -0.9092 0.0767 0.4092
vn -0.9223 -0.0143 0.3863
vn -0.9594 0.0913 0.2668
vn -0.9567 0.1320 0.2594
vn -0.8690 0.2606 0.4206
vn -0.8911 0.1583 0.4254
vn -0.9344 0.2125 0.2858
vn -0.9293 0.2166 0.2991
vn -0.8358 0.3185 0.4471
vn -0.8415 0.3283 0.4291
vn -0.9122 0.2339 0.3364
vn -0.9051 0.1874 0.3816
vn -0.8079 0.2264 0.5441
vn -0.7967 0.3465 0.4952
vn -0.9062 0.1093 0.4084
vn -0.8948 0.0842 0.4384
vn -0.7743 0.1093 0.6233
vn -0.7880 0.1629 0.5938
vn -0.8710 0.0570 0.4879
vn -0.6881 0.0553 0.7235
vn -0.6865 0.0525 0.7252
vn -0.7169 0.0754 0.6931
vn -0.6458 0.0322 0.7628
vn -0.6296 -0.0376 0.7760
vn -0.6295 -0.0384 0.7761
vn -0.6450 0.0323 0.7635
vn -0.6175 -0.1082 0.7791
vn -0.6097 -0.1563 0.7771
vn -0.6104 -0.1517 0.7774
vn -0.6176 -0.1082 0.7790
vn -0.7761 -0.1559 0.6111
vn -0.7655 -0.1740 0.6194
vn -0.5868 -0.2141 0.7809
vn -0.5911 -0.2000 0.7814
vn -0.7663 -0.1903 0.6137
vn -0.7712 -0.1784 0.6111
vn -0.6208 -0.2097 0.7554
vn -0.6052 -0.2268 0.7630
vn -0.7807 -0.1666 0.6023
vn -0.7891 -0.1479 0.5962
vn -0.6705 -0.1658 0.7231
vn -0.6534 -0.1885 0.7332
vn -0.7993 -0.1296 0.5868
vn -0.8103 -0.0718 0.5816
vn -0.7108 -0.0817 0.6986
vn -0.7004 -0.1402 0.6999
vn -0.7945 -0.0144 0.6070
vn -0.7848 -0.0081 0.6198
vn -0.6735 -0.0236 0.7388
vn -0.6872 -0.0212 0.7262
vn 0.9995 -0.0214 0.0218
vn 0.9975 -0.0405 0.0580
vn 0.9993 -0.0218 0.0307
vn 0.9997 -0.0148 0.0195
vn 0.9915 -0.0698 0.1095
vn 0.9919 -0.0581 0.1130
vn 0.9994 -0.0104 0.0341
vn 0.9992 -0.0169 0.0353
vn 0.9850 -0.0693 0.1580
vn 0.9869 -0.0299 0.1584
vn 0.9992 -0.0037 0.0392
vn 0.9994 -0.0067 0.0348
vn 0.9749 -0.0037 0.2228
vn 0.9732 0.0353 0.2272
vn 0.9969 0.0107 0.0779
vn 0.9979 0.0014 0.0640
vn 0.9563 0.0947 0.2766
vn 0.9507 0.1415 0.2758
vn 0.9931 0.0466 0.1076
vn 0.9947 0.0285 0.0992
vn 0.9181 0.2365 0.3180
vn 0.9080 0.2491 0.3368
vn 0.9839 0.1049 0.1444
vn 0.9865 0.0959 0.1325
vn 0.8885 0.2717 0.3699
vn 0.8835 0.2192 0.4141
vn 0.9770 0.1051 0.1855
vn 0.9772 0.1250 0.1715
vn 0.8929 0.1311 0.4308
vn 0.8845 0.1050 0.4546
vn 0.9734 0.0533 0.2228
vn 0.9758 0.0606 0.2100
vn 0.8679 0.0761 0.4909
vn 0.8523 0.0547 0.5202
vn 0.9616 0.0349 0.2722
vn 0.9659 0.0448 0.2550
vn 0.9511 0.0227 0.3079
vn 0.9461 -0.0122 0.3236
vn 0.9462 -0.0113 0.3234
vn 0.9516 0.0226 0.3066
vn 0.9343 -0.0494 0.3530
vn 0.9273 -0.0688 0.3678
vn 0.9266 -0.0721 0.3691
vn 0.9340 -0.0495 0.3538
vn 0.7714 -0.1567 0.6167
vn 0.7586 -0.1754 0.6275
vn 0.8994 -0.1201 0.4202
vn 0.9093 -0.0969 0.4047
vn 0.7562 -0.1925 0.6254
vn 0.7605 -0.1796 0.6240
vn 0.8807 -0.1393 0.4527
vn 0.8852 -0.1418 0.4430
vn 0.7721 -0.1666 0.6133
vn 0.7803 -0.1517 0.6067
vn 0.8719 -0.1285 0.4726
vn 0.8741 -0.1390 0.4654
vn 0.7907 -0.1372 0.5966
vn 0.8030 -0.0650 0.5925
vn 0.8661 -0.0539 0.4969
vn 0.8638 -0.1229 0.4886
vn 0.7898 0.0069 0.6133
vn 0.7810 0.0103 0.6245
vn 0.8651 0.0197 0.5013
vn 0.8700 0.0078 0.4929
vn 0.9973 -0.0152 -0.0723
vn 0.9994 -0.0342 0.0025
vn 0.9992 -0.0383 -0.0098
vn 0.9945 0.0228 -0.1022
vn 0.9939 0.0269 -0.1070
vn 0.9993 -0.0370 0.0001
vn 0.9991 -0.0433 -0.0005
vn 0.9909 0.0378 -0.1295
vn 0.9873 0.0115 -0.1583
vn 0.9624 0.0144 -0.2714
vn 0.9995 -0.0301 0.0121
vn 0.9836 -0.0203 -0.1792
vn 0.9737 -0.0734 -0.2158
vn 0.9314 -0.0970 -0.3509
vn 0.9448 -0.0366 -0.3255
vn 0.9671 -0.1133 -0.2279
vn 0.9489 -0.1864 -0.2545
vn 0.8803 -0.2486 -0.4041
vn 0.9004 -0.1923 -0.3903
vn 0.9378 -0.2289 -0.2612
vn 0.9331 -0.2344 -0.2727
vn 0.8210 -0.3729 -0.4323
vn 0.8301 -0.3655 -0.4212
vn 0.9191 -0.2506 -0.3041
vn 0.9303 -0.1792 -0.3200
vn 0.8239 -0.3201 -0.4677
vn 0.8078 -0.3827 -0.4483
vn 0.9072 -0.1493 -0.3932
vn 0.8999 -0.1140 -0.4209
vn 0.8349 -0.1702 -0.5234
vn 0.8366 -0.2119 -0.5052
vn 0.8742 -0.0877 -0.4775
vn 0.8661 -0.0727 -0.4945
vn 0.8080 -0.0939 -0.5816
vn 0.8185 -0.1165 -0.5626
vn 0.8568 -0.0584 -0.5123
vn 0.8570 -0.0140 -0.5151
vn 0.7784 -0.0162 -0.6276
vn 0.7870 -0.0684 -0.6131
vn 0.8432 0.0313 -0.5368
vn 0.8372 0.0832 -0.5406
vn 0.7468 0.0986 -0.6577
vn 0.7616 0.0360 -0.6471
vn 0.8023 0.1439 -0.5793
vn 0.7885 0.1477 -0.5970
vn 0.6694 0.1712 -0.7229
vn 0.6961 0.1615 -0.6996
vn 0.7645 0.1560 -0.6254
vn 0.7545 0.1168 -0.6458
vn 0.6027 0.1402 -0.7856
vn 0.6155 0.1868 -0.7656
vn 0.7629 0.0729 -0.6424
vn 0.7625 0.0800 -0.6420
vn 0.6110 0.0985 -0.7855
vn 0.6132 0.0978 -0.7838
vn 0.7388 0.0908 -0.6678
vn 0.7215 0.0166 -0.6922
vn 0.5468 0.0167 -0.8371
vn 0.5611 0.1063 -0.8209
vn 0.7310 -0.0602 -0.6797
vn 0.7320 -0.0637 -0.6783
vn 0.5858 -0.0733 -0.8071
vn 0.5686 -0.0673 -0.8198
vn -0.9993 -0.0119 -0.0347
vn -0.9979 -0.0090 -0.0646
vn -0.9993 -0.0109 -0.0362
vn -0.9994 -0.0109 -0.0341
vn -0.9947 0.0135 -0.1019
vn -0.9942 0.0184 -0.1057
vn -0.9996 0.0022 -0.0265
vn -0.9995 0.0028 -0.0299
vn -0.9916 0.0295 -0.1260
vn -0.9882 0.0034 -0.1532
vn -0.9998 -0.0048 -0.0181
vn -0.9998 0.0008 -0.0193
vn -0.9843 -0.0279 -0.1742
vn -0.9733 -0.0858 -0.2127
vn -0.9992 -0.0215 -0.0347
vn -0.9996 -0.0109 -0.0276
vn -0.9633 -0.1322 -0.2338
vn -0.9401 -0.2128 -0.2663
vn -0.9958 -0.0622 -0.0668
vn -0.9977 -0.0376 -0.0557
vn -0.9925 -0.0871 -0.0853
vn -0.9908 -0.0924 -0.0986
vn -0.9903 -0.0908 -0.1056
vn -0.9918 -0.0910 -0.0900
vn -0.9040 -0.2695 -0.3320
vn -0.9187 -0.1903 -0.3460
vn -0.9757 -0.0945 -0.1977
vn -0.9796 -0.1212 -0.1605
vn -0.8959 -0.1529 -0.4170
vn -0.8913 -0.1137 -0.4389
vn -0.9446 -0.0727 -0.3201
vn -0.9564 -0.0881 -0.2785
vn -0.8712 -0.0824 -0.4839
vn -0.8648 -0.0761 -0.4963
vn -0.9222 -0.0582 -0.3822
vn -0.9282 -0.0582 -0.3674
vn -0.8565 -0.0704 -0.5114
vn -0.8578 -0.0245 -0.5133
vn -0.9179 -0.0202 -0.3964
vn -0.9185 -0.0578 -0.3913
vn -0.8432 0.0223 -0.5372
vn -0.8369 0.0727 -0.5424
vn -0.9041 0.0581 -0.4234
vn -0.9103 0.0179 -0.4136
vn -0.7998 0.1324 -0.5855
vn -0.7839 0.1346 -0.6061
vn -0.8778 0.1138 -0.4652
vn -0.8852 0.1147 -0.4509
vn -0.7585 0.1407 -0.6363
vn -0.7489 0.1095 -0.6536
vn -0.8662 0.0831 -0.4927
vn -0.8673 0.1123 -0.4850
vn -0.7533 0.0758 -0.6533
vn -0.7510 0.0735 -0.6562
vn -0.8683 0.0516 -0.4933
vn -0.8691 0.0457 -0.4926
vn -0.7292 0.0736 -0.6804
vn -0.7150 0.0156 -0.6990
vn -0.8554 0.0091 -0.5180
vn -0.8586 0.0607 -0.5090
vn -0.7234 -0.0440 -0.6890
vn -0.7245 -0.0557 -0.6870
vn -0.8415 -0.0519 -0.5377
vn -0.8495 -0.0457 -0.5257
vn -0.5665 -0.0404 -0.8230
vn -0.5796 -0.0580 -0.8128
vn -0.5654 0.0831 -0.8206
vn -0.5533 0.0198 -0.8328
vn -0.6072 0.1028 -0.7879
vn -0.6029 0.0896 -0.7928
vn -0.6215 0.1644 -0.7660
vn -0.6085 0.1319 -0.7825
vn -0.6928 0.1468 -0.7060
vn -0.6665 0.1535 -0.7295
vn -0.7592 0.0263 -0.6503
vn -0.7449 0.0855 -0.6617
vn -0.7788 -0.0816 -0.6219
vn -0.7748 -0.0279 -0.6315
vn -0.7990 -0.1052 -0.5921
vn -0.7914 -0.0939 -0.6041
vn -0.8087 -0.2143 -0.5478
vn -0.8093 -0.1659 -0.5635
vn -0.7694 -0.4070 -0.4924
vn -0.7911 -0.3344 -0.5123
vn -0.7886 -0.4165 -0.4525
vn -0.7746 -0.4198 -0.4731
vn -0.7751 -0.4105 -0.4803
vn -0.7804 -0.4229 -0.4606
vn -0.8915 -0.2187 -0.3968
vn -0.8635 -0.2801 -0.4195
vn -0.9480 -0.0443 -0.3153
vn -0.9334 -0.1079 -0.3423
vn -0.9651 0.0059 -0.2620
vn -0.9968 -0.0111 -0.0785
vn -0.9992 -0.0111 -0.0395
vn 0.8594 -0.0503 -0.5087
vn 0.8472 -0.0522 -0.5286
vn 0.8744 0.0707 -0.4800
vn 0.8741 0.0125 -0.4857
vn 0.8802 0.0447 -0.4725
vn 0.8779 0.0566 -0.4754
vn 0.8789 0.1196 -0.4619
vn 0.8811 0.0858 -0.4651
vn 0.8866 0.1230 -0.4459
vn 0.8817 0.1225 -0.4557
vn 0.9088 0.0261 -0.4165
vn 0.9029 0.0669 -0.4246
vn 0.9138 -0.0475 -0.4033
vn 0.9150 -0.0108 -0.4033
vn 0.9203 -0.0580 -0.3870
vn 0.9125 -0.0535 -0.4055
vn 0.9570 -0.0845 -0.2773
vn 0.9431 -0.0705 -0.3251
vn 0.9819 -0.1111 -0.1531
vn 0.9778 -0.0869 -0.1907
vn 0.9932 -0.0786 -0.0853
vn 0.9918 -0.0799 -0.0996
vn 0.9981 -0.0291 -0.0542
vn 0.9965 -0.0525 -0.0646
vn 0.9996 -0.0034 -0.0270
vn 0.9993 -0.0137 -0.0341
vn 0.9998 0.0086 -0.0186
vn 0.9998 0.0029 -0.0175
vn 0.9995 0.0127 -0.0286
vn 0.9996 0.0113 -0.0258
vn 0.9998 -0.0063 -0.0213
vn 0.9985 -0.0029 -0.0552
vn 0.9997 -0.0069 -0.0253
vn 0.6923 0.0060 0.7216
vn 0.6781 -0.0017 0.7350
vn 0.7022 -0.1495 0.6961
vn 0.7166 -0.0725 0.6937
vn 0.6425 -0.1890 0.7426
vn 0.6636 -0.1709 0.7283
vn 0.5852 -0.2335 0.7766
vn 0.6008 -0.2141 0.7702
vn 0.5805 -0.2061 0.7878
vn 0.5719 -0.2205 0.7901
vn 0.6180 -0.1079 0.7787
vn 0.6086 -0.1540 0.7784
vn 0.6077 -0.1587 0.7781
vn 0.6179 -0.1079 0.7788
vn 0.6497 0.0390 0.7592
vn 0.6331 -0.0351 0.7732
vn 0.6333 -0.0335 0.7732
vn 0.6507 0.0389 0.7583
vn 0.7119 0.1024 0.6947
vn 0.6908 0.0678 0.7199
vn 0.7562 0.1935 0.6251
vn 0.7512 0.1375 0.6456
vn 0.7374 0.4006 0.5438
vn 0.7601 0.2686 0.5916
vn 0.7926 0.3659 0.4878
vn 0.7746 0.3755 0.5090
vn 0.8804 0.1590 0.4467
vn 0.8473 0.2729 0.4556
vn 0.9276 -0.0089 0.3735
vn 0.9129 0.0732 0.4017
vn 0.9484 -0.0835 0.3060
vn 0.9952 -0.0576 0.0786
vn 0.9991 -0.0282 0.0327
vn -0.8812 -0.0072 0.4726
vn -0.8737 0.0058 0.4865
vn -0.8795 -0.1161 0.4614
vn -0.8828 -0.0583 0.4662
vn -0.8806 -0.1394 0.4529
vn -0.8807 -0.1259 0.4567
vn -0.8879 -0.1451 0.4365
vn -0.8845 -0.1415 0.4446
vn -0.9098 -0.1019 0.4022
vn -0.9006 -0.1246 0.4165
vn -0.9335 -0.0559 0.3543
vn -0.9262 -0.0782 0.3689
vn -0.9269 -0.0748 0.3677
vn -0.9338 -0.0558 0.3535
vn -0.9516 0.0146 0.3068
vn -0.9457 -0.0187 0.3245
vn -0.9457 -0.0193 0.3246
vn -0.9512 0.0147 0.3082
vn -0.9672 0.0351 0.2515
vn -0.9624 0.0259 0.2703
vn -0.9619 0.0232 0.2723
vn -0.9778 0.0507 0.2035
vn -0.9753 0.0433 0.2168
vn -0.9797 0.1131 0.1653
vn -0.9794 0.0935 0.1787
vn -0.9877 0.0872 0.1295
vn -0.9856 0.0950 0.1401
vn -0.9948 0.0215 0.0995
vn -0.9934 0.0394 0.1073
vn -0.9978 -0.0060 0.0656
vn -0.9968 0.0036 0.0793
vn -0.9992 -0.0149 0.0359
vn -0.9991 -0.0115 0.0405
vn -0.9990 -0.0267 0.0361
vn -0.9992 -0.0191 0.0348
vn -0.9985 -0.0386 0.0377
vn -0.9960 -0.0554 0.0698
vn -0.9977 -0.0445 0.0509
vn -0.1003 0.9909 -0.0902
vn -0.0085 0.9838 -0.1789
vn -0.1929 0.9812 0.0026
vn -0.1010 0.9904 0.0941
vn -0.0101 0.9833 0.1815
vn -0.8172 0.0308 0.5755
vn -0.7974 0.0346 0.6024
vn 0.6657 -0.0089 0.7462
vn 0.6635 -0.0087 0.7481
vn 0.7975 -0.0548 -0.6008
vn 0.7835 -0.0551 -0.6189
vn -0.6211 -0.0761 -0.7801
vn -0.6313 -0.0764 -0.7718
vn -0.5987 -0.0752 -0.7974
vn -0.7196 -0.0674 -0.6911
vn 0.8255 -0.0540 -0.5618
vn 0.7249 -0.0675 -0.6856
vn 0.6703 -0.0094 0.7420
vn 0.7634 0.0138 0.6458
vn -0.8515 0.0234 0.5238
vn -0.7664 -0.0012 0.6423
vn -0.9986 -0.0364 0.0373
vn -0.9985 -0.0379 0.0403
vn -0.9996 -0.0210 0.0202
vn -0.9982 -0.0400 0.0441
vn -0.9985 -0.0340 0.0436
vn -0.9927 -0.0731 0.0959
vn -0.9951 -0.0592 0.0798
vn -0.9988 -0.0294 0.0401
vn -0.9916 -0.0767 0.1044
vn -0.9993 -0.0146 0.0352
vn -0.9876 -0.0710 0.1400
vn -0.9987 -0.0071 0.0513
vn -0.9787 -0.0120 0.2050
vn -0.9956 0.0185 0.0915
vn -0.9621 0.0876 0.2584
vn -0.9899 0.0782 0.1184
vn -0.9392 0.2042 0.2759
vn -0.9830 0.1026 0.1521
vn -0.9233 0.2178 0.3165
vn -0.9805 0.0465 0.1912
vn -0.9143 0.1034 0.3917
vn -0.9720 0.0311 0.2331
vn -0.8873 0.0511 0.4584
vn -0.9573 0.0126 0.2887
vn -0.9569 0.0127 0.2901
vn -0.9389 -0.0544 0.3397
vn -0.9392 -0.0543 0.3389
vn -0.9176 -0.0984 0.3850
vn -0.7850 -0.1538 0.6001
vn -0.8930 -0.1424 0.4270
vn -0.7647 -0.1905 0.6156
vn -0.8825 -0.1386 0.4495
vn -0.7757 -0.1676 0.6084
vn -0.8806 -0.1157 0.4595
vn -0.7945 -0.1303 0.5932
vn -0.8828 -0.0073 0.4697
vn -0.8026 -0.0149 0.5964
vn 0.9947 -0.0649 0.0794
vn 0.9995 -0.0329 0.0002
vn 0.9994 -0.0330 -0.0050
vn 0.9937 -0.0621 0.0930
vn 0.9961 -0.0472 0.0740
vn 0.9991 -0.0413 0.0001
vn 0.9925 -0.0663 0.1023
vn 0.9996 -0.0265 0.0029
vn 0.9888 -0.0611 0.1363
vn 0.9409 -0.0113 0.3384
vn 0.9803 -0.0055 0.1977
vn 0.8941 0.1481 0.4226
vn 0.9617 0.0876 0.2597
vn 0.8130 0.3481 0.4668
vn 0.9277 0.2219 0.3003
vn 0.7565 0.3868 0.5273
vn 0.8989 0.2585 0.3537
vn 0.7646 0.1899 0.6159
vn 0.8986 0.1271 0.4199
vn 0.7357 0.0969 0.6703
vn 0.8806 0.0712 0.4685
vn 0.6704 0.0367 0.7411
vn 0.6714 0.0365 0.7402
vn 0.6216 -0.1077 0.7759
vn 0.6215 -0.1077 0.7760
vn 0.5929 -0.2045 0.7789
vn 0.5920 -0.2046 0.7795
vn 0.5747 -0.2351 0.7839
vn 0.7562 -0.1922 0.6254
vn 0.6222 -0.1918 0.7590
vn 0.7659 -0.1677 0.6207
vn 0.6844 -0.1518 0.7131
vn 0.7860 -0.1378 0.6026
vn 0.7095 0.0046 0.7047
vn 0.7957 0.0063 0.6056
vn 0.9998 -0.0025 -0.0191
vn 0.9997 -0.0017 -0.0246
vn 0.9997 0.0083 0.0236
vn 0.9995 -0.0014 -0.0318
vn 0.9994 0.0068 -0.0329
vn 0.9964 0.0111 -0.0836
vn 0.9975 0.0013 -0.0710
vn 0.9994 0.0132 -0.0310
vn 0.9955 0.0195 -0.0931
vn 0.9997 0.0093 -0.0220
vn 0.9923 0.0334 -0.1189
vn 0.9998 -0.0034 -0.0209
vn 0.9864 -0.0201 -0.1629
vn 0.9987 -0.0250 -0.0437
vn 0.9711 -0.1076 -0.2131
vn 0.9947 -0.0706 -0.0753
vn 0.9430 -0.2199 -0.2498
vn 0.9884 -0.0906 -0.1219
vn 0.9278 -0.2389 -0.2866
vn 0.9705 -0.0720 -0.2303
vn 0.9204 -0.1414 -0.3645
vn 0.9313 -0.0548 -0.3602
vn 0.8864 -0.0850 -0.4550
vn 0.9117 -0.0479 -0.4081
vn 0.8602 -0.0583 -0.5067
vn 0.9123 0.0254 -0.4087
vn 0.8487 0.0303 -0.5280
vn 0.8930 0.1194 -0.4339
vn 0.8170 0.1379 -0.5598
vn 0.8797 0.1191 -0.4603
vn 0.7762 0.1518 -0.6119
vn 0.8821 0.0443 -0.4690
vn 0.7610 0.0734 -0.6446
vn 0.8757 0.0703 -0.4778
vn 0.7517 0.0880 -0.6536
vn 0.8672 -0.0493 -0.4955
vn 0.7293 -0.0599 -0.6816
vn -0.9965 -0.0183 -0.0812
vn -0.9992 -0.0401 0.0004
vn -0.9992 -0.0407 -0.0051
vn -0.9963 0.0028 -0.0863
vn -0.9970 -0.0059 -0.0766
vn -0.9987 -0.0505 0.0011
vn -0.9955 0.0106 -0.0941
vn -0.9993 -0.0364 0.0084
vn -0.9929 0.0254 -0.1165
vn -0.9562 -0.0441 -0.2894
vn -0.9871 -0.0278 -0.1579
vn -0.9060 -0.2069 -0.3693
vn -0.9690 -0.1236 -0.2137
vn -0.8086 -0.3999 -0.4317
vn -0.9305 -0.2512 -0.2665
vn -0.7740 -0.4037 -0.4878
vn -0.9128 -0.2591 -0.3156
vn -0.8167 -0.2112 -0.5370
vn -0.9085 -0.1464 -0.3913
vn -0.8083 -0.1042 -0.5795
vn -0.8801 -0.0809 -0.4679
vn -0.7852 -0.0813 -0.6139
vn -0.8598 -0.0701 -0.5058
vn -0.7676 0.0250 -0.6404
vn -0.8493 0.0212 -0.5275
vn -0.7197 0.1391 -0.6802
vn -0.8164 0.1259 -0.5637
vn -0.6434 0.1591 -0.7488
vn -0.7709 0.1366 -0.6221
vn -0.6061 0.1029 -0.7887
vn -0.7521 0.0760 -0.6547
vn -0.5872 0.0801 -0.8054
vn -0.7420 0.0711 -0.6667
vn -0.5555 -0.0400 -0.8306
vn -0.7201 -0.0438 -0.6925
vn -0.8515 -0.0456 -0.5224
vn -0.8642 0.0592 -0.4996
vn -0.8679 0.0460 -0.4945
vn -0.8724 0.1099 -0.4764
vn -0.8935 0.1101 -0.4354
vn -0.9145 0.0170 -0.4043
vn -0.9196 -0.0576 -0.3887
vn -0.9358 -0.0562 -0.3481
vn -0.9688 -0.0774 -0.2355
vn -0.9865 -0.1008 -0.1287
vn -0.9935 -0.0817 -0.0787
vn -0.9985 -0.0332 -0.0446
vn -0.9997 -0.0109 -0.0215
vn -0.9997 0.0015 -0.0227
vn -0.9995 0.0034 -0.0330
vn -0.9993 -0.0029 -0.0362
vn -0.9992 -0.0107 -0.0377
vn 0.5516 -0.0673 -0.8314
vn 0.5907 0.1020 -0.8004
vn 0.6055 0.0990 -0.7897
vn 0.6427 0.1800 -0.7447
vn 0.7216 0.1539 -0.6750
vn 0.7694 0.0348 -0.6378
vn 0.7983 -0.0679 -0.5985
vn 0.8311 -0.1142 -0.5443
vn 0.8452 -0.2077 -0.4924
vn 0.8142 -0.3774 -0.4413
vn 0.8400 -0.3564 -0.4092
vn 0.9095 -0.1852 -0.3721
vn 0.9534 -0.0364 -0.2996
vn 0.9976 -0.0071 -0.0693
vn 0.8677 0.0080 0.4970
vn 0.8685 -0.1211 0.4807
vn 0.8773 -0.1374 0.4598
vn 0.8911 -0.1386 0.4321
vn 0.9186 -0.0925 0.3841
vn 0.9177 -0.0930 0.3862
vn 0.9400 -0.0478 0.3379
vn 0.9397 -0.0478 0.3387
vn 0.9566 0.0208 0.2907
vn 0.9570 0.0207 0.2894
vn 0.9704 0.0411 0.2381
vn 0.9786 0.0565 0.1979
vn 0.9809 0.1139 0.1576
vn 0.9891 0.0859 0.1199
vn 0.9956 0.0253 0.0905
vn 0.9988 0.0003 0.0499
vn 0.9994 -0.0066 0.0344
vn 0.9991 -0.0193 0.0388
vn 0.9989 -0.0227 0.0412
vn 0.9989 -0.0261 0.0389
vn -0.7040 -0.0222 0.7098
vn -0.6872 -0.1416 0.7126
vn -0.6383 -0.1906 0.7458
vn -0.5924 -0.2287 0.7725
vn -0.5986 -0.1991 0.7759
vn -0.6191 -0.1082 0.7778
vn -0.6192 -0.1082 0.7778
vn -0.6646 0.0300 0.7466
vn -0.6638 0.0301 0.7473
vn -0.7502 0.0683 0.6577
vn -0.8035 0.1557 0.5745
vn -0.8197 0.3264 0.4706
vn -0.8488 0.3205 0.4204
vn -0.8961 0.1539 0.4163
vn -0.9363 -0.0169 0.3509
vn -0.9937 -0.0687 0.0890
vn -0.6669 -0.0263 0.7446
vn 0.8442 0.0364 0.5348
vn 0.6054 -0.0793 -0.7919
vn -0.8216 -0.0579 -0.5671
vt 0.620098 0.125000
vt 0.625000 0.125000
vt 0.625000 0.250000
vt 0.620098 0.250000
vt 0.620098 0.375000
vt 0.625000 0.375000
vt 0.625000 0.500000
vt 0.620098 0.500000
vt 0.620098 0.625000
vt 0.625000 0.625000
vt 0.625000 0.750000
vt 0.620098 0.750000
vt 0.620098 0.875000
vt 0.625000 0.875000
vt 0.625000 1.000000
vt 0.620098 1.000000
vt 0.750000 0.625000
vt 0.875000 0.625000
vt 0.875000 0.750000
vt 0.750000 0.750000
vt 0.375000 0.958333
vt 0.379902 1.000000
vt 0.375000 1.000000
vt 0.399510 0.875000
vt 0.404412 0.875000
vt 0.404412 1.000000
vt 0.399510 1.000000
vt 0.414216 0.875000
vt 0.419118 0.875000
vt 0.419118 1.000000
vt 0.414216 1.000000
vt 0.428922 0.875000
vt 0.433824 0.875000
vt 0.433824 1.000000
vt 0.428922 1.000000
vt 0.443627 0.875000
vt 0.448529 0.875000
vt 0.448529 1.000000
vt 0.443627 1.000000
vt 0.458333 0.875000
vt 0.463235 0.875000
vt 0.463235 1.000000
vt 0.458333 1.000000
vt 0.473039 0.875000
vt 0.477941 0.875000
vt 0.477941 1.000000
vt 0.473039 1.000000
vt 0.487745 0.875000
vt 0.492647 0.875000
vt 0.492647 1.000000
vt 0.487745 1.000000
vt 0.502451 0.875000
vt 0.507353 0.875000
vt 0.507353 1.000000
vt 0.502451 1.000000
vt 0.517157 0.875000
vt 0.522059 0.875000
vt 0.522059 1.000000
vt 0.517157 1.000000
vt 0.531863 0.875000
vt 0.536765 0.875000
vt 0.536765 1.000000
vt 0.531863 1.000000
vt 0.546569 0.875000
vt 0.551471 0.875000
vt 0.551471 1.000000
vt 0.546569 1.000000
vt 0.561275 0.875000
vt 0.566177 0.875000
vt 0.566177 1.000000
vt 0.561275 1.000000
vt 0.575980 0.875000
vt 0.580882 0.875000
vt 0.580882 1.000000
vt 0.575980 1.000000
vt 0.590686 0.875000
vt 0.595588 0.875000
vt 0.595588 1.000000
vt 0.590686 1.000000
vt 0.605392 0.875000
vt 0.610294 0.875000
vt 0.610294 1.000000
vt 0.605392 1.000000
vt 0.375000 0.666667
vt 0.379902 0.625000
vt 0.379902 0.750000
vt 0.375000 0.750000
vt 0.375000 0.708333
vt 0.399510 0.625000
vt 0.404412 0.625000
vt 0.404412 0.750000
vt 0.399510 0.750000
vt 0.414216 0.625000
vt 0.419118 0.625000
vt 0.419118 0.750000
vt 0.414216 0.750000
vt 0.428922 0.625000
vt 0.433824 0.625000
vt 0.433823 0.750000
vt 0.428922 0.750000
vt 0.443627 0.625000
vt 0.448529 0.625000
vt 0.448529 0.750000
vt 0.443627 0.750000
vt 0.458333 0.625000
vt 0.463235 0.625000
vt 0.463235 0.750000
vt 0.458333 0.750000
vt 0.473039 0.625000
vt 0.477941 0.625000
vt 0.477941 0.750000
vt 0.473039 0.750000
vt 0.487745 0.625000
vt 0.492647 0.625000
vt 0.492647 0.750000
vt 0.487745 0.750000
vt 0.502451 0.625000
vt 0.507353 0.625000
vt 0.507353 0.750000
vt 0.502451 0.750000
vt 0.517157 0.625000
vt 0.522059 0.625000
vt 0.522059 0.750000
vt 0.517157 0.750000
vt 0.531863 0.625000
vt 0.536765 0.625000
vt 0.536765 0.750000
vt 0.531863 0.750000
vt 0.546569 0.625000
vt 0.551471 0.625000
vt 0.551471 0.750000
vt 0.546569 0.750000
vt 0.561275 0.625000
vt 0.566176 0.625000
vt 0.566176 0.750000
vt 0.561275 0.750000
vt 0.575980 0.625000
vt 0.580882 0.625000
vt 0.580882 0.750000
vt 0.575980 0.750000
vt 0.590686 0.625000
vt 0.595588 0.625000
vt 0.595588 0.750000
vt 0.590686 0.750000
vt 0.605392 0.625000
vt 0.610294 0.625000
vt 0.610294 0.750000
vt 0.605392 0.750000
vt 0.375000 0.458333
vt 0.379902 0.500000
vt 0.375000 0.500000
vt 0.399510 0.375000
vt 0.404412 0.375000
vt 0.404412 0.500000
vt 0.399510 0.500000
vt 0.414216 0.375000
vt 0.419118 0.375000
vt 0.419118 0.500000
vt 0.414216 0.500000
vt 0.428922 0.375000
vt 0.433824 0.375000
vt 0.433824 0.500000
vt 0.428922 0.500000
vt 0.443627 0.375000
vt 0.448529 0.375000
vt 0.448529 0.500000
vt 0.443627 0.500000
vt 0.458333 0.375000
vt 0.463235 0.375000
vt 0.463235 0.500000
vt 0.458333 0.500000
vt 0.473039 0.375000
vt 0.477941 0.375000
vt 0.477941 0.500000
vt 0.473039 0.500000
vt 0.487745 0.375000
vt 0.492647 0.375000
vt 0.492647 0.500000
vt 0.487745 0.500000
vt 0.502451 0.375000
vt 0.507353 0.375000
vt 0.507353 0.500000
vt 0.502451 0.500000
vt 0.517157 0.375000
vt 0.522059 0.375000
vt 0.522059 0.500000
vt 0.517157 0.500000
vt 0.531863 0.375000
vt 0.536765 0.375000
vt 0.536765 0.500000
vt 0.531863 0.500000
vt 0.546569 0.375000
vt 0.551471 0.375000
vt 0.551471 0.500000
vt 0.546569 0.500000
vt 0.561274 0.375000
vt 0.566176 0.375000
vt 0.566176 0.500000
vt 0.561275 0.500000
vt 0.575980 0.375000
vt 0.580882 0.375000
vt 0.580882 0.500000
vt 0.575980 0.500000
vt 0.590686 0.375000
vt 0.595588 0.375000
vt 0.595588 0.500000
vt 0.590686 0.500000
vt 0.605392 0.375000
vt 0.610294 0.375000
vt 0.610294 0.500000
vt 0.605392 0.500000
vt 0.375000 0.166667
vt 0.379902 0.125000
vt 0.379902 0.250000
vt 0.375000 0.250000
vt 0.375000 0.208333
vt 0.399510 0.125000
vt 0.404412 0.125000
vt 0.404412 0.250000
vt 0.399510 0.250000
vt 0.414216 0.125000
vt 0.419118 0.125000
vt 0.419118 0.250000
vt 0.414216 0.250000
vt 0.428922 0.125000
vt 0.433824 0.125000
vt 0.433823 0.250000
vt 0.428922 0.250000
vt 0.443627 0.125000
vt 0.448529 0.125000
vt 0.448529 0.250000
vt 0.443627 0.250000
vt 0.458333 0.125000
vt 0.463235 0.125000
vt 0.463235 0.250000
vt 0.458333 0.250000
vt 0.473039 0.125000
vt 0.477941 0.125000
vt 0.477941 0.250000
vt 0.473039 0.250000
vt 0.487745 0.125000
vt 0.492647 0.125000
vt 0.492647 0.250000
vt 0.487745 0.250000
vt 0.502451 0.125000
vt 0.507353 0.125000
vt 0.507353 0.250000
vt 0.502451 0.250000
vt 0.517157 0.125000
vt 0.522059 0.125000
vt 0.522059 0.250000
vt 0.517157 0.250000
vt 0.531863 0.125000
vt 0.536765 0.125000
vt 0.536765 0.250000
vt 0.531863 0.250000
vt 0.546569 0.125000
vt 0.551471 0.125000
vt 0.551471 0.250000
vt 0.546569 0.250000
vt 0.561275 0.125000
vt 0.566176 0.125000
vt 0.566176 0.250000
vt 0.561274 0.250000
vt 0.575980 0.125000
vt 0.580882 0.125000
vt 0.580882 0.250000
vt 0.575980 0.250000
vt 0.590686 0.125000
vt 0.595588 0.125000
vt 0.595588 0.250000
vt 0.590686 0.250000
vt 0.605392 0.125000
vt 0.610294 0.125000
vt 0.610294 0.250000
vt 0.605392 0.250000
vt 0.605392 0.000000
vt 0.610294 0.000000
vt 0.590686 0.000000
vt 0.595588 0.000000
vt 0.575980 0.000000
vt 0.580882 0.000000
vt 0.561275 0.000000
vt 0.566177 0.000000
vt 0.546569 0.000000
vt 0.551471 0.000000
vt 0.531863 0.000000
vt 0.536765 0.000000
vt 0.517157 0.000000
vt 0.522059 0.000000
vt 0.502451 0.000000
vt 0.507353 0.000000
vt 0.487745 0.000000
vt 0.492647 0.000000
vt 0.473039 0.000000
vt 0.477941 0.000000
vt 0.458333 0.000000
vt 0.463235 0.000000
vt 0.443627 0.000000
vt 0.448529 0.000000
vt 0.428922 0.000000
vt 0.433824 0.000000
vt 0.414216 0.000000
vt 0.419118 0.000000
vt 0.399510 0.000000
vt 0.404412 0.000000
vt 0.375000 0.083333
vt 0.375000 0.125000
vt 0.375000 0.333333
vt 0.379902 0.375000
vt 0.375000 0.375000
vt 0.375000 0.583333
vt 0.375000 0.625000
vt 0.375000 0.833333
vt 0.379902 0.875000
vt 0.375000 0.875000
vt 0.750000 0.500000
vt 0.875000 0.500000
vt 0.620098 0.000000
vt 0.625000 0.000000
vt 0.615196 0.000000
vt 0.615196 0.125000
vt 0.615196 0.250000
vt 0.615196 0.375000
vt 0.615196 0.500000
vt 0.615196 0.625000
vt 0.615196 0.750000
vt 0.615196 0.875000
vt 0.375000 0.791667
vt 0.384804 0.750000
vt 0.389706 0.750000
vt 0.389706 0.875000
vt 0.384804 0.875000
vt 0.394608 0.750000
vt 0.394608 0.875000
vt 0.409314 0.750000
vt 0.409314 0.875000
vt 0.424020 0.750000
vt 0.424020 0.875000
vt 0.438725 0.750000
vt 0.438725 0.875000
vt 0.453431 0.750000
vt 0.453431 0.875000
vt 0.468137 0.750000
vt 0.468137 0.875000
vt 0.482843 0.750000
vt 0.482843 0.875000
vt 0.497549 0.750000
vt 0.497549 0.875000
vt 0.512255 0.750000
vt 0.512255 0.875000
vt 0.526961 0.750000
vt 0.526961 0.875000
vt 0.541667 0.750000
vt 0.541667 0.875000
vt 0.556373 0.750000
vt 0.556373 0.875000
vt 0.571078 0.750000
vt 0.571078 0.875000
vt 0.585784 0.750000
vt 0.585784 0.875000
vt 0.600490 0.750000
vt 0.600490 0.875000
vt 0.375000 0.541667
vt 0.384804 0.500000
vt 0.389706 0.500000
vt 0.389706 0.625000
vt 0.384804 0.625000
vt 0.394608 0.500000
vt 0.394608 0.625000
vt 0.409314 0.500000
vt 0.409314 0.625000
vt 0.424020 0.500000
vt 0.424020 0.625000
vt 0.438725 0.500000
vt 0.438725 0.625000
vt 0.453431 0.500000
vt 0.453431 0.625000
vt 0.468137 0.500000
vt 0.468137 0.625000
vt 0.482843 0.500000
vt 0.482843 0.625000
vt 0.497549 0.500000
vt 0.497549 0.625000
vt 0.512255 0.500000
vt 0.512255 0.625000
vt 0.526961 0.500000
vt 0.526961 0.625000
vt 0.541667 0.500000
vt 0.541667 0.625000
vt 0.556373 0.500000
vt 0.556373 0.625000
vt 0.571078 0.500000
vt 0.571078 0.625000
vt 0.585784 0.500000
vt 0.585784 0.625000
vt 0.600490 0.500000
vt 0.600490 0.625000
vt 0.375000 0.291667
vt 0.384804 0.250000
vt 0.389706 0.250000
vt 0.389706 0.375000
vt 0.384804 0.375000
vt 0.394608 0.250000
vt 0.394608 0.375000
vt 0.409314 0.250000
vt 0.409314 0.375000
vt 0.424020 0.250000
vt 0.424020 0.375000
vt 0.438725 0.250000
vt 0.438725 0.375000
vt 0.453431 0.250000
vt 0.453431 0.375000
vt 0.468137 0.250000
vt 0.468137 0.375000
vt 0.482843 0.250000
vt 0.482843 0.375000
vt 0.497549 0.250000
vt 0.497549 0.375000
vt 0.512255 0.250000
vt 0.512255 0.375000
vt 0.526961 0.250000
vt 0.526961 0.375000
vt 0.541667 0.250000
vt 0.541667 0.375000
vt 0.556372 0.250000
vt 0.556372 0.375000
vt 0.571078 0.250000
vt 0.571078 0.375000
vt 0.585784 0.250000
vt 0.585784 0.375000
vt 0.600490 0.250000
vt 0.600490 0.375000
vt 0.375000 0.041667
vt 0.379902 0.000000
vt 0.375000 0.000000
vt 0.384804 0.000000
vt 0.389706 0.000000
vt 0.389706 0.125000
vt 0.384804 0.125000
vt 0.394608 0.000000
vt 0.394608 0.125000
vt 0.409314 0.000000
vt 0.409314 0.125000
vt 0.424020 0.000000
vt 0.424020 0.125000
vt 0.438725 0.000000
vt 0.438725 0.125000
vt 0.453431 0.000000
vt 0.453431 0.125000
vt 0.468137 0.000000
vt 0.468137 0.125000
vt 0.482843 0.000000
vt 0.482843 0.125000
vt 0.497549 0.000000
vt 0.497549 0.125000
vt 0.512255 0.000000
vt 0.512255 0.125000
vt 0.526961 0.000000
vt 0.526961 0.125000
vt 0.541667 0.000000
vt 0.541667 0.125000
vt 0.556373 0.000000
vt 0.556373 0.125000
vt 0.571078 0.000000
vt 0.571078 0.125000
vt 0.585784 0.000000
vt 0.585784 0.125000
vt 0.600490 0.000000
vt 0.600490 0.125000
vt 0.375000 0.416667
vt 0.600490 1.000000
vt 0.585784 1.000000
vt 0.571078 1.000000
vt 0.556373 1.000000
vt 0.541667 1.000000
vt 0.526961 1.000000
vt 0.512255 1.000000
vt 0.497549 1.000000
vt 0.482843 1.000000
vt 0.468137 1.000000
vt 0.453431 1.000000
vt 0.438725 1.000000
vt 0.424020 1.000000
vt 0.409314 1.000000
vt 0.394608 1.000000
vt 0.389706 1.000000
vt 0.375000 0.916667
vt 0.384804 1.000000
vt 0.615196 1.000000
s 1
usemtl Glass
f 3266/403/2846 2918/404/2847 2849/405/2848 3032/406/2849
f 3264/407/2850 2919/408/2851 2852/409/2852 3096/410/2853
f 3262/411/2854 2920/412/2855 2851/413/2856 3064/414/2857
f 3260/415/2858 2922/416/2859 2847/417/2860 2991/418/2861
f 2987/419/2862 2918/420/2863 2847/421/2864 2922/422/2865
f 3130/423/2866 3000/424/2867 2846/425/2868
f 3256/426/2869 2924/427/2870 2854/428/2871 3003/429/2872
f 3254/430/2873 2925/431/2874 2855/432/2875 3005/433/2876
f 3252/434/2877 2926/435/2878 2856/436/2879 3007/437/2880
f 3250/438/2881 2927/439/2882 2857/440/2883 3009/441/2884
f 3248/442/2885 2928/443/2886 2858/444/2887 3011/445/2888
f 3246/446/2889 2929/447/2890 2859/448/2891 3013/449/2892
f 3244/450/2893 2930/451/2894 2860/452/2895 3015/453/2896
f 3242/454/2897 2931/455/2898 2861/456/2899 3017/457/2900
f 3240/458/2901 2932/459/2902 2862/460/2903 3019/461/2904
f 3238/462/2905 2933/463/2906 2863/464/2907 3021/465/2908
f 3236/466/2909 2934/467/2910 2864/468/2911 3023/469/2912
f 3234/470/2913 2935/471/2914 2865/472/2915 3025/473/2916
f 3232/474/2917 2936/475/2918 2866/476/2919 3027/477/2920
f 3230/478/2921 2937/479/2922 2867/480/2923 3029/481/2924
f 3228/482/2925 2938/483/2926 2868/484/2927 3031/485/2928
f 2996/486/2929 3227/487/2930 2995/488/2931 2850/489/2932 2997/490/2932
f 3224/491/2933 2940/492/2934 2899/493/2935 3094/494/2936
f 3222/495/2937 2941/496/2938 2898/497/2939 3092/498/2940
f 3220/499/2941 2942/500/2942 2897/501/2943 3090/502/2944
f 3218/503/2945 2943/504/2946 2896/505/2947 3088/506/2948
f 3216/507/2949 2944/508/2950 2895/509/2951 3086/510/2952
f 3214/511/2953 2945/512/2954 2894/513/2955 3084/514/2956
f 3212/515/2957 2946/516/2958 2893/517/2959 3082/518/2960
f 3210/519/2961 2947/520/2962 2892/521/2963 3080/522/2964
f 3208/523/2965 2948/524/2966 2891/525/2967 3078/526/2968
f 3206/527/2969 2949/528/2970 2890/529/2971 3076/530/2972
f 3204/531/2973 2950/532/2974 2889/533/2975 3074/534/2976
f 3202/535/2977 2951/536/2978 2888/537/2979 3072/538/2980
f 3200/539/2981 2952/540/2982 2887/541/2983 3070/542/2984
f 3198/543/2985 2953/544/2986 2886/545/2987 3068/546/2988
f 3196/547/2989 2954/548/2990 2885/549/2991 3066/550/2992
f 2989/551/2993 2999/552/2994 2846/553/2995
f 3192/554/2996 2956/555/2997 2915/556/2998 3126/557/2999
f 3190/558/3000 2957/559/3001 2914/560/3002 3124/561/3003
f 3188/562/3004 2958/563/3005 2913/564/3006 3122/565/3007
f 3186/566/3008 2959/567/3009 2912/568/3010 3120/569/3011
f 3184/570/3012 2960/571/3013 2911/572/3014 3118/573/3015
f 3182/574/3016 2961/575/3017 2910/576/3018 3116/577/3019
f 3180/578/3020 2962/579/3021 2909/580/3022 3114/581/3023
f 3178/582/3024 2963/583/3025 2908/584/3026 3112/585/3027
f 3176/586/3028 2964/587/3029 2907/588/3030 3110/589/3031
f 3174/590/3032 2965/591/3033 2906/592/3034 3108/593/3035
f 3172/594/3036 2966/595/3037 2905/596/3038 3106/597/3039
f 3170/598/3040 2967/599/3041 2904/600/3042 3104/601/3043
f 3168/602/3044 2968/603/3045 2903/604/3046 3102/605/3047
f 3166/606/3048 2969/607/3049 2902/608/3050 3100/609/3051
f 3164/610/3052 2970/611/3053 2901/612/3054 3098/613/3055
f 3129/614/3056 3163/615/3057 2993/616/3058 2848/617/3059 3128/618/3059
f 3160/619/3060 2972/620/3061 2883/621/3062 3062/622/3063
f 3158/623/3064 2973/624/3065 2882/625/3066 3060/626/3067
f 3156/627/3068 2974/628/3069 2881/629/3070 3058/630/3071
f 3154/631/3072 2975/632/3073 2880/633/3074 3056/634/3075
f 3152/635/3076 2976/636/3077 2879/637/3078 3054/638/3079
f 3150/639/3080 2977/640/3081 2878/641/3082 3052/642/3083
f 3148/643/3084 2978/644/3085 2877/645/3086 3050/646/3087
f 3146/647/3088 2979/648/3089 2876/649/3090 3048/650/3091
f 3144/651/3092 2980/652/3093 2875/653/3094 3046/654/3095
f 3142/655/3096 2981/656/3097 2874/657/3098 3044/658/3099
f 3140/659/3100 2982/660/3101 2873/661/3102 3042/662/3103
f 3138/663/3104 2983/664/3105 2872/665/3106 3040/666/3107
f 3136/667/3108 2984/668/3109 2871/669/3110 3038/670/3111
f 3134/671/3112 2985/672/3113 2870/673/3114 3036/674/3115
f 3132/675/3116 2986/676/3117 2869/677/3118 3034/678/3119
f 3031/679/3120 2868/680/3121 2986/676/3117 3132/675/3116
f 3029/681/3122 2867/682/3123 2985/672/3113 3134/671/3112
f 3027/683/3124 2866/684/3125 2984/668/3109 3136/667/3108
f 3025/685/3126 2865/686/3127 2983/664/3105 3138/663/3104
f 3023/687/3128 2864/688/3129 2982/660/3101 3140/659/3100
f 3021/689/3130 2863/690/3131 2981/656/3097 3142/655/3096
f 3019/691/3132 2862/692/3133 2980/652/3093 3144/651/3092
f 3017/693/3134 2861/694/3135 2979/648/3089 3146/647/3088
f 3015/695/3136 2860/696/3137 2978/644/3085 3148/643/3084
f 3013/697/3138 2859/698/3139 2977/640/3081 3150/639/3080
f 3011/699/3140 2858/700/3141 2976/636/3142 3152/635/3143
f 3009/701/3144 2857/702/3145 2975/632/3073 3154/631/3072
f 3007/703/3146 2856/704/3147 2974/628/3069 3156/627/3068
f 3005/705/2876 2855/706/3148 2973/624/3065 3158/623/3064
f 3003/707/2872 2854/708/2871 2972/620/3061 3160/619/3060
f 2988/709/3149 3163/615/3057 2917/710/3150
f 3034/678/3151 2869/677/3152 2970/611/3053 3164/610/3052
f 3036/674/3153 2870/673/3154 2969/607/3049 3166/606/3048
f 3038/670/3155 2871/669/3156 2968/603/3045 3168/602/3044
f 3040/666/3157 2872/665/3158 2967/599/3041 3170/598/3040
f 3042/662/3159 2873/661/3160 2966/595/3037 3172/594/3036
f 3044/658/3161 2874/657/3162 2965/591/3033 3174/590/3032
f 3046/654/3163 2875/653/3164 2964/587/3029 3176/586/3028
f 3048/650/3165 2876/649/3166 2963/583/3025 3178/582/3024
f 3050/646/3167 2877/645/3168 2962/579/3021 3180/578/3020
f 3052/642/3169 2878/641/3170 2961/575/3017 3182/574/3016
f 3054/638/3171 2879/637/3172 2960/571/3013 3184/570/3012
f 3056/634/3173 2880/633/3174 2959/567/3009 3186/566/3008
f 3058/630/3175 2881/629/3176 2958/563/3005 3188/562/3004
f 3060/626/3177 2882/625/3178 2957/559/3001 3190/558/3000
f 3062/622/3179 2883/621/3180 2956/555/2997 3192/554/2996
f 3129/711/3181 3195/712/3182 2917/713/3183
f 3098/613/3184 2901/612/3185 2954/548/2990 3196/547/2989
f 3100/609/3186 2902/608/3187 2953/544/2986 3198/543/2985
f 3102/605/3188 2903/604/3189 2952/540/2982 3200/539/2981
f 3104/601/3190 2904/600/3191 2951/536/2978 3202/535/2977
f 3106/597/3192 2905/596/3193 2950/532/2974 3204/531/2973
f 3108/593/3194 2906/592/3195 2949/528/3196 3206/527/3197
f 3110/589/3198 2907/588/3199 2948/524/3200 3208/523/3201
f 3112/585/3202 2908/584/3203 2947/520/2962 3210/519/2961
f 3114/581/3204 2909/580/3205 2946/516/2958 3212/515/2957
f 3116/577/3206 2910/576/3207 2945/512/2954 3214/511/2953
f 3118/573/3208 2911/572/3209 2944/508/2950 3216/507/2949
f 3120/569/3210 2912/568/3211 2943/504/2946 3218/503/2945
f 3122/565/3212 2913/564/3213 2942/500/2942 3220/499/2941
f 3124/561/3003 2914/560/3214 2941/496/2938 3222/495/2937
f 3126/557/2999 2915/556/2998 2940/492/2934 3224/491/2933
f 3131/714/3215 3227/487/2930 2921/715/3216
f 3066/550/3217 2885/549/3218 2938/483/2926 3228/482/2925
f 3068/546/3219 2886/545/3220 2937/479/2922 3230/478/2921
f 3070/542/3221 2887/541/3222 2936/475/2918 3232/474/2917
f 3072/538/3223 2888/537/3224 2935/471/2914 3234/470/2913
f 3074/534/3225 2889/533/3226 2934/467/2910 3236/466/2909
f 3076/530/3227 2890/529/3228 2933/463/3229 3238/462/3230
f 3078/526/3231 2891/525/3232 2932/459/3233 3240/458/3234
f 3080/522/3235 2892/521/3236 2931/455/3237 3242/454/2897
f 3082/518/3238 2893/517/3239 2930/451/2894 3244/450/2893
f 3084/514/3240 2894/513/3241 2929/447/2890 3246/446/2889
f 3086/510/3242 2895/509/3243 2928/443/2886 3248/442/2885
f 3088/506/3244 2896/505/3245 2927/439/2882 3250/438/2881
f 3090/502/3246 2897/501/3247 2926/435/2878 3252/434/2877
f 3092/498/3248 2898/497/3249 2925/431/2874 3254/430/2873
f 3094/494/3250 2899/493/3251 2924/427/2870 3256/426/2869
f 2996/716/3252 3259/717/3253 2921/718/3254
f 2920/412/3255 2987/419/2862 2922/422/2865 2851/413/3256
f 2852/409/3257 2919/719/3258 2987/419/2862 2920/412/3255
f 2919/719/3258 2849/720/3259 2918/420/2863 2987/419/2862
f 3064/414/3260 2851/413/3261 2922/416/2859 3260/415/2858
f 3096/410/3262 2852/409/3263 2920/412/2855 3262/411/2854
f 3032/406/3264 2849/405/3265 2919/408/2851 3264/407/2850
f 2991/721/3266 2847/722/3267 2918/404/2847 3266/403/2846
f 2868/680/3121 2990/723/3268 3267/724/3269 2986/676/3117
f 2990/723/3268 2991/721/3266 3266/403/2846 3267/724/3269
f 2869/677/3152 3033/725/3270 3265/726/3271 2970/611/3053
f 3033/725/3270 3032/406/3264 3264/407/2850 3265/726/3271
f 2901/612/3185 3097/727/3272 3263/728/3273 2954/548/2990
f 3097/727/3272 3096/410/3262 3262/411/2854 3263/728/3273
f 2885/549/3218 3065/729/3274 3261/730/3275 2938/483/2926
f 3065/729/3274 3064/414/3260 3260/415/2858 3261/730/3275
f 2997/731/3276 2995/488/3277 3259/717/3253 2996/716/3252
f 2850/489/3278 2995/488/3277 2997/731/3276
f 2994/732/3279 2900/733/3280 2923/734/3281 3258/735/3282
f 2995/488/3277 2994/732/3279 3258/735/3282 3259/717/3253
f 2900/733/3280 3095/736/3283 3257/737/3284 2923/734/3281
f 3095/736/3283 3094/494/3250 3256/426/2869 3257/737/3284
f 2899/493/3251 3093/738/3285 3255/739/3286 2924/427/2870
f 3093/738/3285 3092/498/3248 3254/430/2873 3255/739/3286
f 2898/497/3249 3091/740/3287 3253/741/3288 2925/431/2874
f 3091/740/3287 3090/502/3246 3252/434/2877 3253/741/3288
f 2897/501/3247 3089/742/3289 3251/743/3290 2926/435/2878
f 3089/742/3289 3088/506/3244 3250/438/2881 3251/743/3290
f 2896/505/3245 3087/744/3291 3249/745/3292 2927/439/2882
f 3087/744/3291 3086/510/3242 3248/442/2885 3249/745/3292
f 2895/509/3243 3085/746/3293 3247/747/3294 2928/443/2886
f 3085/746/3293 3084/514/3240 3246/446/2889 3247/747/3294
f 2894/513/3241 3083/748/3295 3245/749/3296 2929/447/2890
f 3083/748/3295 3082/518/3238 3244/450/2893 3245/749/3296
f 2893/517/3239 3081/750/3297 3243/751/3298 2930/451/2894
f 3081/750/3297 3080/522/3235 3242/454/2897 3243/751/3298
f 2892/521/3236 3079/752/3299 3241/753/3300 2931/455/3237
f 3079/752/3299 3078/526/3231 3240/458/3234 3241/753/3300
f 2891/525/3232 3077/754/3301 3239/755/3302 2932/459/3233
f 3077/754/3301 3076/530/3227 3238/462/3230 3239/755/3302
f 2890/529/3228 3075/756/3303 3237/757/3304 2933/463/3229
f 3075/756/3303 3074/534/3225 3236/466/2909 3237/757/3304
f 2889/533/3226 3073/758/3305 3235/759/3306 2934/467/2910
f 3073/758/3305 3072/538/3223 3234/470/2913 3235/759/3306
f 2888/537/3224 3071/760/3307 3233/761/3308 2935/471/2914
f 3071/760/3307 3070/542/3221 3232/474/2917 3233/761/3308
f 2887/541/3222 3069/762/3309 3231/763/3310 2936/475/2918
f 3069/762/3309 3068/546/3219 3230/478/2921 3231/763/3310
f 2886/545/3220 3067/764/3311 3229/765/3312 2937/479/2922
f 3067/764/3311 3066/550/3217 3228/482/2925 3229/765/3312
f 3130/766/3313 2999/552/2994 3227/487/2930 3131/714/3215
f 2846/553/2995 2999/552/2994 3130/766/3313
f 2998/767/3314 2916/768/3315 2939/769/3316 3226/770/3317
f 2999/552/2994 2998/767/3314 3226/770/3317 3227/487/2930
f 2916/768/3315 3127/771/3318 3225/772/3319 2939/769/3316
f 3127/771/3318 3126/557/2999 3224/491/2933 3225/772/3319
f 2915/556/2998 3125/773/3320 3223/774/3321 2940/492/2934
f 3125/773/3320 3124/561/3003 3222/495/2937 3223/774/3321
f 2914/560/3214 3123/775/3322 3221/776/3323 2941/496/2938
f 3123/775/3322 3122/565/3212 3220/499/2941 3221/776/3323
f 2913/564/3213 3121/777/3324 3219/778/3325 2942/500/2942
f 3121/777/3324 3120/569/3210 3218/503/2945 3219/778/3325
f 2912/568/3211 3119/779/3326 3217/780/3327 2943/504/2946
f 3119/779/3326 3118/573/3208 3216/507/2949 3217/780/3327
f 2911/572/3209 3117/781/3328 3215/782/3329 2944/508/2950
f 3117/781/3328 3116/577/3206 3214/511/2953 3215/782/3329
f 2910/576/3207 3115/783/3330 3213/784/3331 2945/512/2954
f 3115/783/3330 3114/581/3204 3212/515/2957 3213/784/3331
f 2909/580/3205 3113/785/3332 3211/786/3333 2946/516/2958
f 3113/785/3332 3112/585/3202 3210/519/2961 3211/786/3333
f 2908/584/3203 3111/787/3334 3209/788/3335 2947/520/2962
f 3111/787/3334 3110/589/3198 3208/523/3201 3209/788/3335
f 2907/588/3199 3109/789/3336 3207/790/3337 2948/524/3200
f 3109/789/3336 3108/593/3194 3206/527/3197 3207/790/3337
f 2906/592/3195 3107/791/3338 3205/792/3339 2949/528/3196
f 3107/791/3338 3106/597/3192 3204/531/2973 3205/792/3339
f 2905/596/3193 3105/793/3340 3203/794/3341 2950/532/2974
f 3105/793/3340 3104/601/3190 3202/535/2977 3203/794/3341
f 2904/600/3191 3103/795/3342 3201/796/3343 2951/536/2978
f 3103/795/3342 3102/605/3188 3200/539/2981 3201/796/3343
f 2903/604/3189 3101/797/3344 3199/798/3345 2952/540/2982
f 3101/797/3344 3100/609/3186 3198/543/2985 3199/798/3345
f 2902/608/3187 3099/799/3346 3197/800/3347 2953/544/2986
f 3099/799/3346 3098/613/3184 3196/547/2989 3197/800/3347
f 3128/801/3348 2993/616/3349 3195/712/3182 3129/711/3181
f 2848/617/3350 2993/616/3349 3128/801/3348
f 2992/802/3351 2884/803/3352 2955/804/3353 3194/805/3354
f 2993/616/3349 2992/802/3351 3194/805/3354 3195/712/3182
f 2884/803/3352 3063/806/3355 3193/807/3356 2955/804/3353
f 3063/806/3355 3062/622/3179 3192/554/2996 3193/807/3356
f 2883/621/3180 3061/808/3357 3191/809/3358 2956/555/2997
f 3061/808/3357 3060/626/3177 3190/558/3000 3191/809/3358
f 2882/625/3178 3059/810/3359 3189/811/3360 2957/559/3001
f 3059/810/3359 3058/630/3175 3188/562/3004 3189/811/3360
f 2881/629/3176 3057/812/3361 3187/813/3362 2958/563/3005
f 3057/812/3361 3056/634/3173 3186/566/3008 3187/813/3362
f 2880/633/3174 3055/814/3363 3185/815/3364 2959/567/3009
f 3055/814/3363 3054/638/3171 3184/570/3012 3185/815/3364
f 2879/637/3172 3053/816/3365 3183/817/3366 2960/571/3013
f 3053/816/3365 3052/642/3169 3182/574/3016 3183/817/3366
f 2878/641/3170 3051/818/3367 3181/819/3368 2961/575/3017
f 3051/818/3367 3050/646/3167 3180/578/3020 3181/819/3368
f 2877/645/3168 3049/820/3369 3179/821/3370 2962/579/3021
f 3049/820/3369 3048/650/3165 3178/582/3024 3179/821/3370
f 2876/649/3166 3047/822/3371 3177/823/3372 2963/583/3025
f 3047/822/3371 3046/654/3163 3176/586/3028 3177/823/3372
f 2875/653/3164 3045/824/3373 3175/825/3374 2964/587/3029
f 3045/824/3373 3044/658/3161 3174/590/3032 3175/825/3374
f 2874/657/3162 3043/826/3375 3173/827/3376 2965/591/3033
f 3043/826/3375 3042/662/3159 3172/594/3036 3173/827/3376
f 2873/661/3160 3041/828/3377 3171/829/3378 2966/595/3037
f 3041/828/3377 3040/666/3157 3170/598/3040 3171/829/3378
f 2872/665/3158 3039/830/3379 3169/831/3380 2967/599/3041
f 3039/830/3379 3038/670/3155 3168/602/3044 3169/831/3380
f 2871/669/3156 3037/832/3381 3167/833/3382 2968/603/3045
f 3037/832/3381 3036/674/3153 3166/606/3048 3167/833/3382
f 2870/673/3154 3035/834/3383 3165/835/3384 2969/607/3049
f 3035/834/3383 3034/678/3151 3164/610/3052 3165/835/3384
f 2989/836/3385 3000/837/2867 3163/615/3057 2988/709/3149
f 2846/838/2868 3000/837/2867 2989/836/3385
f 3001/839/3386 2853/840/3387 2971/841/3388 3162/842/3389
f 3000/837/2867 3001/839/3386 3162/842/3389 3163/615/3057
f 2853/840/3387 3002/843/3390 3161/844/3391 2971/841/3388
f 3002/843/3390 3003/707/2872 3160/619/3060 3161/844/3391
f 2854/708/2871 3004/845/3392 3159/846/3393 2972/620/3061
f 3004/845/3392 3005/705/2876 3158/623/3064 3159/846/3393
f 2855/706/3148 3006/847/3394 3157/848/3395 2973/624/3065
f 3006/847/3394 3007/703/3146 3156/627/3068 3157/848/3395
f 2856/704/3147 3008/849/3396 3155/850/3397 2974/628/3069
f 3008/849/3396 3009/701/3144 3154/631/3072 3155/850/3397
f 2857/702/3145 3010/851/3398 3153/852/3399 2975/632/3073
f 3010/851/3398 3011/699/3140 3152/635/3143 3153/852/3399
f 2858/700/3141 3012/853/3400 3151/854/3401 2976/636/3142
f 3012/853/3400 3013/697/3138 3150/639/3080 3151/854/3401
f 2859/698/3139 3014/855/3402 3149/856/3403 2977/640/3081
f 3014/855/3402 3015/695/3136 3148/643/3084 3149/856/3403
f 2860/696/3137 3016/857/3404 3147/858/3405 2978/644/3085
f 3016/857/3404 3017/693/3134 3146/647/3088 3147/858/3405
f 2861/694/3135 3018/859/3406 3145/860/3407 2979/648/3089
f 3018/859/3406 3019/691/3132 3144/651/3092 3145/860/3407
f 2862/692/3133 3020/861/3408 3143/862/3409 2980/652/3093
f 3020/861/3408 3021/689/3130 3142/655/3096 3143/862/3409
f 2863/690/3131 3022/863/3410 3141/864/3411 2981/656/3097
f 3022/863/3410 3023/687/3128 3140/659/3100 3141/864/3411
f 2864/688/3129 3024/865/3412 3139/866/3413 2982/660/3101
f 3024/865/3412 3025/685/3126 3138/663/3104 3139/866/3413
f 2865/686/3127 3026/867/3414 3137/868/3415 2983/664/3105
f 3026/867/3414 3027/683/3124 3136/667/3108 3137/868/3415
f 2866/684/3125 3028/869/3416 3135/870/3417 2984/668/3109
f 3028/869/3416 3029/681/3122 3134/671/3112 3135/870/3417
f 2867/682/3123 3030/871/3418 3133/872/3419 2985/672/3113
f 3030/871/3418 3031/679/3120 3132/675/3116 3133/872/3419
f 2985/672/3113 3133/872/3419 3035/834/3420 2870/673/3114
f 3133/872/3419 3132/675/3116 3034/678/3119 3035/834/3420
f 2984/668/3109 3135/870/3417 3037/832/3421 2871/669/3110
f 3135/870/3417 3134/671/3112 3036/674/3115 3037/832/3421
f 2983/664/3105 3137/868/3415 3039/830/3422 2872/665/3106
f 3137/868/3415 3136/667/3108 3038/670/3111 3039/830/3422
f 2982/660/3101 3139/866/3413 3041/828/3423 2873/661/3102
f 3139/866/3413 3138/663/3104 3040/666/3107 3041/828/3423
f 2981/656/3097 3141/864/3411 3043/826/3424 2874/657/3098
f 3141/864/3411 3140/659/3100 3042/662/3103 3043/826/3424
f 2980/652/3093 3143/862/3409 3045/824/3425 2875/653/3094
f 3143/862/3409 3142/655/3096 3044/658/3099 3045/824/3425
f 2979/648/3089 3145/860/3407 3047/822/3426 2876/649/3090
f 3145/860/3407 3144/651/3092 3046/654/3095 3047/822/3426
f 2978/644/3085 3147/858/3405 3049/820/3427 2877/645/3086
f 3147/858/3405 3146/647/3088 3048/650/3091 3049/820/3427
f 2977/640/3081 3149/856/3403 3051/818/3428 2878/641/3082
f 3149/856/3403 3148/643/3084 3050/646/3087 3051/818/3428
f 2976/636/3077 3151/854/3401 3053/816/3429 2879/637/3078
f 3151/854/3401 3150/639/3080 3052/642/3083 3053/816/3429
f 2975/632/3073 3153/852/3399 3055/814/3430 2880/633/3074
f 3153/852/3399 3152/635/3076 3054/638/3079 3055/814/3430
f 2974/628/3069 3155/850/3397 3057/812/3431 2881/629/3070
f 3155/850/3397 3154/631/3072 3056/634/3075 3057/812/3431
f 2973/624/3065 3157/848/3395 3059/810/3432 2882/625/3066
f 3157/848/3395 3156/627/3068 3058/630/3071 3059/810/3432
f 2972/620/3061 3159/846/3393 3061/808/3433 2883/621/3062
f 3159/846/3393 3158/623/3064 3060/626/3067 3061/808/3433
f 2971/841/3388 3161/844/3391 3063/806/3434 2884/803/3435
f 3161/844/3391 3160/619/3060 3062/622/3063 3063/806/3434
f 2917/710/3150 3163/615/3057 3129/614/3056
f 3162/842/3389 2971/841/3388 2884/803/3435 2992/802/3436
f 3163/615/3057 3162/842/3389 2992/802/3436 2993/616/3058
f 2969/607/3049 3165/835/3384 3099/799/3437 2902/608/3050
f 3165/835/3384 3164/610/3052 3098/613/3055 3099/799/3437
f 2968/603/3045 3167/833/3382 3101/797/3438 2903/604/3046
f 3167/833/3382 3166/606/3048 3100/609/3051 3101/797/3438
f 2967/599/3041 3169/831/3380 3103/795/3439 2904/600/3042
f 3169/831/3380 3168/602/3044 3102/605/3047 3103/795/3439
f 2966/595/3037 3171/829/3378 3105/793/3440 2905/596/3038
f 3171/829/3378 3170/598/3040 3104/601/3043 3105/793/3440
f 2965/591/3033 3173/827/3376 3107/791/3441 2906/592/3034
f 3173/827/3376 3172/594/3036 3106/597/3039 3107/791/3441
f 2964/587/3029 3175/825/3374 3109/789/3442 2907/588/3030
f 3175/825/3374 3174/590/3032 3108/593/3035 3109/789/3442
f 2963/583/3025 3177/823/3372 3111/787/3443 2908/584/3026
f 3177/823/3372 3176/586/3028 3110/589/3031 3111/787/3443
f 2962/579/3021 3179/821/3370 3113/785/3444 2909/580/3022
f 3179/821/3370 3178/582/3024 3112/585/3027 3113/785/3444
f 2961/575/3017 3181/819/3368 3115/783/3445 2910/576/3018
f 3181/819/3368 3180/578/3020 3114/581/3023 3115/783/3445
f 2960/571/3013 3183/817/3366 3117/781/3446 2911/572/3014
f 3183/817/3366 3182/574/3016 3116/577/3019 3117/781/3446
f 2959/567/3009 3185/815/3364 3119/779/3447 2912/568/3010
f 3185/815/3364 3184/570/3012 3118/573/3015 3119/779/3447
f 2958/563/3005 3187/813/3362 3121/777/3448 2913/564/3006
f 3187/813/3362 3186/566/3008 3120/569/3011 3121/777/3448
f 2957/559/3001 3189/811/3360 3123/775/3449 2914/560/3002
f 3189/811/3360 3188/562/3004 3122/565/3007 3123/775/3449
f 2956/555/2997 3191/809/3358 3125/773/3320 2915/556/2998
f 3191/809/3358 3190/558/3000 3124/561/3003 3125/773/3320
f 2955/804/3353 3193/807/3356 3127/771/3318 2916/768/3315
f 3193/807/3356 3192/554/2996 3126/557/2999 3127/771/3318
f 2988/873/3450 3195/712/3182 2999/552/2994 2989/551/2993
f 2917/713/3183 3195/712/3182 2988/873/3450
f 3194/805/3354 2955/804/3353 2916/768/3315 2998/767/3314
f 3195/712/3182 3194/805/3354 2998/767/3314 2999/552/2994
f 2953/544/2986 3197/800/3347 3067/764/3451 2886/545/2987
f 3197/800/3347 3196/547/2989 3066/550/2992 3067/764/3451
f 2952/540/2982 3199/798/3345 3069/762/3452 2887/541/2983
f 3199/798/3345 3198/543/2985 3068/546/2988 3069/762/3452
f 2951/536/2978 3201/796/3343 3071/760/3453 2888/537/2979
f 3201/796/3343 3200/539/2981 3070/542/2984 3071/760/3453
f 2950/532/2974 3203/794/3341 3073/758/3454 2889/533/2975
f 3203/794/3341 3202/535/2977 3072/538/2980 3073/758/3454
f 2949/528/2970 3205/792/3455 3075/756/3456 2890/529/2971
f 3205/792/3455 3204/531/2973 3074/534/2976 3075/756/3456
f 2948/524/2966 3207/790/3457 3077/754/3458 2891/525/2967
f 3207/790/3457 3206/527/2969 3076/530/2972 3077/754/3458
f 2947/520/2962 3209/788/3459 3079/752/3460 2892/521/2963
f 3209/788/3459 3208/523/2965 3078/526/2968 3079/752/3460
f 2946/516/2958 3211/786/3333 3081/750/3461 2893/517/2959
f 3211/786/3333 3210/519/2961 3080/522/2964 3081/750/3461
f 2945/512/2954 3213/784/3331 3083/748/3462 2894/513/2955
f 3213/784/3331 3212/515/2957 3082/518/2960 3083/748/3462
f 2944/508/2950 3215/782/3329 3085/746/3463 2895/509/2951
f 3215/782/3329 3214/511/2953 3084/514/2956 3085/746/3463
f 2943/504/2946 3217/780/3327 3087/744/3464 2896/505/2947
f 3217/780/3327 3216/507/2949 3086/510/2952 3087/744/3464
f 2942/500/2942 3219/778/3325 3089/742/3465 2897/501/2943
f 3219/778/3325 3218/503/2945 3088/506/2948 3089/742/3465
f 2941/496/2938 3221/776/3323 3091/740/3466 2898/497/2939
f 3221/776/3323 3220/499/2941 3090/502/2944 3091/740/3466
f 2940/492/2934 3223/774/3321 3093/738/3467 2899/493/2935
f 3223/774/3321 3222/495/2937 3092/498/2940 3093/738/3467
f 2939/769/3316 3225/772/3319 3095/736/3468 2900/733/3469
f 3225/772/3319 3224/491/2933 3094/494/2936 3095/736/3468
f 2921/715/3216 3227/487/2930 2996/486/2929
f 3226/770/3317 2939/769/3316 2900/733/3469 2994/732/3470
f 3227/487/2930 3226/770/3317 2994/732/3470 2995/488/2931
f 2937/479/2922 3229/765/3312 3030/874/3471 2867/480/2923
f 3229/765/3312 3228/482/2925 3031/485/2928 3030/874/3471
f 2936/475/2918 3231/763/3310 3028/875/3472 2866/476/2919
f 3231/763/3310 3230/478/2921 3029/481/2924 3028/875/3472
f 2935/471/2914 3233/761/3308 3026/876/3473 2865/472/2915
f 3233/761/3308 3232/474/2917 3027/477/2920 3026/876/3473
f 2934/467/2910 3235/759/3306 3024/877/3474 2864/468/2911
f 3235/759/3306 3234/470/2913 3025/473/2916 3024/877/3474
f 2933/463/2906 3237/757/3304 3022/878/3475 2863/464/2907
f 3237/757/3304 3236/466/2909 3023/469/2912 3022/878/3475
f 2932/459/2902 3239/755/3476 3020/879/3477 2862/460/2903
f 3239/755/3476 3238/462/2905 3021/465/2908 3020/879/3477
f 2931/455/2898 3241/753/3478 3018/880/3479 2861/456/2899
f 3241/753/3478 3240/458/2901 3019/461/2904 3018/880/3479
f 2930/451/2894 3243/751/3298 3016/881/3480 2860/452/2895
f 3243/751/3298 3242/454/2897 3017/457/2900 3016/881/3480
f 2929/447/2890 3245/749/3296 3014/882/3481 2859/448/2891
f 3245/749/3296 3244/450/2893 3015/453/2896 3014/882/3481
f 2928/443/2886 3247/747/3294 3012/883/3482 2858/444/2887
f 3247/747/3294 3246/446/2889 3013/449/2892 3012/883/3482
f 2927/439/2882 3249/745/3292 3010/884/3483 2857/440/2883
f 3249/745/3292 3248/442/2885 3011/445/2888 3010/884/3483
f 2926/435/2878 3251/743/3290 3008/885/3484 2856/436/2879
f 3251/743/3290 3250/438/2881 3009/441/2884 3008/885/3484
f 2925/431/2874 3253/741/3288 3006/886/3485 2855/432/2875
f 3253/741/3288 3252/434/2877 3007/437/2880 3006/886/3485
f 2924/427/2870 3255/739/3286 3004/887/3392 2854/428/2871
f 3255/739/3286 3254/430/2873 3005/433/2876 3004/887/3392
f 2923/734/3281 3257/737/3284 3002/888/3390 2853/889/3387
f 3257/737/3284 3256/426/2869 3003/429/2872 3002/888/3390
f 3131/890/3486 3259/717/3253 3000/424/2867 3130/423/2866
f 2921/718/3254 3259/717/3253 3131/890/3486
f 3258/735/3282 2923/734/3281 2853/889/3387 3001/891/3386
f 3259/717/3253 3258/735/3282 3001/891/3386 3000/424/2867
f 2938/483/2926 3261/730/3275 2990/892/3487 2868/484/2927
f 3261/730/3275 3260/415/2858 2991/418/2861 2990/892/3487
f 2954/548/2990 3263/728/3273 3065/729/3488 2885/549/2991
f 3263/728/3273 3262/411/2854 3064/414/2857 3065/729/3488
f 2970/611/3053 3265/726/3271 3097/727/3489 2901/612/3054
f 3265/726/3271 3264/407/2850 3096/410/2853 3097/727/3489
f 2986/676/3117 3267/724/3269 3033/725/3490 2869/677/3118
f 3267/724/3269 3266/403/2846 3032/406/2849 3033/725/3490
f 3688/403/3491 3340/404/3492 3271/405/3493 3454/406/3494
f 3686/407/3495 3341/408/3496 3274/409/3497 3518/410/3498
f 3684/411/3499 3342/412/3500 3273/413/3501 3486/414/3502
f 3682/415/3503 3344/416/3504 3269/417/3505 3413/418/3506
f 3409/419/3507 3340/420/3508 3269/421/3509 3344/422/3510
f 3552/423/3511 3422/424/3512 3268/425/3513
f 3678/426/3514 3346/427/3515 3276/428/3516 3425/429/3517
f 3676/430/3518 3347/431/3519 3277/432/3520 3427/433/3521
f 3674/434/3522 3348/435/3523 3278/436/3524 3429/437/3525
f 3672/438/3526 3349/439/3527 3279/440/3528 3431/441/3529
f 3670/442/3530 3350/443/3531 3280/444/3532 3433/445/3533
f 3668/446/3534 3351/447/3535 3281/448/3536 3435/449/3537
f 3666/450/3538 3352/451/3539 3282/452/3540 3437/453/3541
f 3664/454/3542 3353/455/3543 3283/456/3544 3439/457/3545
f 3662/458/3546 3354/459/3547 3284/460/3548 3441/461/3549
f 3660/462/3550 3355/463/3551 3285/464/3552 3443/465/3553
f 3658/466/3554 3356/467/3555 3286/468/3556 3445/469/3557
f 3656/470/3558 3357/471/3559 3287/472/3560 3447/473/3561
f 3654/474/3562 3358/475/3563 3288/476/3564 3449/477/3565
f 3652/478/3566 3359/479/3567 3289/480/3568 3451/481/3569
f 3650/482/3570 3360/483/3571 3290/484/3572 3453/485/3573
f 3418/486/3574 3649/487/3575 3417/488/3576 3272/489/3577 3419/490/3577
f 3646/491/3578 3362/492/3579 3321/493/3580 3516/494/3581
f 3644/495/3582 3363/496/3583 3320/497/3584 3514/498/3585
f 3642/499/3586 3364/500/3587 3319/501/3588 3512/502/3589
f 3640/503/3590 3365/504/3591 3318/505/3592 3510/506/3593
f 3638/507/3594 3366/508/3595 3317/509/3596 3508/510/3597
f 3636/511/3598 3367/512/3599 3316/513/3600 3506/514/3601
f 3634/515/3602 3368/516/3603 3315/517/3604 3504/518/3605
f 3632/519/3606 3369/520/3607 3314/521/3608 3502/522/3609
f 3630/523/3610 3370/524/3611 3313/525/3612 3500/526/3613
f 3628/527/3614 3371/528/3615 3312/529/3616 3498/530/3617
f 3626/531/3618 3372/532/3619 3311/533/3620 3496/534/3621
f 3624/535/3622 3373/536/3623 3310/537/3624 3494/538/3625
f 3622/539/3626 3374/540/3627 3309/541/3628 3492/542/3629
f 3620/543/3630 3375/544/3631 3308/545/3632 3490/546/3633
f 3618/547/3634 3376/548/3635 3307/549/3636 3488/550/3637
f 3411/551/3638 3421/552/3639 3268/553/3640
f 3614/554/3641 3378/555/3642 3337/556/3643 3548/557/3644
f 3612/558/3645 3379/559/3646 3336/560/3647 3546/561/3648
f 3610/562/3649 3380/563/3650 3335/564/3651 3544/565/3652
f 3608/566/3653 3381/567/3654 3334/568/3655 3542/569/3656
f 3606/570/3657 3382/571/3658 3333/572/3659 3540/573/3660
f 3604/574/3661 3383/575/3662 3332/576/3663 3538/577/3664
f 3602/578/3665 3384/579/3666 3331/580/3667 3536/581/3668
f 3600/582/3669 3385/583/3670 3330/584/3671 3534/585/3672
f 3598/586/3673 3386/587/3674 3329/588/3675 3532/589/3676
f 3596/590/3677 3387/591/3678 3328/592/3679 3530/593/3680
f 3594/594/3681 3388/595/3682 3327/596/3683 3528/597/3684
f 3592/598/3685 3389/599/3686 3326/600/3687 3526/601/3688
f 3590/602/3689 3390/603/3690 3325/604/3691 3524/605/3692
f 3588/606/3693 3391/607/3694 3324/608/3695 3522/609/3696
f 3586/610/3697 3392/611/3698 3323/612/3699 3520/613/3700
f 3551/614/3701 3585/615/3702 3415/616/3703 3270/617/3704 3550/618/3704
f 3582/619/3705 3394/620/3706 3305/621/3707 3484/622/3708
f 3580/623/3709 3395/624/3710 3304/625/3711 3482/626/3712
f 3578/627/3713 3396/628/3714 3303/629/3715 3480/630/3716
f 3576/631/3717 3397/632/3718 3302/633/3719 3478/634/3720
f 3574/635/3721 3398/636/3722 3301/637/3723 3476/638/3724
f 3572/639/3725 3399/640/3726 3300/641/3727 3474/642/3728
f 3570/643/3729 3400/644/3730 3299/645/3731 3472/646/3732
f 3568/647/3733 3401/648/3734 3298/649/3735 3470/650/3736
f 3566/651/3737 3402/652/3738 3297/653/3739 3468/654/3740
f 3564/655/3741 3403/656/3742 3296/657/3743 3466/658/3744
f 3562/659/3745 3404/660/3746 3295/661/3747 3464/662/3748
f 3560/663/3749 3405/664/3750 3294/665/3751 3462/666/3752
f 3558/667/3753 3406/668/3754 3293/669/3755 3460/670/3756
f 3556/671/3757 3407/672/3758 3292/673/3759 3458/674/3760
f 3554/675/3761 3408/676/3762 3291/677/3763 3456/678/3764
f 3453/679/3765 3290/680/3766 3408/676/3762 3554/675/3761
f 3451/681/3767 3289/682/3768 3407/672/3758 3556/671/3757
f 3449/683/3769 3288/684/3770 3406/668/3754 3558/667/3753
f 3447/685/3771 3287/686/3772 3405/664/3750 3560/663/3749
f 3445/687/3773 3286/688/3774 3404/660/3746 3562/659/3745
f 3443/689/3775 3285/690/3776 3403/656/3742 3564/655/3741
f 3441/691/3777 3284/692/3778 3402/652/3738 3566/651/3737
f 3439/693/3779 3283/694/3780 3401/648/3734 3568/647/3733
f 3437/695/3781 3282/696/3782 3400/644/3730 3570/643/3729
f 3435/697/3783 3281/698/3784 3399/640/3726 3572/639/3725
f 3433/699/3785 3280/700/3786 3398/636/3787 3574/635/3788
f 3431/701/3789 3279/702/3790 3397/632/3718 3576/631/3717
f 3429/703/3791 3278/704/3792 3396/628/3714 3578/627/3713
f 3427/705/3521 3277/706/3793 3395/624/3710 3580/623/3709
f 3425/707/3517 3276/708/3516 3394/620/3706 3582/619/3705
f 3410/709/3794 3585/615/3702 3339/710/3795
f 3456/678/3796 3291/677/3797 3392/611/3698 3586/610/3697
f 3458/674/3798 3292/673/3799 3391/607/3694 3588/606/3693
f 3460/670/3800 3293/669/3801 3390/603/3690 3590/602/3689
f 3462/666/3802 3294/665/3803 3389/599/3686 3592/598/3685
f 3464/662/3804 3295/661/3805 3388/595/3682 3594/594/3681
f 3466/658/3806 3296/657/3807 3387/591/3678 3596/590/3677
f 3468/654/3808 3297/653/3809 3386/587/3674 3598/586/3673
f 3470/650/3810 3298/649/3811 3385/583/3670 3600/582/3669
f 3472/646/3812 3299/645/3813 3384/579/3666 3602/578/3665
f 3474/642/3814 3300/641/3815 3383/575/3662 3604/574/3661
f 3476/638/3816 3301/637/3817 3382/571/3658 3606/570/3657
f 3478/634/3818 3302/633/3819 3381/567/3654 3608/566/3653
f 3480/630/3820 3303/629/3821 3380/563/3650 3610/562/3649
f 3482/626/3822 3304/625/3823 3379/559/3646 3612/558/3645
f 3484/622/3824 3305/621/3825 3378/555/3642 3614/554/3641
f 3551/711/3826 3617/712/3827 3339/713/3828
f 3520/613/3829 3323/612/3830 3376/548/3635 3618/547/3634
f 3522/609/3831 3324/608/3832 3375/544/3631 3620/543/3630
f 3524/605/3833 3325/604/3834 3374/540/3627 3622/539/3626
f 3526/601/3835 3326/600/3836 3373/536/3623 3624/535/3622
f 3528/597/3837 3327/596/3838 3372/532/3619 3626/531/3618
f 3530/593/3839 3328/592/3840 3371/528/3841 3628/527/3842
f 3532/589/3843 3329/588/3844 3370/524/3845 3630/523/3846
f 3534/585/3847 3330/584/3848 3369/520/3607 3632/519/3606
f 3536/581/3849 3331/580/3850 3368/516/3603 3634/515/3602
f 3538/577/3851 3332/576/3852 3367/512/3599 3636/511/3598
f 3540/573/3853 3333/572/3854 3366/508/3595 3638/507/3594
f 3542/569/3855 3334/568/3856 3365/504/3591 3640/503/3590
f 3544/565/3857 3335/564/3858 3364/500/3587 3642/499/3586
f 3546/561/3648 3336/560/3859 3363/496/3583 3644/495/3582
f 3548/557/3644 3337/556/3643 3362/492/3579 3646/491/3578
f 3553/714/3860 3649/487/3575 3343/715/3861
f 3488/550/3862 3307/549/3863 3360/483/3571 3650/482/3570
f 3490/546/3864 3308/545/3865 3359/479/3567 3652/478/3566
f 3492/542/3866 3309/541/3867 3358/475/3563 3654/474/3562
f 3494/538/3868 3310/537/3869 3357/471/3559 3656/470/3558
f 3496/534/3870 3311/533/3871 3356/467/3555 3658/466/3554
f 3498/530/3872 3312/529/3873 3355/463/3874 3660/462/3875
f 3500/526/3876 3313/525/3877 3354/459/3878 3662/458/3879
f 3502/522/3880 3314/521/3881 3353/455/3882 3664/454/3542
f 3504/518/3883 3315/517/3884 3352/451/3539 3666/450/3538
f 3506/514/3885 3316/513/3886 3351/447/3535 3668/446/3534
f 3508/510/3887 3317/509/3888 3350/443/3531 3670/442/3530
f 3510/506/3889 3318/505/3890 3349/439/3527 3672/438/3526
f 3512/502/3891 3319/501/3892 3348/435/3523 3674/434/3522
f 3514/498/3893 3320/497/3894 3347/431/3519 3676/430/3518
f 3516/494/3895 3321/493/3896 3346/427/3515 3678/426/3514
f 3418/716/3897 3681/717/3898 3343/718/3899
f 3342/412/3900 3409/419/3507 3344/422/3510 3273/413/3901
f 3274/409/3902 3341/719/3903 3409/419/3507 3342/412/3900
f 3341/719/3903 3271/720/3904 3340/420/3508 3409/419/3507
f 3486/414/3905 3273/413/3906 3344/416/3504 3682/415/3503
f 3518/410/3907 3274/409/3908 3342/412/3500 3684/411/3499
f 3454/406/3909 3271/405/3910 3341/408/3496 3686/407/3495
f 3413/721/3911 3269/722/3912 3340/404/3492 3688/403/3491
f 3290/680/3766 3412/723/3913 3689/724/3914 3408/676/3762
f 3412/723/3913 3413/721/3911 3688/403/3491 3689/724/3914
f 3291/677/3797 3455/725/3915 3687/726/3916 3392/611/3698
f 3455/725/3915 3454/406/3909 3686/407/3495 3687/726/3916
f 3323/612/3830 3519/727/3917 3685/728/3918 3376/548/3635
f 3519/727/3917 3518/410/3907 3684/411/3499 3685/728/3918
f 3307/549/3863 3487/729/3919 3683/730/3920 3360/483/3571
f 3487/729/3919 3486/414/3905 3682/415/3503 3683/730/3920
f 3419/731/3921 3417/488/3922 3681/717/3898 3418/716/3897
f 3272/489/3923 3417/488/3922 3419/731/3921
f 3416/732/3924 3322/733/3925 3345/734/3926 3680/735/3927
f 3417/488/3922 3416/732/3924 3680/735/3927 3681/717/3898
f 3322/733/3925 3517/736/3928 3679/737/3929 3345/734/3926
f 3517/736/3928 3516/494/3895 3678/426/3514 3679/737/3929
f 3321/493/3896 3515/738/3930 3677/739/3931 3346/427/3515
f 3515/738/3930 3514/498/3893 3676/430/3518 3677/739/3931
f 3320/497/3894 3513/740/3932 3675/741/3933 3347/431/3519
f 3513/740/3932 3512/502/3891 3674/434/3522 3675/741/3933
f 3319/501/3892 3511/742/3934 3673/743/3935 3348/435/3523
f 3511/742/3934 3510/506/3889 3672/438/3526 3673/743/3935
f 3318/505/3890 3509/744/3936 3671/745/3937 3349/439/3527
f 3509/744/3936 3508/510/3887 3670/442/3530 3671/745/3937
f 3317/509/3888 3507/746/3938 3669/747/3939 3350/443/3531
f 3507/746/3938 3506/514/3885 3668/446/3534 3669/747/3939
f 3316/513/3886 3505/748/3940 3667/749/3941 3351/447/3535
f 3505/748/3940 3504/518/3883 3666/450/3538 3667/749/3941
f 3315/517/3884 3503/750/3942 3665/751/3943 3352/451/3539
f 3503/750/3942 3502/522/3880 3664/454/3542 3665/751/3943
f 3314/521/3881 3501/752/3944 3663/753/3945 3353/455/3882
f 3501/752/3944 3500/526/3876 3662/458/3879 3663/753/3945
f 3313/525/3877 3499/754/3946 3661/755/3947 3354/459/3878
f 3499/754/3946 3498/530/3872 3660/462/3875 3661/755/3947
f 3312/529/3873 3497/756/3948 3659/757/3949 3355/463/3874
f 3497/756/3948 3496/534/3870 3658/466/3554 3659/757/3949
f 3311/533/3871 3495/758/3950 3657/759/3951 3356/467/3555
f 3495/758/3950 3494/538/3868 3656/470/3558 3657/759/3951
f 3310/537/3869 3493/760/3952 3655/761/3953 3357/471/3559
f 3493/760/3952 3492/542/3866 3654/474/3562 3655/761/3953
f 3309/541/3867 3491/762/3954 3653/763/3955 3358/475/3563
f 3491/762/3954 3490/546/3864 3652/478/3566 3653/763/3955
f 3308/545/3865 3489/764/3956 3651/765/3957 3359/479/3567
f 3489/764/3956 3488/550/3862 3650/482/3570 3651/765/3957
f 3552/766/3958 3421/552/3639 3649/487/3575 3553/714/3860
f 3268/553/3640 3421/552/3639 3552/766/3958
f 3420/767/3959 3338/768/3960 3361/769/3961 3648/770/3962
f 3421/552/3639 3420/767/3959 3648/770/3962 3649/487/3575
f 3338/768/3960 3549/771/3963 3647/772/3964 3361/769/3961
f 3549/771/3963 3548/557/3644 3646/491/3578 3647/772/3964
f 3337/556/3643 3547/773/3965 3645/774/3966 3362/492/3579
f 3547/773/3965 3546/561/3648 3644/495/3582 3645/774/3966
f 3336/560/3859 3545/775/3967 3643/776/3968 3363/496/3583
f 3545/775/3967 3544/565/3857 3642/499/3586 3643/776/3968
f 3335/564/3858 3543/777/3969 3641/778/3970 3364/500/3587
f 3543/777/3969 3542/569/3855 3640/503/3590 3641/778/3970
f 3334/568/3856 3541/779/3971 3639/780/3972 3365/504/3591
f 3541/779/3971 3540/573/3853 3638/507/3594 3639/780/3972
f 3333/572/3854 3539/781/3973 3637/782/3974 3366/508/3595
f 3539/781/3973 3538/577/3851 3636/511/3598 3637/782/3974
f 3332/576/3852 3537/783/3975 3635/784/3976 3367/512/3599
f 3537/783/3975 3536/581/3849 3634/515/3602 3635/784/3976
f 3331/580/3850 3535/785/3977 3633/786/3978 3368/516/3603
f 3535/785/3977 3534/585/3847 3632/519/3606 3633/786/3978
f 3330/584/3848 3533/787/3979 3631/788/3980 3369/520/3607
f 3533/787/3979 3532/589/3843 3630/523/3846 3631/788/3980
f 3329/588/3844 3531/789/3981 3629/790/3982 3370/524/3845
f 3531/789/3981 3530/593/3839 3628/527/3842 3629/790/3982
f 3328/592/3840 3529/791/3983 3627/792/3984 3371/528/3841
f 3529/791/3983 3528/597/3837 3626/531/3618 3627/792/3984
f 3327/596/3838 3527/793/3985 3625/794/3986 3372/532/3619
f 3527/793/3985 3526/601/3835 3624/535/3622 3625/794/3986
f 3326/600/3836 3525/795/3987 3623/796/3988 3373/536/3623
f 3525/795/3987 3524/605/3833 3622/539/3626 3623/796/3988
f 3325/604/3834 3523/797/3989 3621/798/3990 3374/540/3627
f 3523/797/3989 3522/609/3831 3620/543/3630 3621/798/3990
f 3324/608/3832 3521/799/3991 3619/800/3992 3375/544/3631
f 3521/799/3991 3520/613/3829 3618/547/3634 3619/800/3992
f 3550/801/3993 3415/616/3994 3617/712/3827 3551/711/3826
f 3270/617/3995 3415/616/3994 3550/801/3993
f 3414/802/3996 3306/803/3997 3377/804/3998 3616/805/3999
f 3415/616/3994 3414/802/3996 3616/805/3999 3617/712/3827
f 3306/803/3997 3485/806/4000 3615/807/4001 3377/804/3998
f 3485/806/4000 3484/622/3824 3614/554/3641 3615/807/4001
f 3305/621/3825 3483/808/4002 3613/809/4003 3378/555/3642
f 3483/808/4002 3482/626/3822 3612/558/3645 3613/809/4003
f 3304/625/3823 3481/810/4004 3611/811/4005 3379/559/3646
f 3481/810/4004 3480/630/3820 3610/562/3649 3611/811/4005
f 3303/629/3821 3479/812/4006 3609/813/4007 3380/563/3650
f 3479/812/4006 3478/634/3818 3608/566/3653 3609/813/4007
f 3302/633/3819 3477/814/4008 3607/815/4009 3381/567/3654
f 3477/814/4008 3476/638/3816 3606/570/3657 3607/815/4009
f 3301/637/3817 3475/816/4010 3605/817/4011 3382/571/3658
f 3475/816/4010 3474/642/3814 3604/574/3661 3605/817/4011
f 3300/641/3815 3473/818/4012 3603/819/4013 3383/575/3662
f 3473/818/4012 3472/646/3812 3602/578/3665 3603/819/4013
f 3299/645/3813 3471/820/4014 3601/821/4015 3384/579/3666
f 3471/820/4014 3470/650/3810 3600/582/3669 3601/821/4015
f 3298/649/3811 3469/822/4016 3599/823/4017 3385/583/3670
f 3469/822/4016 3468/654/3808 3598/586/3673 3599/823/4017
f 3297/653/3809 3467/824/4018 3597/825/4019 3386/587/3674
f 3467/824/4018 3466/658/3806 3596/590/3677 3597/825/4019
f 3296/657/3807 3465/826/4020 3595/827/4021 3387/591/3678
f 3465/826/4020 3464/662/3804 3594/594/3681 3595/827/4021
f 3295/661/3805 3463/828/4022 3593/829/4023 3388/595/3682
f 3463/828/4022 3462/666/3802 3592/598/3685 3593/829/4023
f 3294/665/3803 3461/830/4024 3591/831/4025 3389/599/3686
f 3461/830/4024 3460/670/3800 3590/602/3689 3591/831/4025
f 3293/669/3801 3459/832/4026 3589/833/4027 3390/603/3690
f 3459/832/4026 3458/674/3798 3588/606/3693 3589/833/4027
f 3292/673/3799 3457/834/4028 3587/835/4029 3391/607/3694
f 3457/834/4028 3456/678/3796 3586/610/3697 3587/835/4029
f 3411/836/4030 3422/837/3512 3585/615/3702 3410/709/3794
f 3268/838/3513 3422/837/3512 3411/836/4030
f 3423/839/4031 3275/840/4032 3393/841/4033 3584/842/4034
f 3422/837/3512 3423/839/4031 3584/842/4034 3585/615/3702
f 3275/840/4032 3424/843/4035 3583/844/4036 3393/841/4033
f 3424/843/4035 3425/707/3517 3582/619/3705 3583/844/4036
f 3276/708/3516 3426/845/4037 3581/846/4038 3394/620/3706
f 3426/845/4037 3427/705/3521 3580/623/3709 3581/846/4038
f 3277/706/3793 3428/847/4039 3579/848/4040 3395/624/3710
f 3428/847/4039 3429/703/3791 3578/627/3713 3579/848/4040
f 3278/704/3792 3430/849/4041 3577/850/4042 3396/628/3714
f 3430/849/4041 3431/701/3789 3576/631/3717 3577/850/4042
f 3279/702/3790 3432/851/4043 3575/852/4044 3397/632/3718
f 3432/851/4043 3433/699/3785 3574/635/3788 3575/852/4044
f 3280/700/3786 3434/853/4045 3573/854/4046 3398/636/3787
f 3434/853/4045 3435/697/3783 3572/639/3725 3573/854/4046
f 3281/698/3784 3436/855/4047 3571/856/4048 3399/640/3726
f 3436/855/4047 3437/695/3781 3570/643/3729 3571/856/4048
f 3282/696/3782 3438/857/4049 3569/858/4050 3400/644/3730
f 3438/857/4049 3439/693/3779 3568/647/3733 3569/858/4050
f 3283/694/3780 3440/859/4051 3567/860/4052 3401/648/3734
f 3440/859/4051 3441/691/3777 3566/651/3737 3567/860/4052
f 3284/692/3778 3442/861/4053 3565/862/4054 3402/652/3738
f 3442/861/4053 3443/689/3775 3564/655/3741 3565/862/4054
f 3285/690/3776 3444/863/4055 3563/864/4056 3403/656/3742
f 3444/863/4055 3445/687/3773 3562/659/3745 3563/864/4056
f 3286/688/3774 3446/865/4057 3561/866/4058 3404/660/3746
f 3446/865/4057 3447/685/3771 3560/663/3749 3561/866/4058
f 3287/686/3772 3448/867/4059 3559/868/4060 3405/664/3750
f 3448/867/4059 3449/683/3769 3558/667/3753 3559/868/4060
f 3288/684/3770 3450/869/4061 3557/870/4062 3406/668/3754
f 3450/869/4061 3451/681/3767 3556/671/3757 3557/870/4062
f 3289/682/3768 3452/871/4063 3555/872/4064 3407/672/3758
f 3452/871/4063 3453/679/3765 3554/675/3761 3555/872/4064
f 3407/672/3758 3555/872/4064 3457/834/4065 3292/673/3759
f 3555/872/4064 3554/675/3761 3456/678/3764 3457/834/4065
f 3406/668/3754 3557/870/4062 3459/832/4066 3293/669/3755
f 3557/870/4062 3556/671/3757 3458/674/3760 3459/832/4066
f 3405/664/3750 3559/868/4060 3461/830/4067 3294/665/3751
f 3559/868/4060 3558/667/3753 3460/670/3756 3461/830/4067
f 3404/660/3746 3561/866/4058 3463/828/4068 3295/661/3747
f 3561/866/4058 3560/663/3749 3462/666/3752 3463/828/4068
f 3403/656/3742 3563/864/4056 3465/826/4069 3296/657/3743
f 3563/864/4056 3562/659/3745 3464/662/3748 3465/826/4069
f 3402/652/3738 3565/862/4054 3467/824/4070 3297/653/3739
f 3565/862/4054 3564/655/3741 3466/658/3744 3467/824/4070
f 3401/648/3734 3567/860/4052 3469/822/4071 3298/649/3735
f 3567/860/4052 3566/651/3737 3468/654/3740 3469/822/4071
f 3400/644/3730 3569/858/4050 3471/820/4072 3299/645/3731
f 3569/858/4050 3568/647/3733 3470/650/3736 3471/820/4072
f 3399/640/3726 3571/856/4048 3473/818/4073 3300/641/3727
f 3571/856/4048 3570/643/3729 3472/646/3732 3473/818/4073
f 3398/636/3722 3573/854/4046 3475/816/4074 3301/637/3723
f 3573/854/4046 3572/639/3725 3474/642/3728 3475/816/4074
f 3397/632/3718 3575/852/4044 3477/814/4075 3302/633/3719
f 3575/852/4044 3574/635/3721 3476/638/3724 3477/814/4075
f 3396/628/3714 3577/850/4042 3479/812/4076 3303/629/3715
f 3577/850/4042 3576/631/3717 3478/634/3720 3479/812/4076
f 3395/624/3710 3579/848/4040 3481/810/4077 3304/625/3711
f 3579/848/4040 3578/627/3713 3480/630/3716 3481/810/4077
f 3394/620/3706 3581/846/4038 3483/808/4078 3305/621/3707
f 3581/846/4038 3580/623/3709 3482/626/3712 3483/808/4078
f 3393/841/4033 3583/844/4036 3485/806/4079 3306/803/4080
f 3583/844/4036 3582/619/3705 3484/622/3708 3485/806/4079
f 3339/710/3795 3585/615/3702 3551/614/3701
f 3584/842/4034 3393/841/4033 3306/803/4080 3414/802/4081
f 3585/615/3702 3584/842/4034 3414/802/4081 3415/616/3703
f 3391/607/3694 3587/835/4029 3521/799/4082 3324/608/3695
f 3587/835/4029 3586/610/3697 3520/613/3700 3521/799/4082
f 3390/603/3690 3589/833/4027 3523/797/4083 3325/604/3691
f 3589/833/4027 3588/606/3693 3522/609/3696 3523/797/4083
f 3389/599/3686 3591/831/4025 3525/795/4084 3326/600/3687
f 3591/831/4025 3590/602/3689 3524/605/3692 3525/795/4084
f 3388/595/3682 3593/829/4023 3527/793/4085 3327/596/3683
f 3593/829/4023 3592/598/3685 3526/601/3688 3527/793/4085
f 3387/591/3678 3595/827/4021 3529/791/4086 3328/592/3679
f 3595/827/4021 3594/594/3681 3528/597/3684 3529/791/4086
f 3386/587/3674 3597/825/4019 3531/789/4087 3329/588/3675
f 3597/825/4019 3596/590/3677 3530/593/3680 3531/789/4087
f 3385/583/3670 3599/823/4017 3533/787/4088 3330/584/3671
f 3599/823/4017 3598/586/3673 3532/589/3676 3533/787/4088
f 3384/579/3666 3601/821/4015 3535/785/4089 3331/580/3667
f 3601/821/4015 3600/582/3669 3534/585/3672 3535/785/4089
f 3383/575/3662 3603/819/4013 3537/783/4090 3332/576/3663
f 3603/819/4013 3602/578/3665 3536/581/3668 3537/783/4090
f 3382/571/3658 3605/817/4011 3539/781/4091 3333/572/3659
f 3605/817/4011 3604/574/3661 3538/577/3664 3539/781/4091
f 3381/567/3654 3607/815/4009 3541/779/4092 3334/568/3655
f 3607/815/4009 3606/570/3657 3540/573/3660 3541/779/4092
f 3380/563/3650 3609/813/4007 3543/777/4093 3335/564/3651
f 3609/813/4007 3608/566/3653 3542/569/3656 3543/777/4093
f 3379/559/3646 3611/811/4005 3545/775/4094 3336/560/3647
f 3611/811/4005 3610/562/3649 3544/565/3652 3545/775/4094
f 3378/555/3642 3613/809/4003 3547/773/3965 3337/556/3643
f 3613/809/4003 3612/558/3645 3546/561/3648 3547/773/3965
f 3377/804/3998 3615/807/4001 3549/771/3963 3338/768/3960
f 3615/807/4001 3614/554/3641 3548/557/3644 3549/771/3963
f 3410/873/4095 3617/712/3827 3421/552/3639 3411/551/3638
f 3339/713/3828 3617/712/3827 3410/873/4095
f 3616/805/3999 3377/804/3998 3338/768/3960 3420/767/3959
f 3617/712/3827 3616/805/3999 3420/767/3959 3421/552/3639
f 3375/544/3631 3619/800/3992 3489/764/4096 3308/545/3632
f 3619/800/3992 3618/547/3634 3488/550/3637 3489/764/4096
f 3374/540/3627 3621/798/3990 3491/762/4097 3309/541/3628
f 3621/798/3990 3620/543/3630 3490/546/3633 3491/762/4097
f 3373/536/3623 3623/796/3988 3493/760/4098 3310/537/3624
f 3623/796/3988 3622/539/3626 3492/542/3629 3493/760/4098
f 3372/532/3619 3625/794/3986 3495/758/4099 3311/533/3620
f 3625/794/3986 3624/535/3622 3494/538/3625 3495/758/4099
f 3371/528/3615 3627/792/4100 3497/756/4101 3312/529/3616
f 3627/792/4100 3626/531/3618 3496/534/3621 3497/756/4101
f 3370/524/3611 3629/790/4102 3499/754/4103 3313/525/3612
f 3629/790/4102 3628/527/3614 3498/530/3617 3499/754/4103
f 3369/520/3607 3631/788/4104 3501/752/4105 3314/521/3608
f 3631/788/4104 3630/523/3610 3500/526/3613 3501/752/4105
f 3368/516/3603 3633/786/3978 3503/750/4106 3315/517/3604
f 3633/786/3978 3632/519/3606 3502/522/3609 3503/750/4106
f 3367/512/3599 3635/784/3976 3505/748/4107 3316/513/3600
f 3635/784/3976 3634/515/3602 3504/518/3605 3505/748/4107
f 3366/508/3595 3637/782/3974 3507/746/4108 3317/509/3596
f 3637/782/3974 3636/511/3598 3506/514/3601 3507/746/4108
f 3365/504/3591 3639/780/3972 3509/744/4109 3318/505/3592
f 3639/780/3972 3638/507/3594 3508/510/3597 3509/744/4109
f 3364/500/3587 3641/778/3970 3511/742/4110 3319/501/3588
f 3641/778/3970 3640/503/3590 3510/506/3593 3511/742/4110
f 3363/496/3583 3643/776/3968 3513/740/4111 3320/497/3584
f 3643/776/3968 3642/499/3586 3512/502/3589 3513/740/4111
f 3362/492/3579 3645/774/3966 3515/738/4112 3321/493/3580
f 3645/774/3966 3644/495/3582 3514/498/3585 3515/738/4112
f 3361/769/3961 3647/772/3964 3517/736/4113 3322/733/4114
f 3647/772/3964 3646/491/3578 3516/494/3581 3517/736/4113
f 3343/715/3861 3649/487/3575 3418/486/3574
f 3648/770/3962 3361/769/3961 3322/733/4114 3416/732/4115
f 3649/487/3575 3648/770/3962 3416/732/4115 3417/488/3576
f 3359/479/3567 3651/765/3957 3452/874/4116 3289/480/3568
f 3651/765/3957 3650/482/3570 3453/485/3573 3452/874/4116
f 3358/475/3563 3653/763/3955 3450/875/4117 3288/476/3564
f 3653/763/3955 3652/478/3566 3451/481/3569 3450/875/4117
f 3357/471/3559 3655/761/3953 3448/876/4118 3287/472/3560
f 3655/761/3953 3654/474/3562 3449/477/3565 3448/876/4118
f 3356/467/3555 3657/759/3951 3446/877/4119 3286/468/3556
f 3657/759/3951 3656/470/3558 3447/473/3561 3446/877/4119
f 3355/463/3551 3659/757/3949 3444/878/4120 3285/464/3552
f 3659/757/3949 3658/466/3554 3445/469/3557 3444/878/4120
f 3354/459/3547 3661/755/4121 3442/879/4122 3284/460/3548
f 3661/755/4121 3660/462/3550 3443/465/3553 3442/879/4122
f 3353/455/3543 3663/753/4123 3440/880/4124 3283/456/3544
f 3663/753/4123 3662/458/3546 3441/461/3549 3440/880/4124
f 3352/451/3539 3665/751/3943 3438/881/4125 3282/452/3540
f 3665/751/3943 3664/454/3542 3439/457/3545 3438/881/4125
f 3351/447/3535 3667/749/3941 3436/882/4126 3281/448/3536
f 3667/749/3941 3666/450/3538 3437/453/3541 3436/882/4126
f 3350/443/3531 3669/747/3939 3434/883/4127 3280/444/3532
f 3669/747/3939 3668/446/3534 3435/449/3537 3434/883/4127
f 3349/439/3527 3671/745/3937 3432/884/4128 3279/440/3528
f 3671/745/3937 3670/442/3530 3433/445/3533 3432/884/4128
f 3348/435/3523 3673/743/3935 3430/885/4129 3278/436/3524
f 3673/743/3935 3672/438/3526 3431/441/3529 3430/885/4129
f 3347/431/3519 3675/741/3933 3428/886/4130 3277/432/3520
f 3675/741/3933 3674/434/3522 3429/437/3525 3428/886/4130
f 3346/427/3515 3677/739/3931 3426/887/4037 3276/428/3516
f 3677/739/3931 3676/430/3518 3427/433/3521 3426/887/4037
f 3345/734/3926 3679/737/3929 3424/888/4035 3275/889/4032
f 3679/737/3929 3678/426/3514 3425/429/3517 3424/888/4035
f 3553/890/4131 3681/717/3898 3422/424/3512 3552/423/3511
f 3343/718/3899 3681/717/3898 3553/890/4131
f 3680/735/3927 3345/734/3926 3275/889/4032 3423/891/4031
f 3681/717/3898 3680/735/3927 3423/891/4031 3422/424/3512
f 3360/483/3571 3683/730/3920 3412/892/4132 3290/484/3572
f 3683/730/3920 3682/415/3503 3413/418/3506 3412/892/4132
f 3376/548/3635 3685/728/3918 3487/729/4133 3307/549/3636
f 3685/728/3918 3684/411/3499 3486/414/3502 3487/729/4133
f 3392/611/3698 3687/726/3916 3519/727/4134 3323/612/3699
f 3687/726/3916 3686/407/3495 3518/410/3498 3519/727/4134
f 3408/676/3762 3689/724/3914 3455/725/4135 3291/677/3763
f 3689/724/3914 3688/403/3491 3454/406/3494 3455/725/4135
f 4110/403/4136 3762/404/4137 3693/405/4138 3876/406/4139
f 4108/407/4140 3763/408/4141 3696/409/4142 3940/410/4143
f 4106/411/4144 3764/412/4145 3695/413/4146 3908/414/4147
f 4104/415/4148 3766/416/4149 3691/417/4150 3835/418/4151
f 3831/419/4152 3762/420/4153 3691/421/4154 3766/422/4155
f 3974/423/4156 3844/424/4157 3690/425/4158
f 4100/426/4159 3768/427/4160 3698/428/4161 3847/429/4162
f 4098/430/4163 3769/431/4164 3699/432/4165 3849/433/4166
f 4096/434/4167 3770/435/4168 3700/436/4169 3851/437/4170
f 4094/438/4171 3771/439/4172 3701/440/4173 3853/441/4174
f 4092/442/4175 3772/443/4176 3702/444/4177 3855/445/4178
f 4090/446/4179 3773/447/4180 3703/448/4181 3857/449/4182
f 4088/450/4183 3774/451/4184 3704/452/4185 3859/453/4186
f 4086/454/4187 3775/455/4188 3705/456/4189 3861/457/4190
f 4084/458/4191 3776/459/4192 3706/460/4193 3863/461/4194
f 4082/462/4195 3777/463/4196 3707/464/4197 3865/465/4198
f 4080/466/4199 3778/467/4200 3708/468/4201 3867/469/4202
f 4078/470/4203 3779/471/4204 3709/472/4205 3869/473/4206
f 4076/474/4207 3780/475/4208 3710/476/4209 3871/477/4210
f 4074/478/4211 3781/479/4212 3711/480/4213 3873/481/4214
f 4072/482/4215 3782/483/4216 3712/484/4217 3875/485/4218
f 3840/486/4219 4071/487/4220 3839/488/4221 3694/489/4222 3841/490/4222
f 4068/491/4223 3784/492/4224 3743/493/4225 3938/494/4226
f 4066/495/4227 3785/496/4228 3742/497/4229 3936/498/4230
f 4064/499/4231 3786/500/4232 3741/501/4233 3934/502/4234
f 4062/503/4235 3787/504/4236 3740/505/4237 3932/506/4238
f 4060/507/4239 3788/508/4240 3739/509/4241 3930/510/4242
f 4058/511/4243 3789/512/4244 3738/513/4245 3928/514/4246
f 4056/515/4247 3790/516/4248 3737/517/4249 3926/518/4250
f 4054/519/4251 3791/520/4252 3736/521/4253 3924/522/4254
f 4052/523/4255 3792/524/4256 3735/525/4257 3922/526/4258
f 4050/527/4259 3793/528/4260 3734/529/4261 3920/530/4262
f 4048/531/4263 3794/532/4264 3733/533/4265 3918/534/4266
f 4046/535/4267 3795/536/4268 3732/537/4269 3916/538/4270
f 4044/539/4271 3796/540/4272 3731/541/4273 3914/542/4274
f 4042/543/4275 3797/544/4276 3730/545/4277 3912/546/4278
f 4040/547/4279 3798/548/4280 3729/549/4281 3910/550/4282
f 3833/551/4283 3843/552/4284 3690/553/4285
f 4036/554/4286 3800/555/4287 3759/556/4288 3970/557/4289
f 4034/558/4290 3801/559/4291 3758/560/4292 3968/561/4293
f 4032/562/4294 3802/563/4295 3757/564/4296 3966/565/4297
f 4030/566/4298 3803/567/4299 3756/568/4300 3964/569/4301
f 4028/570/4302 3804/571/4303 3755/572/4304 3962/573/4305
f 4026/574/4306 3805/575/4307 3754/576/4308 3960/577/4309
f 4024/578/4310 3806/579/4311 3753/580/4312 3958/581/4313
f 4022/582/4314 3807/583/4315 3752/584/4316 3956/585/4317
f 4020/586/4318 3808/587/4319 3751/588/4320 3954/589/4321
f 4018/590/4322 3809/591/4323 3750/592/4324 3952/593/4325
f 4016/594/4326 3810/595/4327 3749/596/4328 3950/597/4329
f 4014/598/4330 3811/599/4331 3748/600/4332 3948/601/4333
f 4012/602/4334 3812/603/4335 3747/604/4336 3946/605/4337
f 4010/606/4338 3813/607/4339 3746/608/4340 3944/609/4341
f 4008/610/4342 3814/611/4343 3745/612/4344 3942/613/4345
f 3973/614/4346 4007/615/4347 3837/616/4348 3692/617/4349 3972/618/4349
f 4004/619/4350 3816/620/4351 3727/621/4352 3906/622/4353
f 4002/623/4354 3817/624/4355 3726/625/4356 3904/626/4357
f 4000/627/4358 3818/628/4359 3725/629/4360 3902/630/4361
f 3998/631/4362 3819/632/4363 3724/633/4364 3900/634/4365
f 3996/635/4366 3820/636/4367 3723/637/4368 3898/638/4369
f 3994/639/4370 3821/640/4371 3722/641/4372 3896/642/4373
f 3992/643/4374 3822/644/4375 3721/645/4376 3894/646/4377
f 3990/647/4378 3823/648/4379 3720/649/4380 3892/650/4381
f 3988/651/4382 3824/652/4383 3719/653/4384 3890/654/4385
f 3986/655/4386 3825/656/4387 3718/657/4388 3888/658/4389
f 3984/659/4390 3826/660/4391 3717/661/4392 3886/662/4393
f 3982/663/4394 3827/664/4395 3716/665/4396 3884/666/4397
f 3980/667/4398 3828/668/4399 3715/669/4400 3882/670/4401
f 3978/671/4402 3829/672/4403 3714/673/4404 3880/674/4405
f 3976/675/4406 3830/676/4407 3713/677/4408 3878/678/4409
f 3875/679/4410 3712/680/4411 3830/676/4407 3976/675/4406
f 3873/681/4412 3711/682/4413 3829/672/4403 3978/671/4402
f 3871/683/4414 3710/684/4415 3828/668/4399 3980/667/4398
f 3869/685/4416 3709/686/4417 3827/664/4395 3982/663/4394
f 3867/687/4418 3708/688/4419 3826/660/4391 3984/659/4390
f 3865/689/4420 3707/690/4421 3825/656/4387 3986/655/4386
f 3863/691/4422 3706/692/4423 3824/652/4383 3988/651/4382
f 3861/693/4424 3705/694/4425 3823/648/4379 3990/647/4378
f 3859/695/4426 3704/696/4427 3822/644/4375 3992/643/4374
f 3857/697/4428 3703/698/4429 3821/640/4371 3994/639/4370
f 3855/699/4430 3702/700/4431 3820/636/4432 3996/635/4433
f 3853/701/4434 3701/702/4435 3819/632/4363 3998/631/4362
f 3851/703/4436 3700/704/4437 3818/628/4359 4000/627/4358
f 3849/705/4166 3699/706/4438 3817/624/4355 4002/623/4354
f 3847/707/4162 3698/708/4161 3816/620/4351 4004/619/4350
f 3832/709/4439 4007/615/4347 3761/710/4440
f 3878/678/4441 3713/677/4442 3814/611/4343 4008/610/4342
f 3880/674/4443 3714/673/4444 3813/607/4339 4010/606/4338
f 3882/670/4445 3715/669/4446 3812/603/4335 4012/602/4334
f 3884/666/4447 3716/665/4448 3811/599/4331 4014/598/4330
f 3886/662/4449 3717/661/4450 3810/595/4327 4016/594/4326
f 3888/658/4451 3718/657/4452 3809/591/4323 4018/590/4322
f 3890/654/4453 3719/653/4454 3808/587/4319 4020/586/4318
f 3892/650/4455 3720/649/4456 3807/583/4315 4022/582/4314
f 3894/646/4457 3721/645/4458 3806/579/4311 4024/578/4310
f 3896/642/4459 3722/641/4460 3805/575/4307 4026/574/4306
f 3898/638/4461 3723/637/4462 3804/571/4303 4028/570/4302
f 3900/634/4463 3724/633/4464 3803/567/4299 4030/566/4298
f 3902/630/4465 3725/629/4466 3802/563/4295 4032/562/4294
f 3904/626/4467 3726/625/4468 3801/559/4291 4034/558/4290
f 3906/622/4469 3727/621/4470 3800/555/4287 4036/554/4286
f 3973/711/4471 4039/712/4472 3761/713/4473
f 3942/613/4474 3745/612/4475 3798/548/4280 4040/547/4279
f 3944/609/4476 3746/608/4477 3797/544/4276 4042/543/4275
f 3946/605/4478 3747/604/4479 3796/540/4272 4044/539/4271
f 3948/601/4480 3748/600/4481 3795/536/4268 4046/535/4267
f 3950/597/4482 3749/596/4483 3794/532/4264 4048/531/4263
f 3952/593/4484 3750/592/4485 3793/528/4486 4050/527/4487
f 3954/589/4488 3751/588/4489 3792/524/4490 4052/523/4491
f 3956/585/4492 3752/584/4493 3791/520/4252 4054/519/4251
f 3958/581/4494 3753/580/4495 3790/516/4248 4056/515/4247
f 3960/577/4496 3754/576/4497 3789/512/4244 4058/511/4243
f 3962/573/4498 3755/572/4499 3788/508/4240 4060/507/4239
f 3964/569/4500 3756/568/4501 3787/504/4236 4062/503/4235
f 3966/565/4502 3757/564/4503 3786/500/4232 4064/499/4231
f 3968/561/4293 3758/560/4504 3785/496/4228 4066/495/4227
f 3970/557/4289 3759/556/4288 3784/492/4224 4068/491/4223
f 3975/714/4505 4071/487/4220 3765/715/4506
f 3910/550/4507 3729/549/4508 3782/483/4216 4072/482/4215
f 3912/546/4509 3730/545/4510 3781/479/4212 4074/478/4211
f 3914/542/4511 3731/541/4512 3780/475/4208 4076/474/4207
f 3916/538/4513 3732/537/4514 3779/471/4204 4078/470/4203
f 3918/534/4515 3733/533/4516 3778/467/4200 4080/466/4199
f 3920/530/4517 3734/529/4518 3777/463/4519 4082/462/4520
f 3922/526/4521 3735/525/4522 3776/459/4523 4084/458/4524
f 3924/522/4525 3736/521/4526 3775/455/4527 4086/454/4187
f 3926/518/4528 3737/517/4529 3774/451/4184 4088/450/4183
f 3928/514/4530 3738/513/4531 3773/447/4180 4090/446/4179
f 3930/510/4532 3739/509/4533 3772/443/4176 4092/442/4175
f 3932/506/4534 3740/505/4535 3771/439/4172 4094/438/4171
f 3934/502/4536 3741/501/4537 3770/435/4168 4096/434/4167
f 3936/498/4538 3742/497/4539 3769/431/4164 4098/430/4163
f 3938/494/4540 3743/493/4541 3768/427/4160 4100/426/4159
f 3840/716/4542 4103/717/4543 3765/718/4544
f 3764/412/4545 3831/419/4152 3766/422/4155 3695/413/4546
f 3696/409/4547 3763/719/4548 3831/419/4152 3764/412/4545
f 3763/719/4548 3693/720/4549 3762/420/4153 3831/419/4152
f 3908/414/4550 3695/413/4551 3766/416/4149 4104/415/4148
f 3940/410/4552 3696/409/4553 3764/412/4145 4106/411/4144
f 3876/406/4554 3693/405/4555 3763/408/4141 4108/407/4140
f 3835/721/4556 3691/722/4557 3762/404/4137 4110/403/4136
f 3712/680/4411 3834/723/4558 4111/724/4559 3830/676/4407
f 3834/723/4558 3835/721/4556 4110/403/4136 4111/724/4559
f 3713/677/4442 3877/725/4560 4109/726/4561 3814/611/4343
f 3877/725/4560 3876/406/4554 4108/407/4140 4109/726/4561
f 3745/612/4475 3941/727/4562 4107/728/4563 3798/548/4280
f 3941/727/4562 3940/410/4552 4106/411/4144 4107/728/4563
f 3729/549/4508 3909/729/4564 4105/730/4565 3782/483/4216
f 3909/729/4564 3908/414/4550 4104/415/4148 4105/730/4565
f 3841/731/4566 3839/488/4567 4103/717/4543 3840/716/4542
f 3694/489/4568 3839/488/4567 3841/731/4566
f 3838/732/4569 3744/733/4570 3767/734/4571 4102/735/4572
f 3839/488/4567 3838/732/4569 4102/735/4572 4103/717/4543
f 3744/733/4570 3939/736/4573 4101/737/4574 3767/734/4571
f 3939/736/4573 3938/494/4540 4100/426/4159 4101/737/4574
f 3743/493/4541 3937/738/4575 4099/739/4576 3768/427/4160
f 3937/738/4575 3936/498/4538 4098/430/4163 4099/739/4576
f 3742/497/4539 3935/740/4577 4097/741/4578 3769/431/4164
f 3935/740/4577 3934/502/4536 4096/434/4167 4097/741/4578
f 3741/501/4537 3933/742/4579 4095/743/4580 3770/435/4168
f 3933/742/4579 3932/506/4534 4094/438/4171 4095/743/4580
f 3740/505/4535 3931/744/4581 4093/745/4582 3771/439/4172
f 3931/744/4581 3930/510/4532 4092/442/4175 4093/745/4582
f 3739/509/4533 3929/746/4583 4091/747/4584 3772/443/4176
f 3929/746/4583 3928/514/4530 4090/446/4179 4091/747/4584
f 3738/513/4531 3927/748/4585 4089/749/4586 3773/447/4180
f 3927/748/4585 3926/518/4528 4088/450/4183 4089/749/4586
f 3737/517/4529 3925/750/4587 4087/751/4588 3774/451/4184
f 3925/750/4587 3924/522/4525 4086/454/4187 4087/751/4588
f 3736/521/4526 3923/752/4589 4085/753/4590 3775/455/4527
f 3923/752/4589 3922/526/4521 4084/458/4524 4085/753/4590
f 3735/525/4522 3921/754/4591 4083/755/4592 3776/459/4523
f 3921/754/4591 3920/530/4517 4082/462/4520 4083/755/4592
f 3734/529/4518 3919/756/4593 4081/757/4594 3777/463/4519
f 3919/756/4593 3918/534/4515 4080/466/4199 4081/757/4594
f 3733/533/4516 3917/758/4595 4079/759/4596 3778/467/4200
f 3917/758/4595 3916/538/4513 4078/470/4203 4079/759/4596
f 3732/537/4514 3915/760/4597 4077/761/4598 3779/471/4204
f 3915/760/4597 3914/542/4511 4076/474/4207 4077/761/4598
f 3731/541/4512 3913/762/4599 4075/763/4600 3780/475/4208
f 3913/762/4599 3912/546/4509 4074/478/4211 4075/763/4600
f 3730/545/4510 3911/764/4601 4073/765/4602 3781/479/4212
f 3911/764/4601 3910/550/4507 4072/482/4215 4073/765/4602
f 3974/766/4603 3843/552/4284 4071/487/4220 3975/714/4505
f 3690/553/4285 3843/552/4284 3974/766/4603
f 3842/767/4604 3760/768/4605 3783/769/4606 4070/770/4607
f 3843/552/4284 3842/767/4604 4070/770/4607 4071/487/4220
f 3760/768/4605 3971/771/4608 4069/772/4609 3783/769/4606
f 3971/771/4608 3970/557/4289 4068/491/4223 4069/772/4609
f 3759/556/4288 3969/773/4610 4067/774/4611 3784/492/4224
f 3969/773/4610 3968/561/4293 4066/495/4227 4067/774/4611
f 3758/560/4504 3967/775/4612 4065/776/4613 3785/496/4228
f 3967/775/4612 3966/565/4502 4064/499/4231 4065/776/4613
f 3757/564/4503 3965/777/4614 4063/778/4615 3786/500/4232
f 3965/777/4614 3964/569/4500 4062/503/4235 4063/778/4615
f 3756/568/4501 3963/779/4616 4061/780/4617 3787/504/4236
f 3963/779/4616 3962/573/4498 4060/507/4239 4061/780/4617
f 3755/572/4499 3961/781/4618 4059/782/4619 3788/508/4240
f 3961/781/4618 3960/577/4496 4058/511/4243 4059/782/4619
f 3754/576/4497 3959/783/4620 4057/784/4621 3789/512/4244
f 3959/783/4620 3958/581/4494 4056/515/4247 4057/784/4621
f 3753/580/4495 3957/785/4622 4055/786/4623 3790/516/4248
f 3957/785/4622 3956/585/4492 4054/519/4251 4055/786/4623
f 3752/584/4493 3955/787/4624 4053/788/4625 3791/520/4252
f 3955/787/4624 3954/589/4488 4052/523/4491 4053/788/4625
f 3751/588/4489 3953/789/4626 4051/790/4627 3792/524/4490
f 3953/789/4626 3952/593/4484 4050/527/4487 4051/790/4627
f 3750/592/4485 3951/791/4628 4049/792/4629 3793/528/4486
f 3951/791/4628 3950/597/4482 4048/531/4263 4049/792/4629
f 3749/596/4483 3949/793/4630 4047/794/4631 3794/532/4264
f 3949/793/4630 3948/601/4480 4046/535/4267 4047/794/4631
f 3748/600/4481 3947/795/4632 4045/796/4633 3795/536/4268
f 3947/795/4632 3946/605/4478 4044/539/4271 4045/796/4633
f 3747/604/4479 3945/797/4634 4043/798/4635 3796/540/4272
f 3945/797/4634 3944/609/4476 4042/543/4275 4043/798/4635
f 3746/608/4477 3943/799/4636 4041/800/4637 3797/544/4276
f 3943/799/4636 3942/613/4474 4040/547/4279 4041/800/4637
f 3972/801/4638 3837/616/4639 4039/712/4472 3973/711/4471
f 3692/617/4640 3837/616/4639 3972/801/4638
f 3836/802/4641 3728/803/4642 3799/804/4643 4038/805/4644
f 3837/616/4639 3836/802/4641 4038/805/4644 4039/712/4472
f 3728/803/4642 3907/806/4645 4037/807/4646 3799/804/4643
f 3907/806/4645 3906/622/4469 4036/554/4286 4037/807/4646
f 3727/621/4470 3905/808/4647 4035/809/4648 3800/555/4287
f 3905/808/4647 3904/626/4467 4034/558/4290 4035/809/4648
f 3726/625/4468 3903/810/4649 4033/811/4650 3801/559/4291
f 3903/810/4649 3902/630/4465 4032/562/4294 4033/811/4650
f 3725/629/4466 3901/812/4651 4031/813/4652 3802/563/4295
f 3901/812/4651 3900/634/4463 4030/566/4298 4031/813/4652
f 3724/633/4464 3899/814/4653 4029/815/4654 3803/567/4299
f 3899/814/4653 3898/638/4461 4028/570/4302 4029/815/4654
f 3723/637/4462 3897/816/4655 4027/817/4656 3804/571/4303
f 3897/816/4655 3896/642/4459 4026/574/4306 4027/817/4656
f 3722/641/4460 3895/818/4657 4025/819/4658 3805/575/4307
f 3895/818/4657 3894/646/4457 4024/578/4310 4025/819/4658
f 3721/645/4458 3893/820/4659 4023/821/4660 3806/579/4311
f 3893/820/4659 3892/650/4455 4022/582/4314 4023/821/4660
f 3720/649/4456 3891/822/4661 4021/823/4662 3807/583/4315
f 3891/822/4661 3890/654/4453 4020/586/4318 4021/823/4662
f 3719/653/4454 3889/824/4663 4019/825/4664 3808/587/4319
f 3889/824/4663 3888/658/4451 4018/590/4322 4019/825/4664
f 3718/657/4452 3887/826/4665 4017/827/4666 3809/591/4323
f 3887/826/4665 3886/662/4449 4016/594/4326 4017/827/4666
f 3717/661/4450 3885/828/4667 4015/829/4668 3810/595/4327
f 3885/828/4667 3884/666/4447 4014/598/4330 4015/829/4668
f 3716/665/4448 3883/830/4669 4013/831/4670 3811/599/4331
f 3883/830/4669 3882/670/4445 4012/602/4334 4013/831/4670
f 3715/669/4446 3881/832/4671 4011/833/4672 3812/603/4335
f 3881/832/4671 3880/674/4443 4010/606/4338 4011/833/4672
f 3714/673/4444 3879/834/4673 4009/835/4674 3813/607/4339
f 3879/834/4673 3878/678/4441 4008/610/4342 4009/835/4674
f 3833/836/4675 3844/837/4157 4007/615/4347 3832/709/4439
f 3690/838/4158 3844/837/4157 3833/836/4675
f 3845/839/4676 3697/840/4677 3815/841/4678 4006/842/4679
f 3844/837/4157 3845/839/4676 4006/842/4679 4007/615/4347
f 3697/840/4677 3846/843/4680 4005/844/4681 3815/841/4678
f 3846/843/4680 3847/707/4162 4004/619/4350 4005/844/4681
f 3698/708/4161 3848/845/4682 4003/846/4683 3816/620/4351
f 3848/845/4682 3849/705/4166 4002/623/4354 4003/846/4683
f 3699/706/4438 3850/847/4684 4001/848/4685 3817/624/4355
f 3850/847/4684 3851/703/4436 4000/627/4358 4001/848/4685
f 3700/704/4437 3852/849/4686 3999/850/4687 3818/628/4359
f 3852/849/4686 3853/701/4434 3998/631/4362 3999/850/4687
f 3701/702/4435 3854/851/4688 3997/852/4689 3819/632/4363
f 3854/851/4688 3855/699/4430 3996/635/4433 3997/852/4689
f 3702/700/4431 3856/853/4690 3995/854/4691 3820/636/4432
f 3856/853/4690 3857/697/4428 3994/639/4370 3995/854/4691
f 3703/698/4429 3858/855/4692 3993/856/4693 3821/640/4371
f 3858/855/4692 3859/695/4426 3992/643/4374 3993/856/4693
f 3704/696/4427 3860/857/4694 3991/858/4695 3822/644/4375
f 3860/857/4694 3861/693/4424 3990/647/4378 3991/858/4695
f 3705/694/4425 3862/859/4696 3989/860/4697 3823/648/4379
f 3862/859/4696 3863/691/4422 3988/651/4382 3989/860/4697
f 3706/692/4423 3864/861/4698 3987/862/4699 3824/652/4383
f 3864/861/4698 3865/689/4420 3986/655/4386 3987/862/4699
f 3707/690/4421 3866/863/4700 3985/864/4701 3825/656/4387
f 3866/863/4700 3867/687/4418 3984/659/4390 3985/864/4701
f 3708/688/4419 3868/865/4702 3983/866/4703 3826/660/4391
f 3868/865/4702 3869/685/4416 3982/663/4394 3983/866/4703
f 3709/686/4417 3870/867/4704 3981/868/4705 3827/664/4395
f 3870/867/4704 3871/683/4414 3980/667/4398 3981/868/4705
f 3710/684/4415 3872/869/4706 3979/870/4707 3828/668/4399
f 3872/869/4706 3873/681/4412 3978/671/4402 3979/870/4707
f 3711/682/4413 3874/871/4708 3977/872/4709 3829/672/4403
f 3874/871/4708 3875/679/4410 3976/675/4406 3977/872/4709
f 3829/672/4403 3977/872/4709 3879/834/4710 3714/673/4404
f 3977/872/4709 3976/675/4406 3878/678/4409 3879/834/4710
f 3828/668/4399 3979/870/4707 3881/832/4711 3715/669/4400
f 3979/870/4707 3978/671/4402 3880/674/4405 3881/832/4711
f 3827/664/4395 3981/868/4705 3883/830/4712 3716/665/4396
f 3981/868/4705 3980/667/4398 3882/670/4401 3883/830/4712
f 3826/660/4391 3983/866/4703 3885/828/4713 3717/661/4392
f 3983/866/4703 3982/663/4394 3884/666/4397 3885/828/4713
f 3825/656/4387 3985/864/4701 3887/826/4714 3718/657/4388
f 3985/864/4701 3984/659/4390 3886/662/4393 3887/826/4714
f 3824/652/4383 3987/862/4699 3889/824/4715 3719/653/4384
f 3987/862/4699 3986/655/4386 3888/658/4389 3889/824/4715
f 3823/648/4379 3989/860/4697 3891/822/4716 3720/649/4380
f 3989/860/4697 3988/651/4382 3890/654/4385 3891/822/4716
f 3822/644/4375 3991/858/4695 3893/820/4717 3721/645/4376
f 3991/858/4695 3990/647/4378 3892/650/4381 3893/820/4717
f 3821/640/4371 3993/856/4693 3895/818/4718 3722/641/4372
f 3993/856/4693 3992/643/4374 3894/646/4377 3895/818/4718
f 3820/636/4367 3995/854/4691 3897/816/4719 3723/637/4368
f 3995/854/4691 3994/639/4370 3896/642/4373 3897/816/4719
f 3819/632/4363 3997/852/4689 3899/814/4720 3724/633/4364
f 3997/852/4689 3996/635/4366 3898/638/4369 3899/814/4720
f 3818/628/4359 3999/850/4687 3901/812/4721 3725/629/4360
f 3999/850/4687 3998/631/4362 3900/634/4365 3901/812/4721
f 3817/624/4355 4001/848/4685 3903/810/4722 3726/625/4356
f 4001/848/4685 4000/627/4358 3902/630/4361 3903/810/4722
f 3816/620/4351 4003/846/4683 3905/808/4723 3727/621/4352
f 4003/846/4683 4002/623/4354 3904/626/4357 3905/808/4723
f 3815/841/4678 4005/844/4681 3907/806/4724 3728/803/4725
f 4005/844/4681 4004/619/4350 3906/622/4353 3907/806/4724
f 3761/710/4440 4007/615/4347 3973/614/4346
f 4006/842/4679 3815/841/4678 3728/803/4725 3836/802/4726
f 4007/615/4347 4006/842/4679 3836/802/4726 3837/616/4348
f 3813/607/4339 4009/835/4674 3943/799/4727 3746/608/4340
f 4009/835/4674 4008/610/4342 3942/613/4345 3943/799/4727
f 3812/603/4335 4011/833/4672 3945/797/4728 3747/604/4336
f 4011/833/4672 4010/606/4338 3944/609/4341 3945/797/4728
f 3811/599/4331 4013/831/4670 3947/795/4729 3748/600/4332
f 4013/831/4670 4012/602/4334 3946/605/4337 3947/795/4729
f 3810/595/4327 4015/829/4668 3949/793/4730 3749/596/4328
f 4015/829/4668 4014/598/4330 3948/601/4333 3949/793/4730
f 3809/591/4323 4017/827/4666 3951/791/4731 3750/592/4324
f 4017/827/4666 4016/594/4326 3950/597/4329 3951/791/4731
f 3808/587/4319 4019/825/4664 3953/789/4732 3751/588/4320
f 4019/825/4664 4018/590/4322 3952/593/4325 3953/789/4732
f 3807/583/4315 4021/823/4662 3955/787/4733 3752/584/4316
f 4021/823/4662 4020/586/4318 3954/589/4321 3955/787/4733
f 3806/579/4311 4023/821/4660 3957/785/4734 3753/580/4312
f 4023/821/4660 4022/582/4314 3956/585/4317 3957/785/4734
f 3805/575/4307 4025/819/4658 3959/783/4735 3754/576/4308
f 4025/819/4658 4024/578/4310 3958/581/4313 3959/783/4735
f 3804/571/4303 4027/817/4656 3961/781/4736 3755/572/4304
f 4027/817/4656 4026/574/4306 3960/577/4309 3961/781/4736
f 3803/567/4299 4029/815/4654 3963/779/4737 3756/568/4300
f 4029/815/4654 4028/570/4302 3962/573/4305 3963/779/4737
f 3802/563/4295 4031/813/4652 3965/777/4738 3757/564/4296
f 4031/813/4652 4030/566/4298 3964/569/4301 3965/777/4738
f 3801/559/4291 4033/811/4650 3967/775/4739 3758/560/4292
f 4033/811/4650 4032/562/4294 3966/565/4297 3967/775/4739
f 3800/555/4287 4035/809/4648 3969/773/4610 3759/556/4288
f 4035/809/4648 4034/558/4290 3968/561/4293 3969/773/4610
f 3799/804/4643 4037/807/4646 3971/771/4608 3760/768/4605
f 4037/807/4646 4036/554/4286 3970/557/4289 3971/771/4608
f 3832/873/4740 4039/712/4472 3843/552/4284 3833/551/4283
f 3761/713/4473 4039/712/4472 3832/873/4740
f 4038/805/4644 3799/804/4643 3760/768/4605 3842/767/4604
f 4039/712/4472 4038/805/4644 3842/767/4604 3843/552/4284
f 3797/544/4276 4041/800/4637 3911/764/4741 3730/545/4277
f 4041/800/4637 4040/547/4279 3910/550/4282 3911/764/4741
f 3796/540/4272 4043/798/4635 3913/762/4742 3731/541/4273
f 4043/798/4635 4042/543/4275 3912/546/4278 3913/762/4742
f 3795/536/4268 4045/796/4633 3915/760/4743 3732/537/4269
f 4045/796/4633 4044/539/4271 3914/542/4274 3915/760/4743
f 3794/532/4264 4047/794/4631 3917/758/4744 3733/533/4265
f 4047/794/4631 4046/535/4267 3916/538/4270 3917/758/4744
f 3793/528/4260 4049/792/4745 3919/756/4746 3734/529/4261
f 4049/792/4745 4048/531/4263 3918/534/4266 3919/756/4746
f 3792/524/4256 4051/790/4747 3921/754/4748 3735/525/4257
f 4051/790/4747 4050/527/4259 3920/530/4262 3921/754/4748
f 3791/520/4252 4053/788/4749 3923/752/4750 3736/521/4253
f 4053/788/4749 4052/523/4255 3922/526/4258 3923/752/4750
f 3790/516/4248 4055/786/4623 3925/750/4751 3737/517/4249
f 4055/786/4623 4054/519/4251 3924/522/4254 3925/750/4751
f 3789/512/4244 4057/784/4621 3927/748/4752 3738/513/4245
f 4057/784/4621 4056/515/4247 3926/518/4250 3927/748/4752
f 3788/508/4240 4059/782/4619 3929/746/4753 3739/509/4241
f 4059/782/4619 4058/511/4243 3928/514/4246 3929/746/4753
f 3787/504/4236 4061/780/4617 3931/744/4754 3740/505/4237
f 4061/780/4617 4060/507/4239 3930/510/4242 3931/744/4754
f 3786/500/4232 4063/778/4615 3933/742/4755 3741/501/4233
f 4063/778/4615 4062/503/4235 3932/506/4238 3933/742/4755
f 3785/496/4228 4065/776/4613 3935/740/4756 3742/497/4229
f 4065/776/4613 4064/499/4231 3934/502/4234 3935/740/4756
f 3784/492/4224 4067/774/4611 3937/738/4757 3743/493/4225
f 4067/774/4611 4066/495/4227 3936/498/4230 3937/738/4757
f 3783/769/4606 4069/772/4609 3939/736/4758 3744/733/4759
f 4069/772/4609 4068/491/4223 3938/494/4226 3939/736/4758
f 3765/715/4506 4071/487/4220 3840/486/4219
f 4070/770/4607 3783/769/4606 3744/733/4759 3838/732/4760
f 4071/487/4220 4070/770/4607 3838/732/4760 3839/488/4221
f 3781/479/4212 4073/765/4602 3874/874/4761 3711/480/4213
f 4073/765/4602 4072/482/4215 3875/485/4218 3874/874/4761
f 3780/475/4208 4075/763/4600 3872/875/4762 3710/476/4209
f 4075/763/4600 4074/478/4211 3873/481/4214 3872/875/4762
f 3779/471/4204 4077/761/4598 3870/876/4763 3709/472/4205
f 4077/761/4598 4076/474/4207 3871/477/4210 3870/876/4763
f 3778/467/4200 4079/759/4596 3868/877/4764 3708/468/4201
f 4079/759/4596 4078/470/4203 3869/473/4206 3868/877/4764
f 3777/463/4196 4081/757/4594 3866/878/4765 3707/464/4197
f 4081/757/4594 4080/466/4199 3867/469/4202 3866/878/4765
f 3776/459/4192 4083/755/4766 3864/879/4767 3706/460/4193
f 4083/755/4766 4082/462/4195 3865/465/4198 3864/879/4767
f 3775/455/4188 4085/753/4768 3862/880/4769 3705/456/4189
f 4085/753/4768 4084/458/4191 3863/461/4194 3862/880/4769
f 3774/451/4184 4087/751/4588 3860/881/4770 3704/452/4185
f 4087/751/4588 4086/454/4187 3861/457/4190 3860/881/4770
f 3773/447/4180 4089/749/4586 3858/882/4771 3703/448/4181
f 4089/749/4586 4088/450/4183 3859/453/4186 3858/882/4771
f 3772/443/4176 4091/747/4584 3856/883/4772 3702/444/4177
f 4091/747/4584 4090/446/4179 3857/449/4182 3856/883/4772
f 3771/439/4172 4093/745/4582 3854/884/4773 3701/440/4173
f 4093/745/4582 4092/442/4175 3855/445/4178 3854/884/4773
f 3770/435/4168 4095/743/4580 3852/885/4774 3700/436/4169
f 4095/743/4580 4094/438/4171 3853/441/4174 3852/885/4774
f 3769/431/4164 4097/741/4578 3850/886/4775 3699/432/4165
f 4097/741/4578 4096/434/4167 3851/437/4170 3850/886/4775
f 3768/427/4160 4099/739/4576 3848/887/4682 3698/428/4161
f 4099/739/4576 4098/430/4163 3849/433/4166 3848/887/4682
f 3767/734/4571 4101/737/4574 3846/888/4680 3697/889/4677
f 4101/737/4574 4100/426/4159 3847/429/4162 3846/888/4680
f 3975/890/4776 4103/717/4543 3844/424/4157 3974/423/4156
f 3765/718/4544 4103/717/4543 3975/890/4776
f 4102/735/4572 3767/734/4571 3697/889/4677 3845/891/4676
f 4103/717/4543 4102/735/4572 3845/891/4676 3844/424/4157
f 3782/483/4216 4105/730/4565 3834/892/4777 3712/484/4217
f 4105/730/4565 4104/415/4148 3835/418/4151 3834/892/4777
f 3798/548/4280 4107/728/4563 3909/729/4778 3729/549/4281
f 4107/728/4563 4106/411/4144 3908/414/4147 3909/729/4778
f 3814/611/4343 4109/726/4561 3941/727/4779 3745/612/4344
f 4109/726/4561 4108/407/4140 3940/410/4143 3941/727/4779
f 3830/676/4407 4111/724/4559 3877/725/4780 3713/677/4408
f 4111/724/4559 4110/403/4136 3876/406/4139 3877/725/4780
f 4532/403/4781 4184/404/4782 4115/405/4783 4298/406/4784
f 4530/407/4785 4185/408/4786 4118/409/4787 4362/410/4788
f 4528/411/4789 4186/412/4790 4117/413/4791 4330/414/4792
f 4526/415/4793 4188/416/4794 4113/417/4795 4257/418/4796
f 4253/419/4797 4184/420/4798 4113/421/4799 4188/422/4800
f 4396/423/4801 4266/424/4802 4112/425/4803
f 4522/426/4804 4190/427/4805 4120/428/4806 4269/429/4807
f 4520/430/4808 4191/431/4809 4121/432/4810 4271/433/4811
f 4518/434/4812 4192/435/4813 4122/436/4814 4273/437/4815
f 4516/438/4816 4193/439/4817 4123/440/4818 4275/441/4819
f 4514/442/4820 4194/443/4821 4124/444/4822 4277/445/4823
f 4512/446/4824 4195/447/4825 4125/448/4826 4279/449/4827
f 4510/450/4828 4196/451/4829 4126/452/4830 4281/453/4831
f 4508/454/4832 4197/455/4833 4127/456/4834 4283/457/4835
f 4506/458/4836 4198/459/4837 4128/460/4838 4285/461/4839
f 4504/462/4840 4199/463/4841 4129/464/4842 4287/465/4843
f 4502/466/4844 4200/467/4845 4130/468/4846 4289/469/4847
f 4500/470/4848 4201/471/4849 4131/472/4850 4291/473/4851
f 4498/474/4852 4202/475/4853 4132/476/4854 4293/477/4855
f 4496/478/4856 4203/479/4857 4133/480/4858 4295/481/4859
f 4494/482/4860 4204/483/4861 4134/484/4862 4297/485/4863
f 4262/486/4864 4493/487/4865 4261/488/4866 4116/489/4867 4263/490/4867
f 4490/491/4868 4206/492/4869 4165/493/4870 4360/494/4871
f 4488/495/4872 4207/496/4873 4164/497/4874 4358/498/4875
f 4486/499/4876 4208/500/4877 4163/501/4878 4356/502/4879
f 4484/503/4880 4209/504/4881 4162/505/4882 4354/506/4883
f 4482/507/4884 4210/508/4885 4161/509/4886 4352/510/4887
f 4480/511/4888 4211/512/4889 4160/513/4890 4350/514/4891
f 4478/515/4892 4212/516/4893 4159/517/4894 4348/518/4895
f 4476/519/4896 4213/520/4897 4158/521/4898 4346/522/4899
f 4474/523/4900 4214/524/4901 4157/525/4902 4344/526/4903
f 4472/527/4904 4215/528/4905 4156/529/4906 4342/530/4907
f 4470/531/4908 4216/532/4909 4155/533/4910 4340/534/4911
f 4468/535/4912 4217/536/4913 4154/537/4914 4338/538/4915
f 4466/539/4916 4218/540/4917 4153/541/4918 4336/542/4919
f 4464/543/4920 4219/544/4921 4152/545/4922 4334/546/4923
f 4462/547/4924 4220/548/4925 4151/549/4926 4332/550/4927
f 4255/551/4928 4265/552/4929 4112/553/4930
f 4458/554/4931 4222/555/4932 4181/556/4933 4392/557/4934
f 4456/558/4935 4223/559/4936 4180/560/4937 4390/561/4938
f 4454/562/4939 4224/563/4940 4179/564/4941 4388/565/4942
f 4452/566/4943 4225/567/4944 4178/568/4945 4386/569/4946
f 4450/570/4947 4226/571/4948 4177/572/4949 4384/573/4950
f 4448/574/4951 4227/575/4952 4176/576/4953 4382/577/4954
f 4446/578/4955 4228/579/4956 4175/580/4957 4380/581/4958
f 4444/582/4959 4229/583/4960 4174/584/4961 4378/585/4962
f 4442/586/4963 4230/587/4964 4173/588/4965 4376/589/4966
f 4440/590/4967 4231/591/4968 4172/592/4969 4374/593/4970
f 4438/594/4971 4232/595/4972 4171/596/4973 4372/597/4974
f 4436/598/4975 4233/599/4976 4170/600/4977 4370/601/4978
f 4434/602/4979 4234/603/4980 4169/604/4981 4368/605/4982
f 4432/606/4983 4235/607/4984 4168/608/4985 4366/609/4986
f 4430/610/4987 4236/611/4988 4167/612/4989 4364/613/4990
f 4395/614/4991 4429/615/4992 4259/616/4993 4114/617/4994 4394/618/4994
f 4426/619/4995 4238/620/4996 4149/621/4997 4328/622/4998
f 4424/623/4999 4239/624/5000 4148/625/5001 4326/626/5002
f 4422/627/5003 4240/628/5004 4147/629/5005 4324/630/5006
f 4420/631/5007 4241/632/5008 4146/633/5009 4322/634/5010
f 4418/635/5011 4242/636/5012 4145/637/5013 4320/638/5014
f 4416/639/5015 4243/640/5016 4144/641/5017 4318/642/5018
f 4414/643/5019 4244/644/5020 4143/645/5021 4316/646/5022
f 4412/647/5023 4245/648/5024 4142/649/5025 4314/650/5026
f 4410/651/5027 4246/652/5028 4141/653/5029 4312/654/5030
f 4408/655/5031 4247/656/5032 4140/657/5033 4310/658/5034
f 4406/659/5035 4248/660/5036 4139/661/5037 4308/662/5038
f 4404/663/5039 4249/664/5040 4138/665/5041 4306/666/5042
f 4402/667/5043 4250/668/5044 4137/669/5045 4304/670/5046
f 4400/671/5047 4251/672/5048 4136/673/5049 4302/674/5050
f 4398/675/5051 4252/676/5052 4135/677/5053 4300/678/5054
f 4297/679/5055 4134/680/5056 4252/676/5052 4398/675/5051
f 4295/681/5057 4133/682/5058 4251/672/5048 4400/671/5047
f 4293/683/5059 4132/684/5060 4250/668/5044 4402/667/5043
f 4291/685/5061 4131/686/5062 4249/664/5040 4404/663/5039
f 4289/687/5063 4130/688/5064 4248/660/5036 4406/659/5035
f 4287/689/5065 4129/690/5066 4247/656/5032 4408/655/5031
f 4285/691/5067 4128/692/5068 4246/652/5028 4410/651/5027
f 4283/693/5069 4127/694/5070 4245/648/5024 4412/647/5023
f 4281/695/5071 4126/696/5072 4244/644/5020 4414/643/5019
f 4279/697/5073 4125/698/5074 4243/640/5016 4416/639/5015
f 4277/699/5075 4124/700/5076 4242/636/5077 4418/635/5078
f 4275/701/5079 4123/702/5080 4241/632/5008 4420/631/5007
f 4273/703/5081 4122/704/5082 4240/628/5004 4422/627/5003
f 4271/705/4811 4121/706/5083 4239/624/5000 4424/623/4999
f 4269/707/4807 4120/708/4806 4238/620/4996 4426/619/4995
f 4254/709/5084 4429/615/4992 4183/710/5085
f 4300/678/5086 4135/677/5087 4236/611/4988 4430/610/4987
f 4302/674/5088 4136/673/5089 4235/607/4984 4432/606/4983
f 4304/670/5090 4137/669/5091 4234/603/4980 4434/602/4979
f 4306/666/5092 4138/665/5093 4233/599/4976 4436/598/4975
f 4308/662/5094 4139/661/5095 4232/595/4972 4438/594/4971
f 4310/658/5096 4140/657/5097 4231/591/4968 4440/590/4967
f 4312/654/5098 4141/653/5099 4230/587/4964 4442/586/4963
f 4314/650/5100 4142/649/5101 4229/583/4960 4444/582/4959
f 4316/646/5102 4143/645/5103 4228/579/4956 4446/578/4955
f 4318/642/5104 4144/641/5105 4227/575/4952 4448/574/4951
f 4320/638/5106 4145/637/5107 4226/571/4948 4450/570/4947
f 4322/634/5108 4146/633/5109 4225/567/4944 4452/566/4943
f 4324/630/5110 4147/629/5111 4224/563/4940 4454/562/4939
f 4326/626/5112 4148/625/5113 4223/559/4936 4456/558/4935
f 4328/622/5114 4149/621/5115 4222/555/4932 4458/554/4931
f 4395/711/5116 4461/712/5117 4183/713/5118
f 4364/613/5119 4167/612/5120 4220/548/4925 4462/547/4924
f 4366/609/5121 4168/608/5122 4219/544/4921 4464/543/4920
f 4368/605/5123 4169/604/5124 4218/540/4917 4466/539/4916
f 4370/601/5125 4170/600/5126 4217/536/4913 4468/535/4912
f 4372/597/5127 4171/596/5128 4216/532/4909 4470/531/4908
f 4374/593/5129 4172/592/5130 4215/528/5131 4472/527/5132
f 4376/589/5133 4173/588/5134 4214/524/5135 4474/523/5136
f 4378/585/5137 4174/584/5138 4213/520/4897 4476/519/4896
f 4380/581/5139 4175/580/5140 4212/516/4893 4478/515/4892
f 4382/577/5141 4176/576/5142 4211/512/4889 4480/511/4888
f 4384/573/5143 4177/572/5144 4210/508/4885 4482/507/4884
f 4386/569/5145 4178/568/5146 4209/504/4881 4484/503/4880
f 4388/565/5147 4179/564/5148 4208/500/4877 4486/499/4876
f 4390/561/4938 4180/560/5149 4207/496/4873 4488/495/4872
f 4392/557/4934 4181/556/4933 4206/492/4869 4490/491/4868
f 4397/714/5150 4493/487/4865 4187/715/5151
f 4332/550/5152 4151/549/5153 4204/483/4861 4494/482/4860
f 4334/546/5154 4152/545/5155 4203/479/4857 4496/478/4856
f 4336/542/5156 4153/541/5157 4202/475/4853 4498/474/4852
f 4338/538/5158 4154/537/5159 4201/471/4849 4500/470/4848
f 4340/534/5160 4155/533/5161 4200/467/4845 4502/466/4844
f 4342/530/5162 4156/529/5163 4199/463/5164 4504/462/5165
f 4344/526/5166 4157/525/5167 4198/459/5168 4506/458/5169
f 4346/522/5170 4158/521/5171 4197/455/5172 4508/454/4832
f 4348/518/5173 4159/517/5174 4196/451/4829 4510/450/4828
f 4350/514/5175 4160/513/5176 4195/447/4825 4512/446/4824
f 4352/510/5177 4161/509/5178 4194/443/4821 4514/442/4820
f 4354/506/5179 4162/505/5180 4193/439/4817 4516/438/4816
f 4356/502/5181 4163/501/5182 4192/435/4813 4518/434/4812
f 4358/498/5183 4164/497/5184 4191/431/4809 4520/430/4808
f 4360/494/5185 4165/493/5186 4190/427/4805 4522/426/4804
f 4262/716/5187 4525/717/5188 4187/718/5189
f 4186/412/5190 4253/419/4797 4188/422/4800 4117/413/5191
f 4118/409/5192 4185/719/5193 4253/419/4797 4186/412/5190
f 4185/719/5193 4115/720/5194 4184/420/4798 4253/419/4797
f 4330/414/5195 4117/413/5196 4188/416/4794 4526/415/4793
f 4362/410/5197 4118/409/5198 4186/412/4790 4528/411/4789
f 4298/406/5199 4115/405/5200 4185/408/4786 4530/407/4785
f 4257/721/5201 4113/722/5202 4184/404/4782 4532/403/4781
f 4134/680/5056 4256/723/5203 4533/724/5204 4252/676/5052
f 4256/723/5203 4257/721/5201 4532/403/4781 4533/724/5204
f 4135/677/5087 4299/725/5205 4531/726/5206 4236/611/4988
f 4299/725/5205 4298/406/5199 4530/407/4785 4531/726/5206
f 4167/612/5120 4363/727/5207 4529/728/5208 4220/548/4925
f 4363/727/5207 4362/410/5197 4528/411/4789 4529/728/5208
f 4151/549/5153 4331/729/5209 4527/730/5210 4204/483/4861
f 4331/729/5209 4330/414/5195 4526/415/4793 4527/730/5210
f 4263/731/5211 4261/488/5212 4525/717/5188 4262/716/5187
f 4116/489/5213 4261/488/5212 4263/731/5211
f 4260/732/5214 4166/733/5215 4189/734/5216 4524/735/5217
f 4261/488/5212 4260/732/5214 4524/735/5217 4525/717/5188
f 4166/733/5215 4361/736/5218 4523/737/5219 4189/734/5216
f 4361/736/5218 4360/494/5185 4522/426/4804 4523/737/5219
f 4165/493/5186 4359/738/5220 4521/739/5221 4190/427/4805
f 4359/738/5220 4358/498/5183 4520/430/4808 4521/739/5221
f 4164/497/5184 4357/740/5222 4519/741/5223 4191/431/4809
f 4357/740/5222 4356/502/5181 4518/434/4812 4519/741/5223
f 4163/501/5182 4355/742/5224 4517/743/5225 4192/435/4813
f 4355/742/5224 4354/506/5179 4516/438/4816 4517/743/5225
f 4162/505/5180 4353/744/5226 4515/745/5227 4193/439/4817
f 4353/744/5226 4352/510/5177 4514/442/4820 4515/745/5227
f 4161/509/5178 4351/746/5228 4513/747/5229 4194/443/4821
f 4351/746/5228 4350/514/5175 4512/446/4824 4513/747/5229
f 4160/513/5176 4349/748/5230 4511/749/5231 4195/447/4825
f 4349/748/5230 4348/518/5173 4510/450/4828 4511/749/5231
f 4159/517/5174 4347/750/5232 4509/751/5233 4196/451/4829
f 4347/750/5232 4346/522/5170 4508/454/4832 4509/751/5233
f 4158/521/5171 4345/752/5234 4507/753/5235 4197/455/5172
f 4345/752/5234 4344/526/5166 4506/458/5169 4507/753/5235
f 4157/525/5167 4343/754/5236 4505/755/5237 4198/459/5168
f 4343/754/5236 4342/530/5162 4504/462/5165 4505/755/5237
f 4156/529/5163 4341/756/5238 4503/757/5239 4199/463/5164
f 4341/756/5238 4340/534/5160 4502/466/4844 4503/757/5239
f 4155/533/5161 4339/758/5240 4501/759/5241 4200/467/4845
f 4339/758/5240 4338/538/5158 4500/470/4848 4501/759/5241
f 4154/537/5159 4337/760/5242 4499/761/5243 4201/471/4849
f 4337/760/5242 4336/542/5156 4498/474/4852 4499/761/5243
f 4153/541/5157 4335/762/5244 4497/763/5245 4202/475/4853
f 4335/762/5244 4334/546/5154 4496/478/4856 4497/763/5245
f 4152/545/5155 4333/764/5246 4495/765/5247 4203/479/4857
f 4333/764/5246 4332/550/5152 4494/482/4860 4495/765/5247
f 4396/766/5248 4265/552/4929 4493/487/4865 4397/714/5150
f 4112/553/4930 4265/552/4929 4396/766/5248
f 4264/767/5249 4182/768/5250 4205/769/5251 4492/770/5252
f 4265/552/4929 4264/767/5249 4492/770/5252 4493/487/4865
f 4182/768/5250 4393/771/5253 4491/772/5254 4205/769/5251
f 4393/771/5253 4392/557/4934 4490/491/4868 4491/772/5254
f 4181/556/4933 4391/773/5255 4489/774/5256 4206/492/4869
f 4391/773/5255 4390/561/4938 4488/495/4872 4489/774/5256
f 4180/560/5149 4389/775/5257 4487/776/5258 4207/496/4873
f 4389/775/5257 4388/565/5147 4486/499/4876 4487/776/5258
f 4179/564/5148 4387/777/5259 4485/778/5260 4208/500/4877
f 4387/777/5259 4386/569/5145 4484/503/4880 4485/778/5260
f 4178/568/5146 4385/779/5261 4483/780/5262 4209/504/4881
f 4385/779/5261 4384/573/5143 4482/507/4884 4483/780/5262
f 4177/572/5144 4383/781/5263 4481/782/5264 4210/508/4885
f 4383/781/5263 4382/577/5141 4480/511/4888 4481/782/5264
f 4176/576/5142 4381/783/5265 4479/784/5266 4211/512/4889
f 4381/783/5265 4380/581/5139 4478/515/4892 4479/784/5266
f 4175/580/5140 4379/785/5267 4477/786/5268 4212/516/4893
f 4379/785/5267 4378/585/5137 4476/519/4896 4477/786/5268
f 4174/584/5138 4377/787/5269 4475/788/5270 4213/520/4897
f 4377/787/5269 4376/589/5133 4474/523/5136 4475/788/5270
f 4173/588/5134 4375/789/5271 4473/790/5272 4214/524/5135
f 4375/789/5271 4374/593/5129 4472/527/5132 4473/790/5272
f 4172/592/5130 4373/791/5273 4471/792/5274 4215/528/5131
f 4373/791/5273 4372/597/5127 4470/531/4908 4471/792/5274
f 4171/596/5128 4371/793/5275 4469/794/5276 4216/532/4909
f 4371/793/5275 4370/601/5125 4468/535/4912 4469/794/5276
f 4170/600/5126 4369/795/5277 4467/796/5278 4217/536/4913
f 4369/795/5277 4368/605/5123 4466/539/4916 4467/796/5278
f 4169/604/5124 4367/797/5279 4465/798/5280 4218/540/4917
f 4367/797/5279 4366/609/5121 4464/543/4920 4465/798/5280
f 4168/608/5122 4365/799/5281 4463/800/5282 4219/544/4921
f 4365/799/5281 4364/613/5119 4462/547/4924 4463/800/5282
f 4394/801/5283 4259/616/5284 4461/712/5117 4395/711/5116
f 4114/617/5285 4259/616/5284 4394/801/5283
f 4258/802/5286 4150/803/5287 4221/804/5288 4460/805/5289
f 4259/616/5284 4258/802/5286 4460/805/5289 4461/712/5117
f 4150/803/5287 4329/806/5290 4459/807/5291 4221/804/5288
f 4329/806/5290 4328/622/5114 4458/554/4931 4459/807/5291
f 4149/621/5115 4327/808/5292 4457/809/5293 4222/555/4932
f 4327/808/5292 4326/626/5112 4456/558/4935 4457/809/5293
f 4148/625/5113 4325/810/5294 4455/811/5295 4223/559/4936
f 4325/810/5294 4324/630/5110 4454/562/4939 4455/811/5295
f 4147/629/5111 4323/812/5296 4453/813/5297 4224/563/4940
f 4323/812/5296 4322/634/5108 4452/566/4943 4453/813/5297
f 4146/633/5109 4321/814/5298 4451/815/5299 4225/567/4944
f 4321/814/5298 4320/638/5106 4450/570/4947 4451/815/5299
f 4145/637/5107 4319/816/5300 4449/817/5301 4226/571/4948
f 4319/816/5300 4318/642/5104 4448/574/4951 4449/817/5301
f 4144/641/5105 4317/818/5302 4447/819/5303 4227/575/4952
f 4317/818/5302 4316/646/5102 4446/578/4955 4447/819/5303
f 4143/645/5103 4315/820/5304 4445/821/5305 4228/579/4956
f 4315/820/5304 4314/650/5100 4444/582/4959 4445/821/5305
f 4142/649/5101 4313/822/5306 4443/823/5307 4229/583/4960
f 4313/822/5306 4312/654/5098 4442/586/4963 4443/823/5307
f 4141/653/5099 4311/824/5308 4441/825/5309 4230/587/4964
f 4311/824/5308 4310/658/5096 4440/590/4967 4441/825/5309
f 4140/657/5097 4309/826/5310 4439/827/5311 4231/591/4968
f 4309/826/5310 4308/662/5094 4438/594/4971 4439/827/5311
f 4139/661/5095 4307/828/5312 4437/829/5313 4232/595/4972
f 4307/828/5312 4306/666/5092 4436/598/4975 4437/829/5313
f 4138/665/5093 4305/830/5314 4435/831/5315 4233/599/4976
f 4305/830/5314 4304/670/5090 4434/602/4979 4435/831/5315
f 4137/669/5091 4303/832/5316 4433/833/5317 4234/603/4980
f 4303/832/5316 4302/674/5088 4432/606/4983 4433/833/5317
f 4136/673/5089 4301/834/5318 4431/835/5319 4235/607/4984
f 4301/834/5318 4300/678/5086 4430/610/4987 4431/835/5319
f 4255/836/5320 4266/837/4802 4429/615/4992 4254/709/5084
f 4112/838/4803 4266/837/4802 4255/836/5320
f 4267/839/5321 4119/840/5322 4237/841/5323 4428/842/5324
f 4266/837/4802 4267/839/5321 4428/842/5324 4429/615/4992
f 4119/840/5322 4268/843/5325 4427/844/5326 4237/841/5323
f 4268/843/5325 4269/707/4807 4426/619/4995 4427/844/5326
f 4120/708/4806 4270/845/5327 4425/846/5328 4238/620/4996
f 4270/845/5327 4271/705/4811 4424/623/4999 4425/846/5328
f 4121/706/5083 4272/847/5329 4423/848/5330 4239/624/5000
f 4272/847/5329 4273/703/5081 4422/627/5003 4423/848/5330
f 4122/704/5082 4274/849/5331 4421/850/5332 4240/628/5004
f 4274/849/5331 4275/701/5079 4420/631/5007 4421/850/5332
f 4123/702/5080 4276/851/5333 4419/852/5334 4241/632/5008
f 4276/851/5333 4277/699/5075 4418/635/5078 4419/852/5334
f 4124/700/5076 4278/853/5335 4417/854/5336 4242/636/5077
f 4278/853/5335 4279/697/5073 4416/639/5015 4417/854/5336
f 4125/698/5074 4280/855/5337 4415/856/5338 4243/640/5016
f 4280/855/5337 4281/695/5071 4414/643/5019 4415/856/5338
f 4126/696/5072 4282/857/5339 4413/858/5340 4244/644/5020
f 4282/857/5339 4283/693/5069 4412/647/5023 4413/858/5340
f 4127/694/5070 4284/859/5341 4411/860/5342 4245/648/5024
f 4284/859/5341 4285/691/5067 4410/651/5027 4411/860/5342
f 4128/692/5068 4286/861/5343 4409/862/5344 4246/652/5028
f 4286/861/5343 4287/689/5065 4408/655/5031 4409/862/5344
f 4129/690/5066 4288/863/5345 4407/864/5346 4247/656/5032
f 4288/863/5345 4289/687/5063 4406/659/5035 4407/864/5346
f 4130/688/5064 4290/865/5347 4405/866/5348 4248/660/5036
f 4290/865/5347 4291/685/5061 4404/663/5039 4405/866/5348
f 4131/686/5062 4292/867/5349 4403/868/5350 4249/664/5040
f 4292/867/5349 4293/683/5059 4402/667/5043 4403/868/5350
f 4132/684/5060 4294/869/5351 4401/870/5352 4250/668/5044
f 4294/869/5351 4295/681/5057 4400/671/5047 4401/870/5352
f 4133/682/5058 4296/871/5353 4399/872/5354 4251/672/5048
f 4296/871/5353 4297/679/5055 4398/675/5051 4399/872/5354
f 4251/672/5048 4399/872/5354 4301/834/5355 4136/673/5049
f 4399/872/5354 4398/675/5051 4300/678/5054 4301/834/5355
f 4250/668/5044 4401/870/5352 4303/832/5356 4137/669/5045
f 4401/870/5352 4400/671/5047 4302/674/5050 4303/832/5356
f 4249/664/5040 4403/868/5350 4305/830/5357 4138/665/5041
f 4403/868/5350 4402/667/5043 4304/670/5046 4305/830/5357
f 4248/660/5036 4405/866/5348 4307/828/5358 4139/661/5037
f 4405/866/5348 4404/663/5039 4306/666/5042 4307/828/5358
f 4247/656/5032 4407/864/5346 4309/826/5359 4140/657/5033
f 4407/864/5346 4406/659/5035 4308/662/5038 4309/826/5359
f 4246/652/5028 4409/862/5344 4311/824/5360 4141/653/5029
f 4409/862/5344 4408/655/5031 4310/658/5034 4311/824/5360
f 4245/648/5024 4411/860/5342 4313/822/5361 4142/649/5025
f 4411/860/5342 4410/651/5027 4312/654/5030 4313/822/5361
f 4244/644/5020 4413/858/5340 4315/820/5362 4143/645/5021
f 4413/858/5340 4412/647/5023 4314/650/5026 4315/820/5362
f 4243/640/5016 4415/856/5338 4317/818/5363 4144/641/5017
f 4415/856/5338 4414/643/5019 4316/646/5022 4317/818/5363
f 4242/636/5012 4417/854/5336 4319/816/5364 4145/637/5013
f 4417/854/5336 4416/639/5015 4318/642/5018 4319/816/5364
f 4241/632/5008 4419/852/5334 4321/814/5365 4146/633/5009
f 4419/852/5334 4418/635/5011 4320/638/5014 4321/814/5365
f 4240/628/5004 4421/850/5332 4323/812/5366 4147/629/5005
f 4421/850/5332 4420/631/5007 4322/634/5010 4323/812/5366
f 4239/624/5000 4423/848/5330 4325/810/5367 4148/625/5001
f 4423/848/5330 4422/627/5003 4324/630/5006 4325/810/5367
f 4238/620/4996 4425/846/5328 4327/808/5368 4149/621/4997
f 4425/846/5328 4424/623/4999 4326/626/5002 4327/808/5368
f 4237/841/5323 4427/844/5326 4329/806/5369 4150/803/5370
f 4427/844/5326 4426/619/4995 4328/622/4998 4329/806/5369
f 4183/710/5085 4429/615/4992 4395/614/4991
f 4428/842/5324 4237/841/5323 4150/803/5370 4258/802/5371
f 4429/615/4992 4428/842/5324 4258/802/5371 4259/616/4993
f 4235/607/4984 4431/835/5319 4365/799/5372 4168/608/4985
f 4431/835/5319 4430/610/4987 4364/613/4990 4365/799/5372
f 4234/603/4980 4433/833/5317 4367/797/5373 4169/604/4981
f 4433/833/5317 4432/606/4983 4366/609/4986 4367/797/5373
f 4233/599/4976 4435/831/5315 4369/795/5374 4170/600/4977
f 4435/831/5315 4434/602/4979 4368/605/4982 4369/795/5374
f 4232/595/4972 4437/829/5313 4371/793/5375 4171/596/4973
f 4437/829/5313 4436/598/4975 4370/601/4978 4371/793/5375
f 4231/591/4968 4439/827/5311 4373/791/5376 4172/592/4969
f 4439/827/5311 4438/594/4971 4372/597/4974 4373/791/5376
f 4230/587/4964 4441/825/5309 4375/789/5377 4173/588/4965
f 4441/825/5309 4440/590/4967 4374/593/4970 4375/789/5377
f 4229/583/4960 4443/823/5307 4377/787/5378 4174/584/4961
f 4443/823/5307 4442/586/4963 4376/589/4966 4377/787/5378
f 4228/579/4956 4445/821/5305 4379/785/5379 4175/580/4957
f 4445/821/5305 4444/582/4959 4378/585/4962 4379/785/5379
f 4227/575/4952 4447/819/5303 4381/783/5380 4176/576/4953
f 4447/819/5303 4446/578/4955 4380/581/4958 4381/783/5380
f 4226/571/4948 4449/817/5301 4383/781/5381 4177/572/4949
f 4449/817/5301 4448/574/4951 4382/577/4954 4383/781/5381
f 4225/567/4944 4451/815/5299 4385/779/5382 4178/568/4945
f 4451/815/5299 4450/570/4947 4384/573/4950 4385/779/5382
f 4224/563/4940 4453/813/5297 4387/777/5383 4179/564/4941
f 4453/813/5297 4452/566/4943 4386/569/4946 4387/777/5383
f 4223/559/4936 4455/811/5295 4389/775/5384 4180/560/4937
f 4455/811/5295 4454/562/4939 4388/565/4942 4389/775/5384
f 4222/555/4932 4457/809/5293 4391/773/5255 4181/556/4933
f 4457/809/5293 4456/558/4935 4390/561/4938 4391/773/5255
f 4221/804/5288 4459/807/5291 4393/771/5253 4182/768/5250
f 4459/807/5291 4458/554/4931 4392/557/4934 4393/771/5253
f 4254/873/5385 4461/712/5117 4265/552/4929 4255/551/4928
f 4183/713/5118 4461/712/5117 4254/873/5385
f 4460/805/5289 4221/804/5288 4182/768/5250 4264/767/5249
f 4461/712/5117 4460/805/5289 4264/767/5249 4265/552/4929
f 4219/544/4921 4463/800/5282 4333/764/5386 4152/545/4922
f 4463/800/5282 4462/547/4924 4332/550/4927 4333/764/5386
f 4218/540/4917 4465/798/5280 4335/762/5387 4153/541/4918
f 4465/798/5280 4464/543/4920 4334/546/4923 4335/762/5387
f 4217/536/4913 4467/796/5278 4337/760/5388 4154/537/4914
f 4467/796/5278 4466/539/4916 4336/542/4919 4337/760/5388
f 4216/532/4909 4469/794/5276 4339/758/5389 4155/533/4910
f 4469/794/5276 4468/535/4912 4338/538/4915 4339/758/5389
f 4215/528/4905 4471/792/5390 4341/756/5391 4156/529/4906
f 4471/792/5390 4470/531/4908 4340/534/4911 4341/756/5391
f 4214/524/4901 4473/790/5392 4343/754/5393 4157/525/4902
f 4473/790/5392 4472/527/4904 4342/530/4907 4343/754/5393
f 4213/520/4897 4475/788/5394 4345/752/5395 4158/521/4898
f 4475/788/5394 4474/523/4900 4344/526/4903 4345/752/5395
f 4212/516/4893 4477/786/5268 4347/750/5396 4159/517/4894
f 4477/786/5268 4476/519/4896 4346/522/4899 4347/750/5396
f 4211/512/4889 4479/784/5266 4349/748/5397 4160/513/4890
f 4479/784/5266 4478/515/4892 4348/518/4895 4349/748/5397
f 4210/508/4885 4481/782/5264 4351/746/5398 4161/509/4886
f 4481/782/5264 4480/511/4888 4350/514/4891 4351/746/5398
f 4209/504/4881 4483/780/5262 4353/744/5399 4162/505/4882
f 4483/780/5262 4482/507/4884 4352/510/4887 4353/744/5399
f 4208/500/4877 4485/778/5260 4355/742/5400 4163/501/4878
f 4485/778/5260 4484/503/4880 4354/506/4883 4355/742/5400
f 4207/496/4873 4487/776/5258 4357/740/5401 4164/497/4874
f 4487/776/5258 4486/499/4876 4356/502/4879 4357/740/5401
f 4206/492/4869 4489/774/5256 4359/738/5402 4165/493/4870
f 4489/774/5256 4488/495/4872 4358/498/4875 4359/738/5402
f 4205/769/5251 4491/772/5254 4361/736/5403 4166/733/5404
f 4491/772/5254 4490/491/4868 4360/494/4871 4361/736/5403
f 4187/715/5151 4493/487/4865 4262/486/4864
f 4492/770/5252 4205/769/5251 4166/733/5404 4260/732/5405
f 4493/487/4865 4492/770/5252 4260/732/5405 4261/488/4866
f 4203/479/4857 4495/765/5247 4296/874/5406 4133/480/4858
f 4495/765/5247 4494/482/4860 4297/485/4863 4296/874/5406
f 4202/475/4853 4497/763/5245 4294/875/5407 4132/476/4854
f 4497/763/5245 4496/478/4856 4295/481/4859 4294/875/5407
f 4201/471/4849 4499/761/5243 4292/876/5408 4131/472/4850
f 4499/761/5243 4498/474/4852 4293/477/4855 4292/876/5408
f 4200/467/4845 4501/759/5241 4290/877/5409 4130/468/4846
f 4501/759/5241 4500/470/4848 4291/473/4851 4290/877/5409
f 4199/463/4841 4503/757/5239 4288/878/5410 4129/464/4842
f 4503/757/5239 4502/466/4844 4289/469/4847 4288/878/5410
f 4198/459/4837 4505/755/5411 4286/879/5412 4128/460/4838
f 4505/755/5411 4504/462/4840 4287/465/4843 4286/879/5412
f 4197/455/4833 4507/753/5413 4284/880/5414 4127/456/4834
f 4507/753/5413 4506/458/4836 4285/461/4839 4284/880/5414
f 4196/451/4829 4509/751/5233 4282/881/5415 4126/452/4830
f 4509/751/5233 4508/454/4832 4283/457/4835 4282/881/5415
f 4195/447/4825 4511/749/5231 4280/882/5416 4125/448/4826
f 4511/749/5231 4510/450/4828 4281/453/4831 4280/882/5416
f 4194/443/4821 4513/747/5229 4278/883/5417 4124/444/4822
f 4513/747/5229 4512/446/4824 4279/449/4827 4278/883/5417
f 4193/439/4817 4515/745/5227 4276/884/5418 4123/440/4818
f 4515/745/5227 4514/442/4820 4277/445/4823 4276/884/5418
f 4192/435/4813 4517/743/5225 4274/885/5419 4122/436/4814
f 4517/743/5225 4516/438/4816 4275/441/4819 4274/885/5419
f 4191/431/4809 4519/741/5223 4272/886/5420 4121/432/4810
f 4519/741/5223 4518/434/4812 4273/437/4815 4272/886/5420
f 4190/427/4805 4521/739/5221 4270/887/5327 4120/428/4806
f 4521/739/5221 4520/430/4808 4271/433/4811 4270/887/5327
f 4189/734/5216 4523/737/5219 4268/888/5325 4119/889/5322
f 4523/737/5219 4522/426/4804 4269/429/4807 4268/888/5325
f 4397/890/5421 4525/717/5188 4266/424/4802 4396/423/4801
f 4187/718/5189 4525/717/5188 4397/890/5421
f 4524/735/5217 4189/734/5216 4119/889/5322 4267/891/5321
f 4525/717/5188 4524/735/5217 4267/891/5321 4266/424/4802
f 4204/483/4861 4527/730/5210 4256/892/5422 4134/484/4862
f 4527/730/5210 4526/415/4793 4257/418/4796 4256/892/5422
f 4220/548/4925 4529/728/5208 4331/729/5423 4151/549/4926
f 4529/728/5208 4528/411/4789 4330/414/4792 4331/729/5423
f 4236/611/4988 4531/726/5206 4363/727/5424 4167/612/4989
f 4531/726/5206 4530/407/4785 4362/410/4788 4363/727/5424
f 4252/676/5052 4533/724/5204 4299/725/5425 4135/677/5053
f 4533/724/5204 4532/403/4781 4298/406/4784 4299/725/5425
o Cube.002
v 4.084308 4.760382 -0.000000
v 4.045882 4.912086 -0.000000
v 3.911670 4.991022 -0.000000
v 3.762171 4.952182 -0.000000
v 3.683667 4.820287 -0.000000
v 3.720156 4.671197 -0.000000
v 3.851756 4.590326 -0.000000
v 4.003188 4.626553 -0.000000
v 4.057750 4.764353 -0.272643
v 4.020473 4.915885 -0.260852
v 3.889005 4.994411 -0.232679
v 3.742206 4.955168 -0.204954
v 3.664807 4.823107 -0.193613
v 3.700192 4.674182 -0.204954
v 3.829091 4.593715 -0.232679
v 3.977779 4.630352 -0.260852
v 3.979097 4.776113 -0.534808
v 3.945222 4.927137 -0.511680
v 3.821881 5.004447 -0.456416
v 3.683080 4.964008 -0.402032
v 3.608953 4.831458 -0.379785
v 3.641066 4.683023 -0.402032
v 3.761968 4.603752 -0.456416
v 3.902528 4.641603 -0.511680
v 3.851373 4.795211 -0.776421
v 3.823021 4.945408 -0.742844
v 3.712878 5.020746 -0.662614
v 3.587066 4.978365 -0.583661
v 3.518251 4.845020 -0.551362
v 3.545052 4.697379 -0.583661
v 3.652964 4.620050 -0.662614
v 3.780327 4.659875 -0.742844
v 3.679484 4.820912 -0.988196
v 3.658565 4.969998 -0.945461
v 3.566184 5.042680 -0.843347
v 3.457851 4.997685 -0.742859
v 3.396188 4.863272 -0.701751
v 3.415837 4.716700 -0.742859
v 3.506271 4.641984 -0.843347
v 3.615871 4.684465 -0.945461
v 3.470037 4.852230 -1.161996
v 3.458176 4.999961 -1.111744
v 3.387438 5.069407 -0.991672
v 3.300403 5.021228 -0.873510
v 3.247452 4.885511 -0.825172
v 3.258389 4.740242 -0.873510
v 3.327524 4.668711 -0.991672
v 3.415482 4.714428 -1.111744
v 3.231081 4.887959 -1.291140
v 3.229554 5.034146 -1.235304
v 3.183508 5.099899 -1.101886
v 3.120772 5.048087 -0.970592
v 3.077762 4.910884 -0.916881
v 3.078758 4.767101 -0.970592
v 3.123595 4.699204 -1.101886
v 3.186860 4.748613 -1.235304
v 2.971798 4.926728 -1.370667
v 2.981484 5.071238 -1.311392
v 2.962230 5.132986 -1.169756
v 2.925861 5.077230 -1.030375
v 2.893637 4.938415 -0.973356
v 2.883847 4.796245 -1.030375
v 2.902317 4.732290 -1.169756
v 2.938790 4.785705 -1.311392
v 2.702152 4.967046 -1.397520
v 2.723500 5.109813 -1.337083
v 2.732109 5.167394 -1.192673
v 2.723160 5.107540 -1.050561
v 2.702152 4.967046 -0.992425
v 2.681146 4.826553 -1.050561
v 2.672196 4.766699 -1.192673
v 2.680806 4.824280 -1.337083
v 2.432508 5.007365 -1.370667
v 2.465515 5.148387 -1.311392
v 2.501988 5.201803 -1.169756
v 2.520459 5.137848 -1.030375
v 2.510669 4.995678 -0.973356
v 2.478445 4.856862 -1.030375
v 2.442075 4.801107 -1.169756
v 2.422822 4.862855 -1.311392
v 2.173224 5.046134 -1.291140
v 2.217445 5.185480 -1.235304
v 2.280711 5.234889 -1.101886
v 2.325547 5.166992 -0.970592
v 2.326543 5.023209 -0.916881
v 2.283533 4.886006 -0.970592
v 2.220798 4.834193 -1.101886
v 2.174751 4.899947 -1.235304
v 1.934269 5.081863 -1.161996
v 1.988824 5.219664 -1.111744
v 2.076781 5.265381 -0.991672
v 2.145916 5.193851 -0.873510
v 2.156853 5.048582 -0.825172
v 2.103902 4.912865 -0.873510
v 2.016868 4.864686 -0.991672
v 1.946130 4.934132 -1.111744
v 1.724821 5.113181 -0.988196
v 1.788433 5.249627 -0.945460
v 1.898034 5.292109 -0.843347
v 1.988468 5.217393 -0.742859
v 2.008117 5.070821 -0.701751
v 1.946454 4.936408 -0.742859
v 1.838120 4.891413 -0.843347
v 1.745739 4.964095 -0.945460
v 1.568866 5.136499 -0.834271
v 1.646362 5.284577 -0.798900
v 1.787352 5.330328 -0.713234
v 1.909882 5.246283 -0.627010
v 1.941444 5.080791 -0.591078
v 1.862855 4.931769 -0.627010
v 1.721100 4.887240 -0.713234
v 1.599659 4.972230 -0.798900
v 1.568866 5.136499 0.834271
v 1.646362 5.284577 0.798900
v 1.787352 5.330328 0.713234
v 1.909882 5.246283 0.627010
v 1.941444 5.080791 0.591078
v 1.862855 4.931769 0.627010
v 1.721100 4.887240 0.713234
v 1.599659 4.972230 0.798900
v 1.724821 5.113181 0.988196
v 1.788433 5.249627 0.945460
v 1.898034 5.292109 0.843347
v 1.988468 5.217393 0.742859
v 2.008117 5.070821 0.701750
v 1.946454 4.936408 0.742859
v 1.838120 4.891413 0.843347
v 1.745739 4.964095 0.945460
v 1.934268 5.081863 1.161995
v 1.988822 5.219665 1.111744
v 2.076780 5.265381 0.991671
v 2.145916 5.193851 0.873510
v 2.156852 5.048582 0.825171
v 2.103901 4.912865 0.873510
v 2.016867 4.864686 0.991671
v 1.946128 4.934132 1.111744
v 2.173224 5.046134 1.291140
v 2.217445 5.185480 1.235304
v 2.280711 5.234889 1.101887
v 2.325547 5.166992 0.970592
v 2.326543 5.023209 0.916881
v 2.283533 4.886006 0.970592
v 2.220798 4.834193 1.101886
v 2.174751 4.899947 1.235304
v 2.432507 5.007365 1.370667
v 2.465515 5.148388 1.311392
v 2.501988 5.201803 1.169756
v 2.520458 5.137848 1.030375
v 2.510668 4.995678 0.973356
v 2.478444 4.856863 1.030375
v 2.442074 4.801107 1.169756
v 2.422821 4.862855 1.311392
v 2.702152 4.967046 1.397520
v 2.723500 5.109813 1.337083
v 2.732109 5.167394 1.192673
v 2.723160 5.107540 1.050561
v 2.702152 4.967046 0.992425
v 2.681146 4.826553 1.050561
v 2.672196 4.766699 1.192673
v 2.680806 4.824280 1.337083
v 2.971797 4.926728 1.370667
v 2.981483 5.071238 1.311392
v 2.962230 5.132986 1.169757
v 2.925860 5.077231 1.030375
v 2.893636 4.938415 0.973356
v 2.883846 4.796245 1.030375
v 2.902316 4.732290 1.169757
v 2.938789 4.785706 1.311392
v 3.231081 4.887959 1.291140
v 3.229554 5.034146 1.235304
v 3.183508 5.099899 1.101886
v 3.120772 5.048087 0.970592
v 3.077762 4.910884 0.916881
v 3.078758 4.767101 0.970592
v 3.123595 4.699204 1.101886
v 3.186860 4.748613 1.235304
v 3.470037 4.852230 1.161996
v 3.458176 4.999961 1.111745
v 3.387438 5.069407 0.991672
v 3.300403 5.021228 0.873510
v 3.247452 4.885511 0.825172
v 3.258389 4.740242 0.873510
v 3.327524 4.668711 0.991672
v 3.415482 4.714428 1.111745
v 3.679483 4.820912 0.988197
v 3.658565 4.969998 0.945461
v 3.566184 5.042680 0.843348
v 3.457851 4.997685 0.742860
v 3.396187 4.863272 0.701751
v 3.415837 4.716700 0.742860
v 3.506270 4.641984 0.843348
v 3.615871 4.684465 0.945461
v 3.851373 4.795211 0.776421
v 3.823021 4.945408 0.742844
v 3.712878 5.020746 0.662614
v 3.587066 4.978365 0.583661
v 3.518251 4.845020 0.551362
v 3.545052 4.697379 0.583661
v 3.652964 4.620050 0.662614
v 3.780327 4.659875 0.742844
v 3.979097 4.776113 0.534808
v 3.945222 4.927137 0.511680
v 3.821881 5.004447 0.456417
v 3.683080 4.964008 0.402033
v 3.608953 4.831458 0.379785
v 3.641066 4.683023 0.402033
v 3.761967 4.603752 0.456417
v 3.902528 4.641603 0.511680
v 4.057750 4.764353 0.272642
v 4.020473 4.915885 0.260852
v 3.889005 4.994411 0.232679
v 3.742206 4.955168 0.204954
v 3.664807 4.823107 0.193612
v 3.700192 4.674182 0.204954
v 3.829091 4.593715 0.232679
v 3.977779 4.630352 0.260852
v 0.000000 4.760382 -4.084308
v 0.000000 4.912086 -4.045882
v 0.000000 4.991022 -3.911670
v 0.000000 4.952182 -3.762171
v 0.000000 4.820287 -3.683667
v 0.000000 4.671197 -3.720156
v 0.000000 4.590326 -3.851756
v 0.000000 4.626553 -4.003188
v -0.272643 4.764353 -4.057750
v -0.260852 4.915885 -4.020473
v -0.232679 4.994411 -3.889005
v -0.204954 4.955168 -3.742206
v -0.193613 4.823107 -3.664807
v -0.204955 4.674182 -3.700192
v -0.232679 4.593715 -3.829091
v -0.260852 4.630352 -3.977779
v -0.534808 4.776113 -3.979097
v -0.511680 4.927137 -3.945222
v -0.456416 5.004447 -3.821881
v -0.402032 4.964008 -3.683080
v -0.379785 4.831458 -3.608953
v -0.402032 4.683023 -3.641066
v -0.456416 4.603752 -3.761968
v -0.511680 4.641603 -3.902528
v -0.776421 4.795211 -3.851372
v -0.742844 4.945408 -3.823020
v -0.662614 5.020746 -3.712878
v -0.583661 4.978365 -3.587066
v -0.551362 4.845020 -3.518251
v -0.583661 4.697379 -3.545052
v -0.662614 4.620050 -3.652964
v -0.742844 4.659875 -3.780327
v -0.988196 4.820912 -3.679484
v -0.945461 4.969998 -3.658565
v -0.843348 5.042680 -3.566184
v -0.742859 4.997685 -3.457851
v -0.701751 4.863272 -3.396188
v -0.742859 4.716700 -3.415837
v -0.843348 4.641984 -3.506271
v -0.945461 4.684465 -3.615871
v -1.161996 4.852230 -3.470037
v -1.111744 4.999961 -3.458176
v -0.991672 5.069407 -3.387438
v -0.873510 5.021228 -3.300403
v -0.825171 4.885511 -3.247452
v -0.873510 4.740242 -3.258389
v -0.991672 4.668711 -3.327524
v -1.111744 4.714428 -3.415482
v -1.291141 4.887959 -3.231081
v -1.235304 5.034146 -3.229554
v -1.101886 5.099899 -3.183508
v -0.970592 5.048087 -3.120772
v -0.916881 4.910884 -3.077762
v -0.970592 4.767101 -3.078758
v -1.101886 4.699204 -3.123594
v -1.235304 4.748613 -3.186860
v -1.370667 4.926728 -2.971798
v -1.311392 5.071238 -2.981484
v -1.169756 5.132986 -2.962230
v -1.030375 5.077230 -2.925861
v -0.973356 4.938415 -2.893637
v -1.030375 4.796245 -2.883847
v -1.169756 4.732290 -2.902317
v -1.311392 4.785705 -2.938790
v -1.397521 4.967046 -2.702152
v -1.337083 5.109813 -2.723500
v -1.192673 5.167394 -2.732109
v -1.050561 5.107540 -2.723160
v -0.992425 4.967046 -2.702152
v -1.050561 4.826553 -2.681145
v -1.192673 4.766699 -2.672196
v -1.337083 4.824280 -2.680806
v -1.370667 5.007365 -2.432508
v -1.311392 5.148387 -2.465515
v -1.169756 5.201803 -2.501988
v -1.030375 5.137848 -2.520459
v -0.973356 4.995678 -2.510669
v -1.030375 4.856862 -2.478445
v -1.169756 4.801107 -2.442075
v -1.311392 4.862855 -2.422822
v -1.291141 5.046134 -2.173224
v -1.235304 5.185480 -2.217445
v -1.101886 5.234889 -2.280711
v -0.970592 5.166992 -2.325547
v -0.916881 5.023209 -2.326543
v -0.970592 4.886006 -2.283533
v -1.101886 4.834193 -2.220798
v -1.235304 4.899947 -2.174751
v -1.161996 5.081863 -1.934269
v -1.111744 5.219664 -1.988824
v -0.991672 5.265381 -2.076781
v -0.873510 5.193851 -2.145916
v -0.825172 5.048582 -2.156853
v -0.873510 4.912865 -2.103902
v -0.991672 4.864686 -2.016868
v -1.111744 4.934132 -1.946130
v -0.988196 5.113181 -1.724821
v -0.945460 5.249627 -1.788433
v -0.843347 5.292109 -1.898034
v -0.742859 5.217393 -1.988468
v -0.701751 5.070821 -2.008117
v -0.742859 4.936408 -1.946454
v -0.843347 4.891413 -1.838120
v -0.945460 4.964095 -1.745739
v -0.834271 5.136499 -1.568866
v -0.798900 5.284577 -1.646362
v -0.713234 5.330328 -1.787352
v -0.627010 5.246283 -1.909882
v -0.591078 5.080791 -1.941444
v -0.627010 4.931769 -1.862855
v -0.713234 4.887240 -1.721100
v -0.798900 4.972230 -1.599659
v 0.834271 5.136499 -1.568866
v 0.798900 5.284577 -1.646362
v 0.713234 5.330328 -1.787352
v 0.627010 5.246283 -1.909882
v 0.591078 5.080791 -1.941444
v 0.627010 4.931769 -1.862855
v 0.713234 4.887240 -1.721100
v 0.798900 4.972230 -1.599659
v 0.988196 5.113181 -1.724821
v 0.945461 5.249627 -1.788433
v 0.843347 5.292109 -1.898034
v 0.742859 5.217393 -1.988468
v 0.701751 5.070821 -2.008117
v 0.742859 4.936408 -1.946454
v 0.843347 4.891413 -1.838120
v 0.945461 4.964095 -1.745739
v 1.161995 5.081863 -1.934268
v 1.111744 5.219665 -1.988822
v 0.991671 5.265381 -2.076780
v 0.873510 5.193851 -2.145916
v 0.825171 5.048582 -2.156852
v 0.873510 4.912865 -2.103901
v 0.991671 4.864686 -2.016867
v 1.111744 4.934132 -1.946128
v 1.291140 5.046134 -2.173224
v 1.235304 5.185480 -2.217445
v 1.101887 5.234889 -2.280711
v 0.970592 5.166992 -2.325547
v 0.916881 5.023209 -2.326543
v 0.970592 4.886006 -2.283533
v 1.101886 4.834193 -2.220798
v 1.235304 4.899947 -2.174751
v 1.370667 5.007365 -2.432507
v 1.311392 5.148388 -2.465515
v 1.169756 5.201803 -2.501988
v 1.030375 5.137848 -2.520458
v 0.973356 4.995678 -2.510668
v 1.030375 4.856863 -2.478444
v 1.169756 4.801107 -2.442075
v 1.311392 4.862855 -2.422821
v 1.397520 4.967046 -2.702153
v 1.337083 5.109813 -2.723500
v 1.192673 5.167394 -2.732109
v 1.050561 5.107540 -2.723160
v 0.992425 4.967046 -2.702152
v 1.050561 4.826553 -2.681146
v 1.192673 4.766699 -2.672196
v 1.337083 4.824280 -2.680806
v 1.370667 4.926728 -2.971797
v 1.311392 5.071238 -2.981483
v 1.169757 5.132986 -2.962230
v 1.030375 5.077231 -2.925860
v 0.973356 4.938415 -2.893636
v 1.030375 4.796245 -2.883846
v 1.169757 4.732290 -2.902316
v 1.311392 4.785706 -2.938789
v 1.291140 4.887959 -3.231081
v 1.235304 5.034146 -3.229554
v 1.101886 5.099899 -3.183508
v 0.970592 5.048087 -3.120772
v 0.916881 4.910884 -3.077762
v 0.970592 4.767101 -3.078758
v 1.101886 4.699204 -3.123595
v 1.235304 4.748613 -3.186860
v 1.161996 4.852230 -3.470037
v 1.111745 4.999961 -3.458176
v 0.991672 5.069407 -3.387438
v 0.873510 5.021228 -3.300403
v 0.825171 4.885511 -3.247452
v 0.873510 4.740242 -3.258389
v 0.991672 4.668711 -3.327524
v 1.111745 4.714428 -3.415482
v 0.988197 4.820912 -3.679483
v 0.945461 4.969998 -3.658565
v 0.843348 5.042680 -3.566184
v 0.742860 4.997685 -3.457851
v 0.701751 4.863272 -3.396187
v 0.742860 4.716700 -3.415837
v 0.843348 4.641984 -3.506270
v 0.945461 4.684465 -3.615871
v 0.776421 4.795211 -3.851373
v 0.742844 4.945408 -3.823021
v 0.662614 5.020746 -3.712878
v 0.583661 4.978365 -3.587066
v 0.551362 4.845020 -3.518251
v 0.583661 4.697379 -3.545052
v 0.662614 4.620050 -3.652964
v 0.742844 4.659875 -3.780327
v 0.534808 4.776113 -3.979097
v 0.511680 4.927137 -3.945222
v 0.456417 5.004447 -3.821881
v 0.402033 4.964008 -3.683080
v 0.379785 4.831458 -3.608953
v 0.402033 4.683023 -3.641066
v 0.456417 4.603752 -3.761967
v 0.511680 4.641603 -3.902528
v 0.272642 4.764353 -4.057750
v 0.260852 4.915885 -4.020473
v 0.232679 4.994411 -3.889005
v 0.204954 4.955168 -3.742206
v 0.193612 4.823107 -3.664807
v 0.204954 4.674182 -3.700192
v 0.232679 4.593715 -3.829091
v 0.260852 4.630352 -3.977779
v -4.084308 4.760382 0.000000
v -4.045882 4.912086 0.000000
v -3.911670 4.991022 0.000000
v -3.762171 4.952182 0.000000
v -3.683667 4.820287 0.000000
v -3.720157 4.671197 0.000000
v -3.851756 4.590326 0.000000
v -4.003188 4.626553 0.000000
v -4.057750 4.764353 0.272643
v -4.020473 4.915885 0.260853
v -3.889005 4.994411 0.232679
v -3.742206 4.955168 0.204955
v -3.664807 4.823107 0.193613
v -3.700192 4.674182 0.204955
v -3.829091 4.593715 0.232679
v -3.977779 4.630352 0.260853
v -3.979097 4.776113 0.534808
v -3.945222 4.927137 0.511680
v -3.821881 5.004447 0.456417
v -3.683080 4.964008 0.402033
v -3.608953 4.831458 0.379785
v -3.641066 4.683023 0.402033
v -3.761968 4.603752 0.456417
v -3.902528 4.641603 0.511680
v -3.851373 4.795211 0.776421
v -3.823020 4.945408 0.742844
v -3.712878 5.020746 0.662614
v -3.587066 4.978365 0.583661
v -3.518251 4.845020 0.551362
v -3.545052 4.697379 0.583661
v -3.652964 4.620050 0.662614
v -3.780327 4.659875 0.742844
v -3.679484 4.820912 0.988196
v -3.658565 4.969998 0.945461
v -3.566184 5.042680 0.843348
v -3.457851 4.997685 0.742860
v -3.396188 4.863272 0.701751
v -3.415837 4.716700 0.742860
v -3.506270 4.641984 0.843348
v -3.615871 4.684465 0.945461
v -3.470037 4.852230 1.161996
v -3.458176 4.999961 1.111745
v -3.387438 5.069407 0.991672
v -3.300403 5.021228 0.873510
v -3.247452 4.885511 0.825172
v -3.258389 4.740242 0.873510
v -3.327524 4.668711 0.991672
v -3.415482 4.714428 1.111745
v -3.231081 4.887959 1.291141
v -3.229554 5.034146 1.235304
v -3.183508 5.099899 1.101887
v -3.120772 5.048087 0.970592
v -3.077762 4.910884 0.916882
v -3.078758 4.767101 0.970592
v -3.123594 4.699204 1.101887
v -3.186860 4.748613 1.235304
v -2.971798 4.926728 1.370668
v -2.981484 5.071238 1.311392
v -2.962230 5.132986 1.169757
v -2.925860 5.077230 1.030375
v -2.893637 4.938415 0.973356
v -2.883847 4.796245 1.030375
v -2.902317 4.732290 1.169757
v -2.938790 4.785705 1.311392
v -2.702152 4.967046 1.397521
v -2.723499 5.109813 1.337084
v -2.732109 5.167394 1.192674
v -2.723159 5.107540 1.050562
v -2.702152 4.967046 0.992426
v -2.681146 4.826553 1.050562
v -2.672196 4.766699 1.192674
v -2.680806 4.824280 1.337084
v -2.432508 5.007365 1.370668
v -2.465515 5.148387 1.311392
v -2.501988 5.201803 1.169757
v -2.520459 5.137848 1.030375
v -2.510669 4.995678 0.973356
v -2.478445 4.856862 1.030375
v -2.442075 4.801107 1.169757
v -2.422822 4.862855 1.311392
v -2.173224 5.046134 1.291141
v -2.217445 5.185480 1.235304
v -2.280711 5.234889 1.101887
v -2.325547 5.166992 0.970592
v -2.326543 5.023209 0.916882
v -2.283533 4.886006 0.970592
v -2.220798 4.834193 1.101887
v -2.174751 4.899947 1.235304
v -1.934269 5.081863 1.161996
v -1.988823 5.219664 1.111745
v -2.076781 5.265381 0.991672
v -2.145916 5.193851 0.873510
v -2.156853 5.048582 0.825172
v -2.103902 4.912865 0.873510
v -2.016868 4.864686 0.991672
v -1.946130 4.934132 1.111745
v -1.724821 5.113181 0.988196
v -1.788433 5.249627 0.945461
v -1.898034 5.292109 0.843347
v -1.988468 5.217393 0.742859
v -2.008117 5.070821 0.701751
v -1.946454 4.936408 0.742859
v -1.838120 4.891413 0.843347
v -1.745739 4.964095 0.945461
v -1.568866 5.136499 0.834271
v -1.646362 5.284577 0.798900
v -1.787352 5.330328 0.713234
v -1.909882 5.246283 0.627011
v -1.941444 5.080791 0.591078
v -1.862855 4.931769 0.627011
v -1.721100 4.887240 0.713234
v -1.599659 4.972230 0.798900
v -1.568866 5.136499 -0.834271
v -1.646362 5.284577 -0.798900
v -1.787352 5.330328 -0.713234
v -1.909882 5.246283 -0.627010
v -1.941444 5.080791 -0.591078
v -1.862855 4.931769 -0.627010
v -1.721100 4.887240 -0.713234
v -1.599659 4.972230 -0.798900
v -1.724821 5.113181 -0.988196
v -1.788434 5.249627 -0.945460
v -1.898034 5.292109 -0.843347
v -1.988468 5.217393 -0.742859
v -2.008117 5.070821 -0.701750
v -1.946454 4.936408 -0.742859
v -1.838120 4.891413 -0.843347
v -1.745739 4.964095 -0.945460
v -1.934268 5.081863 -1.161995
v -1.988822 5.219665 -1.111744
v -2.076780 5.265381 -0.991671
v -2.145916 5.193851 -0.873509
v -2.156852 5.048582 -0.825171
v -2.103901 4.912865 -0.873509
v -2.016867 4.864686 -0.991671
v -1.946128 4.934132 -1.111744
v -2.173224 5.046134 -1.291140
v -2.217445 5.185480 -1.235304
v -2.280711 5.234889 -1.101886
v -2.325547 5.166992 -0.970592
v -2.326543 5.023209 -0.916881
v -2.283533 4.886006 -0.970592
v -2.220798 4.834193 -1.101886
v -2.174751 4.899947 -1.235304
v -2.432507 5.007365 -1.370667
v -2.465515 5.148388 -1.311391
v -2.501988 5.201803 -1.169756
v -2.520458 5.137848 -1.030375
v -2.510668 4.995678 -0.973356
v -2.478444 4.856863 -1.030375
v -2.442075 4.801107 -1.169756
v -2.422821 4.862855 -1.311391
v -2.702153 4.967046 -1.397520
v -2.723500 5.109813 -1.337083
v -2.732110 5.167394 -1.192673
v -2.723160 5.107540 -1.050561
v -2.702153 4.967046 -0.992425
v -2.681146 4.826553 -1.050561
v -2.672196 4.766699 -1.192673
v -2.680806 4.824280 -1.337083
v -2.971797 4.926728 -1.370667
v -2.981483 5.071238 -1.311392
v -2.962230 5.132986 -1.169756
v -2.925860 5.077231 -1.030375
v -2.893636 4.938415 -0.973356
v -2.883846 4.796245 -1.030375
v -2.902317 4.732290 -1.169756
v -2.938789 4.785706 -1.311392
v -3.231081 4.887959 -1.291140
v -3.229554 5.034146 -1.235304
v -3.183508 5.099899 -1.101886
v -3.120772 5.048087 -0.970592
v -3.077762 4.910884 -0.916881
v -3.078758 4.767101 -0.970592
v -3.123595 4.699204 -1.101886
v -3.186860 4.748613 -1.235304
v -3.470037 4.852230 -1.161996
v -3.458176 4.999961 -1.111744
v -3.387438 5.069407 -0.991671
v -3.300403 5.021228 -0.873510
v -3.247452 4.885511 -0.825171
v -3.258389 4.740242 -0.873510
v -3.327524 4.668711 -0.991672
v -3.415482 4.714428 -1.111744
v -3.679483 4.820912 -0.988196
v -3.658565 4.969998 -0.945461
v -3.566184 5.042680 -0.843348
v -3.457851 4.997685 -0.742859
v -3.396187 4.863272 -0.701751
v -3.415837 4.716700 -0.742859
v -3.506270 4.641984 -0.843348
v -3.615871 4.684465 -0.945461
v -3.851373 4.795211 -0.776420
v -3.823021 4.945408 -0.742843
v -3.712878 5.020746 -0.662614
v -3.587066 4.978365 -0.583660
v -3.518251 4.845020 -0.551362
v -3.545052 4.697379 -0.583660
v -3.652964 4.620050 -0.662614
v -3.780327 4.659875 -0.742843
v -3.979097 4.776113 -0.534808
v -3.945222 4.927137 -0.511680
v -3.821881 5.004447 -0.456417
v -3.683081 4.964008 -0.402033
v -3.608953 4.831458 -0.379785
v -3.641067 4.683023 -0.402033
v -3.761967 4.603752 -0.456416
v -3.902528 4.641603 -0.511680
v -4.057750 4.764353 -0.272642
v -4.020473 4.915885 -0.260851
v -3.889005 4.994411 -0.232678
v -3.742206 4.955168 -0.204954
v -3.664807 4.823107 -0.193612
v -3.700192 4.674182 -0.204954
v -3.829091 4.593715 -0.232678
v -3.977779 4.630352 -0.260852
v 0.000000 4.760382 4.084308
v 0.000000 4.912086 4.045882
v 0.000000 4.991022 3.911670
v 0.000000 4.952182 3.762171
v 0.000000 4.820287 3.683667
v 0.000000 4.671197 3.720156
v 0.000000 4.590326 3.851756
v 0.000000 4.626553 4.003188
v 0.272643 4.764353 4.057750
v 0.260853 4.915885 4.020473
v 0.232679 4.994411 3.889005
v 0.204955 4.955168 3.742206
v 0.193613 4.823107 3.664807
v 0.204955 4.674182 3.700192
v 0.232679 4.593715 3.829091
v 0.260853 4.630352 3.977779
v 0.534808 4.776113 3.979097
v 0.511680 4.927137 3.945222
v 0.456417 5.004447 3.821881
v 0.402033 4.964008 3.683080
v 0.379785 4.831458 3.608953
v 0.402033 4.683023 3.641066
v 0.456417 4.603752 3.761967
v 0.511680 4.641603 3.902528
v 0.776421 4.795211 3.851372
v 0.742844 4.945408 3.823020
v 0.662614 5.020746 3.712878
v 0.583661 4.978365 3.587066
v 0.551362 4.845020 3.518251
v 0.583661 4.697379 3.545052
v 0.662614 4.620050 3.652964
v 0.742844 4.659875 3.780327
v 0.988196 4.820912 3.679484
v 0.945461 4.969998 3.658565
v 0.843348 5.042680 3.566184
v 0.742860 4.997685 3.457851
v 0.701751 4.863272 3.396188
v 0.742860 4.716700 3.415837
v 0.843348 4.641984 3.506270
v 0.945461 4.684465 3.615871
v 1.161996 4.852230 3.470037
v 1.111745 4.999961 3.458176
v 0.991672 5.069407 3.387438
v 0.873510 5.021228 3.300403
v 0.825172 4.885511 3.247452
v 0.873510 4.740242 3.258389
v 0.991672 4.668711 3.327524
v 1.111745 4.714428 3.415482
v 1.291141 4.887959 3.231081
v 1.235304 5.034146 3.229553
v 1.101887 5.099899 3.183508
v 0.970592 5.048087 3.120772
v 0.916882 4.910884 3.077762
v 0.970592 4.767101 3.078758
v 1.101887 4.699204 3.123594
v 1.235304 4.748613 3.186860
v 1.370668 4.926728 2.971798
v 1.311392 5.071238 2.981484
v 1.169757 5.132986 2.962230
v 1.030375 5.077230 2.925861
v 0.973356 4.938415 2.893636
v 1.030375 4.796245 2.883847
v 1.169757 4.732290 2.902317
v 1.311392 4.785705 2.938790
v 1.397521 4.967046 2.702152
v 1.337084 5.109813 2.723499
v 1.192674 5.167394 2.732109
v 1.050562 5.107540 2.723159
v 0.992425 4.967046 2.702152
v 1.050562 4.826553 2.681145
v 1.192674 4.766699 2.672196
v 1.337084 4.824280 2.680805
v 1.370668 5.007365 2.432507
v 1.311392 5.148387 2.465515
v 1.169756 5.201803 2.501988
v 1.030375 5.137848 2.520458
v 0.973356 4.995678 2.510669
v 1.030375 4.856862 2.478445
v 1.169756 4.801107 2.442075
v 1.311392 4.862855 2.422821
v 1.291141 5.046134 2.173224
v 1.235304 5.185480 2.217445
v 1.101887 5.234889 2.280711
v 0.970592 5.166992 2.325547
v 0.916882 5.023209 2.326543
v 0.970592 4.886006 2.283533
v 1.101887 4.834193 2.220798
v 1.235304 4.899947 2.174751
v 1.161996 5.081863 1.934269
v 1.111745 5.219664 1.988824
v 0.991672 5.265381 2.076781
v 0.873510 5.193851 2.145916
v 0.825172 5.048582 2.156853
v 0.873510 4.912865 2.103902
v 0.991672 4.864686 2.016868
v 1.111745 4.934132 1.946130
v 0.988196 5.113181 1.724821
v 0.945461 5.249627 1.788433
v 0.843347 5.292109 1.898034
v 0.742859 5.217393 1.988468
v 0.701751 5.070821 2.008117
v 0.742859 4.936408 1.946454
v 0.843347 4.891413 1.838120
v 0.945461 4.964095 1.745739
v 0.834271 5.136499 1.568866
v 0.798900 5.284577 1.646362
v 0.713234 5.330328 1.787352
v 0.627011 5.246283 1.909882
v 0.591078 5.080791 1.941444
v 0.627011 4.931769 1.862855
v 0.713234 4.887240 1.721100
v 0.798900 4.972230 1.599659
v -0.834271 5.136499 1.568866
v -0.798900 5.284577 1.646362
v -0.713234 5.330328 1.787352
v -0.627010 5.246283 1.909882
v -0.591078 5.080791 1.941445
v -0.627010 4.931769 1.862855
v -0.713234 4.887240 1.721100
v -0.798900 4.972230 1.599659
v -0.988196 5.113181 1.724821
v -0.945460 5.249627 1.788434
v -0.843347 5.292109 1.898034
v -0.742859 5.217393 1.988468
v -0.701750 5.070821 2.008117
v -0.742859 4.936408 1.946454
v -0.843347 4.891413 1.838120
v -0.945460 4.964095 1.745740
v -1.161995 5.081863 1.934268
v -1.111744 5.219665 1.988822
v -0.991671 5.265381 2.076780
v -0.873509 5.193851 2.145916
v -0.825171 5.048582 2.156852
v -0.873509 4.912865 2.103901
v -0.991671 4.864686 2.016867
v -1.111744 4.934132 1.946128
v -1.291141 5.046134 2.173225
v -1.235304 5.185480 2.217446
v -1.101886 5.234889 2.280711
v -0.970592 5.166992 2.325547
v -0.916881 5.023209 2.326543
v -0.970592 4.886006 2.283533
v -1.101886 4.834193 2.220798
v -1.235304 4.899947 2.174752
v -1.370667 5.007365 2.432507
v -1.311392 5.148388 2.465515
v -1.169756 5.201803 2.501988
v -1.030375 5.137848 2.520458
v -0.973356 4.995678 2.510668
v -1.030375 4.856863 2.478444
v -1.169756 4.801107 2.442075
v -1.311392 4.862855 2.422821
v -1.397520 4.967046 2.702153
v -1.337083 5.109813 2.723500
v -1.192673 5.167394 2.732110
v -1.050561 5.107540 2.723160
v -0.992425 4.967046 2.702153
v -1.050561 4.826553 2.681146
v -1.192673 4.766699 2.672196
v -1.337083 4.824280 2.680806
v -1.370667 4.926728 2.971797
v -1.311392 5.071238 2.981483
v -1.169756 5.132986 2.962230
v -1.030375 5.077231 2.925860
v -0.973356 4.938415 2.893636
v -1.030375 4.796245 2.883846
v -1.169756 4.732290 2.902317
v -1.311392 4.785706 2.938789
v -1.291140 4.887959 3.231081
v -1.235304 5.034146 3.229554
v -1.101886 5.099899 3.183508
v -0.970592 5.048087 3.120772
v -0.916881 4.910884 3.077762
v -0.970592 4.767101 3.078758
v -1.101886 4.699204 3.123595
v -1.235304 4.748613 3.186860
v -1.161995 4.852230 3.470037
v -1.111744 4.999961 3.458176
v -0.991672 5.069407 3.387438
v -0.873510 5.021228 3.300403
v -0.825171 4.885511 3.247452
v -0.873510 4.740242 3.258389
v -0.991672 4.668711 3.327524
v -1.111744 4.714428 3.415482
v -0.988196 4.820912 3.679483
v -0.945461 4.969998 3.658565
v -0.843348 5.042680 3.566184
v -0.742859 4.997685 3.457851
v -0.701751 4.863272 3.396187
v -0.742859 4.716700 3.415837
v -0.843348 4.641984 3.506270
v -0.945461 4.684465 3.615871
v -0.776420 4.795211 3.851373
v -0.742843 4.945408 3.823021
v -0.662613 5.020746 3.712878
v -0.583660 4.978365 3.587066
v -0.551362 4.845020 3.518251
v -0.583660 4.697379 3.545052
v -0.662613 4.620050 3.652964
v -0.742843 4.659875 3.780327
v -0.534808 4.776113 3.979097
v -0.511680 4.927137 3.945222
v -0.456416 5.004447 3.821881
v -0.402033 4.964008 3.683080
v -0.379785 4.831458 3.608953
v -0.402033 4.683023 3.641066
v -0.456416 4.603752 3.761967
v -0.511680 4.641603 3.902528
v -0.272642 4.764353 4.057750
v -0.260851 4.915885 4.020473
v -0.232678 4.994411 3.889005
v -0.204954 4.955168 3.742206
v -0.193612 4.823107 3.664807
v -0.204954 4.674182 3.700192
v -0.232678 4.593715 3.829091
v -0.260851 4.630352 3.977779
vn 0.9654 0.2445 -0.0905
vn 0.5066 0.8614 -0.0368
vn -0.2513 0.9671 0.0386
vn -0.8558 0.5093 0.0908
vn -0.9673 -0.2368 0.0908
vn -0.5232 -0.8514 0.0386
vn 0.2325 -0.9719 -0.0368
vn 0.8517 -0.5162 -0.0905
vn 0.9305 0.2498 -0.2680
vn 0.4924 0.8635 -0.1090
vn -0.2364 0.9649 0.1142
vn -0.8207 0.5041 0.2688
vn -0.9323 -0.2420 0.2688
vn -0.5083 -0.8536 0.1142
vn 0.2183 -0.9698 -0.1090
vn 0.8167 -0.5110 -0.2680
vn 0.8620 0.2600 -0.4351
vn 0.4646 0.8677 -0.1770
vn -0.2072 0.9606 0.1855
vn -0.7520 0.4938 0.4366
vn -0.8636 -0.2523 0.4366
vn -0.4791 -0.8579 0.1855
vn 0.1904 -0.9656 -0.1770
vn 0.7483 -0.5008 -0.4351
vn 0.7626 0.2749 -0.5856
vn 0.4241 0.8737 -0.2382
vn -0.1648 0.9542 0.2496
vn -0.6523 0.4789 0.5875
vn -0.7638 -0.2672 0.5875
vn -0.4367 -0.8643 0.2496
vn 0.1500 -0.9596 -0.2382
vn 0.6488 -0.4859 -0.5856
vn 0.6360 0.2938 -0.7136
vn 0.3726 0.8814 -0.2902
vn -0.1109 0.9462 0.3041
vn -0.5253 0.4599 0.7159
vn -0.6369 -0.2862 0.7159
vn -0.3828 -0.8723 0.3041
vn 0.0985 -0.9519 -0.2902
vn 0.5223 -0.4670 -0.7135
vn 0.4872 0.3160 -0.8141
vn 0.3121 0.8905 -0.3311
vn -0.0475 0.9367 0.3470
vn -0.3760 0.4376 0.8168
vn -0.4876 -0.3085 0.8168
vn -0.3194 -0.8818 0.3470
vn 0.0380 -0.9428 -0.3311
vn 0.3735 -0.4447 -0.8141
vn 0.3219 0.3408 -0.8833
vn 0.2449 0.9005 -0.3593
vn 0.0230 0.9261 0.3765
vn -0.2101 0.4128 0.8863
vn -0.3217 -0.3333 0.8863
vn -0.2489 -0.8924 0.3765
vn -0.0293 -0.9328 -0.3593
vn 0.2081 -0.4200 -0.8833
vn 0.1464 0.3670 -0.9186
vn 0.1735 0.9112 -0.3737
vn 0.0978 0.9150 0.3915
vn -0.0340 0.3865 0.9217
vn -0.1456 -0.3596 0.9217
vn -0.1741 -0.9036 0.3915
vn -0.1007 -0.9221 -0.3737
vn 0.0326 -0.3938 -0.9186
vn -0.0326 0.3938 -0.9186
vn 0.1007 0.9221 -0.3737
vn 0.1741 0.9036 0.3915
vn 0.1456 0.3596 0.9217
vn 0.0340 -0.3865 0.9217
vn -0.0978 -0.9150 0.3915
vn -0.1735 -0.9112 -0.3737
vn -0.1464 -0.3670 -0.9186
vn -0.2081 0.4200 -0.8833
vn 0.0293 0.9328 -0.3593
vn 0.2489 0.8924 0.3765
vn 0.3217 0.3333 0.8863
vn 0.2101 -0.4128 0.8863
vn -0.0230 -0.9261 0.3765
vn -0.2449 -0.9005 -0.3593
vn -0.3219 -0.3408 -0.8833
vn -0.3735 0.4447 -0.8141
vn -0.0380 0.9428 -0.3311
vn 0.3194 0.8818 0.3470
vn 0.4876 0.3085 0.8168
vn 0.3760 -0.4376 0.8168
vn 0.0475 -0.9367 0.3470
vn -0.3121 -0.8905 -0.3311
vn -0.4872 -0.3160 -0.8141
vn -0.5223 0.4670 -0.7136
vn -0.0985 0.9519 -0.2902
vn 0.3828 0.8723 0.3041
vn 0.6369 0.2862 0.7159
vn 0.5253 -0.4599 0.7159
vn 0.1109 -0.9462 0.3041
vn -0.3726 -0.8814 -0.2902
vn -0.6360 -0.2938 -0.7136
vn -0.5794 0.4701 -0.6658
vn -0.0860 0.9410 -0.3274
vn 0.5009 0.8519 0.1530
vn 0.8329 0.2576 0.4899
vn 0.7211 -0.4900 0.4899
vn 0.2298 -0.9611 0.1530
vn -0.3575 -0.8747 -0.3274
vn -0.6916 -0.2801 -0.6658
vn -0.5364 0.0802 -0.8402
vn -0.5364 0.0802 0.8402
vn -0.5794 0.4701 0.6658
vn -0.0860 0.9410 0.3274
vn 0.5009 0.8519 -0.1530
vn 0.8329 0.2576 -0.4899
vn 0.7211 -0.4900 -0.4899
vn 0.2298 -0.9611 -0.1530
vn -0.3575 -0.8747 0.3274
vn -0.6916 -0.2801 0.6658
vn -0.5223 0.4670 0.7135
vn -0.0985 0.9519 0.2902
vn 0.3828 0.8723 -0.3041
vn 0.6369 0.2862 -0.7159
vn 0.5253 -0.4599 -0.7159
vn 0.1109 -0.9462 -0.3041
vn -0.3726 -0.8814 0.2902
vn -0.6360 -0.2938 0.7136
vn -0.3735 0.4447 0.8141
vn -0.0380 0.9428 0.3311
vn 0.3194 0.8818 -0.3470
vn 0.4876 0.3085 -0.8168
vn 0.3760 -0.4376 -0.8168
vn 0.0475 -0.9367 -0.3470
vn -0.3121 -0.8905 0.3311
vn -0.4872 -0.3160 0.8141
vn -0.2081 0.4200 0.8833
vn 0.0293 0.9328 0.3593
vn 0.2489 0.8924 -0.3765
vn 0.3217 0.3333 -0.8863
vn 0.2101 -0.4128 -0.8863
vn -0.0230 -0.9261 -0.3765
vn -0.2449 -0.9005 0.3593
vn -0.3219 -0.3408 0.8833
vn -0.0326 0.3938 0.9186
vn 0.1007 0.9221 0.3737
vn 0.1741 0.9036 -0.3915
vn 0.1456 0.3596 -0.9217
vn 0.0340 -0.3865 -0.9217
vn -0.0978 -0.9150 -0.3915
vn -0.1735 -0.9112 0.3737
vn -0.1464 -0.3670 0.9186
vn 0.1464 0.3670 0.9186
vn 0.1735 0.9112 0.3737
vn 0.0978 0.9150 -0.3915
vn -0.0340 0.3865 -0.9217
vn -0.1456 -0.3596 -0.9217
vn -0.1741 -0.9036 -0.3915
vn -0.1007 -0.9221 0.3737
vn 0.0326 -0.3938 0.9186
vn 0.3219 0.3408 0.8833
vn 0.2449 0.9005 0.3593
vn 0.0230 0.9261 -0.3765
vn -0.2101 0.4128 -0.8863
vn -0.3217 -0.3333 -0.8863
vn -0.2489 -0.8924 -0.3765
vn -0.0293 -0.9328 0.3593
vn 0.2081 -0.4200 0.8833
vn 0.4872 0.3160 0.8141
vn 0.3121 0.8905 0.3311
vn -0.0475 0.9367 -0.3470
vn -0.3760 0.4376 -0.8168
vn -0.4876 -0.3085 -0.8168
vn -0.3194 -0.8818 -0.3470
vn 0.0380 -0.9428 0.3311
vn 0.3735 -0.4447 0.8141
vn 0.6360 0.2938 0.7136
vn 0.3726 0.8814 0.2902
vn -0.1109 0.9462 -0.3041
vn -0.5253 0.4599 -0.7159
vn -0.6369 -0.2862 -0.7159
vn -0.3828 -0.8723 -0.3041
vn 0.0985 -0.9519 0.2902
vn 0.5223 -0.4670 0.7136
vn 0.7626 0.2749 0.5856
vn 0.4241 0.8737 0.2382
vn -0.1648 0.9542 -0.2496
vn -0.6523 0.4789 -0.5875
vn -0.7638 -0.2672 -0.5875
vn -0.4367 -0.8643 -0.2496
vn 0.1500 -0.9596 0.2382
vn 0.6488 -0.4859 0.5856
vn 0.8620 0.2600 0.4351
vn 0.4646 0.8677 0.1770
vn -0.2072 0.9606 -0.1855
vn -0.7520 0.4938 -0.4366
vn -0.8636 -0.2523 -0.4366
vn -0.4791 -0.8579 -0.1855
vn 0.1904 -0.9656 0.1770
vn 0.7483 -0.5008 0.4351
vn 0.9305 0.2498 0.2680
vn 0.4924 0.8635 0.1090
vn -0.2364 0.9649 -0.1142
vn -0.8207 0.5041 -0.2688
vn -0.9323 -0.2420 -0.2688
vn -0.5083 -0.8536 -0.1142
vn 0.2183 -0.9698 0.1090
vn 0.8167 -0.5110 0.2680
vn 0.9654 0.2445 0.0905
vn 0.5066 0.8614 0.0368
vn -0.2513 0.9672 -0.0386
vn -0.8558 0.5093 -0.0908
vn -0.9673 -0.2368 -0.0908
vn -0.5232 -0.8514 -0.0386
vn 0.2325 -0.9719 0.0368
vn 0.8517 -0.5162 0.0905
vn -0.0905 0.2445 -0.9654
vn -0.0368 0.8614 -0.5066
vn 0.0386 0.9672 0.2513
vn 0.0908 0.5093 0.8558
vn 0.0908 -0.2368 0.9673
vn 0.0386 -0.8514 0.5232
vn -0.0368 -0.9719 -0.2325
vn -0.0905 -0.5162 -0.8517
vn -0.2680 0.2498 -0.9305
vn -0.1090 0.8635 -0.4924
vn 0.1142 0.9649 0.2364
vn 0.2688 0.5041 0.8207
vn 0.2688 -0.2420 0.9323
vn 0.1142 -0.8536 0.5083
vn -0.1090 -0.9698 -0.2183
vn -0.2680 -0.5110 -0.8167
vn -0.4351 0.2600 -0.8620
vn -0.1770 0.8677 -0.4646
vn 0.1855 0.9606 0.2072
vn 0.4366 0.4938 0.7520
vn 0.4366 -0.2523 0.8636
vn 0.1855 -0.8579 0.4791
vn -0.1770 -0.9656 -0.1904
vn -0.4351 -0.5008 -0.7483
vn -0.5856 0.2749 -0.7626
vn -0.2382 0.8737 -0.4241
vn 0.2496 0.9542 0.1648
vn 0.5875 0.4789 0.6523
vn 0.5875 -0.2672 0.7638
vn 0.2496 -0.8643 0.4367
vn -0.2382 -0.9596 -0.1500
vn -0.5856 -0.4859 -0.6488
vn -0.7135 0.2938 -0.6360
vn -0.2902 0.8814 -0.3726
vn 0.3041 0.9462 0.1109
vn 0.7159 0.4599 0.5253
vn 0.7159 -0.2862 0.6369
vn 0.3041 -0.8723 0.3828
vn -0.2902 -0.9519 -0.0985
vn -0.7136 -0.4670 -0.5223
vn -0.8141 0.3160 -0.4872
vn -0.3311 0.8905 -0.3121
vn 0.3470 0.9367 0.0475
vn 0.8168 0.4376 0.3760
vn 0.8168 -0.3085 0.4876
vn 0.3470 -0.8818 0.3194
vn -0.3311 -0.9428 -0.0380
vn -0.8141 -0.4447 -0.3735
vn -0.8833 0.3408 -0.3219
vn -0.3593 0.9005 -0.2449
vn 0.3765 0.9261 -0.0230
vn 0.8863 0.4128 0.2101
vn 0.8863 -0.3333 0.3217
vn 0.3765 -0.8924 0.2489
vn -0.3593 -0.9328 0.0293
vn -0.8833 -0.4200 -0.2081
vn -0.9186 0.3670 -0.1464
vn -0.3737 0.9112 -0.1735
vn 0.3915 0.9150 -0.0978
vn 0.9217 0.3865 0.0340
vn 0.9217 -0.3596 0.1456
vn 0.3915 -0.9036 0.1741
vn -0.3737 -0.9221 0.1007
vn -0.9186 -0.3938 -0.0326
vn -0.9186 0.3938 0.0326
vn -0.3737 0.9221 -0.1007
vn 0.3915 0.9035 -0.1741
vn 0.9217 0.3596 -0.1456
vn 0.9217 -0.3865 -0.0340
vn 0.3915 -0.9150 0.0978
vn -0.3737 -0.9112 0.1735
vn -0.9186 -0.3670 0.1464
vn -0.8833 0.4200 0.2081
vn -0.3593 0.9328 -0.0293
vn 0.3765 0.8924 -0.2489
vn 0.8863 0.3333 -0.3217
vn 0.8863 -0.4128 -0.2101
vn 0.3765 -0.9261 0.0230
vn -0.3593 -0.9005 0.2449
vn -0.8833 -0.3408 0.3219
vn -0.8141 0.4447 0.3735
vn -0.3311 0.9428 0.0380
vn 0.3470 0.8818 -0.3194
vn 0.8168 0.3085 -0.4876
vn 0.8168 -0.4376 -0.3760
vn 0.3470 -0.9367 -0.0475
vn -0.3311 -0.8905 0.3121
vn -0.8141 -0.3160 0.4872
vn -0.7136 0.4670 0.5223
vn -0.2902 0.9519 0.0985
vn 0.3041 0.8723 -0.3828
vn 0.7159 0.2862 -0.6369
vn 0.7159 -0.4599 -0.5253
vn 0.3041 -0.9462 -0.1109
vn -0.2902 -0.8814 0.3726
vn -0.7136 -0.2938 0.6360
vn -0.6658 0.4701 0.5794
vn -0.3274 0.9410 0.0860
vn 0.1530 0.8519 -0.5009
vn 0.4899 0.2576 -0.8329
vn 0.4899 -0.4900 -0.7211
vn 0.1530 -0.9611 -0.2298
vn -0.3274 -0.8747 0.3575
vn -0.6658 -0.2801 0.6916
vn -0.8402 0.0802 0.5364
vn 0.8402 0.0802 0.5364
vn 0.6658 0.4701 0.5794
vn 0.3274 0.9410 0.0860
vn -0.1530 0.8519 -0.5009
vn -0.4899 0.2576 -0.8329
vn -0.4899 -0.4900 -0.7211
vn -0.1530 -0.9611 -0.2298
vn 0.3274 -0.8747 0.3575
vn 0.6658 -0.2801 0.6916
vn 0.7136 0.4670 0.5223
vn 0.2902 0.9519 0.0985
vn -0.3041 0.8723 -0.3828
vn -0.7159 0.2862 -0.6369
vn -0.7159 -0.4599 -0.5253
vn -0.3041 -0.9462 -0.1109
vn 0.2902 -0.8814 0.3726
vn 0.7136 -0.2938 0.6360
vn 0.8141 0.4447 0.3735
vn 0.3311 0.9428 0.0380
vn -0.3470 0.8818 -0.3194
vn -0.8168 0.3085 -0.4876
vn -0.8168 -0.4376 -0.3760
vn -0.3470 -0.9367 -0.0475
vn 0.3311 -0.8905 0.3121
vn 0.8141 -0.3160 0.4872
vn 0.8833 0.4200 0.2081
vn 0.3593 0.9328 -0.0293
vn -0.3765 0.8924 -0.2489
vn -0.8863 0.3333 -0.3217
vn -0.8863 -0.4128 -0.2101
vn -0.3765 -0.9261 0.0230
vn 0.3593 -0.9005 0.2449
vn 0.8833 -0.3408 0.3219
vn 0.9186 0.3938 0.0326
vn 0.3737 0.9221 -0.1007
vn -0.3915 0.9036 -0.1741
vn -0.9217 0.3596 -0.1456
vn -0.9217 -0.3865 -0.0340
vn -0.3915 -0.9150 0.0978
vn 0.3737 -0.9112 0.1735
vn 0.9186 -0.3670 0.1464
vn 0.9186 0.3670 -0.1464
vn 0.3737 0.9112 -0.1735
vn -0.3915 0.9150 -0.0978
vn -0.9217 0.3865 0.0340
vn -0.9217 -0.3596 0.1456
vn -0.3915 -0.9035 0.1741
vn 0.3737 -0.9221 0.1007
vn 0.9186 -0.3938 -0.0326
vn 0.8833 0.3408 -0.3219
vn 0.3593 0.9005 -0.2449
vn -0.3765 0.9261 -0.0230
vn -0.8863 0.4128 0.2101
vn -0.8863 -0.3333 0.3217
vn -0.3765 -0.8924 0.2489
vn 0.3593 -0.9328 0.0293
vn 0.8833 -0.4200 -0.2081
vn 0.8141 0.3160 -0.4872
vn 0.3311 0.8905 -0.3121
vn -0.3470 0.9367 0.0475
vn -0.8168 0.4376 0.3760
vn -0.8168 -0.3085 0.4876
vn -0.3470 -0.8818 0.3194
vn 0.3311 -0.9428 -0.0380
vn 0.8141 -0.4447 -0.3735
vn 0.7135 0.2938 -0.6360
vn 0.2902 0.8814 -0.3726
vn -0.3041 0.9462 0.1109
vn -0.7159 0.4599 0.5253
vn -0.7159 -0.2862 0.6369
vn -0.3041 -0.8723 0.3828
vn 0.2902 -0.9519 -0.0985
vn 0.7136 -0.4670 -0.5223
vn 0.5856 0.2749 -0.7626
vn 0.2382 0.8737 -0.4241
vn -0.2496 0.9542 0.1648
vn -0.5875 0.4789 0.6523
vn -0.5875 -0.2672 0.7638
vn -0.2496 -0.8643 0.4367
vn 0.2382 -0.9596 -0.1500
vn 0.5856 -0.4859 -0.6488
vn 0.4351 0.2600 -0.8620
vn 0.1770 0.8677 -0.4646
vn -0.1855 0.9606 0.2072
vn -0.4366 0.4938 0.7520
vn -0.4366 -0.2523 0.8636
vn -0.1855 -0.8579 0.4791
vn 0.1770 -0.9656 -0.1904
vn 0.4351 -0.5008 -0.7483
vn 0.2680 0.2498 -0.9305
vn 0.1090 0.8635 -0.4924
vn -0.1142 0.9649 0.2364
vn -0.2688 0.5041 0.8207
vn -0.2688 -0.2420 0.9323
vn -0.1142 -0.8536 0.5083
vn 0.1090 -0.9698 -0.2183
vn 0.2680 -0.5110 -0.8167
vn 0.0905 0.2445 -0.9654
vn 0.0368 0.8614 -0.5066
vn -0.0386 0.9672 0.2513
vn -0.0908 0.5093 0.8558
vn -0.0908 -0.2368 0.9673
vn -0.0386 -0.8514 0.5232
vn 0.0368 -0.9719 -0.2325
vn 0.0905 -0.5162 -0.8517
vn -0.9654 0.2445 0.0905
vn -0.5066 0.8614 0.0368
vn 0.2513 0.9671 -0.0386
vn 0.8558 0.5093 -0.0908
vn 0.9673 -0.2368 -0.0908
vn 0.5232 -0.8514 -0.0386
vn -0.2325 -0.9719 0.0368
vn -0.8517 -0.5162 0.0905
vn -0.9305 0.2498 0.2680
vn -0.4924 0.8635 0.1090
vn 0.2364 0.9649 -0.1142
vn 0.8207 0.5041 -0.2688
vn 0.9323 -0.2420 -0.2688
vn 0.5083 -0.8536 -0.1142
vn -0.2183 -0.9698 0.1090
vn -0.8167 -0.5110 0.2680
vn -0.8620 0.2600 0.4351
vn -0.4646 0.8677 0.1770
vn 0.2072 0.9606 -0.1855
vn 0.7520 0.4938 -0.4366
vn 0.8636 -0.2523 -0.4366
vn 0.4791 -0.8579 -0.1855
vn -0.1904 -0.9656 0.1770
vn -0.7483 -0.5008 0.4351
vn -0.7626 0.2749 0.5856
vn -0.4241 0.8737 0.2382
vn 0.1648 0.9542 -0.2496
vn 0.6523 0.4789 -0.5875
vn 0.7638 -0.2672 -0.5875
vn 0.4367 -0.8643 -0.2496
vn -0.1500 -0.9596 0.2382
vn -0.6488 -0.4859 0.5856
vn -0.6360 0.2938 0.7136
vn -0.3726 0.8814 0.2902
vn 0.1109 0.9462 -0.3041
vn 0.5253 0.4599 -0.7159
vn 0.6369 -0.2862 -0.7159
vn 0.3828 -0.8723 -0.3041
vn -0.0985 -0.9519 0.2902
vn -0.5223 -0.4670 0.7136
vn -0.4872 0.3160 0.8141
vn -0.3121 0.8905 0.3311
vn 0.0475 0.9367 -0.3470
vn 0.3760 0.4376 -0.8168
vn 0.4876 -0.3085 -0.8168
vn 0.3194 -0.8818 -0.3470
vn -0.0380 -0.9428 0.3311
vn -0.3735 -0.4447 0.8141
vn -0.3219 0.3408 0.8833
vn -0.2449 0.9005 0.3593
vn -0.0230 0.9261 -0.3765
vn 0.2101 0.4128 -0.8863
vn 0.3217 -0.3333 -0.8863
vn 0.2489 -0.8924 -0.3765
vn 0.0293 -0.9328 0.3593
vn -0.2081 -0.4200 0.8833
vn -0.1464 0.3670 0.9186
vn -0.1735 0.9112 0.3737
vn -0.0978 0.9150 -0.3915
vn 0.0340 0.3865 -0.9217
vn 0.1456 -0.3596 -0.9217
vn 0.1741 -0.9036 -0.3915
vn 0.1007 -0.9221 0.3737
vn -0.0326 -0.3938 0.9186
vn 0.0326 0.3938 0.9186
vn -0.1007 0.9221 0.3737
vn -0.1741 0.9036 -0.3915
vn -0.1456 0.3596 -0.9217
vn -0.0340 -0.3865 -0.9217
vn 0.0978 -0.9150 -0.3915
vn 0.1735 -0.9112 0.3737
vn 0.1464 -0.3670 0.9186
vn 0.2081 0.4200 0.8833
vn -0.0293 0.9328 0.3593
vn -0.2489 0.8924 -0.3765
vn -0.3217 0.3333 -0.8863
vn -0.2101 -0.4128 -0.8863
vn 0.0230 -0.9261 -0.3765
vn 0.2449 -0.9005 0.3593
vn 0.3219 -0.3408 0.8833
vn 0.3735 0.4447 0.8141
vn 0.0380 0.9428 0.3311
vn -0.3194 0.8818 -0.3470
vn -0.4876 0.3085 -0.8168
vn -0.3760 -0.4376 -0.8168
vn -0.0475 -0.9367 -0.3470
vn 0.3121 -0.8905 0.3311
vn 0.4872 -0.3160 0.8141
vn 0.5223 0.4670 0.7136
vn 0.0985 0.9519 0.2902
vn -0.3828 0.8723 -0.3041
vn -0.6369 0.2862 -0.7159
vn -0.5253 -0.4599 -0.7159
vn -0.1109 -0.9462 -0.3041
vn 0.3726 -0.8814 0.2902
vn 0.6360 -0.2938 0.7136
vn 0.5794 0.4701 0.6658
vn 0.0860 0.9410 0.3274
vn -0.5009 0.8519 -0.1530
vn -0.8329 0.2576 -0.4899
vn -0.7211 -0.4900 -0.4899
vn -0.2298 -0.9611 -0.1530
vn 0.3575 -0.8747 0.3274
vn 0.6916 -0.2801 0.6658
vn 0.5364 0.0802 0.8402
vn 0.5364 0.0802 -0.8402
vn 0.5794 0.4701 -0.6658
vn 0.0860 0.9410 -0.3274
vn -0.5009 0.8519 0.1530
vn -0.8329 0.2576 0.4899
vn -0.7211 -0.4900 0.4899
vn -0.2298 -0.9611 0.1530
vn 0.3575 -0.8747 -0.3274
vn 0.6916 -0.2801 -0.6658
vn 0.5223 0.4670 -0.7135
vn 0.0985 0.9519 -0.2902
vn -0.3828 0.8723 0.3041
vn -0.6369 0.2862 0.7159
vn -0.5253 -0.4599 0.7159
vn -0.1109 -0.9462 0.3041
vn 0.3726 -0.8814 -0.2902
vn 0.6360 -0.2938 -0.7136
vn 0.3735 0.4447 -0.8141
vn 0.0380 0.9428 -0.3311
vn -0.3194 0.8818 0.3470
vn -0.4876 0.3085 0.8168
vn -0.3760 -0.4376 0.8168
vn -0.0475 -0.9367 0.3470
vn 0.3121 -0.8905 -0.3311
vn 0.4872 -0.3160 -0.8141
vn 0.2081 0.4200 -0.8833
vn -0.0293 0.9328 -0.3593
vn -0.2489 0.8924 0.3765
vn -0.3217 0.3333 0.8863
vn -0.2101 -0.4128 0.8863
vn 0.0230 -0.9261 0.3765
vn 0.2449 -0.9005 -0.3593
vn 0.3219 -0.3408 -0.8833
vn 0.0326 0.3938 -0.9186
vn -0.1007 0.9221 -0.3737
vn -0.1741 0.9036 0.3915
vn -0.1456 0.3596 0.9217
vn -0.0340 -0.3865 0.9217
vn 0.0978 -0.9150 0.3915
vn 0.1735 -0.9112 -0.3737
vn 0.1464 -0.3670 -0.9186
vn -0.1464 0.3670 -0.9186
vn -0.1735 0.9112 -0.3737
vn -0.0978 0.9150 0.3915
vn 0.0340 0.3865 0.9217
vn 0.1456 -0.3596 0.9217
vn 0.1741 -0.9036 0.3915
vn 0.1007 -0.9221 -0.3737
vn -0.0326 -0.3938 -0.9186
vn -0.3219 0.3408 -0.8833
vn -0.2449 0.9005 -0.3593
vn -0.0230 0.9261 0.3765
vn 0.2101 0.4128 0.8863
vn 0.3217 -0.3333 0.8863
vn 0.2489 -0.8924 0.3765
vn 0.0293 -0.9328 -0.3593
vn -0.2081 -0.4200 -0.8833
vn -0.4872 0.3160 -0.8141
vn -0.3121 0.8905 -0.3311
vn 0.0475 0.9367 0.3470
vn 0.3760 0.4376 0.8168
vn 0.4876 -0.3085 0.8168
vn 0.3194 -0.8818 0.3470
vn -0.0380 -0.9428 -0.3311
vn -0.3735 -0.4447 -0.8141
vn -0.6360 0.2938 -0.7135
vn -0.3726 0.8814 -0.2902
vn 0.1109 0.9462 0.3041
vn 0.5253 0.4599 0.7159
vn 0.6369 -0.2862 0.7159
vn 0.3828 -0.8723 0.3041
vn -0.0985 -0.9519 -0.2902
vn -0.5223 -0.4670 -0.7136
vn -0.7626 0.2749 -0.5856
vn -0.4241 0.8737 -0.2382
vn 0.1648 0.9542 0.2496
vn 0.6523 0.4789 0.5875
vn 0.7638 -0.2672 0.5875
vn 0.4367 -0.8643 0.2496
vn -0.1500 -0.9596 -0.2382
vn -0.6488 -0.4859 -0.5856
vn -0.8620 0.2600 -0.4351
vn -0.4646 0.8677 -0.1770
vn 0.2072 0.9606 0.1855
vn 0.7520 0.4938 0.4366
vn 0.8636 -0.2523 0.4366
vn 0.4791 -0.8579 0.1855
vn -0.1904 -0.9656 -0.1770
vn -0.7483 -0.5008 -0.4351
vn -0.9305 0.2498 -0.2680
vn -0.4924 0.8635 -0.1090
vn 0.2364 0.9649 0.1142
vn 0.8207 0.5041 0.2688
vn 0.9323 -0.2420 0.2688
vn 0.5083 -0.8536 0.1142
vn -0.2183 -0.9698 -0.1090
vn -0.8167 -0.5110 -0.2680
vn -0.9654 0.2445 -0.0905
vn -0.5066 0.8614 -0.0368
vn 0.2513 0.9672 0.0386
vn 0.8558 0.5093 0.0908
vn 0.9673 -0.2368 0.0908
vn 0.5232 -0.8514 0.0386
vn -0.2325 -0.9719 -0.0368
vn -0.8517 -0.5162 -0.0905
vn 0.0905 0.2445 0.9654
vn 0.0368 0.8614 0.5066
vn -0.0386 0.9672 -0.2513
vn -0.0908 0.5093 -0.8558
vn -0.0908 -0.2367 -0.9673
vn -0.0386 -0.8514 -0.5232
vn 0.0368 -0.9719 0.2325
vn 0.0905 -0.5162 0.8517
vn 0.2680 0.2497 0.9305
vn 0.1090 0.8635 0.4924
vn -0.1142 0.9649 -0.2364
vn -0.2688 0.5041 -0.8207
vn -0.2688 -0.2420 -0.9323
vn -0.1142 -0.8536 -0.5083
vn 0.1090 -0.9698 0.2183
vn 0.2680 -0.5110 0.8167
vn 0.4351 0.2600 0.8620
vn 0.1770 0.8677 0.4646
vn -0.1855 0.9606 -0.2072
vn -0.4366 0.4938 -0.7520
vn -0.4366 -0.2523 -0.8636
vn -0.1855 -0.8579 -0.4791
vn 0.1770 -0.9656 0.1904
vn 0.4351 -0.5008 0.7483
vn 0.5856 0.2749 0.7626
vn 0.2382 0.8737 0.4241
vn -0.2496 0.9542 -0.1648
vn -0.5875 0.4789 -0.6523
vn -0.5875 -0.2672 -0.7638
vn -0.2496 -0.8643 -0.4367
vn 0.2382 -0.9596 0.1500
vn 0.5856 -0.4859 0.6488
vn 0.7135 0.2938 0.6360
vn 0.2902 0.8814 0.3726
vn -0.3041 0.9462 -0.1109
vn -0.7159 0.4599 -0.5253
vn -0.7159 -0.2862 -0.6369
vn -0.3041 -0.8723 -0.3828
vn 0.2902 -0.9519 0.0985
vn 0.7135 -0.4670 0.5223
vn 0.8141 0.3160 0.4872
vn 0.3311 0.8905 0.3121
vn -0.3470 0.9367 -0.0475
vn -0.8168 0.4376 -0.3760
vn -0.8168 -0.3085 -0.4876
vn -0.3470 -0.8818 -0.3194
vn 0.3311 -0.9428 0.0380
vn 0.8141 -0.4447 0.3735
vn 0.8833 0.3408 0.3219
vn 0.3593 0.9005 0.2449
vn -0.3765 0.9261 0.0230
vn -0.8863 0.4128 -0.2101
vn -0.8863 -0.3333 -0.3217
vn -0.3765 -0.8924 -0.2489
vn 0.3593 -0.9328 -0.0293
vn 0.8833 -0.4200 0.2081
vn 0.9186 0.3670 0.1464
vn 0.3737 0.9112 0.1735
vn -0.3915 0.9150 0.0978
vn -0.9217 0.3865 -0.0340
vn -0.9217 -0.3596 -0.1456
vn -0.3915 -0.9036 -0.1741
vn 0.3737 -0.9221 -0.1007
vn 0.9186 -0.3938 0.0326
vn 0.9186 0.3938 -0.0326
vn 0.3737 0.9221 0.1007
vn -0.3915 0.9035 0.1741
vn -0.9217 0.3596 0.1456
vn -0.9217 -0.3865 0.0340
vn -0.3915 -0.9150 -0.0978
vn 0.3737 -0.9112 -0.1735
vn 0.9186 -0.3670 -0.1464
vn 0.8833 0.4200 -0.2081
vn 0.3593 0.9328 0.0293
vn -0.3765 0.8924 0.2489
vn -0.8863 0.3333 0.3217
vn -0.8863 -0.4128 0.2101
vn -0.3765 -0.9261 -0.0230
vn 0.3593 -0.9005 -0.2449
vn 0.8833 -0.3408 -0.3219
vn 0.8141 0.4447 -0.3735
vn 0.3311 0.9428 -0.0380
vn -0.3470 0.8818 0.3194
vn -0.8168 0.3085 0.4876
vn -0.8168 -0.4376 0.3760
vn -0.3470 -0.9367 0.0475
vn 0.3311 -0.8905 -0.3121
vn 0.8141 -0.3160 -0.4872
vn 0.7136 0.4670 -0.5223
vn 0.2903 0.9519 -0.0985
vn -0.3041 0.8723 0.3828
vn -0.7159 0.2862 0.6369
vn -0.7159 -0.4599 0.5253
vn -0.3041 -0.9462 0.1109
vn 0.2902 -0.8814 -0.3726
vn 0.7136 -0.2938 -0.6360
vn 0.6658 0.4701 -0.5794
vn 0.3274 0.9410 -0.0860
vn -0.1530 0.8519 0.5009
vn -0.4899 0.2576 0.8329
vn -0.4899 -0.4900 0.7211
vn -0.1530 -0.9611 0.2298
vn 0.3274 -0.8747 -0.3575
vn 0.6658 -0.2801 -0.6916
vn 0.8402 0.0802 -0.5364
vn -0.8402 0.0802 -0.5364
vn -0.6658 0.4701 -0.5794
vn -0.3274 0.9410 -0.0860
vn 0.1530 0.8519 0.5009
vn 0.4899 0.2576 0.8329
vn 0.4899 -0.4900 0.7211
vn 0.1530 -0.9611 0.2298
vn -0.3274 -0.8747 -0.3575
vn -0.6658 -0.2801 -0.6916
vn -0.7136 0.4670 -0.5223
vn -0.2902 0.9519 -0.0985
vn 0.3041 0.8723 0.3828
vn 0.7159 0.2862 0.6369
vn 0.7159 -0.4599 0.5253
vn 0.3041 -0.9462 0.1109
vn -0.2902 -0.8814 -0.3726
vn -0.7136 -0.2938 -0.6360
vn -0.8141 0.4447 -0.3735
vn -0.3311 0.9428 -0.0380
vn 0.3470 0.8818 0.3194
vn 0.8168 0.3085 0.4876
vn 0.8168 -0.4376 0.3760
vn 0.3470 -0.9367 0.0475
vn -0.3311 -0.8905 -0.3121
vn -0.8141 -0.3160 -0.4872
vn -0.8833 0.4200 -0.2081
vn -0.3593 0.9328 0.0293
vn 0.3765 0.8924 0.2489
vn 0.8863 0.3333 0.3217
vn 0.8863 -0.4128 0.2101
vn 0.3765 -0.9261 -0.0230
vn -0.3593 -0.9005 -0.2449
vn -0.8833 -0.3408 -0.3219
vn -0.9186 0.3938 -0.0326
vn -0.3737 0.9221 0.1007
vn 0.3915 0.9036 0.1741
vn 0.9217 0.3596 0.1456
vn 0.9217 -0.3865 0.0340
vn 0.3915 -0.9150 -0.0978
vn -0.3737 -0.9112 -0.1735
vn -0.9186 -0.3670 -0.1464
vn -0.9186 0.3670 0.1464
vn -0.3737 0.9112 0.1735
vn 0.3915 0.9150 0.0978
vn 0.9217 0.3865 -0.0340
vn 0.9217 -0.3596 -0.1456
vn 0.3915 -0.9035 -0.1741
vn -0.3737 -0.9221 -0.1007
vn -0.9186 -0.3938 0.0326
vn -0.8833 0.3408 0.3219
vn -0.3593 0.9005 0.2449
vn 0.3765 0.9261 0.0230
vn 0.8863 0.4128 -0.2101
vn 0.8863 -0.3333 -0.3217
vn 0.3765 -0.8924 -0.2489
vn -0.3593 -0.9328 -0.0293
vn -0.8833 -0.4200 0.2081
vn -0.8141 0.3160 0.4872
vn -0.3311 0.8905 0.3121
vn 0.3470 0.9367 -0.0475
vn 0.8168 0.4376 -0.3760
vn 0.8168 -0.3085 -0.4876
vn 0.3470 -0.8818 -0.3194
vn -0.3311 -0.9428 0.0380
vn -0.8141 -0.4447 0.3735
vn -0.7136 0.2938 0.6360
vn -0.2902 0.8814 0.3726
vn 0.3041 0.9462 -0.1109
vn 0.7159 0.4599 -0.5253
vn 0.7159 -0.2862 -0.6369
vn 0.3041 -0.8723 -0.3828
vn -0.2902 -0.9519 0.0985
vn -0.7136 -0.4670 0.5223
vn -0.5856 0.2749 0.7626
vn -0.2382 0.8737 0.4241
vn 0.2496 0.9542 -0.1648
vn 0.5875 0.4789 -0.6523
vn 0.5875 -0.2672 -0.7638
vn 0.2496 -0.8643 -0.4367
vn -0.2382 -0.9596 0.1500
vn -0.5856 -0.4859 0.6488
vn -0.4351 0.2600 0.8620
vn -0.1770 0.8677 0.4646
vn 0.1855 0.9606 -0.2072
vn 0.4366 0.4938 -0.7520
vn 0.4366 -0.2523 -0.8636
vn 0.1855 -0.8579 -0.4791
vn -0.1770 -0.9656 0.1904
vn -0.4351 -0.5008 0.7483
vn -0.2680 0.2497 0.9305
vn -0.1090 0.8635 0.4924
vn 0.1142 0.9649 -0.2364
vn 0.2688 0.5041 -0.8207
vn 0.2688 -0.2420 -0.9323
vn 0.1142 -0.8536 -0.5083
vn -0.1090 -0.9698 0.2183
vn -0.2680 -0.5110 0.8167
vn -0.0905 0.2445 0.9654
vn -0.0368 0.8614 0.5066
vn 0.0386 0.9672 -0.2513
vn 0.0908 0.5093 -0.8558
vn 0.0908 -0.2368 -0.9673
vn 0.0386 -0.8514 -0.5232
vn -0.0368 -0.9719 0.2325
vn -0.0905 -0.5162 0.8517
vt 0.500000 0.500000
vt 0.531250 0.500000
vt 0.531250 0.625000
vt 0.500000 0.625000
vt 0.531250 0.750000
vt 0.500000 0.750000
vt 0.531250 0.875000
vt 0.500000 0.875000
vt 0.531250 1.000000
vt 0.500000 1.000000
vt 0.500000 0.000000
vt 0.531250 0.000000
vt 0.531250 0.125000
vt 0.500000 0.125000
vt 0.531250 0.250000
vt 0.500000 0.250000
vt 0.531250 0.375000
vt 0.500000 0.375000
vt 0.562500 0.500000
vt 0.562500 0.625000
vt 0.562500 0.750000
vt 0.562500 0.875000
vt 0.562500 1.000000
vt 0.562500 0.000000
vt 0.562500 0.125000
vt 0.562500 0.250000
vt 0.562500 0.375000
vt 0.593750 0.500000
vt 0.593750 0.625000
vt 0.593750 0.750000
vt 0.593750 0.875000
vt 0.593750 1.000000
vt 0.593750 0.000000
vt 0.593750 0.125000
vt 0.593750 0.250000
vt 0.593750 0.375000
vt 0.625000 0.500000
vt 0.625000 0.625000
vt 0.625000 0.750000
vt 0.625000 0.875000
vt 0.625000 1.000000
vt 0.625000 0.000000
vt 0.625000 0.125000
vt 0.625000 0.250000
vt 0.625000 0.375000
vt 0.656250 0.500000
vt 0.656250 0.625000
vt 0.656250 0.750000
vt 0.656250 0.875000
vt 0.656250 1.000000
vt 0.656250 0.000000
vt 0.656250 0.125000
vt 0.656250 0.250000
vt 0.656250 0.375000
vt 0.687500 0.500000
vt 0.687500 0.625000
vt 0.687500 0.750000
vt 0.687500 0.875000
vt 0.687500 1.000000
vt 0.687500 0.000000
vt 0.687500 0.125000
vt 0.687500 0.250000
vt 0.687500 0.375000
vt 0.718750 0.500000
vt 0.718750 0.625000
vt 0.718750 0.750000
vt 0.718750 0.875000
vt 0.718750 1.000000
vt 0.718750 0.000000
vt 0.718750 0.125000
vt 0.718750 0.250000
vt 0.718750 0.375000
vt 0.750000 0.500000
vt 0.750000 0.625000
vt 0.750000 0.750000
vt 0.750000 0.875000
vt 0.750000 1.000000
vt 0.750000 0.000000
vt 0.750000 0.125000
vt 0.750000 0.250000
vt 0.750000 0.375000
vt 0.781250 0.500000
vt 0.781250 0.625000
vt 0.781250 0.750000
vt 0.781250 0.875000
vt 0.781250 1.000000
vt 0.781250 0.000000
vt 0.781250 0.125000
vt 0.781250 0.250000
vt 0.781250 0.375000
vt 0.812500 0.500000
vt 0.812500 0.625000
vt 0.812500 0.750000
vt 0.812500 0.875000
vt 0.812500 1.000000
vt 0.812500 0.000000
vt 0.812500 0.125000
vt 0.812500 0.250000
vt 0.812500 0.375000
vt 0.843750 0.500000
vt 0.843750 0.625000
vt 0.843750 0.750000
vt 0.843750 0.875000
vt 0.843750 1.000000
vt 0.843750 0.000000
vt 0.843750 0.125000
vt 0.843750 0.250000
vt 0.843750 0.375000
vt 0.875000 0.500000
vt 0.875000 0.625000
vt 0.875000 0.750000
vt 0.875000 0.875000
vt 0.875000 1.000000
vt 0.875000 0.000000
vt 0.875000 0.125000
vt 0.875000 0.250000
vt 0.875000 0.375000
vt 0.906250 0.500000
vt 0.906250 0.625000
vt 0.906250 0.750000
vt 0.906250 0.875000
vt 0.906250 1.000000
vt 0.906250 0.000000
vt 0.906250 0.125000
vt 0.906250 0.250000
vt 0.906250 0.375000
vt 0.093750 0.500000
vt 0.093750 0.625000
vt 0.093750 0.750000
vt 0.093750 0.875000
vt 0.093750 0.000000
vt 0.093750 0.125000
vt 0.093750 0.250000
vt 0.093750 0.375000
vt 0.125000 0.500000
vt 0.125000 0.625000
vt 0.125000 0.750000
vt 0.125000 0.875000
vt 0.125000 1.000000
vt 0.093750 1.000000
vt 0.125000 0.000000
vt 0.125000 0.125000
vt 0.125000 0.250000
vt 0.125000 0.375000
vt 0.156250 0.500000
vt 0.156250 0.625000
vt 0.156250 0.750000
vt 0.156250 0.875000
vt 0.156250 1.000000
vt 0.156250 0.000000
vt 0.156250 0.125000
vt 0.156250 0.250000
vt 0.156250 0.375000
vt 0.187500 0.500000
vt 0.187500 0.625000
vt 0.187500 0.750000
vt 0.187500 0.875000
vt 0.187500 1.000000
vt 0.187500 0.000000
vt 0.187500 0.125000
vt 0.187500 0.250000
vt 0.187500 0.375000
vt 0.218750 0.500000
vt 0.218750 0.625000
vt 0.218750 0.750000
vt 0.218750 0.875000
vt 0.218750 1.000000
vt 0.218750 0.000000
vt 0.218750 0.125000
vt 0.218750 0.250000
vt 0.218750 0.375000
vt 0.250000 0.500000
vt 0.250000 0.625000
vt 0.250000 0.750000
vt 0.250000 0.875000
vt 0.250000 1.000000
vt 0.250000 0.000000
vt 0.250000 0.125000
vt 0.250000 0.250000
vt 0.250000 0.375000
vt 0.281250 0.500000
vt 0.281250 0.625000
vt 0.281250 0.750000
vt 0.281250 0.875000
vt 0.281250 1.000000
vt 0.281250 0.000000
vt 0.281250 0.125000
vt 0.281250 0.250000
vt 0.281250 0.375000
vt 0.312500 0.500000
vt 0.312500 0.625000
vt 0.312500 0.750000
vt 0.312500 0.875000
vt 0.312500 1.000000
vt 0.312500 0.000000
vt 0.312500 0.125000
vt 0.312500 0.250000
vt 0.312500 0.375000
vt 0.343750 0.500000
vt 0.343750 0.625000
vt 0.343750 0.750000
vt 0.343750 0.875000
vt 0.343750 1.000000
vt 0.343750 0.000000
vt 0.343750 0.125000
vt 0.343750 0.250000
vt 0.343750 0.375000
vt 0.375000 0.500000
vt 0.375000 0.625000
vt 0.375000 0.750000
vt 0.375000 0.875000
vt 0.375000 1.000000
vt 0.375000 0.000000
vt 0.375000 0.125000
vt 0.375000 0.250000
vt 0.375000 0.375000
vt 0.406250 0.500000
vt 0.406250 0.625000
vt 0.406250 0.750000
vt 0.406250 0.875000
vt 0.406250 1.000000
vt 0.406250 0.000000
vt 0.406250 0.125000
vt 0.406250 0.250000
vt 0.406250 0.375000
vt 0.437500 0.500000
vt 0.437500 0.625000
vt 0.437500 0.750000
vt 0.437500 0.875000
vt 0.437500 1.000000
vt 0.437500 0.000000
vt 0.437500 0.125000
vt 0.437500 0.250000
vt 0.437500 0.375000
vt 0.468750 0.500000
vt 0.468750 0.625000
vt 0.468750 0.750000
vt 0.468750 0.875000
vt 0.468750 1.000000
vt 0.468750 0.000000
vt 0.468750 0.125000
vt 0.468750 0.250000
vt 0.468750 0.375000
s 0
usemtl Material.002
f 4534/893/5426 4542/894/5426 4543/895/5426 4535/896/5426
f 4535/896/5427 4543/895/5427 4544/897/5427 4536/898/5427
f 4536/898/5428 4544/897/5428 4545/899/5428 4537/900/5428
f 4537/900/5429 4545/899/5429 4546/901/5429 4538/902/5429
f 4538/903/5430 4546/904/5430 4547/905/5430 4539/906/5430
f 4539/906/5431 4547/905/5431 4548/907/5431 4540/908/5431
f 4540/908/5432 4548/907/5432 4549/909/5432 4541/910/5432
f 4541/910/5433 4549/909/5433 4542/894/5433 4534/893/5433
f 4542/894/5434 4550/911/5434 4551/912/5434 4543/895/5434
f 4543/895/5435 4551/912/5435 4552/913/5435 4544/897/5435
f 4544/897/5436 4552/913/5436 4553/914/5436 4545/899/5436
f 4545/899/5437 4553/914/5437 4554/915/5437 4546/901/5437
f 4546/904/5438 4554/916/5438 4555/917/5438 4547/905/5438
f 4547/905/5439 4555/917/5439 4556/918/5439 4548/907/5439
f 4548/907/5440 4556/918/5440 4557/919/5440 4549/909/5440
f 4549/909/5441 4557/919/5441 4550/911/5441 4542/894/5441
f 4550/911/5442 4558/920/5442 4559/921/5442 4551/912/5442
f 4551/912/5443 4559/921/5443 4560/922/5443 4552/913/5443
f 4552/913/5444 4560/922/5444 4561/923/5444 4553/914/5444
f 4553/914/5445 4561/923/5445 4562/924/5445 4554/915/5445
f 4554/916/5446 4562/925/5446 4563/926/5446 4555/917/5446
f 4555/917/5447 4563/926/5447 4564/927/5447 4556/918/5447
f 4556/918/5448 4564/927/5448 4565/928/5448 4557/919/5448
f 4557/919/5449 4565/928/5449 4558/920/5449 4550/911/5449
f 4558/920/5450 4566/929/5450 4567/930/5450 4559/921/5450
f 4559/921/5451 4567/930/5451 4568/931/5451 4560/922/5451
f 4560/922/5452 4568/931/5452 4569/932/5452 4561/923/5452
f 4561/923/5453 4569/932/5453 4570/933/5453 4562/924/5453
f 4562/925/5454 4570/934/5454 4571/935/5454 4563/926/5454
f 4563/926/5455 4571/935/5455 4572/936/5455 4564/927/5455
f 4564/927/5456 4572/936/5456 4573/937/5456 4565/928/5456
f 4565/928/5457 4573/937/5457 4566/929/5457 4558/920/5457
f 4566/929/5458 4574/938/5458 4575/939/5458 4567/930/5458
f 4567/930/5459 4575/939/5459 4576/940/5459 4568/931/5459
f 4568/931/5460 4576/940/5460 4577/941/5460 4569/932/5460
f 4569/932/5461 4577/941/5461 4578/942/5461 4570/933/5461
f 4570/934/5462 4578/943/5462 4579/944/5462 4571/935/5462
f 4571/935/5463 4579/944/5463 4580/945/5463 4572/936/5463
f 4572/936/5464 4580/945/5464 4581/946/5464 4573/937/5464
f 4573/937/5465 4581/946/5465 4574/938/5465 4566/929/5465
f 4574/938/5466 4582/947/5466 4583/948/5466 4575/939/5466
f 4575/939/5467 4583/948/5467 4584/949/5467 4576/940/5467
f 4576/940/5468 4584/949/5468 4585/950/5468 4577/941/5468
f 4577/941/5469 4585/950/5469 4586/951/5469 4578/942/5469
f 4578/943/5470 4586/952/5470 4587/953/5470 4579/944/5470
f 4579/944/5471 4587/953/5471 4588/954/5471 4580/945/5471
f 4580/945/5472 4588/954/5472 4589/955/5472 4581/946/5472
f 4581/946/5473 4589/955/5473 4582/947/5473 4574/938/5473
f 4582/947/5474 4590/956/5474 4591/957/5474 4583/948/5474
f 4583/948/5475 4591/957/5475 4592/958/5475 4584/949/5475
f 4584/949/5476 4592/958/5476 4593/959/5476 4585/950/5476
f 4585/950/5477 4593/959/5477 4594/960/5477 4586/951/5477
f 4586/952/5478 4594/961/5478 4595/962/5478 4587/953/5478
f 4587/953/5479 4595/962/5479 4596/963/5479 4588/954/5479
f 4588/954/5480 4596/963/5480 4597/964/5480 4589/955/5480
f 4589/955/5481 4597/964/5481 4590/956/5481 4582/947/5481
f 4590/956/5482 4598/965/5482 4599/966/5482 4591/957/5482
f 4591/957/5483 4599/966/5483 4600/967/5483 4592/958/5483
f 4592/958/5484 4600/967/5484 4601/968/5484 4593/959/5484
f 4593/959/5485 4601/968/5485 4602/969/5485 4594/960/5485
f 4594/961/5486 4602/970/5486 4603/971/5486 4595/962/5486
f 4595/962/5487 4603/971/5487 4604/972/5487 4596/963/5487
f 4596/963/5488 4604/972/5488 4605/973/5488 4597/964/5488
f 4597/964/5489 4605/973/5489 4598/965/5489 4590/956/5489
f 4598/965/5490 4606/974/5490 4607/975/5490 4599/966/5490
f 4599/966/5491 4607/975/5491 4608/976/5491 4600/967/5491
f 4600/967/5492 4608/976/5492 4609/977/5492 4601/968/5492
f 4601/968/5493 4609/977/5493 4610/978/5493 4602/969/5493
f 4602/970/5494 4610/979/5494 4611/980/5494 4603/971/5494
f 4603/971/5495 4611/980/5495 4612/981/5495 4604/972/5495
f 4604/972/5496 4612/981/5496 4613/982/5496 4605/973/5496
f 4605/973/5497 4613/982/5497 4606/974/5497 4598/965/5497
f 4606/974/5498 4614/983/5498 4615/984/5498 4607/975/5498
f 4607/975/5499 4615/984/5499 4616/985/5499 4608/976/5499
f 4608/976/5500 4616/985/5500 4617/986/5500 4609/977/5500
f 4609/977/5501 4617/986/5501 4618/987/5501 4610/978/5501
f 4610/979/5502 4618/988/5502 4619/989/5502 4611/980/5502
f 4611/980/5503 4619/989/5503 4620/990/5503 4612/981/5503
f 4612/981/5504 4620/990/5504 4621/991/5504 4613/982/5504
f 4613/982/5505 4621/991/5505 4614/983/5505 4606/974/5505
f 4614/983/5506 4622/992/5506 4623/993/5506 4615/984/5506
f 4615/984/5507 4623/993/5507 4624/994/5507 4616/985/5507
f 4616/985/5508 4624/994/5508 4625/995/5508 4617/986/5508
f 4617/986/5509 4625/995/5509 4626/996/5509 4618/987/5509
f 4618/988/5510 4626/997/5510 4627/998/5510 4619/989/5510
f 4619/989/5511 4627/998/5511 4628/999/5511 4620/990/5511
f 4620/990/5512 4628/999/5512 4629/1000/5512 4621/991/5512
f 4621/991/5513 4629/1000/5513 4622/992/5513 4614/983/5513
f 4622/992/5514 4630/1001/5514 4631/1002/5514 4623/993/5514
f 4623/993/5515 4631/1002/5515 4632/1003/5515 4624/994/5515
f 4624/994/5516 4632/1003/5516 4633/1004/5516 4625/995/5516
f 4625/995/5517 4633/1004/5517 4634/1005/5517 4626/996/5517
f 4626/997/5518 4634/1006/5518 4635/1007/5518 4627/998/5518
f 4627/998/5519 4635/1007/5519 4636/1008/5519 4628/999/5519
f 4628/999/5520 4636/1008/5520 4637/1009/5520 4629/1000/5520
f 4629/1000/5521 4637/1009/5521 4630/1001/5521 4622/992/5521
f 4630/1001/5522 4638/1010/5522 4639/1011/5522 4631/1002/5522
f 4631/1002/5523 4639/1011/5523 4640/1012/5523 4632/1003/5523
f 4632/1003/5524 4640/1012/5524 4641/1013/5524 4633/1004/5524
f 4633/1004/5525 4641/1013/5525 4642/1014/5525 4634/1005/5525
f 4634/1006/5526 4642/1015/5526 4643/1016/5526 4635/1007/5526
f 4635/1007/5527 4643/1016/5527 4644/1017/5527 4636/1008/5527
f 4636/1008/5528 4644/1017/5528 4645/1018/5528 4637/1009/5528
f 4637/1009/5529 4645/1018/5529 4638/1010/5529 4630/1001/5529
f 4646/1019/5530 4647/1020/5530 4648/1021/5530 4649/1022/5530 4650/1023/5530 4651/1024/5530 4652/1025/5530 4653/1026/5530
f 4638/1010/5531 4645/1018/5531 4644/1017/5531 4643/1016/5531 4642/1015/5531 4641/1013/5531 4640/1012/5531 4639/1011/5531
f 4646/1019/5532 4654/1027/5532 4655/1028/5532 4647/1020/5532
f 4647/1020/5533 4655/1028/5533 4656/1029/5533 4648/1021/5533
f 4648/1021/5534 4656/1029/5534 4657/1030/5534 4649/1022/5534
f 4649/1022/5535 4657/1030/5535 4658/1031/5535 4650/1032/5535
f 4650/1023/5536 4658/1033/5536 4659/1034/5536 4651/1024/5536
f 4651/1024/5537 4659/1034/5537 4660/1035/5537 4652/1025/5537
f 4652/1025/5538 4660/1035/5538 4661/1036/5538 4653/1026/5538
f 4653/1026/5539 4661/1036/5539 4654/1027/5539 4646/1019/5539
f 4654/1027/5540 4662/1037/5540 4663/1038/5540 4655/1028/5540
f 4655/1028/5541 4663/1038/5541 4664/1039/5541 4656/1029/5541
f 4656/1029/5542 4664/1039/5542 4665/1040/5542 4657/1030/5542
f 4657/1030/5543 4665/1040/5543 4666/1041/5543 4658/1031/5543
f 4658/1033/5544 4666/1042/5544 4667/1043/5544 4659/1034/5544
f 4659/1034/5545 4667/1043/5545 4668/1044/5545 4660/1035/5545
f 4660/1035/5546 4668/1044/5546 4669/1045/5546 4661/1036/5546
f 4661/1036/5547 4669/1045/5547 4662/1037/5547 4654/1027/5547
f 4662/1037/5548 4670/1046/5548 4671/1047/5548 4663/1038/5548
f 4663/1038/5549 4671/1047/5549 4672/1048/5549 4664/1039/5549
f 4664/1039/5550 4672/1048/5550 4673/1049/5550 4665/1040/5550
f 4665/1040/5551 4673/1049/5551 4674/1050/5551 4666/1041/5551
f 4666/1042/5552 4674/1051/5552 4675/1052/5552 4667/1043/5552
f 4667/1043/5553 4675/1052/5553 4676/1053/5553 4668/1044/5553
f 4668/1044/5554 4676/1053/5554 4677/1054/5554 4669/1045/5554
f 4669/1045/5555 4677/1054/5555 4670/1046/5555 4662/1037/5555
f 4670/1046/5556 4678/1055/5556 4679/1056/5556 4671/1047/5556
f 4671/1047/5557 4679/1056/5557 4680/1057/5557 4672/1048/5557
f 4672/1048/5558 4680/1057/5558 4681/1058/5558 4673/1049/5558
f 4673/1049/5559 4681/1058/5559 4682/1059/5559 4674/1050/5559
f 4674/1051/5560 4682/1060/5560 4683/1061/5560 4675/1052/5560
f 4675/1052/5561 4683/1061/5561 4684/1062/5561 4676/1053/5561
f 4676/1053/5562 4684/1062/5562 4685/1063/5562 4677/1054/5562
f 4677/1054/5563 4685/1063/5563 4678/1055/5563 4670/1046/5563
f 4678/1055/5564 4686/1064/5564 4687/1065/5564 4679/1056/5564
f 4679/1056/5565 4687/1065/5565 4688/1066/5565 4680/1057/5565
f 4680/1057/5566 4688/1066/5566 4689/1067/5566 4681/1058/5566
f 4681/1058/5567 4689/1067/5567 4690/1068/5567 4682/1059/5567
f 4682/1060/5568 4690/1069/5568 4691/1070/5568 4683/1061/5568
f 4683/1061/5569 4691/1070/5569 4692/1071/5569 4684/1062/5569
f 4684/1062/5570 4692/1071/5570 4693/1072/5570 4685/1063/5570
f 4685/1063/5571 4693/1072/5571 4686/1064/5571 4678/1055/5571
f 4686/1064/5572 4694/1073/5572 4695/1074/5572 4687/1065/5572
f 4687/1065/5573 4695/1074/5573 4696/1075/5573 4688/1066/5573
f 4688/1066/5574 4696/1075/5574 4697/1076/5574 4689/1067/5574
f 4689/1067/5575 4697/1076/5575 4698/1077/5575 4690/1068/5575
f 4690/1069/5576 4698/1078/5576 4699/1079/5576 4691/1070/5576
f 4691/1070/5577 4699/1079/5577 4700/1080/5577 4692/1071/5577
f 4692/1071/5578 4700/1080/5578 4701/1081/5578 4693/1072/5578
f 4693/1072/5579 4701/1081/5579 4694/1073/5579 4686/1064/5579
f 4694/1073/5580 4702/1082/5580 4703/1083/5580 4695/1074/5580
f 4695/1074/5581 4703/1083/5581 4704/1084/5581 4696/1075/5581
f 4696/1075/5582 4704/1084/5582 4705/1085/5582 4697/1076/5582
f 4697/1076/5583 4705/1085/5583 4706/1086/5583 4698/1077/5583
f 4698/1078/5584 4706/1087/5584 4707/1088/5584 4699/1079/5584
f 4699/1079/5585 4707/1088/5585 4708/1089/5585 4700/1080/5585
f 4700/1080/5586 4708/1089/5586 4709/1090/5586 4701/1081/5586
f 4701/1081/5587 4709/1090/5587 4702/1082/5587 4694/1073/5587
f 4702/1082/5588 4710/1091/5588 4711/1092/5588 4703/1083/5588
f 4703/1083/5589 4711/1092/5589 4712/1093/5589 4704/1084/5589
f 4704/1084/5590 4712/1093/5590 4713/1094/5590 4705/1085/5590
f 4705/1085/5591 4713/1094/5591 4714/1095/5591 4706/1086/5591
f 4706/1087/5592 4714/1096/5592 4715/1097/5592 4707/1088/5592
f 4707/1088/5593 4715/1097/5593 4716/1098/5593 4708/1089/5593
f 4708/1089/5594 4716/1098/5594 4717/1099/5594 4709/1090/5594
f 4709/1090/5595 4717/1099/5595 4710/1091/5595 4702/1082/5595
f 4710/1091/5596 4718/1100/5596 4719/1101/5596 4711/1092/5596
f 4711/1092/5597 4719/1101/5597 4720/1102/5597 4712/1093/5597
f 4712/1093/5598 4720/1102/5598 4721/1103/5598 4713/1094/5598
f 4713/1094/5599 4721/1103/5599 4722/1104/5599 4714/1095/5599
f 4714/1096/5600 4722/1105/5600 4723/1106/5600 4715/1097/5600
f 4715/1097/5601 4723/1106/5601 4724/1107/5601 4716/1098/5601
f 4716/1098/5602 4724/1107/5602 4725/1108/5602 4717/1099/5602
f 4717/1099/5603 4725/1108/5603 4718/1100/5603 4710/1091/5603
f 4718/1100/5604 4726/1109/5604 4727/1110/5604 4719/1101/5604
f 4719/1101/5605 4727/1110/5605 4728/1111/5605 4720/1102/5605
f 4720/1102/5606 4728/1111/5606 4729/1112/5606 4721/1103/5606
f 4721/1103/5607 4729/1112/5607 4730/1113/5607 4722/1104/5607
f 4722/1105/5608 4730/1114/5608 4731/1115/5608 4723/1106/5608
f 4723/1106/5609 4731/1115/5609 4732/1116/5609 4724/1107/5609
f 4724/1107/5610 4732/1116/5610 4733/1117/5610 4725/1108/5610
f 4725/1108/5611 4733/1117/5611 4726/1109/5611 4718/1100/5611
f 4726/1109/5612 4734/1118/5612 4735/1119/5612 4727/1110/5612
f 4727/1110/5613 4735/1119/5613 4736/1120/5613 4728/1111/5613
f 4728/1111/5614 4736/1120/5614 4737/1121/5614 4729/1112/5614
f 4729/1112/5615 4737/1121/5615 4738/1122/5615 4730/1113/5615
f 4730/1114/5616 4738/1123/5616 4739/1124/5616 4731/1115/5616
f 4731/1115/5617 4739/1124/5617 4740/1125/5617 4732/1116/5617
f 4732/1116/5618 4740/1125/5618 4741/1126/5618 4733/1117/5618
f 4733/1117/5619 4741/1126/5619 4734/1118/5619 4726/1109/5619
f 4734/1118/5620 4742/1127/5620 4743/1128/5620 4735/1119/5620
f 4735/1119/5621 4743/1128/5621 4744/1129/5621 4736/1120/5621
f 4736/1120/5622 4744/1129/5622 4745/1130/5622 4737/1121/5622
f 4737/1121/5623 4745/1130/5623 4746/1131/5623 4738/1122/5623
f 4738/1123/5624 4746/1132/5624 4747/1133/5624 4739/1124/5624
f 4739/1124/5625 4747/1133/5625 4748/1134/5625 4740/1125/5625
f 4740/1125/5626 4748/1134/5626 4749/1135/5626 4741/1126/5626
f 4741/1126/5627 4749/1135/5627 4742/1127/5627 4734/1118/5627
f 4742/1127/5628 4534/893/5628 4535/896/5628 4743/1128/5628
f 4743/1128/5629 4535/896/5629 4536/898/5629 4744/1129/5629
f 4744/1129/5630 4536/898/5630 4537/900/5630 4745/1130/5630
f 4745/1130/5631 4537/900/5631 4538/902/5631 4746/1131/5631
f 4746/1132/5632 4538/903/5632 4539/906/5632 4747/1133/5632
f 4747/1133/5633 4539/906/5633 4540/908/5633 4748/1134/5633
f 4748/1134/5634 4540/908/5634 4541/910/5634 4749/1135/5634
f 4749/1135/5635 4541/910/5635 4534/893/5635 4742/1127/5635
f 4750/893/5636 4758/894/5636 4759/895/5636 4751/896/5636
f 4751/896/5637 4759/895/5637 4760/897/5637 4752/898/5637
f 4752/898/5638 4760/897/5638 4761/899/5638 4753/900/5638
f 4753/900/5639 4761/899/5639 4762/901/5639 4754/902/5639
f 4754/903/5640 4762/904/5640 4763/905/5640 4755/906/5640
f 4755/906/5641 4763/905/5641 4764/907/5641 4756/908/5641
f 4756/908/5642 4764/907/5642 4765/909/5642 4757/910/5642
f 4757/910/5643 4765/909/5643 4758/894/5643 4750/893/5643
f 4758/894/5644 4766/911/5644 4767/912/5644 4759/895/5644
f 4759/895/5645 4767/912/5645 4768/913/5645 4760/897/5645
f 4760/897/5646 4768/913/5646 4769/914/5646 4761/899/5646
f 4761/899/5647 4769/914/5647 4770/915/5647 4762/901/5647
f 4762/904/5648 4770/916/5648 4771/917/5648 4763/905/5648
f 4763/905/5649 4771/917/5649 4772/918/5649 4764/907/5649
f 4764/907/5650 4772/918/5650 4773/919/5650 4765/909/5650
f 4765/909/5651 4773/919/5651 4766/911/5651 4758/894/5651
f 4766/911/5652 4774/920/5652 4775/921/5652 4767/912/5652
f 4767/912/5653 4775/921/5653 4776/922/5653 4768/913/5653
f 4768/913/5654 4776/922/5654 4777/923/5654 4769/914/5654
f 4769/914/5655 4777/923/5655 4778/924/5655 4770/915/5655
f 4770/916/5656 4778/925/5656 4779/926/5656 4771/917/5656
f 4771/917/5657 4779/926/5657 4780/927/5657 4772/918/5657
f 4772/918/5658 4780/927/5658 4781/928/5658 4773/919/5658
f 4773/919/5659 4781/928/5659 4774/920/5659 4766/911/5659
f 4774/920/5660 4782/929/5660 4783/930/5660 4775/921/5660
f 4775/921/5661 4783/930/5661 4784/931/5661 4776/922/5661
f 4776/922/5662 4784/931/5662 4785/932/5662 4777/923/5662
f 4777/923/5663 4785/932/5663 4786/933/5663 4778/924/5663
f 4778/925/5664 4786/934/5664 4787/935/5664 4779/926/5664
f 4779/926/5665 4787/935/5665 4788/936/5665 4780/927/5665
f 4780/927/5666 4788/936/5666 4789/937/5666 4781/928/5666
f 4781/928/5667 4789/937/5667 4782/929/5667 4774/920/5667
f 4782/929/5668 4790/938/5668 4791/939/5668 4783/930/5668
f 4783/930/5669 4791/939/5669 4792/940/5669 4784/931/5669
f 4784/931/5670 4792/940/5670 4793/941/5670 4785/932/5670
f 4785/932/5671 4793/941/5671 4794/942/5671 4786/933/5671
f 4786/934/5672 4794/943/5672 4795/944/5672 4787/935/5672
f 4787/935/5673 4795/944/5673 4796/945/5673 4788/936/5673
f 4788/936/5674 4796/945/5674 4797/946/5674 4789/937/5674
f 4789/937/5675 4797/946/5675 4790/938/5675 4782/929/5675
f 4790/938/5676 4798/947/5676 4799/948/5676 4791/939/5676
f 4791/939/5677 4799/948/5677 4800/949/5677 4792/940/5677
f 4792/940/5678 4800/949/5678 4801/950/5678 4793/941/5678
f 4793/941/5679 4801/950/5679 4802/951/5679 4794/942/5679
f 4794/943/5680 4802/952/5680 4803/953/5680 4795/944/5680
f 4795/944/5681 4803/953/5681 4804/954/5681 4796/945/5681
f 4796/945/5682 4804/954/5682 4805/955/5682 4797/946/5682
f 4797/946/5683 4805/955/5683 4798/947/5683 4790/938/5683
f 4798/947/5684 4806/956/5684 4807/957/5684 4799/948/5684
f 4799/948/5685 4807/957/5685 4808/958/5685 4800/949/5685
f 4800/949/5686 4808/958/5686 4809/959/5686 4801/950/5686
f 4801/950/5687 4809/959/5687 4810/960/5687 4802/951/5687
f 4802/952/5688 4810/961/5688 4811/962/5688 4803/953/5688
f 4803/953/5689 4811/962/5689 4812/963/5689 4804/954/5689
f 4804/954/5690 4812/963/5690 4813/964/5690 4805/955/5690
f 4805/955/5691 4813/964/5691 4806/956/5691 4798/947/5691
f 4806/956/5692 4814/965/5692 4815/966/5692 4807/957/5692
f 4807/957/5693 4815/966/5693 4816/967/5693 4808/958/5693
f 4808/958/5694 4816/967/5694 4817/968/5694 4809/959/5694
f 4809/959/5695 4817/968/5695 4818/969/5695 4810/960/5695
f 4810/961/5696 4818/970/5696 4819/971/5696 4811/962/5696
f 4811/962/5697 4819/971/5697 4820/972/5697 4812/963/5697
f 4812/963/5698 4820/972/5698 4821/973/5698 4813/964/5698
f 4813/964/5699 4821/973/5699 4814/965/5699 4806/956/5699
f 4814/965/5700 4822/974/5700 4823/975/5700 4815/966/5700
f 4815/966/5701 4823/975/5701 4824/976/5701 4816/967/5701
f 4816/967/5702 4824/976/5702 4825/977/5702 4817/968/5702
f 4817/968/5703 4825/977/5703 4826/978/5703 4818/969/5703
f 4818/970/5704 4826/979/5704 4827/980/5704 4819/971/5704
f 4819/971/5705 4827/980/5705 4828/981/5705 4820/972/5705
f 4820/972/5706 4828/981/5706 4829/982/5706 4821/973/5706
f 4821/973/5707 4829/982/5707 4822/974/5707 4814/965/5707
f 4822/974/5708 4830/983/5708 4831/984/5708 4823/975/5708
f 4823/975/5709 4831/984/5709 4832/985/5709 4824/976/5709
f 4824/976/5710 4832/985/5710 4833/986/5710 4825/977/5710
f 4825/977/5711 4833/986/5711 4834/987/5711 4826/978/5711
f 4826/979/5712 4834/988/5712 4835/989/5712 4827/980/5712
f 4827/980/5713 4835/989/5713 4836/990/5713 4828/981/5713
f 4828/981/5714 4836/990/5714 4837/991/5714 4829/982/5714
f 4829/982/5715 4837/991/5715 4830/983/5715 4822/974/5715
f 4830/983/5716 4838/992/5716 4839/993/5716 4831/984/5716
f 4831/984/5717 4839/993/5717 4840/994/5717 4832/985/5717
f 4832/985/5718 4840/994/5718 4841/995/5718 4833/986/5718
f 4833/986/5719 4841/995/5719 4842/996/5719 4834/987/5719
f 4834/988/5720 4842/997/5720 4843/998/5720 4835/989/5720
f 4835/989/5721 4843/998/5721 4844/999/5721 4836/990/5721
f 4836/990/5722 4844/999/5722 4845/1000/5722 4837/991/5722
f 4837/991/5723 4845/1000/5723 4838/992/5723 4830/983/5723
f 4838/992/5724 4846/1001/5724 4847/1002/5724 4839/993/5724
f 4839/993/5725 4847/1002/5725 4848/1003/5725 4840/994/5725
f 4840/994/5726 4848/1003/5726 4849/1004/5726 4841/995/5726
f 4841/995/5727 4849/1004/5727 4850/1005/5727 4842/996/5727
f 4842/997/5728 4850/1006/5728 4851/1007/5728 4843/998/5728
f 4843/998/5729 4851/1007/5729 4852/1008/5729 4844/999/5729
f 4844/999/5730 4852/1008/5730 4853/1009/5730 4845/1000/5730
f 4845/1000/5731 4853/1009/5731 4846/1001/5731 4838/992/5731
f 4846/1001/5732 4854/1010/5732 4855/1011/5732 4847/1002/5732
f 4847/1002/5733 4855/1011/5733 4856/1012/5733 4848/1003/5733
f 4848/1003/5734 4856/1012/5734 4857/1013/5734 4849/1004/5734
f 4849/1004/5735 4857/1013/5735 4858/1014/5735 4850/1005/5735
f 4850/1006/5736 4858/1015/5736 4859/1016/5736 4851/1007/5736
f 4851/1007/5737 4859/1016/5737 4860/1017/5737 4852/1008/5737
f 4852/1008/5738 4860/1017/5738 4861/1018/5738 4853/1009/5738
f 4853/1009/5739 4861/1018/5739 4854/1010/5739 4846/1001/5739
f 4862/1019/5740 4863/1020/5740 4864/1021/5740 4865/1022/5740 4866/1023/5740 4867/1024/5740 4868/1025/5740 4869/1026/5740
f 4854/1010/5741 4861/1018/5741 4860/1017/5741 4859/1016/5741 4858/1015/5741 4857/1013/5741 4856/1012/5741 4855/1011/5741
f 4862/1019/5742 4870/1027/5742 4871/1028/5742 4863/1020/5742
f 4863/1020/5743 4871/1028/5743 4872/1029/5743 4864/1021/5743
f 4864/1021/5744 4872/1029/5744 4873/1030/5744 4865/1022/5744
f 4865/1022/5745 4873/1030/5745 4874/1031/5745 4866/1032/5745
f 4866/1023/5746 4874/1033/5746 4875/1034/5746 4867/1024/5746
f 4867/1024/5747 4875/1034/5747 4876/1035/5747 4868/1025/5747
f 4868/1025/5748 4876/1035/5748 4877/1036/5748 4869/1026/5748
f 4869/1026/5749 4877/1036/5749 4870/1027/5749 4862/1019/5749
f 4870/1027/5750 4878/1037/5750 4879/1038/5750 4871/1028/5750
f 4871/1028/5751 4879/1038/5751 4880/1039/5751 4872/1029/5751
f 4872/1029/5752 4880/1039/5752 4881/1040/5752 4873/1030/5752
f 4873/1030/5753 4881/1040/5753 4882/1041/5753 4874/1031/5753
f 4874/1033/5754 4882/1042/5754 4883/1043/5754 4875/1034/5754
f 4875/1034/5755 4883/1043/5755 4884/1044/5755 4876/1035/5755
f 4876/1035/5756 4884/1044/5756 4885/1045/5756 4877/1036/5756
f 4877/1036/5757 4885/1045/5757 4878/1037/5757 4870/1027/5757
f 4878/1037/5758 4886/1046/5758 4887/1047/5758 4879/1038/5758
f 4879/1038/5759 4887/1047/5759 4888/1048/5759 4880/1039/5759
f 4880/1039/5760 4888/1048/5760 4889/1049/5760 4881/1040/5760
f 4881/1040/5761 4889/1049/5761 4890/1050/5761 4882/1041/5761
f 4882/1042/5762 4890/1051/5762 4891/1052/5762 4883/1043/5762
f 4883/1043/5763 4891/1052/5763 4892/1053/5763 4884/1044/5763
f 4884/1044/5764 4892/1053/5764 4893/1054/5764 4885/1045/5764
f 4885/1045/5765 4893/1054/5765 4886/1046/5765 4878/1037/5765
f 4886/1046/5766 4894/1055/5766 4895/1056/5766 4887/1047/5766
f 4887/1047/5767 4895/1056/5767 4896/1057/5767 4888/1048/5767
f 4888/1048/5768 4896/1057/5768 4897/1058/5768 4889/1049/5768
f 4889/1049/5769 4897/1058/5769 4898/1059/5769 4890/1050/5769
f 4890/1051/5770 4898/1060/5770 4899/1061/5770 4891/1052/5770
f 4891/1052/5771 4899/1061/5771 4900/1062/5771 4892/1053/5771
f 4892/1053/5772 4900/1062/5772 4901/1063/5772 4893/1054/5772
f 4893/1054/5773 4901/1063/5773 4894/1055/5773 4886/1046/5773
f 4894/1055/5774 4902/1064/5774 4903/1065/5774 4895/1056/5774
f 4895/1056/5775 4903/1065/5775 4904/1066/5775 4896/1057/5775
f 4896/1057/5776 4904/1066/5776 4905/1067/5776 4897/1058/5776
f 4897/1058/5777 4905/1067/5777 4906/1068/5777 4898/1059/5777
f 4898/1060/5778 4906/1069/5778 4907/1070/5778 4899/1061/5778
f 4899/1061/5779 4907/1070/5779 4908/1071/5779 4900/1062/5779
f 4900/1062/5780 4908/1071/5780 4909/1072/5780 4901/1063/5780
f 4901/1063/5781 4909/1072/5781 4902/1064/5781 4894/1055/5781
f 4902/1064/5782 4910/1073/5782 4911/1074/5782 4903/1065/5782
f 4903/1065/5783 4911/1074/5783 4912/1075/5783 4904/1066/5783
f 4904/1066/5784 4912/1075/5784 4913/1076/5784 4905/1067/5784
f 4905/1067/5785 4913/1076/5785 4914/1077/5785 4906/1068/5785
f 4906/1069/5786 4914/1078/5786 4915/1079/5786 4907/1070/5786
f 4907/1070/5787 4915/1079/5787 4916/1080/5787 4908/1071/5787
f 4908/1071/5788 4916/1080/5788 4917/1081/5788 4909/1072/5788
f 4909/1072/5789 4917/1081/5789 4910/1073/5789 4902/1064/5789
f 4910/1073/5790 4918/1082/5790 4919/1083/5790 4911/1074/5790
f 4911/1074/5791 4919/1083/5791 4920/1084/5791 4912/1075/5791
f 4912/1075/5792 4920/1084/5792 4921/1085/5792 4913/1076/5792
f 4913/1076/5793 4921/1085/5793 4922/1086/5793 4914/1077/5793
f 4914/1078/5794 4922/1087/5794 4923/1088/5794 4915/1079/5794
f 4915/1079/5795 4923/1088/5795 4924/1089/5795 4916/1080/5795
f 4916/1080/5796 4924/1089/5796 4925/1090/5796 4917/1081/5796
f 4917/1081/5797 4925/1090/5797 4918/1082/5797 4910/1073/5797
f 4918/1082/5798 4926/1091/5798 4927/1092/5798 4919/1083/5798
f 4919/1083/5799 4927/1092/5799 4928/1093/5799 4920/1084/5799
f 4920/1084/5800 4928/1093/5800 4929/1094/5800 4921/1085/5800
f 4921/1085/5801 4929/1094/5801 4930/1095/5801 4922/1086/5801
f 4922/1087/5802 4930/1096/5802 4931/1097/5802 4923/1088/5802
f 4923/1088/5803 4931/1097/5803 4932/1098/5803 4924/1089/5803
f 4924/1089/5804 4932/1098/5804 4933/1099/5804 4925/1090/5804
f 4925/1090/5805 4933/1099/5805 4926/1091/5805 4918/1082/5805
f 4926/1091/5806 4934/1100/5806 4935/1101/5806 4927/1092/5806
f 4927/1092/5807 4935/1101/5807 4936/1102/5807 4928/1093/5807
f 4928/1093/5808 4936/1102/5808 4937/1103/5808 4929/1094/5808
f 4929/1094/5809 4937/1103/5809 4938/1104/5809 4930/1095/5809
f 4930/1096/5810 4938/1105/5810 4939/1106/5810 4931/1097/5810
f 4931/1097/5811 4939/1106/5811 4940/1107/5811 4932/1098/5811
f 4932/1098/5812 4940/1107/5812 4941/1108/5812 4933/1099/5812
f 4933/1099/5813 4941/1108/5813 4934/1100/5813 4926/1091/5813
f 4934/1100/5814 4942/1109/5814 4943/1110/5814 4935/1101/5814
f 4935/1101/5815 4943/1110/5815 4944/1111/5815 4936/1102/5815
f 4936/1102/5816 4944/1111/5816 4945/1112/5816 4937/1103/5816
f 4937/1103/5817 4945/1112/5817 4946/1113/5817 4938/1104/5817
f 4938/1105/5818 4946/1114/5818 4947/1115/5818 4939/1106/5818
f 4939/1106/5819 4947/1115/5819 4948/1116/5819 4940/1107/5819
f 4940/1107/5820 4948/1116/5820 4949/1117/5820 4941/1108/5820
f 4941/1108/5821 4949/1117/5821 4942/1109/5821 4934/1100/5821
f 4942/1109/5822 4950/1118/5822 4951/1119/5822 4943/1110/5822
f 4943/1110/5823 4951/1119/5823 4952/1120/5823 4944/1111/5823
f 4944/1111/5824 4952/1120/5824 4953/1121/5824 4945/1112/5824
f 4945/1112/5825 4953/1121/5825 4954/1122/5825 4946/1113/5825
f 4946/1114/5826 4954/1123/5826 4955/1124/5826 4947/1115/5826
f 4947/1115/5827 4955/1124/5827 4956/1125/5827 4948/1116/5827
f 4948/1116/5828 4956/1125/5828 4957/1126/5828 4949/1117/5828
f 4949/1117/5829 4957/1126/5829 4950/1118/5829 4942/1109/5829
f 4950/1118/5830 4958/1127/5830 4959/1128/5830 4951/1119/5830
f 4951/1119/5831 4959/1128/5831 4960/1129/5831 4952/1120/5831
f 4952/1120/5832 4960/1129/5832 4961/1130/5832 4953/1121/5832
f 4953/1121/5833 4961/1130/5833 4962/1131/5833 4954/1122/5833
f 4954/1123/5834 4962/1132/5834 4963/1133/5834 4955/1124/5834
f 4955/1124/5835 4963/1133/5835 4964/1134/5835 4956/1125/5835
f 4956/1125/5836 4964/1134/5836 4965/1135/5836 4957/1126/5836
f 4957/1126/5837 4965/1135/5837 4958/1127/5837 4950/1118/5837
f 4958/1127/5838 4750/893/5838 4751/896/5838 4959/1128/5838
f 4959/1128/5839 4751/896/5839 4752/898/5839 4960/1129/5839
f 4960/1129/5840 4752/898/5840 4753/900/5840 4961/1130/5840
f 4961/1130/5841 4753/900/5841 4754/902/5841 4962/1131/5841
f 4962/1132/5842 4754/903/5842 4755/906/5842 4963/1133/5842
f 4963/1133/5843 4755/906/5843 4756/908/5843 4964/1134/5843
f 4964/1134/5844 4756/908/5844 4757/910/5844 4965/1135/5844
f 4965/1135/5845 4757/910/5845 4750/893/5845 4958/1127/5845
f 4966/893/5846 4974/894/5846 4975/895/5846 4967/896/5846
f 4967/896/5847 4975/895/5847 4976/897/5847 4968/898/5847
f 4968/898/5848 4976/897/5848 4977/899/5848 4969/900/5848
f 4969/900/5849 4977/899/5849 4978/901/5849 4970/902/5849
f 4970/903/5850 4978/904/5850 4979/905/5850 4971/906/5850
f 4971/906/5851 4979/905/5851 4980/907/5851 4972/908/5851
f 4972/908/5852 4980/907/5852 4981/909/5852 4973/910/5852
f 4973/910/5853 4981/909/5853 4974/894/5853 4966/893/5853
f 4974/894/5854 4982/911/5854 4983/912/5854 4975/895/5854
f 4975/895/5855 4983/912/5855 4984/913/5855 4976/897/5855
f 4976/897/5856 4984/913/5856 4985/914/5856 4977/899/5856
f 4977/899/5857 4985/914/5857 4986/915/5857 4978/901/5857
f 4978/904/5858 4986/916/5858 4987/917/5858 4979/905/5858
f 4979/905/5859 4987/917/5859 4988/918/5859 4980/907/5859
f 4980/907/5860 4988/918/5860 4989/919/5860 4981/909/5860
f 4981/909/5861 4989/919/5861 4982/911/5861 4974/894/5861
f 4982/911/5862 4990/920/5862 4991/921/5862 4983/912/5862
f 4983/912/5863 4991/921/5863 4992/922/5863 4984/913/5863
f 4984/913/5864 4992/922/5864 4993/923/5864 4985/914/5864
f 4985/914/5865 4993/923/5865 4994/924/5865 4986/915/5865
f 4986/916/5866 4994/925/5866 4995/926/5866 4987/917/5866
f 4987/917/5867 4995/926/5867 4996/927/5867 4988/918/5867
f 4988/918/5868 4996/927/5868 4997/928/5868 4989/919/5868
f 4989/919/5869 4997/928/5869 4990/920/5869 4982/911/5869
f 4990/920/5870 4998/929/5870 4999/930/5870 4991/921/5870
f 4991/921/5871 4999/930/5871 5000/931/5871 4992/922/5871
f 4992/922/5872 5000/931/5872 5001/932/5872 4993/923/5872
f 4993/923/5873 5001/932/5873 5002/933/5873 4994/924/5873
f 4994/925/5874 5002/934/5874 5003/935/5874 4995/926/5874
f 4995/926/5875 5003/935/5875 5004/936/5875 4996/927/5875
f 4996/927/5876 5004/936/5876 5005/937/5876 4997/928/5876
f 4997/928/5877 5005/937/5877 4998/929/5877 4990/920/5877
f 4998/929/5878 5006/938/5878 5007/939/5878 4999/930/5878
f 4999/930/5879 5007/939/5879 5008/940/5879 5000/931/5879
f 5000/931/5880 5008/940/5880 5009/941/5880 5001/932/5880
f 5001/932/5881 5009/941/5881 5010/942/5881 5002/933/5881
f 5002/934/5882 5010/943/5882 5011/944/5882 5003/935/5882
f 5003/935/5883 5011/944/5883 5012/945/5883 5004/936/5883
f 5004/936/5884 5012/945/5884 5013/946/5884 5005/937/5884
f 5005/937/5885 5013/946/5885 5006/938/5885 4998/929/5885
f 5006/938/5886 5014/947/5886 5015/948/5886 5007/939/5886
f 5007/939/5887 5015/948/5887 5016/949/5887 5008/940/5887
f 5008/940/5888 5016/949/5888 5017/950/5888 5009/941/5888
f 5009/941/5889 5017/950/5889 5018/951/5889 5010/942/5889
f 5010/943/5890 5018/952/5890 5019/953/5890 5011/944/5890
f 5011/944/5891 5019/953/5891 5020/954/5891 5012/945/5891
f 5012/945/5892 5020/954/5892 5021/955/5892 5013/946/5892
f 5013/946/5893 5021/955/5893 5014/947/5893 5006/938/5893
f 5014/947/5894 5022/956/5894 5023/957/5894 5015/948/5894
f 5015/948/5895 5023/957/5895 5024/958/5895 5016/949/5895
f 5016/949/5896 5024/958/5896 5025/959/5896 5017/950/5896
f 5017/950/5897 5025/959/5897 5026/960/5897 5018/951/5897
f 5018/952/5898 5026/961/5898 5027/962/5898 5019/953/5898
f 5019/953/5899 5027/962/5899 5028/963/5899 5020/954/5899
f 5020/954/5900 5028/963/5900 5029/964/5900 5021/955/5900
f 5021/955/5901 5029/964/5901 5022/956/5901 5014/947/5901
f 5022/956/5902 5030/965/5902 5031/966/5902 5023/957/5902
f 5023/957/5903 5031/966/5903 5032/967/5903 5024/958/5903
f 5024/958/5904 5032/967/5904 5033/968/5904 5025/959/5904
f 5025/959/5905 5033/968/5905 5034/969/5905 5026/960/5905
f 5026/961/5906 5034/970/5906 5035/971/5906 5027/962/5906
f 5027/962/5907 5035/971/5907 5036/972/5907 5028/963/5907
f 5028/963/5908 5036/972/5908 5037/973/5908 5029/964/5908
f 5029/964/5909 5037/973/5909 5030/965/5909 5022/956/5909
f 5030/965/5910 5038/974/5910 5039/975/5910 5031/966/5910
f 5031/966/5911 5039/975/5911 5040/976/5911 5032/967/5911
f 5032/967/5912 5040/976/5912 5041/977/5912 5033/968/5912
f 5033/968/5913 5041/977/5913 5042/978/5913 5034/969/5913
f 5034/970/5914 5042/979/5914 5043/980/5914 5035/971/5914
f 5035/971/5915 5043/980/5915 5044/981/5915 5036/972/5915
f 5036/972/5916 5044/981/5916 5045/982/5916 5037/973/5916
f 5037/973/5917 5045/982/5917 5038/974/5917 5030/965/5917
f 5038/974/5918 5046/983/5918 5047/984/5918 5039/975/5918
f 5039/975/5919 5047/984/5919 5048/985/5919 5040/976/5919
f 5040/976/5920 5048/985/5920 5049/986/5920 5041/977/5920
f 5041/977/5921 5049/986/5921 5050/987/5921 5042/978/5921
f 5042/979/5922 5050/988/5922 5051/989/5922 5043/980/5922
f 5043/980/5923 5051/989/5923 5052/990/5923 5044/981/5923
f 5044/981/5924 5052/990/5924 5053/991/5924 5045/982/5924
f 5045/982/5925 5053/991/5925 5046/983/5925 5038/974/5925
f 5046/983/5926 5054/992/5926 5055/993/5926 5047/984/5926
f 5047/984/5927 5055/993/5927 5056/994/5927 5048/985/5927
f 5048/985/5928 5056/994/5928 5057/995/5928 5049/986/5928
f 5049/986/5929 5057/995/5929 5058/996/5929 5050/987/5929
f 5050/988/5930 5058/997/5930 5059/998/5930 5051/989/5930
f 5051/989/5931 5059/998/5931 5060/999/5931 5052/990/5931
f 5052/990/5932 5060/999/5932 5061/1000/5932 5053/991/5932
f 5053/991/5933 5061/1000/5933 5054/992/5933 5046/983/5933
f 5054/992/5934 5062/1001/5934 5063/1002/5934 5055/993/5934
f 5055/993/5935 5063/1002/5935 5064/1003/5935 5056/994/5935
f 5056/994/5936 5064/1003/5936 5065/1004/5936 5057/995/5936
f 5057/995/5937 5065/1004/5937 5066/1005/5937 5058/996/5937
f 5058/997/5938 5066/1006/5938 5067/1007/5938 5059/998/5938
f 5059/998/5939 5067/1007/5939 5068/1008/5939 5060/999/5939
f 5060/999/5940 5068/1008/5940 5069/1009/5940 5061/1000/5940
f 5061/1000/5941 5069/1009/5941 5062/1001/5941 5054/992/5941
f 5062/1001/5942 5070/1010/5942 5071/1011/5942 5063/1002/5942
f 5063/1002/5943 5071/1011/5943 5072/1012/5943 5064/1003/5943
f 5064/1003/5944 5072/1012/5944 5073/1013/5944 5065/1004/5944
f 5065/1004/5945 5073/1013/5945 5074/1014/5945 5066/1005/5945
f 5066/1006/5946 5074/1015/5946 5075/1016/5946 5067/1007/5946
f 5067/1007/5947 5075/1016/5947 5076/1017/5947 5068/1008/5947
f 5068/1008/5948 5076/1017/5948 5077/1018/5948 5069/1009/5948
f 5069/1009/5949 5077/1018/5949 5070/1010/5949 5062/1001/5949
f 5078/1019/5950 5079/1020/5950 5080/1021/5950 5081/1022/5950 5082/1023/5950 5083/1024/5950 5084/1025/5950 5085/1026/5950
f 5070/1010/5951 5077/1018/5951 5076/1017/5951 5075/1016/5951 5074/1015/5951 5073/1013/5951 5072/1012/5951 5071/1011/5951
f 5078/1019/5952 5086/1027/5952 5087/1028/5952 5079/1020/5952
f 5079/1020/5953 5087/1028/5953 5088/1029/5953 5080/1021/5953
f 5080/1021/5954 5088/1029/5954 5089/1030/5954 5081/1022/5954
f 5081/1022/5955 5089/1030/5955 5090/1031/5955 5082/1032/5955
f 5082/1023/5956 5090/1033/5956 5091/1034/5956 5083/1024/5956
f 5083/1024/5957 5091/1034/5957 5092/1035/5957 5084/1025/5957
f 5084/1025/5958 5092/1035/5958 5093/1036/5958 5085/1026/5958
f 5085/1026/5959 5093/1036/5959 5086/1027/5959 5078/1019/5959
f 5086/1027/5960 5094/1037/5960 5095/1038/5960 5087/1028/5960
f 5087/1028/5961 5095/1038/5961 5096/1039/5961 5088/1029/5961
f 5088/1029/5962 5096/1039/5962 5097/1040/5962 5089/1030/5962
f 5089/1030/5963 5097/1040/5963 5098/1041/5963 5090/1031/5963
f 5090/1033/5964 5098/1042/5964 5099/1043/5964 5091/1034/5964
f 5091/1034/5965 5099/1043/5965 5100/1044/5965 5092/1035/5965
f 5092/1035/5966 5100/1044/5966 5101/1045/5966 5093/1036/5966
f 5093/1036/5967 5101/1045/5967 5094/1037/5967 5086/1027/5967
f 5094/1037/5968 5102/1046/5968 5103/1047/5968 5095/1038/5968
f 5095/1038/5969 5103/1047/5969 5104/1048/5969 5096/1039/5969
f 5096/1039/5970 5104/1048/5970 5105/1049/5970 5097/1040/5970
f 5097/1040/5971 5105/1049/5971 5106/1050/5971 5098/1041/5971
f 5098/1042/5972 5106/1051/5972 5107/1052/5972 5099/1043/5972
f 5099/1043/5973 5107/1052/5973 5108/1053/5973 5100/1044/5973
f 5100/1044/5974 5108/1053/5974 5109/1054/5974 5101/1045/5974
f 5101/1045/5975 5109/1054/5975 5102/1046/5975 5094/1037/5975
f 5102/1046/5976 5110/1055/5976 5111/1056/5976 5103/1047/5976
f 5103/1047/5977 5111/1056/5977 5112/1057/5977 5104/1048/5977
f 5104/1048/5978 5112/1057/5978 5113/1058/5978 5105/1049/5978
f 5105/1049/5979 5113/1058/5979 5114/1059/5979 5106/1050/5979
f 5106/1051/5980 5114/1060/5980 5115/1061/5980 5107/1052/5980
f 5107/1052/5981 5115/1061/5981 5116/1062/5981 5108/1053/5981
f 5108/1053/5982 5116/1062/5982 5117/1063/5982 5109/1054/5982
f 5109/1054/5983 5117/1063/5983 5110/1055/5983 5102/1046/5983
f 5110/1055/5984 5118/1064/5984 5119/1065/5984 5111/1056/5984
f 5111/1056/5985 5119/1065/5985 5120/1066/5985 5112/1057/5985
f 5112/1057/5986 5120/1066/5986 5121/1067/5986 5113/1058/5986
f 5113/1058/5987 5121/1067/5987 5122/1068/5987 5114/1059/5987
f 5114/1060/5988 5122/1069/5988 5123/1070/5988 5115/1061/5988
f 5115/1061/5989 5123/1070/5989 5124/1071/5989 5116/1062/5989
f 5116/1062/5990 5124/1071/5990 5125/1072/5990 5117/1063/5990
f 5117/1063/5991 5125/1072/5991 5118/1064/5991 5110/1055/5991
f 5118/1064/5992 5126/1073/5992 5127/1074/5992 5119/1065/5992
f 5119/1065/5993 5127/1074/5993 5128/1075/5993 5120/1066/5993
f 5120/1066/5994 5128/1075/5994 5129/1076/5994 5121/1067/5994
f 5121/1067/5995 5129/1076/5995 5130/1077/5995 5122/1068/5995
f 5122/1069/5996 5130/1078/5996 5131/1079/5996 5123/1070/5996
f 5123/1070/5997 5131/1079/5997 5132/1080/5997 5124/1071/5997
f 5124/1071/5998 5132/1080/5998 5133/1081/5998 5125/1072/5998
f 5125/1072/5999 5133/1081/5999 5126/1073/5999 5118/1064/5999
f 5126/1073/6000 5134/1082/6000 5135/1083/6000 5127/1074/6000
f 5127/1074/6001 5135/1083/6001 5136/1084/6001 5128/1075/6001
f 5128/1075/6002 5136/1084/6002 5137/1085/6002 5129/1076/6002
f 5129/1076/6003 5137/1085/6003 5138/1086/6003 5130/1077/6003
f 5130/1078/6004 5138/1087/6004 5139/1088/6004 5131/1079/6004
f 5131/1079/6005 5139/1088/6005 5140/1089/6005 5132/1080/6005
f 5132/1080/6006 5140/1089/6006 5141/1090/6006 5133/1081/6006
f 5133/1081/6007 5141/1090/6007 5134/1082/6007 5126/1073/6007
f 5134/1082/6008 5142/1091/6008 5143/1092/6008 5135/1083/6008
f 5135/1083/6009 5143/1092/6009 5144/1093/6009 5136/1084/6009
f 5136/1084/6010 5144/1093/6010 5145/1094/6010 5137/1085/6010
f 5137/1085/6011 5145/1094/6011 5146/1095/6011 5138/1086/6011
f 5138/1087/6012 5146/1096/6012 5147/1097/6012 5139/1088/6012
f 5139/1088/6013 5147/1097/6013 5148/1098/6013 5140/1089/6013
f 5140/1089/6014 5148/1098/6014 5149/1099/6014 5141/1090/6014
f 5141/1090/6015 5149/1099/6015 5142/1091/6015 5134/1082/6015
f 5142/1091/6016 5150/1100/6016 5151/1101/6016 5143/1092/6016
f 5143/1092/6017 5151/1101/6017 5152/1102/6017 5144/1093/6017
f 5144/1093/6018 5152/1102/6018 5153/1103/6018 5145/1094/6018
f 5145/1094/6019 5153/1103/6019 5154/1104/6019 5146/1095/6019
f 5146/1096/6020 5154/1105/6020 5155/1106/6020 5147/1097/6020
f 5147/1097/6021 5155/1106/6021 5156/1107/6021 5148/1098/6021
f 5148/1098/6022 5156/1107/6022 5157/1108/6022 5149/1099/6022
f 5149/1099/6023 5157/1108/6023 5150/1100/6023 5142/1091/6023
f 5150/1100/6024 5158/1109/6024 5159/1110/6024 5151/1101/6024
f 5151/1101/6025 5159/1110/6025 5160/1111/6025 5152/1102/6025
f 5152/1102/6026 5160/1111/6026 5161/1112/6026 5153/1103/6026
f 5153/1103/6027 5161/1112/6027 5162/1113/6027 5154/1104/6027
f 5154/1105/6028 5162/1114/6028 5163/1115/6028 5155/1106/6028
f 5155/1106/6029 5163/1115/6029 5164/1116/6029 5156/1107/6029
f 5156/1107/6030 5164/1116/6030 5165/1117/6030 5157/1108/6030
f 5157/1108/6031 5165/1117/6031 5158/1109/6031 5150/1100/6031
f 5158/1109/6032 5166/1118/6032 5167/1119/6032 5159/1110/6032
f 5159/1110/6033 5167/1119/6033 5168/1120/6033 5160/1111/6033
f 5160/1111/6034 5168/1120/6034 5169/1121/6034 5161/1112/6034
f 5161/1112/6035 5169/1121/6035 5170/1122/6035 5162/1113/6035
f 5162/1114/6036 5170/1123/6036 5171/1124/6036 5163/1115/6036
f 5163/1115/6037 5171/1124/6037 5172/1125/6037 5164/1116/6037
f 5164/1116/6038 5172/1125/6038 5173/1126/6038 5165/1117/6038
f 5165/1117/6039 5173/1126/6039 5166/1118/6039 5158/1109/6039
f 5166/1118/6040 5174/1127/6040 5175/1128/6040 5167/1119/6040
f 5167/1119/6041 5175/1128/6041 5176/1129/6041 5168/1120/6041
f 5168/1120/6042 5176/1129/6042 5177/1130/6042 5169/1121/6042
f 5169/1121/6043 5177/1130/6043 5178/1131/6043 5170/1122/6043
f 5170/1123/6044 5178/1132/6044 5179/1133/6044 5171/1124/6044
f 5171/1124/6045 5179/1133/6045 5180/1134/6045 5172/1125/6045
f 5172/1125/6046 5180/1134/6046 5181/1135/6046 5173/1126/6046
f 5173/1126/6047 5181/1135/6047 5174/1127/6047 5166/1118/6047
f 5174/1127/6048 4966/893/6048 4967/896/6048 5175/1128/6048
f 5175/1128/6049 4967/896/6049 4968/898/6049 5176/1129/6049
f 5176/1129/6050 4968/898/6050 4969/900/6050 5177/1130/6050
f 5177/1130/6051 4969/900/6051 4970/902/6051 5178/1131/6051
f 5178/1132/6052 4970/903/6052 4971/906/6052 5179/1133/6052
f 5179/1133/6053 4971/906/6053 4972/908/6053 5180/1134/6053
f 5180/1134/6054 4972/908/6054 4973/910/6054 5181/1135/6054
f 5181/1135/6055 4973/910/6055 4966/893/6055 5174/1127/6055
f 5182/893/6056 5190/894/6056 5191/895/6056 5183/896/6056
f 5183/896/6057 5191/895/6057 5192/897/6057 5184/898/6057
f 5184/898/6058 5192/897/6058 5193/899/6058 5185/900/6058
f 5185/900/6059 5193/899/6059 5194/901/6059 5186/902/6059
f 5186/903/6060 5194/904/6060 5195/905/6060 5187/906/6060
f 5187/906/6061 5195/905/6061 5196/907/6061 5188/908/6061
f 5188/908/6062 5196/907/6062 5197/909/6062 5189/910/6062
f 5189/910/6063 5197/909/6063 5190/894/6063 5182/893/6063
f 5190/894/6064 5198/911/6064 5199/912/6064 5191/895/6064
f 5191/895/6065 5199/912/6065 5200/913/6065 5192/897/6065
f 5192/897/6066 5200/913/6066 5201/914/6066 5193/899/6066
f 5193/899/6067 5201/914/6067 5202/915/6067 5194/901/6067
f 5194/904/6068 5202/916/6068 5203/917/6068 5195/905/6068
f 5195/905/6069 5203/917/6069 5204/918/6069 5196/907/6069
f 5196/907/6070 5204/918/6070 5205/919/6070 5197/909/6070
f 5197/909/6071 5205/919/6071 5198/911/6071 5190/894/6071
f 5198/911/6072 5206/920/6072 5207/921/6072 5199/912/6072
f 5199/912/6073 5207/921/6073 5208/922/6073 5200/913/6073
f 5200/913/6074 5208/922/6074 5209/923/6074 5201/914/6074
f 5201/914/6075 5209/923/6075 5210/924/6075 5202/915/6075
f 5202/916/6076 5210/925/6076 5211/926/6076 5203/917/6076
f 5203/917/6077 5211/926/6077 5212/927/6077 5204/918/6077
f 5204/918/6078 5212/927/6078 5213/928/6078 5205/919/6078
f 5205/919/6079 5213/928/6079 5206/920/6079 5198/911/6079
f 5206/920/6080 5214/929/6080 5215/930/6080 5207/921/6080
f 5207/921/6081 5215/930/6081 5216/931/6081 5208/922/6081
f 5208/922/6082 5216/931/6082 5217/932/6082 5209/923/6082
f 5209/923/6083 5217/932/6083 5218/933/6083 5210/924/6083
f 5210/925/6084 5218/934/6084 5219/935/6084 5211/926/6084
f 5211/926/6085 5219/935/6085 5220/936/6085 5212/927/6085
f 5212/927/6086 5220/936/6086 5221/937/6086 5213/928/6086
f 5213/928/6087 5221/937/6087 5214/929/6087 5206/920/6087
f 5214/929/6088 5222/938/6088 5223/939/6088 5215/930/6088
f 5215/930/6089 5223/939/6089 5224/940/6089 5216/931/6089
f 5216/931/6090 5224/940/6090 5225/941/6090 5217/932/6090
f 5217/932/6091 5225/941/6091 5226/942/6091 5218/933/6091
f 5218/934/6092 5226/943/6092 5227/944/6092 5219/935/6092
f 5219/935/6093 5227/944/6093 5228/945/6093 5220/936/6093
f 5220/936/6094 5228/945/6094 5229/946/6094 5221/937/6094
f 5221/937/6095 5229/946/6095 5222/938/6095 5214/929/6095
f 5222/938/6096 5230/947/6096 5231/948/6096 5223/939/6096
f 5223/939/6097 5231/948/6097 5232/949/6097 5224/940/6097
f 5224/940/6098 5232/949/6098 5233/950/6098 5225/941/6098
f 5225/941/6099 5233/950/6099 5234/951/6099 5226/942/6099
f 5226/943/6100 5234/952/6100 5235/953/6100 5227/944/6100
f 5227/944/6101 5235/953/6101 5236/954/6101 5228/945/6101
f 5228/945/6102 5236/954/6102 5237/955/6102 5229/946/6102
f 5229/946/6103 5237/955/6103 5230/947/6103 5222/938/6103
f 5230/947/6104 5238/956/6104 5239/957/6104 5231/948/6104
f 5231/948/6105 5239/957/6105 5240/958/6105 5232/949/6105
f 5232/949/6106 5240/958/6106 5241/959/6106 5233/950/6106
f 5233/950/6107 5241/959/6107 5242/960/6107 5234/951/6107
f 5234/952/6108 5242/961/6108 5243/962/6108 5235/953/6108
f 5235/953/6109 5243/962/6109 5244/963/6109 5236/954/6109
f 5236/954/6110 5244/963/6110 5245/964/6110 5237/955/6110
f 5237/955/6111 5245/964/6111 5238/956/6111 5230/947/6111
f 5238/956/6112 5246/965/6112 5247/966/6112 5239/957/6112
f 5239/957/6113 5247/966/6113 5248/967/6113 5240/958/6113
f 5240/958/6114 5248/967/6114 5249/968/6114 5241/959/6114
f 5241/959/6115 5249/968/6115 5250/969/6115 5242/960/6115
f 5242/961/6116 5250/970/6116 5251/971/6116 5243/962/6116
f 5243/962/6117 5251/971/6117 5252/972/6117 5244/963/6117
f 5244/963/6118 5252/972/6118 5253/973/6118 5245/964/6118
f 5245/964/6119 5253/973/6119 5246/965/6119 5238/956/6119
f 5246/965/6120 5254/974/6120 5255/975/6120 5247/966/6120
f 5247/966/6121 5255/975/6121 5256/976/6121 5248/967/6121
f 5248/967/6122 5256/976/6122 5257/977/6122 5249/968/6122
f 5249/968/6123 5257/977/6123 5258/978/6123 5250/969/6123
f 5250/970/6124 5258/979/6124 5259/980/6124 5251/971/6124
f 5251/971/6125 5259/980/6125 5260/981/6125 5252/972/6125
f 5252/972/6126 5260/981/6126 5261/982/6126 5253/973/6126
f 5253/973/6127 5261/982/6127 5254/974/6127 5246/965/6127
f 5254/974/6128 5262/983/6128 5263/984/6128 5255/975/6128
f 5255/975/6129 5263/984/6129 5264/985/6129 5256/976/6129
f 5256/976/6130 5264/985/6130 5265/986/6130 5257/977/6130
f 5257/977/6131 5265/986/6131 5266/987/6131 5258/978/6131
f 5258/979/6132 5266/988/6132 5267/989/6132 5259/980/6132
f 5259/980/6133 5267/989/6133 5268/990/6133 5260/981/6133
f 5260/981/6134 5268/990/6134 5269/991/6134 5261/982/6134
f 5261/982/6135 5269/991/6135 5262/983/6135 5254/974/6135
f 5262/983/6136 5270/992/6136 5271/993/6136 5263/984/6136
f 5263/984/6137 5271/993/6137 5272/994/6137 5264/985/6137
f 5264/985/6138 5272/994/6138 5273/995/6138 5265/986/6138
f 5265/986/6139 5273/995/6139 5274/996/6139 5266/987/6139
f 5266/988/6140 5274/997/6140 5275/998/6140 5267/989/6140
f 5267/989/6141 5275/998/6141 5276/999/6141 5268/990/6141
f 5268/990/6142 5276/999/6142 5277/1000/6142 5269/991/6142
f 5269/991/6143 5277/1000/6143 5270/992/6143 5262/983/6143
f 5270/992/6144 5278/1001/6144 5279/1002/6144 5271/993/6144
f 5271/993/6145 5279/1002/6145 5280/1003/6145 5272/994/6145
f 5272/994/6146 5280/1003/6146 5281/1004/6146 5273/995/6146
f 5273/995/6147 5281/1004/6147 5282/1005/6147 5274/996/6147
f 5274/997/6148 5282/1006/6148 5283/1007/6148 5275/998/6148
f 5275/998/6149 5283/1007/6149 5284/1008/6149 5276/999/6149
f 5276/999/6150 5284/1008/6150 5285/1009/6150 5277/1000/6150
f 5277/1000/6151 5285/1009/6151 5278/1001/6151 5270/992/6151
f 5278/1001/6152 5286/1010/6152 5287/1011/6152 5279/1002/6152
f 5279/1002/6153 5287/1011/6153 5288/1012/6153 5280/1003/6153
f 5280/1003/6154 5288/1012/6154 5289/1013/6154 5281/1004/6154
f 5281/1004/6155 5289/1013/6155 5290/1014/6155 5282/1005/6155
f 5282/1006/6156 5290/1015/6156 5291/1016/6156 5283/1007/6156
f 5283/1007/6157 5291/1016/6157 5292/1017/6157 5284/1008/6157
f 5284/1008/6158 5292/1017/6158 5293/1018/6158 5285/1009/6158
f 5285/1009/6159 5293/1018/6159 5286/1010/6159 5278/1001/6159
f 5294/1019/6160 5295/1020/6160 5296/1021/6160 5297/1022/6160 5298/1023/6160 5299/1024/6160 5300/1025/6160 5301/1026/6160
f 5286/1010/6161 5293/1018/6161 5292/1017/6161 5291/1016/6161 5290/1015/6161 5289/1013/6161 5288/1012/6161 5287/1011/6161
f 5294/1019/6162 5302/1027/6162 5303/1028/6162 5295/1020/6162
f 5295/1020/6163 5303/1028/6163 5304/1029/6163 5296/1021/6163
f 5296/1021/6164 5304/1029/6164 5305/1030/6164 5297/1022/6164
f 5297/1022/6165 5305/1030/6165 5306/1031/6165 5298/1032/6165
f 5298/1023/6166 5306/1033/6166 5307/1034/6166 5299/1024/6166
f 5299/1024/6167 5307/1034/6167 5308/1035/6167 5300/1025/6167
f 5300/1025/6168 5308/1035/6168 5309/1036/6168 5301/1026/6168
f 5301/1026/6169 5309/1036/6169 5302/1027/6169 5294/1019/6169
f 5302/1027/6170 5310/1037/6170 5311/1038/6170 5303/1028/6170
f 5303/1028/6171 5311/1038/6171 5312/1039/6171 5304/1029/6171
f 5304/1029/6172 5312/1039/6172 5313/1040/6172 5305/1030/6172
f 5305/1030/6173 5313/1040/6173 5314/1041/6173 5306/1031/6173
f 5306/1033/6174 5314/1042/6174 5315/1043/6174 5307/1034/6174
f 5307/1034/6175 5315/1043/6175 5316/1044/6175 5308/1035/6175
f 5308/1035/6176 5316/1044/6176 5317/1045/6176 5309/1036/6176
f 5309/1036/6177 5317/1045/6177 5310/1037/6177 5302/1027/6177
f 5310/1037/6178 5318/1046/6178 5319/1047/6178 5311/1038/6178
f 5311/1038/6179 5319/1047/6179 5320/1048/6179 5312/1039/6179
f 5312/1039/6180 5320/1048/6180 5321/1049/6180 5313/1040/6180
f 5313/1040/6181 5321/1049/6181 5322/1050/6181 5314/1041/6181
f 5314/1042/6182 5322/1051/6182 5323/1052/6182 5315/1043/6182
f 5315/1043/6183 5323/1052/6183 5324/1053/6183 5316/1044/6183
f 5316/1044/6184 5324/1053/6184 5325/1054/6184 5317/1045/6184
f 5317/1045/6185 5325/1054/6185 5318/1046/6185 5310/1037/6185
f 5318/1046/6186 5326/1055/6186 5327/1056/6186 5319/1047/6186
f 5319/1047/6187 5327/1056/6187 5328/1057/6187 5320/1048/6187
f 5320/1048/6188 5328/1057/6188 5329/1058/6188 5321/1049/6188
f 5321/1049/6189 5329/1058/6189 5330/1059/6189 5322/1050/6189
f 5322/1051/6190 5330/1060/6190 5331/1061/6190 5323/1052/6190
f 5323/1052/6191 5331/1061/6191 5332/1062/6191 5324/1053/6191
f 5324/1053/6192 5332/1062/6192 5333/1063/6192 5325/1054/6192
f 5325/1054/6193 5333/1063/6193 5326/1055/6193 5318/1046/6193
f 5326/1055/6194 5334/1064/6194 5335/1065/6194 5327/1056/6194
f 5327/1056/6195 5335/1065/6195 5336/1066/6195 5328/1057/6195
f 5328/1057/6196 5336/1066/6196 5337/1067/6196 5329/1058/6196
f 5329/1058/6197 5337/1067/6197 5338/1068/6197 5330/1059/6197
f 5330/1060/6198 5338/1069/6198 5339/1070/6198 5331/1061/6198
f 5331/1061/6199 5339/1070/6199 5340/1071/6199 5332/1062/6199
f 5332/1062/6200 5340/1071/6200 5341/1072/6200 5333/1063/6200
f 5333/1063/6201 5341/1072/6201 5334/1064/6201 5326/1055/6201
f 5334/1064/6202 5342/1073/6202 5343/1074/6202 5335/1065/6202
f 5335/1065/6203 5343/1074/6203 5344/1075/6203 5336/1066/6203
f 5336/1066/6204 5344/1075/6204 5345/1076/6204 5337/1067/6204
f 5337/1067/6205 5345/1076/6205 5346/1077/6205 5338/1068/6205
f 5338/1069/6206 5346/1078/6206 5347/1079/6206 5339/1070/6206
f 5339/1070/6207 5347/1079/6207 5348/1080/6207 5340/1071/6207
f 5340/1071/6208 5348/1080/6208 5349/1081/6208 5341/1072/6208
f 5341/1072/6209 5349/1081/6209 5342/1073/6209 5334/1064/6209
f 5342/1073/6210 5350/1082/6210 5351/1083/6210 5343/1074/6210
f 5343/1074/6211 5351/1083/6211 5352/1084/6211 5344/1075/6211
f 5344/1075/6212 5352/1084/6212 5353/1085/6212 5345/1076/6212
f 5345/1076/6213 5353/1085/6213 5354/1086/6213 5346/1077/6213
f 5346/1078/6214 5354/1087/6214 5355/1088/6214 5347/1079/6214
f 5347/1079/6215 5355/1088/6215 5356/1089/6215 5348/1080/6215
f 5348/1080/6216 5356/1089/6216 5357/1090/6216 5349/1081/6216
f 5349/1081/6217 5357/1090/6217 5350/1082/6217 5342/1073/6217
f 5350/1082/6218 5358/1091/6218 5359/1092/6218 5351/1083/6218
f 5351/1083/6219 5359/1092/6219 5360/1093/6219 5352/1084/6219
f 5352/1084/6220 5360/1093/6220 5361/1094/6220 5353/1085/6220
f 5353/1085/6221 5361/1094/6221 5362/1095/6221 5354/1086/6221
f 5354/1087/6222 5362/1096/6222 5363/1097/6222 5355/1088/6222
f 5355/1088/6223 5363/1097/6223 5364/1098/6223 5356/1089/6223
f 5356/1089/6224 5364/1098/6224 5365/1099/6224 5357/1090/6224
f 5357/1090/6225 5365/1099/6225 5358/1091/6225 5350/1082/6225
f 5358/1091/6226 5366/1100/6226 5367/1101/6226 5359/1092/6226
f 5359/1092/6227 5367/1101/6227 5368/1102/6227 5360/1093/6227
f 5360/1093/6228 5368/1102/6228 5369/1103/6228 5361/1094/6228
f 5361/1094/6229 5369/1103/6229 5370/1104/6229 5362/1095/6229
f 5362/1096/6230 5370/1105/6230 5371/1106/6230 5363/1097/6230
f 5363/1097/6231 5371/1106/6231 5372/1107/6231 5364/1098/6231
f 5364/1098/6232 5372/1107/6232 5373/1108/6232 5365/1099/6232
f 5365/1099/6233 5373/1108/6233 5366/1100/6233 5358/1091/6233
f 5366/1100/6234 5374/1109/6234 5375/1110/6234 5367/1101/6234
f 5367/1101/6235 5375/1110/6235 5376/1111/6235 5368/1102/6235
f 5368/1102/6236 5376/1111/6236 5377/1112/6236 5369/1103/6236
f 5369/1103/6237 5377/1112/6237 5378/1113/6237 5370/1104/6237
f 5370/1105/6238 5378/1114/6238 5379/1115/6238 5371/1106/6238
f 5371/1106/6239 5379/1115/6239 5380/1116/6239 5372/1107/6239
f 5372/1107/6240 5380/1116/6240 5381/1117/6240 5373/1108/6240
f 5373/1108/6241 5381/1117/6241 5374/1109/6241 5366/1100/6241
f 5374/1109/6242 5382/1118/6242 5383/1119/6242 5375/1110/6242
f 5375/1110/6243 5383/1119/6243 5384/1120/6243 5376/1111/6243
f 5376/1111/6244 5384/1120/6244 5385/1121/6244 5377/1112/6244
f 5377/1112/6245 5385/1121/6245 5386/1122/6245 5378/1113/6245
f 5378/1114/6246 5386/1123/6246 5387/1124/6246 5379/1115/6246
f 5379/1115/6247 5387/1124/6247 5388/1125/6247 5380/1116/6247
f 5380/1116/6248 5388/1125/6248 5389/1126/6248 5381/1117/6248
f 5381/1117/6249 5389/1126/6249 5382/1118/6249 5374/1109/6249
f 5382/1118/6250 5390/1127/6250 5391/1128/6250 5383/1119/6250
f 5383/1119/6251 5391/1128/6251 5392/1129/6251 5384/1120/6251
f 5384/1120/6252 5392/1129/6252 5393/1130/6252 5385/1121/6252
f 5385/1121/6253 5393/1130/6253 5394/1131/6253 5386/1122/6253
f 5386/1123/6254 5394/1132/6254 5395/1133/6254 5387/1124/6254
f 5387/1124/6255 5395/1133/6255 5396/1134/6255 5388/1125/6255
f 5388/1125/6256 5396/1134/6256 5397/1135/6256 5389/1126/6256
f 5389/1126/6257 5397/1135/6257 5390/1127/6257 5382/1118/6257
f 5390/1127/6258 5182/893/6258 5183/896/6258 5391/1128/6258
f 5391/1128/6259 5183/896/6259 5184/898/6259 5392/1129/6259
f 5392/1129/6260 5184/898/6260 5185/900/6260 5393/1130/6260
f 5393/1130/6261 5185/900/6261 5186/902/6261 5394/1131/6261
f 5394/1132/6262 5186/903/6262 5187/906/6262 5395/1133/6262
f 5395/1133/6263 5187/906/6263 5188/908/6263 5396/1134/6263
f 5396/1134/6264 5188/908/6264 5189/910/6264 5397/1135/6264
f 5397/1135/6265 5189/910/6265 5182/893/6265 5390/1127/6265
