# Blender v3.6.1 OBJ File: 'shieldRoots.blend'
# www.blender.org
mtllib shieldRoots.mtl
o Cube
v 0.040869 6.152511 8.312973
v -0.040874 6.152511 8.312973
v -0.212704 -7.051053 2.798916
v -0.069638 6.146968 8.325466
v -0.465871 -7.016389 2.854741
v -0.099097 6.149252 8.333813
v -0.708723 -6.987348 2.963435
v -0.129595 6.151665 8.348442
v -0.933053 -6.963672 3.090828
v -0.157444 6.154231 8.369727
v -1.126015 -6.945607 3.224969
v -0.180755 6.156958 8.397168
v -1.272183 -6.934361 3.370139
v -0.198468 6.159898 8.429874
v -1.360667 -6.929465 3.531339
v -0.209685 6.163052 8.466656
v -1.387919 -6.928634 3.710720
v -0.213773 6.166362 8.506077
v -1.355517 -6.929482 3.910958
v -0.210451 6.169687 8.546516
v -1.267549 -6.930074 4.130997
v -0.199838 6.172795 8.586292
v -1.130639 -6.928809 4.358367
v -0.182451 6.175381 8.623785
v -0.954613 -6.925405 4.579021
v -0.159131 6.177113 8.657547
v -0.750702 -6.923074 4.799453
v -0.130948 6.177686 8.686360
v -0.528991 -6.926900 5.031758
v -0.099097 6.171688 8.716783
v -0.299680 -6.939717 5.241695
v -0.059358 6.183733 8.724799
v -0.070938 -6.963538 5.361012
v 0.212698 -7.051053 2.798917
v 0.069633 6.146968 8.325466
v 0.465866 -7.016389 2.854741
v 0.099092 6.149252 8.333813
v 0.708718 -6.987348 2.963434
v 0.129590 6.151665 8.348443
v 0.933048 -6.963672 3.090827
v 0.157439 6.154231 8.369727
v 1.126010 -6.945607 3.224969
v 0.180750 6.156958 8.397168
v 1.272178 -6.934361 3.370136
v 0.198463 6.159898 8.429874
v 1.360662 -6.929465 3.531336
v 0.209680 6.163051 8.466656
v 1.387914 -6.928634 3.710720
v 0.213769 6.166362 8.506077
v 1.355512 -6.929482 3.910956
v 0.210446 6.169686 8.546516
v 1.267545 -6.930074 4.130997
v 0.199833 6.172795 8.586292
v 1.130633 -6.928809 4.358365
v 0.182446 6.175381 8.623785
v 0.954608 -6.925405 4.579020
v 0.159126 6.177113 8.657547
v 0.750697 -6.923074 4.799454
v 0.130943 6.177687 8.686361
v 0.528984 -6.926900 5.031756
v 0.099092 6.171688 8.716783
v 0.299675 -6.939717 5.241695
v 0.059354 6.183733 8.724799
v 0.070932 -6.963538 5.361011
v 0.086874 -2.409902 1.910306
v 0.108322 -1.831573 2.295040
v 0.115065 -1.170217 2.992100
v 0.116896 -0.570485 3.865061
v 0.116981 -0.061833 4.680403
v 0.114848 0.358299 5.376430
v -0.086879 -2.409902 1.910305
v -0.108327 -1.831573 2.295040
v -0.115070 -1.170217 2.992099
v -0.116901 -0.570485 3.865062
v -0.116986 -0.061833 4.680404
v -0.114853 0.358301 5.376430
v -0.110770 0.707262 5.964285
v -0.105267 1.002840 6.459287
v -0.098921 1.261077 6.875023
v -0.092215 1.496230 7.223930
v -0.085493 1.721218 7.517164
v -0.078970 1.948036 7.764060
v -0.072748 2.187754 7.971671
v -0.066857 2.450306 8.144428
v -0.061285 2.743785 8.284161
v -0.056033 3.072990 8.390537
v -0.051166 3.436685 8.462527
v -0.046910 3.823513 8.500354
v -0.043503 4.211362 8.505849
v -0.041053 4.577211 8.481505
v -0.039232 4.911286 8.432722
v -0.037492 5.220594 8.372303
v -0.034772 5.524632 8.318651
v -0.034232 5.838067 8.294589
v -0.074530 5.840808 8.300585
v -0.084238 5.527330 8.325782
v -0.091472 5.222959 8.380206
v -0.096117 4.912851 8.441594
v -0.100728 4.577710 8.491784
v -0.106583 4.210798 8.517984
v -0.114319 3.821923 8.514707
v -0.123796 3.433954 8.479188
v -0.134320 3.068744 8.409244
v -0.145384 2.737547 8.304379
v -0.156786 2.441621 8.165506
v -0.168535 2.176211 7.992956
v -0.180709 1.933305 7.784959
v -0.193344 1.703078 7.537125
v -0.206352 1.474574 7.242486
v -0.219456 1.236002 6.891786
v -0.232148 0.974676 6.474026
v -0.243679 0.676695 5.976989
v -0.253144 0.326424 5.387416
v -0.259710 -0.093392 4.690530
v -0.263008 -0.599559 3.876479
v -0.263562 -1.204219 3.004522
v -0.263367 -1.886840 2.306672
v -0.253569 -2.629687 1.895757
v -0.229676 -3.455968 1.792737
v -0.217791 -4.197207 1.935445
v -0.211262 -4.858508 2.099725
v -0.207852 -5.447755 2.223343
v -0.207970 -5.981595 2.367270
v -0.212717 -6.506873 2.570729
v -0.125343 5.844131 8.314776
v -0.147048 5.530670 8.343123
v -0.160432 5.225312 8.399368
v -0.169055 4.913274 8.462576
v -0.177418 4.575603 8.515048
v -0.187652 4.206145 8.544045
v -0.200722 3.814994 8.543965
v -0.216248 3.424725 8.511724
v -0.233109 3.056869 8.444674
v -0.250373 2.722537 8.341998
v -0.267661 2.423010 8.204515
v -0.285001 2.153632 8.032625
v -0.302595 1.906526 7.824697
v -0.320632 1.672023 7.576524
v -0.339156 1.439366 7.281282
v -0.357981 1.197005 6.929892
v -0.376634 0.932585 6.511537
v -0.394351 0.632631 6.014280
v -0.410182 0.282059 5.425270
v -0.423273 -0.135753 4.730600
v -0.433364 -0.636924 3.922186
v -0.441376 -1.233022 3.058851
v -0.449197 -1.923654 2.356384
v -0.455077 -2.667779 1.944365
v -0.448796 -3.445285 1.840951
v -0.439916 -4.169717 1.972451
v -0.432321 -4.831908 2.134570
v -0.429071 -5.419858 2.258779
v -0.431713 -5.954719 2.405122
v -0.443357 -6.479184 2.613394
v -0.178098 5.847715 8.339926
v -0.212165 5.533854 8.374056
v -0.231902 5.226553 8.433564
v -0.244928 4.910992 8.499620
v -0.257654 4.568731 8.555282
v -0.272831 4.194683 8.587833
v -0.291591 3.799501 8.591541
v -0.313359 3.405555 8.563023
v -0.336541 3.033935 8.499215
v -0.359799 2.695563 8.399035
v -0.382586 2.391769 8.263311
v -0.404956 2.118025 8.092618
v -0.427247 1.866631 7.885609
v -0.449827 1.628097 7.638356
v -0.472917 1.391895 7.344322
v -0.496489 1.146745 6.994672
v -0.520214 0.880645 6.578838
v -0.543471 0.580551 6.085125
v -0.565459 0.231928 5.501106
v -0.585497 -0.181203 4.813857
v -0.603546 -0.674386 4.016980
v -0.620895 -1.258674 3.165264
v -0.639844 -1.933736 2.459241
v -0.656999 -2.671102 2.034440
v -0.663446 -3.420264 1.920298
v -0.660120 -4.137120 2.041661
v -0.657330 -4.794356 2.202128
v -0.658534 -5.382932 2.329869
v -0.663790 -5.921678 2.481134
v -0.678538 -6.449618 2.700204
v -0.226017 5.851374 8.376601
v -0.271145 5.536683 8.419279
v -0.296795 5.226431 8.483600
v -0.314315 4.905538 8.553716
v -0.331703 4.556267 8.613689
v -0.352064 4.175141 8.650661
v -0.376499 3.773893 8.658645
v -0.404193 3.374750 8.634019
v -0.433179 2.998268 8.573487
v -0.461813 2.655137 8.475854
v -0.489412 2.346707 8.342071
v -0.516067 2.068604 8.173027
v -0.542240 1.813293 7.967770
v -0.568452 1.571524 7.722783
v -0.595089 1.332982 7.431926
v -0.622292 1.086680 7.086725
v -0.649918 0.820930 6.676897
v -0.677563 0.523116 6.191004
v -0.704681 0.179205 5.616978
v -0.730860 -0.226230 4.942788
v -0.756337 -0.708302 4.163151
v -0.782651 -1.277848 3.325632
v -0.812254 -1.934947 2.611420
v -0.841373 -2.654321 2.169061
v -0.858744 -3.388717 2.036791
v -0.864301 -4.096248 2.145616
v -0.869531 -4.751037 2.305217
v -0.877613 -5.343528 2.439483
v -0.886421 -5.889392 2.597193
v -0.900851 -6.423238 2.821286
v -0.266018 5.855205 8.423892
v -0.320316 5.539386 8.477631
v -0.351092 5.225274 8.548249
v -0.372940 4.897228 8.623808
v -0.395083 4.538341 8.689532
v -0.420661 4.147423 8.732096
v -0.450524 3.737851 8.744970
v -0.483588 3.331881 8.724387
v -0.517638 2.949425 8.667038
v -0.550837 2.600822 8.571850
v -0.582430 2.287438 8.440065
v -0.612551 2.005026 8.272986
v -0.641763 1.746272 8.070137
v -0.670700 1.502139 7.828530
v -0.699874 1.262598 7.542543
v -0.729579 1.016908 7.204174
v -0.759864 0.753704 6.803524
v -0.790576 0.460722 6.329433
v -0.821471 0.124375 5.770107
v -0.852451 -0.270345 5.114160
v -0.884025 -0.738334 4.356703
v -0.917869 -1.290481 3.536324
v -0.956377 -1.927733 2.811565
v -0.995869 -2.628499 2.345689
v -1.023919 -3.349082 2.189917
v -1.038977 -4.049420 2.282906
v -1.052814 -4.704732 2.441375
v -1.068247 -5.304641 2.583597
v -1.080760 -5.860751 2.747573
v -1.094163 -6.402200 2.968345
v -0.296267 5.859366 8.480188
v -0.357390 5.542290 8.547039
v -0.392195 5.223595 8.625261
v -0.417867 4.886704 8.707687
v -0.444462 4.515654 8.780807
v -0.474908 4.112175 8.830355
v -0.509631 3.691962 8.848900
v -0.547263 3.277479 8.832533
v -0.585434 2.887877 8.778252
v -0.622227 2.533035 8.685378
v -0.656885 2.214260 8.555586
v -0.689599 1.927459 8.390682
v -0.721005 1.665533 8.190737
v -0.751807 1.419745 7.953362
v -0.782588 1.180361 7.673565
v -0.813754 0.936942 7.343947
v -0.845524 0.678398 6.955131
v -0.877985 0.392769 6.496290
v -0.911193 0.066792 5.955846
v -0.945358 -0.314250 5.322690
v -0.981222 -0.765260 4.591603
v -1.020498 -1.297591 3.791781
v -1.065398 -1.913377 3.056707
v -1.112693 -2.594993 2.561592
v -1.149720 -3.302691 2.376292
v -1.173269 -3.997859 2.449104
v -1.194683 -4.656390 2.605320
v -1.216524 -5.266784 2.756156
v -1.232145 -5.835956 2.925616
v -1.243608 -6.386806 3.137089
v -0.315233 5.863935 8.543379
v -0.380460 5.545642 8.624806
v -0.417880 5.221906 8.711621
v -0.446436 4.874834 8.802129
v -0.476611 4.489444 8.884158
v -0.510987 4.070957 8.942025
v -0.549514 3.637975 8.966974
v -0.590537 3.213406 8.954989
v -0.631599 2.815528 8.903668
v -0.670789 2.453620 8.813005
v -0.707412 2.128878 8.685246
v -0.741736 1.837348 8.522736
v -0.774446 1.572210 8.326130
v -0.806266 1.325068 8.093661
v -0.837801 1.086581 7.821059
v -0.869510 0.846674 7.501663
v -0.901734 0.594558 7.126763
v -0.934745 0.318531 6.686002
v -0.968841 0.005551 6.167976
v -1.004483 -0.358989 5.561496
v -1.042568 -0.790219 4.860328
v -1.084766 -1.300363 4.084665
v -1.133078 -1.893130 3.341879
v -1.184966 -2.554948 2.811998
v -1.228384 -3.250379 2.589982
v -1.258430 -3.941960 2.637269
v -1.285369 -4.605754 2.789723
v -1.311743 -5.228936 2.950204
v -1.329388 -5.813495 3.125723
v -1.338259 -6.375724 3.325407
v -0.321861 5.868873 8.610926
v -0.388238 5.549546 8.707724
v -0.426610 5.220644 8.803598
v -0.456687 4.862631 8.902912
v -0.488977 4.461487 8.994812
v -0.525704 4.026294 9.061844
v -0.566419 3.579027 9.093621
v -0.609222 3.143192 9.086045
v -0.651601 2.736144 9.037577
v -0.691708 2.366423 8.949082
v -0.728957 2.035081 8.823483
v -0.763699 1.738298 8.663671
v -0.796653 1.469554 8.470847
v -0.828529 1.220901 8.243892
v -0.859915 0.983469 7.979259
v -0.891285 0.747660 7.671156
v -0.923032 0.503063 7.311686
v -0.955540 0.238255 6.891133
v -0.989252 -0.059634 6.398305
v -1.024773 -0.405231 5.821649
v -1.063057 -0.814147 5.153302
v -1.105667 -1.299836 4.405246
v -1.154421 -1.868045 3.659360
v -1.207629 -2.509225 3.090343
v -1.254572 -3.192567 2.823301
v -1.288782 -3.881598 2.838842
v -1.318815 -4.551890 2.985992
v -1.347444 -5.189279 3.158355
v -1.365983 -5.790898 3.342651
v -1.372488 -6.366494 3.531412
v -0.315727 5.873967 8.680026
v -0.380257 5.553868 8.792229
v -0.417819 5.220023 8.897082
v -0.447797 4.851045 9.005179
v -0.480326 4.433799 9.106990
v -0.517353 3.981356 9.183183
v -0.558203 3.519236 9.221625
v -0.600815 3.071669 9.218198
v -0.642648 2.655027 9.172377
v -0.681942 2.277086 9.086029
v -0.718233 1.938700 8.962765
v -0.751952 1.636185 8.805993
v -0.783828 1.363342 8.617415
v -0.814545 1.112697 8.396482
v -0.844666 0.875969 8.140413
v -0.874658 0.644121 7.844275
v -0.904938 0.407269 7.501170
v -0.935931 0.154359 7.102159
v -0.968130 -0.127284 6.636395
v -1.002169 -0.452348 6.091795
v -1.038959 -0.837079 5.458454
v -1.079890 -1.296475 4.740973
v -1.126635 -1.838790 3.998056
v -1.178417 -2.458453 3.388518
v -1.226371 -3.129529 3.068005
v -1.262728 -3.816535 3.045227
v -1.293731 -4.493947 3.185678
v -1.322501 -5.146131 3.373376
v -1.341077 -5.765864 3.570828
v -1.346165 -6.356660 3.752287
v -0.297121 5.878830 8.747781
v -0.356968 5.558212 8.874770
v -0.392041 5.219914 8.987953
v -0.420296 4.840672 9.104052
v -0.451120 4.408121 9.214807
v -0.486276 3.939159 9.299132
v -0.525060 3.462761 9.343361
v -0.565378 3.003859 9.343438
v -0.604699 2.577878 9.299878
v -0.641360 2.191850 9.215554
v -0.675004 1.846435 9.094720
v -0.706110 1.538081 8.941247
v -0.735391 1.260884 8.757245
v -0.763499 1.007862 8.542677
v -0.790977 0.771316 8.295434
v -0.818297 0.542872 8.011510
v -0.845908 0.313240 7.684998
v -0.874256 0.071877 7.307943
v -0.903833 -0.193555 6.869970
v -0.935229 -0.497756 6.358513
v -0.969246 -0.857612 5.761428
v -1.007054 -1.289828 5.076744
v -1.050158 -1.805541 4.343495
v -1.098613 -2.403193 3.696761
v -1.145711 -3.061742 3.316190
v -1.182803 -3.746999 3.248958
v -1.213308 -4.431771 3.381364
v -1.240666 -5.098823 3.587782
v -1.258756 -5.737119 3.802393
v -1.263507 -6.344506 3.981042
v -0.267006 5.882912 8.811495
v -0.319669 5.561913 8.952074
v -0.350815 5.219810 9.072554
v -0.375963 4.831549 9.195265
v -0.403404 4.385448 9.313165
v -0.434773 3.901817 9.403774
v -0.469488 3.412724 9.452269
v -0.505558 2.943688 9.454816
v -0.540543 2.509306 9.412904
v -0.572891 2.115930 9.330285
v -0.602324 1.764095 9.211790
v -0.629320 1.450352 9.061634
v -0.654537 1.169097 8.882263
v -0.678574 0.913747 8.674047
v -0.701959 0.677167 8.435491
v -0.725193 0.451571 8.163418
v -0.748771 0.228314 7.852967
v -0.773188 -0.002558 7.497193
v -0.798950 -0.252913 7.086414
v -0.826612 -0.537280 6.607763
v -0.856860 -0.873048 6.046960
v -0.890640 -1.278617 5.396298
v -0.929220 -1.768168 4.678929
v -0.973205 -2.344142 4.003284
v -1.018069 -2.990285 3.560444
v -1.054920 -3.674087 3.443928
v -1.084120 -4.366412 3.566461
v -1.109212 -5.048137 3.792953
v -1.126594 -5.704850 4.025665
v -1.131852 -6.329461 4.204082
v -0.226889 5.885601 8.868776
v -0.270301 5.564170 9.021375
v -0.296405 5.218880 9.147909
v -0.317426 4.823153 9.275553
v -0.340273 4.365831 9.398365
v -0.366427 3.870118 9.492927
v -0.395502 3.370590 9.543788
v -0.425732 2.893207 9.547490
v -0.454889 2.451851 9.506388
v -0.481577 2.052370 9.424950
v -0.505566 1.695229 9.308434
v -0.527281 1.377108 9.161335
v -0.547280 1.092637 8.986297
v -0.566086 0.835598 8.784023
v -0.584192 0.599262 8.553518
v -0.602114 0.376360 8.292353
v -0.620405 0.158767 7.996611
v -0.639635 -0.062875 7.660403
v -0.660377 -0.299899 7.274851
v -0.683215 -0.566516 6.827098
v -0.708790 -0.880389 6.301126
v -0.737865 -1.261371 5.684326
v -0.771419 -1.726581 4.987539
v -0.810216 -2.282447 4.294157
v -0.851567 -2.917081 3.793143
v -0.887228 -3.600060 3.624804
v -0.914777 -4.300244 3.734690
v -0.937398 -4.996364 3.979420
v -0.954107 -5.670955 4.227687
v -0.960483 -6.312537 4.407071
v -0.178634 5.886312 8.917686
v -0.211188 5.564168 9.080482
v -0.231448 5.216216 9.211803
v -0.247684 4.814607 9.342693
v -0.265203 4.348634 9.468122
v -0.285244 3.843719 9.564236
v -0.307599 3.336310 9.615454
v -0.330850 2.852638 9.618862
v -0.353118 2.406013 9.577559
v -0.373231 2.001957 9.496573
v -0.390998 1.640935 9.381475
v -0.406746 1.319777 9.236901
v -0.420905 1.033329 9.065621
v -0.433886 0.775629 8.868534
v -0.446115 0.540277 8.645045
v -0.458083 0.320328 8.393337
v -0.470361 0.108050 8.110323
v -0.483581 -0.105465 7.791071
v -0.498403 -0.331059 7.427591
v -0.515496 -0.582540 7.007325
v -0.535527 -0.877652 6.513056
v -0.559150 -1.237351 5.928228
v -0.587051 -1.681411 5.254300
v -0.619836 -2.219945 4.554130
v -0.656045 -2.845006 4.005002
v -0.688972 -3.528266 3.785973
v -0.714670 -4.236924 3.880045
v -0.735127 -4.947253 4.138740
v -0.751332 -5.638953 4.399344
v -0.759279 -6.297009 4.584499
v -0.124274 5.884913 8.956323
v -0.144813 5.564926 9.126096
v -0.159957 5.209823 9.263037
v -0.171101 4.805283 9.395148
v -0.183000 4.333156 9.521204
v -0.196549 3.821867 9.616759
v -0.210024 3.320058 9.665899
v -0.225623 2.821506 9.668204
v -0.240442 2.371390 9.625736
v -0.253605 1.964365 9.544440
v -0.264964 1.600972 9.430079
v -0.274731 1.278190 9.287340
v -0.283190 0.991042 9.119002
v -0.290622 0.733777 8.926075
v -0.297345 0.500184 8.708224
v -0.303760 0.283518 8.464099
v -0.310369 0.076275 8.191265
v -0.317769 -0.130194 7.885602
v -0.326615 -0.346351 7.539933
v -0.337593 -0.585666 7.142176
v -0.351353 -0.865813 6.674469
v -0.368454 -1.208585 6.117291
v -0.389328 -1.635823 5.465213
v -0.414297 -2.160937 4.766031
v -0.442562 -2.779168 4.182584
v -0.470050 -3.453008 3.917106
v -0.496627 -4.181911 3.997812
v -0.515144 -4.905383 4.265454
v -0.530775 -5.613303 4.536169
v -0.540264 -6.287292 4.736329
v -0.065873 5.878304 8.995045
v -0.074915 5.562341 9.157543
v -0.088580 5.192924 9.302748
v -0.097294 4.792899 9.432923
v -0.103954 4.319755 9.557221
v -0.108134 3.826486 9.649620
v -0.107999 3.332956 9.695319
v -0.114209 2.822079 9.695529
v -0.121519 2.348748 9.652496
v -0.127916 1.940204 9.570481
v -0.133305 1.575723 9.456300
v -0.137788 1.252410 9.314631
v -0.141503 0.965417 9.148206
v -0.144592 0.709119 8.958067
v -0.147228 0.477414 8.744014
v -0.149642 0.263650 8.505001
v -0.152140 0.060406 8.239011
v -0.155099 -0.140831 7.942470
v -0.158954 -0.350327 7.608822
v -0.164164 -0.581302 7.226420
v -0.171168 -0.851380 6.777100
v -0.180309 -1.182839 6.239446
v -0.191801 -1.598996 5.603654
v -0.205749 -2.115510 4.908671
v -0.221971 -2.707627 4.302853
v -0.242767 -3.404677 4.008471
v -0.279304 -4.163260 4.083832
v -0.302406 -4.876594 4.357674
v -0.315833 -5.597140 4.634936
v -0.320708 -6.286336 4.855131
v 0.110765 0.707261 5.964285
v 0.105262 1.002839 6.459288
v -0.029930 5.118965 9.350327
v -0.038450 4.771635 9.459084
v -0.040652 4.319763 9.577065
v -0.035225 3.848337 9.665357
v -0.000002 3.494411 9.698923
v 0.098916 1.261075 6.875022
v 0.092210 1.496229 7.223931
v 0.085489 1.721219 7.517164
v 0.078965 1.948035 7.764061
v 0.072743 2.187754 7.971670
v 0.066852 2.450306 8.144427
v 0.061280 2.743784 8.284162
v 0.056028 3.072991 8.390537
v 0.051161 3.436684 8.462526
v 0.046905 3.823513 8.500355
v 0.043499 4.211363 8.505849
v 0.041048 4.577211 8.481505
v 0.039227 4.911285 8.432722
v 0.037487 5.220594 8.372303
v 0.034766 5.524630 8.318650
v 0.034227 5.838066 8.294588
v 0.074525 5.840808 8.300585
v 0.084233 5.527330 8.325781
v 0.091467 5.222959 8.380206
v -0.097232 -4.279584 4.147859
v -0.125421 -4.894443 4.415286
v -0.135388 -5.591323 4.694870
v -0.129427 -6.292205 4.924680
v 0.096112 4.912852 8.441594
v 0.100723 4.577709 8.491782
v 0.106578 4.210798 8.517984
v 0.114314 3.821923 8.514708
v 0.123791 3.433953 8.479189
v 0.134315 3.068743 8.409243
v 0.145379 2.737547 8.304379
v 0.156781 2.441621 8.165506
v 0.168530 2.176211 7.992956
v 0.180704 1.933304 7.784957
v 0.193339 1.703078 7.537125
v 0.206347 1.474573 7.242486
v 0.219451 1.236002 6.891787
v 0.232143 0.974676 6.474027
v 0.243675 0.676695 5.976988
v 0.253139 0.326423 5.387416
v 0.259705 -0.093392 4.690530
v 0.263003 -0.599559 3.876480
v 0.263557 -1.204217 3.004523
v 0.263362 -1.886840 2.306672
v 0.253564 -2.629689 1.895756
v 0.229671 -3.455968 1.792737
v 0.217785 -4.197209 1.935444
v 0.211256 -4.858512 2.099725
v 0.207846 -5.447753 2.223343
v 0.207965 -5.981593 2.367270
v 0.212712 -6.506873 2.570729
v 0.125338 5.844131 8.314775
v 0.147043 5.530670 8.343124
v 0.160427 5.225311 8.399367
v 0.169050 4.913274 8.462577
v 0.177413 4.575603 8.515048
v 0.187647 4.206146 8.544046
v 0.200718 3.814994 8.543965
v 0.216244 3.424724 8.511724
v 0.233104 3.056869 8.444674
v 0.250368 2.722537 8.341999
v 0.267656 2.423010 8.204515
v 0.284996 2.153631 8.032623
v 0.302590 1.906526 7.824697
v 0.320627 1.672022 7.576524
v 0.339152 1.439366 7.281282
v 0.357976 1.197005 6.929892
v 0.376629 0.932585 6.511537
v 0.394346 0.632631 6.014281
v 0.410177 0.282058 5.425270
v 0.423268 -0.135753 4.730600
v 0.433359 -0.636924 3.922184
v 0.441370 -1.233024 3.058850
v 0.449191 -1.923654 2.356383
v 0.455072 -2.667779 1.944366
v 0.448791 -3.445289 1.840950
v 0.439911 -4.169715 1.972451
v 0.432316 -4.831908 2.134570
v 0.429066 -5.419856 2.258779
v 0.431707 -5.954719 2.405122
v 0.443351 -6.479184 2.613394
v 0.178093 5.847715 8.339926
v 0.212160 5.533854 8.374056
v 0.231897 5.226552 8.433565
v 0.244923 4.910993 8.499620
v 0.257649 4.568731 8.555282
v 0.272826 4.194683 8.587833
v 0.291586 3.799500 8.591542
v 0.313354 3.405556 8.563023
v 0.336536 3.033933 8.499215
v 0.359795 2.695563 8.399035
v 0.382581 2.391769 8.263311
v 0.404951 2.118024 8.092619
v 0.427242 1.866631 7.885609
v 0.449822 1.628098 7.638356
v 0.472912 1.391896 7.344323
v 0.496484 1.146746 6.994672
v 0.520209 0.880646 6.578839
v 0.543466 0.580550 6.085125
v 0.565455 0.231929 5.501106
v 0.585492 -0.181203 4.813857
v 0.603541 -0.674386 4.016978
v 0.620889 -1.258674 3.165264
v 0.639839 -1.933738 2.459241
v 0.656994 -2.671102 2.034440
v 0.663440 -3.420264 1.920297
v 0.660115 -4.137120 2.041661
v 0.657325 -4.794358 2.202128
v 0.658529 -5.382930 2.329868
v 0.663784 -5.921678 2.481134
v 0.678532 -6.449620 2.700204
v 0.226013 5.851374 8.376601
v 0.271140 5.536683 8.419280
v 0.296790 5.226431 8.483598
v 0.314310 4.905536 8.553716
v 0.331698 4.556267 8.613690
v 0.352059 4.175142 8.650661
v 0.376495 3.773892 8.658647
v 0.404188 3.374750 8.634020
v 0.433175 2.998269 8.573487
v 0.461808 2.655136 8.475854
v 0.489407 2.346707 8.342070
v 0.516063 2.068603 8.173025
v 0.542235 1.813292 7.967771
v 0.568447 1.571524 7.722784
v 0.595084 1.332983 7.431927
v 0.622287 1.086681 7.086726
v 0.649913 0.820932 6.676897
v 0.677558 0.523115 6.191003
v 0.704676 0.179205 5.616977
v 0.730855 -0.226228 4.942788
v 0.756332 -0.708302 4.163152
v 0.782646 -1.277850 3.325631
v 0.812249 -1.934947 2.611420
v 0.841368 -2.654321 2.169061
v 0.858739 -3.388717 2.036791
v 0.864296 -4.096248 2.145615
v 0.869525 -4.751037 2.305215
v 0.877608 -5.343528 2.439482
v 0.886416 -5.889394 2.597193
v 0.900845 -6.423240 2.821285
v 0.266013 5.855205 8.423892
v 0.320311 5.539386 8.477631
v 0.351087 5.225274 8.548248
v 0.372935 4.897228 8.623809
v 0.395078 4.538340 8.689533
v 0.420656 4.147423 8.732097
v 0.450519 3.737850 8.744971
v 0.483583 3.331882 8.724387
v 0.517634 2.949425 8.667038
v 0.550832 2.600822 8.571850
v 0.582425 2.287437 8.440066
v 0.612547 2.005025 8.272984
v 0.641758 1.746272 8.070137
v 0.670695 1.502139 7.828530
v 0.699869 1.262599 7.542544
v 0.729574 1.016909 7.204175
v 0.759859 0.753704 6.803523
v 0.790572 0.460722 6.329432
v 0.821466 0.124375 5.770107
v 0.852446 -0.270345 5.114159
v 0.884020 -0.738334 4.356703
v 0.917863 -1.290481 3.536324
v 0.956372 -1.927733 2.811565
v 0.995864 -2.628499 2.345688
v 1.023913 -3.349082 2.189916
v 1.038972 -4.049420 2.282905
v 1.052809 -4.704734 2.441375
v 1.068242 -5.304641 2.583596
v 1.080754 -5.860751 2.747572
v 1.094158 -6.402202 2.968344
v 0.296263 5.859365 8.480188
v 0.357385 5.542290 8.547039
v 0.392190 5.223594 8.625261
v 0.417862 4.886703 8.707688
v 0.444457 4.515656 8.780808
v 0.474904 4.112175 8.830356
v 0.509627 3.691962 8.848901
v 0.547258 3.277479 8.832533
v 0.585430 2.887878 8.778252
v 0.622223 2.533035 8.685378
v 0.656880 2.214260 8.555586
v 0.689595 1.927459 8.390682
v 0.721001 1.665533 8.190738
v 0.751802 1.419745 7.953362
v 0.782584 1.180361 7.673566
v 0.813749 0.936943 7.343948
v 0.845519 0.678397 6.955132
v 0.877981 0.392771 6.496290
v 0.911188 0.066792 5.955846
v 0.945354 -0.314250 5.322690
v 0.981217 -0.765260 4.591602
v 1.020493 -1.297591 3.791780
v 1.065393 -1.913377 3.056707
v 1.112688 -2.594993 2.561591
v 1.149715 -3.302690 2.376292
v 1.173264 -3.997859 2.449104
v 1.194678 -4.656390 2.605317
v 1.216519 -5.266786 2.756155
v 1.232140 -5.835956 2.925613
v 1.243602 -6.386806 3.137087
v 0.315229 5.863935 8.543379
v 0.380455 5.545642 8.624806
v 0.417876 5.221907 8.711621
v 0.446431 4.874834 8.802128
v 0.476606 4.489443 8.884158
v 0.510982 4.070958 8.942025
v 0.549509 3.637975 8.966974
v 0.590532 3.213406 8.954988
v 0.631594 2.815528 8.903669
v 0.670785 2.453619 8.813004
v 0.707408 2.128877 8.685246
v 0.741731 1.837347 8.522735
v 0.774442 1.572210 8.326130
v 0.806261 1.325068 8.093661
v 0.837796 1.086582 7.821060
v 0.869506 0.846675 7.501663
v 0.901729 0.594559 7.126763
v 0.934740 0.318530 6.686002
v 0.968837 0.005550 6.167975
v 1.004478 -0.358987 5.561496
v 1.042563 -0.790221 4.860328
v 1.084761 -1.300363 4.084664
v 1.133073 -1.893130 3.341879
v 1.184961 -2.554948 2.811997
v 1.228379 -3.250379 2.589981
v 1.258425 -3.941962 2.637268
v 1.285363 -4.605754 2.789723
v 1.311738 -5.228936 2.950202
v 1.329383 -5.813497 3.125722
v 1.338254 -6.375722 3.325405
v 0.321856 5.868873 8.610926
v 0.388233 5.549545 8.707723
v 0.426605 5.220644 8.803598
v 0.456682 4.862630 8.902912
v 0.488972 4.461487 8.994810
v 0.525699 4.026294 9.061844
v 0.566415 3.579027 9.093621
v 0.609218 3.143194 9.086045
v 0.651596 2.736145 9.037577
v 0.691703 2.366423 8.949083
v 0.728952 2.035081 8.823482
v 0.763695 1.738298 8.663672
v 0.796648 1.469556 8.470848
v 0.828524 1.220901 8.243892
v 0.859911 0.983470 7.979260
v 0.891280 0.747659 7.671156
v 0.923027 0.503064 7.311687
v 0.955535 0.238256 6.891134
v 0.989247 -0.059635 6.398305
v 1.024768 -0.405231 5.821649
v 1.063053 -0.814149 5.153302
v 1.105662 -1.299838 4.405246
v 1.154416 -1.868045 3.659359
v 1.207624 -2.509225 3.090342
v 1.254567 -3.192569 2.823299
v 1.288776 -3.881598 2.838842
v 1.318810 -4.551892 2.985992
v 1.347439 -5.189277 3.158355
v 1.365978 -5.790898 3.342649
v 1.372483 -6.366496 3.531410
v 0.315722 5.873967 8.680026
v 0.380253 5.553867 8.792228
v 0.417814 5.220023 8.897081
v 0.447792 4.851045 9.005179
v 0.480321 4.433800 9.106991
v 0.517348 3.981356 9.183182
v 0.558198 3.519237 9.221624
v 0.600810 3.071669 9.218199
v 0.642643 2.655028 9.172378
v 0.681938 2.277086 9.086030
v 0.718228 1.938700 8.962765
v 0.751947 1.636185 8.805993
v 0.783823 1.363342 8.617415
v 0.814541 1.112697 8.396483
v 0.844662 0.875967 8.140411
v 0.874653 0.644122 7.844276
v 0.904933 0.407270 7.501169
v 0.935926 0.154358 7.102159
v 0.968125 -0.127281 6.636395
v 1.002164 -0.452348 6.091796
v 1.038955 -0.837079 5.458454
v 1.079884 -1.296475 4.740972
v 1.126630 -1.838792 3.998056
v 1.178412 -2.458453 3.388518
v 1.226366 -3.129533 3.068005
v 1.262722 -3.816535 3.045226
v 1.293726 -4.493945 3.185678
v 1.322496 -5.146131 3.373374
v 1.341072 -5.765864 3.570827
v 1.346159 -6.356660 3.752286
v 0.297116 5.878830 8.747781
v 0.356964 5.558211 8.874769
v 0.392036 5.219914 8.987953
v 0.420291 4.840672 9.104052
v 0.451115 4.408121 9.214807
v 0.486271 3.939160 9.299133
v 0.525056 3.462761 9.343361
v 0.565373 3.003858 9.343437
v 0.604695 2.577879 9.299877
v 0.641355 2.191850 9.215554
v 0.674999 1.846436 9.094721
v 0.706105 1.538080 8.941249
v 0.735387 1.260884 8.757245
v 0.763495 1.007862 8.542677
v 0.790972 0.771316 8.295434
v 0.818293 0.542872 8.011510
v 0.845903 0.313240 7.684998
v 0.874252 0.071877 7.307944
v 0.903828 -0.193555 6.869970
v 0.935225 -0.497754 6.358513
v 0.969241 -0.857614 5.761428
v 1.007049 -1.289828 5.076744
v 1.050153 -1.805541 4.343495
v 1.098608 -2.403195 3.696760
v 1.145706 -3.061744 3.316190
v 1.182798 -3.746999 3.248958
v 1.213303 -4.431771 3.381363
v 1.240662 -5.098821 3.587781
v 1.258751 -5.737119 3.802392
v 1.263502 -6.344506 3.981042
v 0.267001 5.882912 8.811495
v 0.319664 5.561913 8.952074
v 0.350810 5.219809 9.072554
v 0.375958 4.831549 9.195265
v 0.403399 4.385448 9.313165
v 0.434768 3.901816 9.403774
v 0.469483 3.412724 9.452269
v 0.505553 2.943687 9.454815
v 0.540538 2.509305 9.412904
v 0.572887 2.115931 9.330285
v 0.602320 1.764095 9.211791
v 0.629315 1.450353 9.061634
v 0.654532 1.169097 8.882264
v 0.678569 0.913747 8.674046
v 0.701955 0.677167 8.435491
v 0.725188 0.451571 8.163418
v 0.748766 0.228314 7.852967
v 0.773183 -0.002558 7.497193
v 0.798945 -0.252913 7.086415
v 0.826607 -0.537280 6.607764
v 0.856856 -0.873048 6.046960
v 0.890635 -1.278617 5.396298
v 0.929215 -1.768168 4.678929
v 0.973200 -2.344140 4.003284
v 1.018064 -2.990285 3.560445
v 1.054915 -3.674088 3.443928
v 1.084115 -4.366410 3.566461
v 1.109207 -5.048137 3.792953
v 1.126589 -5.704850 4.025665
v 1.131847 -6.329461 4.204082
v 0.226884 5.885601 8.868776
v 0.270296 5.564170 9.021375
v 0.296400 5.218880 9.147909
v 0.317422 4.823153 9.275552
v 0.340268 4.365831 9.398365
v 0.366423 3.870119 9.492927
v 0.395497 3.370588 9.543788
v 0.425728 2.893207 9.547491
v 0.454884 2.451851 9.506389
v 0.481572 2.052370 9.424950
v 0.505562 1.695229 9.308434
v 0.527276 1.377108 9.161335
v 0.547275 1.092637 8.986295
v 0.566081 0.835597 8.784025
v 0.584187 0.599263 8.553519
v 0.602110 0.376360 8.292354
v 0.620400 0.158767 7.996611
v 0.639631 -0.062874 7.660404
v 0.660372 -0.299899 7.274852
v 0.683211 -0.566516 6.827099
v 0.708785 -0.880387 6.301128
v 0.737860 -1.261373 5.684327
v 0.771414 -1.726583 4.987536
v 0.810211 -2.282447 4.294160
v 0.851562 -2.917079 3.793143
v 0.887223 -3.600060 3.624804
v 0.914772 -4.300244 3.734693
v 0.937393 -4.996362 3.979420
v 0.954102 -5.670953 4.227687
v 0.960478 -6.312539 4.407069
v 0.178629 5.886312 8.917687
v 0.211183 5.564168 9.080482
v 0.231443 5.216216 9.211803
v 0.247679 4.814606 9.342693
v 0.265199 4.348634 9.468122
v 0.285240 3.843717 9.564235
v 0.307594 3.336310 9.615454
v 0.330845 2.852637 9.618863
v 0.353113 2.406013 9.577559
v 0.373226 2.001957 9.496573
v 0.390994 1.640935 9.381476
v 0.406742 1.319778 9.236900
v 0.420901 1.033329 9.065621
v 0.433882 0.775630 8.868534
v 0.446111 0.540277 8.645046
v 0.458078 0.320328 8.393338
v 0.470356 0.108051 8.110324
v 0.483576 -0.105466 7.791071
v 0.498398 -0.331059 7.427592
v 0.515491 -0.582538 7.007326
v 0.535522 -0.877654 6.513056
v 0.559145 -1.237351 5.928228
v 0.587046 -1.681411 5.254302
v 0.619831 -2.219949 4.554128
v 0.656040 -2.845004 4.005002
v 0.688967 -3.528266 3.785973
v 0.714665 -4.236922 3.880046
v 0.735122 -4.947255 4.138741
v 0.751327 -5.638951 4.399343
v 0.759274 -6.297009 4.584498
v 0.124269 5.884913 8.956323
v 0.144808 5.564926 9.126096
v 0.159952 5.209823 9.263036
v 0.171096 4.805283 9.395149
v 0.182996 4.333155 9.521204
v 0.196544 3.821867 9.616760
v 0.210019 3.320058 9.665899
v 0.225619 2.821506 9.668204
v 0.240437 2.371390 9.625737
v 0.253600 1.964365 9.544441
v 0.264959 1.600973 9.430078
v 0.274727 1.278190 9.287340
v 0.283185 0.991043 9.119001
v 0.290617 0.733778 8.926075
v 0.297340 0.500186 8.708224
v 0.303755 0.283520 8.464100
v 0.310364 0.076275 8.191265
v 0.317764 -0.130193 7.885603
v 0.326611 -0.346351 7.539934
v 0.337588 -0.585666 7.142176
v 0.351349 -0.865813 6.674470
v 0.368449 -1.208585 6.117292
v 0.389323 -1.635823 5.465214
v 0.414292 -2.160937 4.766032
v 0.442557 -2.779170 4.182583
v 0.470045 -3.453010 3.917108
v 0.496621 -4.181911 3.997814
v 0.515139 -4.905383 4.265454
v 0.530770 -5.613303 4.536169
v 0.540258 -6.287292 4.736327
v 0.065869 5.878304 8.995044
v 0.074911 5.562341 9.157543
v 0.088575 5.192923 9.302749
v 0.097290 4.792899 9.432923
v 0.103949 4.319756 9.557221
v 0.108129 3.826486 9.649620
v 0.107995 3.332956 9.695319
v 0.114205 2.822079 9.695529
v 0.121515 2.348748 9.652496
v 0.127911 1.940204 9.570480
v 0.133301 1.575722 9.456301
v 0.137783 1.252410 9.314631
v 0.141498 0.965418 9.148206
v 0.144588 0.709120 8.958067
v 0.147224 0.477414 8.744014
v 0.149638 0.263652 8.505002
v 0.152135 0.060406 8.239011
v 0.155094 -0.140831 7.942470
v 0.158949 -0.350327 7.608823
v 0.164159 -0.581300 7.226420
v 0.171163 -0.851380 6.777100
v 0.180304 -1.182839 6.239447
v 0.191796 -1.598996 5.603655
v 0.205744 -2.115510 4.908671
v 0.221966 -2.707627 4.302852
v 0.242762 -3.404677 4.008471
v 0.279300 -4.163259 4.083832
v 0.302400 -4.876594 4.357674
v 0.315828 -5.597140 4.634935
v 0.320703 -6.286336 4.855131
v 0.029925 5.118965 9.350327
v 0.038446 4.771635 9.459084
v 0.040648 4.319763 9.577066
v -0.075849 6.345860 8.435926
v -0.000003 -7.083377 2.819683
v -0.000002 6.152848 8.787022
v -0.000003 -6.974761 5.368619
v -0.000003 6.142732 8.309146
v -0.000003 -2.719552 1.794450
v -0.000002 5.259204 9.303707
v -0.000003 -4.017110 4.072423
v -0.000003 -2.377557 1.910469
v -0.000003 -1.804700 2.297769
v -0.000003 -1.160771 2.990488
v -0.000003 -0.559348 3.865068
v -0.000003 -0.049971 4.680349
v -0.000002 0.370060 5.375589
v -0.000002 0.718333 5.962400
v -0.000002 1.012820 6.456275
v -0.000003 1.269756 6.870941
v -0.000002 1.503507 7.218924
v -0.000003 1.727104 7.511436
v -0.000002 1.952598 7.757851
v -0.000003 2.191113 7.965216
v -0.000002 2.452619 8.137997
v -0.000003 2.745225 8.278015
v -0.000002 3.073758 8.384930
v -0.000002 3.436971 8.457658
v -0.000002 3.823464 8.496325
v -0.000002 4.211077 8.502617
v -0.000002 4.576655 8.478930
v -0.000002 4.910464 8.430622
v -0.000003 5.219599 8.370506
v -0.000003 5.523450 8.316992
v -0.000003 5.844354 8.284276
v -0.000003 -6.295712 4.944568
v -0.000003 -5.589879 4.712035
v -0.000003 -4.891389 4.434223
v -0.000003 -4.307216 4.165701
v -0.000002 3.856133 9.669353
v -0.000002 4.316555 9.583158
v -0.000002 4.766061 9.466496
v -0.000002 5.104688 9.360491
v -0.000003 -3.306090 4.027825
v -0.000003 -2.698388 4.346668
v -0.000002 -2.086787 4.958354
v -0.000002 -1.584382 5.652552
v -0.000002 -1.172170 6.282120
v -0.000002 -0.844754 6.812578
v -0.000002 -0.578301 7.255219
v -0.000002 -0.350369 7.632074
v -0.000003 -0.143352 7.961405
v -0.000002 0.055884 8.254664
v -0.000002 0.257545 8.518200
v -0.000002 0.470109 8.755371
v -0.000002 0.700968 8.968055
v -0.000002 0.956767 9.157201
v -0.000002 1.243553 9.322948
v -0.000002 1.566934 9.464281
v -0.000002 1.931685 9.578474
v -0.000002 2.351337 9.660414
v -0.000002 2.835504 9.704044
v -0.000002 5.583789 9.168310
v -0.000002 5.895112 8.990074
v -0.000003 -6.521312 2.564569
v -0.000003 -5.993020 2.359221
v -0.000003 -5.458438 2.213430
v -0.000003 -4.871385 2.089463
v -0.000003 -4.210437 1.921147
v -0.000003 -3.487515 1.767858
v -0.000003 6.480817 8.371964
v -0.000003 6.480895 8.371834
v -0.000003 6.473285 8.371374
v -0.000003 6.452111 8.370802
v -0.000002 6.396850 8.484015
v -0.000002 6.439221 8.426213
v -0.000003 6.480926 8.371674
v -0.000003 6.480903 8.371655
v -0.000003 6.480924 8.371769
v -0.000003 6.386010 8.351541
v -0.000003 6.474200 8.381504
v -0.000003 6.480857 8.371635
v -0.000003 6.480935 8.371729
v -0.000003 6.475499 8.379622
v -0.000003 6.480748 8.371618
v -0.000003 6.480935 8.371698
v 0.035221 3.848338 9.665357
v 0.097227 -4.279584 4.147860
v 0.125415 -4.894444 4.415287
v 0.135383 -5.591325 4.694871
v 0.129421 -6.292205 4.924680
v 0.075844 6.345860 8.435926
v 0.040869 6.152511 -8.312973
v -0.040874 6.152511 -8.312973
v -0.212704 -7.051053 -2.798916
v -0.069638 6.146968 -8.325466
v -0.465871 -7.016389 -2.854741
v -0.099097 6.149252 -8.333813
v -0.708723 -6.987348 -2.963435
v -0.129595 6.151665 -8.348442
v -0.933053 -6.963672 -3.090828
v -0.157444 6.154231 -8.369727
v -1.126015 -6.945607 -3.224969
v -0.180755 6.156958 -8.397168
v -1.272183 -6.934361 -3.370139
v -0.198468 6.159898 -8.429874
v -1.360667 -6.929465 -3.531339
v -0.209685 6.163052 -8.466656
v -1.387919 -6.928634 -3.710720
v -0.213773 6.166362 -8.506077
v -1.355517 -6.929482 -3.910958
v -0.210451 6.169687 -8.546516
v -1.267549 -6.930074 -4.130997
v -0.199838 6.172795 -8.586292
v -1.130639 -6.928809 -4.358367
v -0.182451 6.175381 -8.623785
v -0.954613 -6.925405 -4.579021
v -0.159131 6.177113 -8.657547
v -0.750702 -6.923074 -4.799453
v -0.130948 6.177686 -8.686360
v -0.528991 -6.926900 -5.031758
v -0.099097 6.171688 -8.716783
v -0.299680 -6.939717 -5.241695
v -0.059358 6.183733 -8.724799
v -0.070938 -6.963538 -5.361012
v 0.212698 -7.051053 -2.798917
v 0.069633 6.146968 -8.325466
v 0.465866 -7.016389 -2.854741
v 0.099092 6.149252 -8.333813
v 0.708718 -6.987348 -2.963434
v 0.129590 6.151665 -8.348443
v 0.933048 -6.963672 -3.090827
v 0.157439 6.154231 -8.369727
v 1.126010 -6.945607 -3.224969
v 0.180750 6.156958 -8.397168
v 1.272178 -6.934361 -3.370136
v 0.198463 6.159898 -8.429874
v 1.360662 -6.929465 -3.531336
v 0.209680 6.163051 -8.466656
v 1.387914 -6.928634 -3.710720
v 0.213769 6.166362 -8.506077
v 1.355512 -6.929482 -3.910956
v 0.210446 6.169686 -8.546516
v 1.267545 -6.930074 -4.130997
v 0.199833 6.172795 -8.586292
v 1.130633 -6.928809 -4.358365
v 0.182446 6.175381 -8.623785
v 0.954608 -6.925405 -4.579020
v 0.159126 6.177113 -8.657547
v 0.750697 -6.923074 -4.799454
v 0.130943 6.177687 -8.686361
v 0.528984 -6.926900 -5.031756
v 0.099092 6.171688 -8.716783
v 0.299675 -6.939717 -5.241695
v 0.059354 6.183733 -8.724799
v 0.070932 -6.963538 -5.361011
v 0.086874 -2.409902 -1.910306
v 0.108322 -1.831573 -2.295040
v 0.115065 -1.170217 -2.992100
v 0.116896 -0.570485 -3.865061
v 0.116981 -0.061833 -4.680403
v 0.114848 0.358299 -5.376430
v -0.086879 -2.409902 -1.910305
v -0.108327 -1.831573 -2.295040
v -0.115070 -1.170217 -2.992099
v -0.116901 -0.570485 -3.865062
v -0.116986 -0.061833 -4.680404
v -0.114853 0.358301 -5.376430
v -0.110770 0.707262 -5.964285
v -0.105267 1.002840 -6.459287
v -0.098921 1.261077 -6.875023
v -0.092215 1.496230 -7.223930
v -0.085493 1.721218 -7.517164
v -0.078970 1.948036 -7.764060
v -0.072748 2.187754 -7.971671
v -0.066857 2.450306 -8.144428
v -0.061285 2.743785 -8.284161
v -0.056033 3.072990 -8.390537
v -0.051166 3.436685 -8.462527
v -0.046910 3.823513 -8.500354
v -0.043503 4.211362 -8.505849
v -0.041053 4.577211 -8.481505
v -0.039232 4.911286 -8.432722
v -0.037492 5.220594 -8.372303
v -0.034772 5.524632 -8.318651
v -0.034232 5.838067 -8.294589
v -0.074530 5.840808 -8.300585
v -0.084238 5.527330 -8.325782
v -0.091472 5.222959 -8.380206
v -0.096117 4.912851 -8.441594
v -0.100728 4.577710 -8.491784
v -0.106583 4.210798 -8.517984
v -0.114319 3.821923 -8.514707
v -0.123796 3.433954 -8.479188
v -0.134320 3.068744 -8.409244
v -0.145384 2.737547 -8.304379
v -0.156786 2.441621 -8.165506
v -0.168535 2.176211 -7.992956
v -0.180709 1.933305 -7.784959
v -0.193344 1.703078 -7.537125
v -0.206352 1.474574 -7.242486
v -0.219456 1.236002 -6.891786
v -0.232148 0.974676 -6.474026
v -0.243679 0.676695 -5.976989
v -0.253144 0.326424 -5.387416
v -0.259710 -0.093392 -4.690530
v -0.263008 -0.599559 -3.876479
v -0.263562 -1.204219 -3.004522
v -0.263367 -1.886840 -2.306672
v -0.253569 -2.629687 -1.895757
v -0.229676 -3.455968 -1.792737
v -0.217791 -4.197207 -1.935445
v -0.211262 -4.858508 -2.099725
v -0.207852 -5.447755 -2.223343
v -0.207970 -5.981595 -2.367270
v -0.212717 -6.506873 -2.570729
v -0.125343 5.844131 -8.314776
v -0.147048 5.530670 -8.343123
v -0.160432 5.225312 -8.399368
v -0.169055 4.913274 -8.462576
v -0.177418 4.575603 -8.515048
v -0.187652 4.206145 -8.544045
v -0.200722 3.814994 -8.543965
v -0.216248 3.424725 -8.511724
v -0.233109 3.056869 -8.444674
v -0.250373 2.722537 -8.341998
v -0.267661 2.423010 -8.204515
v -0.285001 2.153632 -8.032625
v -0.302595 1.906526 -7.824697
v -0.320632 1.672023 -7.576524
v -0.339156 1.439366 -7.281282
v -0.357981 1.197005 -6.929892
v -0.376634 0.932585 -6.511537
v -0.394351 0.632631 -6.014280
v -0.410182 0.282059 -5.425270
v -0.423273 -0.135753 -4.730600
v -0.433364 -0.636924 -3.922186
v -0.441376 -1.233022 -3.058851
v -0.449197 -1.923654 -2.356384
v -0.455077 -2.667779 -1.944365
v -0.448796 -3.445285 -1.840951
v -0.439916 -4.169717 -1.972451
v -0.432321 -4.831908 -2.134570
v -0.429071 -5.419858 -2.258779
v -0.431713 -5.954719 -2.405122
v -0.443357 -6.479184 -2.613394
v -0.178098 5.847715 -8.339926
v -0.212165 5.533854 -8.374056
v -0.231902 5.226553 -8.433564
v -0.244928 4.910992 -8.499620
v -0.257654 4.568731 -8.555282
v -0.272831 4.194683 -8.587833
v -0.291591 3.799501 -8.591541
v -0.313359 3.405555 -8.563023
v -0.336541 3.033935 -8.499215
v -0.359799 2.695563 -8.399035
v -0.382586 2.391769 -8.263311
v -0.404956 2.118025 -8.092618
v -0.427247 1.866631 -7.885609
v -0.449827 1.628097 -7.638356
v -0.472917 1.391895 -7.344322
v -0.496489 1.146745 -6.994672
v -0.520214 0.880645 -6.578838
v -0.543471 0.580551 -6.085125
v -0.565459 0.231928 -5.501106
v -0.585497 -0.181203 -4.813857
v -0.603546 -0.674386 -4.016980
v -0.620895 -1.258674 -3.165264
v -0.639844 -1.933736 -2.459241
v -0.656999 -2.671102 -2.034440
v -0.663446 -3.420264 -1.920298
v -0.660120 -4.137120 -2.041661
v -0.657330 -4.794356 -2.202128
v -0.658534 -5.382932 -2.329869
v -0.663790 -5.921678 -2.481134
v -0.678538 -6.449618 -2.700204
v -0.226017 5.851374 -8.376601
v -0.271145 5.536683 -8.419279
v -0.296795 5.226431 -8.483600
v -0.314315 4.905538 -8.553716
v -0.331703 4.556267 -8.613689
v -0.352064 4.175141 -8.650661
v -0.376499 3.773893 -8.658645
v -0.404193 3.374750 -8.634019
v -0.433179 2.998268 -8.573487
v -0.461813 2.655137 -8.475854
v -0.489412 2.346707 -8.342071
v -0.516067 2.068604 -8.173027
v -0.542240 1.813293 -7.967770
v -0.568452 1.571524 -7.722783
v -0.595089 1.332982 -7.431926
v -0.622292 1.086680 -7.086725
v -0.649918 0.820930 -6.676897
v -0.677563 0.523116 -6.191004
v -0.704681 0.179205 -5.616978
v -0.730860 -0.226230 -4.942788
v -0.756337 -0.708302 -4.163151
v -0.782651 -1.277848 -3.325632
v -0.812254 -1.934947 -2.611420
v -0.841373 -2.654321 -2.169061
v -0.858744 -3.388717 -2.036791
v -0.864301 -4.096248 -2.145616
v -0.869531 -4.751037 -2.305217
v -0.877613 -5.343528 -2.439483
v -0.886421 -5.889392 -2.597193
v -0.900851 -6.423238 -2.821286
v -0.266018 5.855205 -8.423892
v -0.320316 5.539386 -8.477631
v -0.351092 5.225274 -8.548249
v -0.372940 4.897228 -8.623808
v -0.395083 4.538341 -8.689532
v -0.420661 4.147423 -8.732096
v -0.450524 3.737851 -8.744970
v -0.483588 3.331881 -8.724387
v -0.517638 2.949425 -8.667038
v -0.550837 2.600822 -8.571850
v -0.582430 2.287438 -8.440065
v -0.612551 2.005026 -8.272986
v -0.641763 1.746272 -8.070137
v -0.670700 1.502139 -7.828530
v -0.699874 1.262598 -7.542543
v -0.729579 1.016908 -7.204174
v -0.759864 0.753704 -6.803524
v -0.790576 0.460722 -6.329433
v -0.821471 0.124375 -5.770107
v -0.852451 -0.270345 -5.114160
v -0.884025 -0.738334 -4.356703
v -0.917869 -1.290481 -3.536324
v -0.956377 -1.927733 -2.811565
v -0.995869 -2.628499 -2.345689
v -1.023919 -3.349082 -2.189917
v -1.038977 -4.049420 -2.282906
v -1.052814 -4.704732 -2.441375
v -1.068247 -5.304641 -2.583597
v -1.080760 -5.860751 -2.747573
v -1.094163 -6.402200 -2.968345
v -0.296267 5.859366 -8.480188
v -0.357390 5.542290 -8.547039
v -0.392195 5.223595 -8.625261
v -0.417867 4.886704 -8.707687
v -0.444462 4.515654 -8.780807
v -0.474908 4.112175 -8.830355
v -0.509631 3.691962 -8.848900
v -0.547263 3.277479 -8.832533
v -0.585434 2.887877 -8.778252
v -0.622227 2.533035 -8.685378
v -0.656885 2.214260 -8.555586
v -0.689599 1.927459 -8.390682
v -0.721005 1.665533 -8.190737
v -0.751807 1.419745 -7.953362
v -0.782588 1.180361 -7.673565
v -0.813754 0.936942 -7.343947
v -0.845524 0.678398 -6.955131
v -0.877985 0.392769 -6.496290
v -0.911193 0.066792 -5.955846
v -0.945358 -0.314250 -5.322690
v -0.981222 -0.765260 -4.591603
v -1.020498 -1.297591 -3.791781
v -1.065398 -1.913377 -3.056707
v -1.112693 -2.594993 -2.561592
v -1.149720 -3.302691 -2.376292
v -1.173269 -3.997859 -2.449104
v -1.194683 -4.656390 -2.605320
v -1.216524 -5.266784 -2.756156
v -1.232145 -5.835956 -2.925616
v -1.243608 -6.386806 -3.137089
v -0.315233 5.863935 -8.543379
v -0.380460 5.545642 -8.624806
v -0.417880 5.221906 -8.711621
v -0.446436 4.874834 -8.802129
v -0.476611 4.489444 -8.884158
v -0.510987 4.070957 -8.942025
v -0.549514 3.637975 -8.966974
v -0.590537 3.213406 -8.954989
v -0.631599 2.815528 -8.903668
v -0.670789 2.453620 -8.813005
v -0.707412 2.128878 -8.685246
v -0.741736 1.837348 -8.522736
v -0.774446 1.572210 -8.326130
v -0.806266 1.325068 -8.093661
v -0.837801 1.086581 -7.821059
v -0.869510 0.846674 -7.501663
v -0.901734 0.594558 -7.126763
v -0.934745 0.318531 -6.686002
v -0.968841 0.005551 -6.167976
v -1.004483 -0.358989 -5.561496
v -1.042568 -0.790219 -4.860328
v -1.084766 -1.300363 -4.084665
v -1.133078 -1.893130 -3.341879
v -1.184966 -2.554948 -2.811998
v -1.228384 -3.250379 -2.589982
v -1.258430 -3.941960 -2.637269
v -1.285369 -4.605754 -2.789723
v -1.311743 -5.228936 -2.950204
v -1.329388 -5.813495 -3.125723
v -1.338259 -6.375724 -3.325407
v -0.321861 5.868873 -8.610926
v -0.388238 5.549546 -8.707724
v -0.426610 5.220644 -8.803598
v -0.456687 4.862631 -8.902912
v -0.488977 4.461487 -8.994812
v -0.525704 4.026294 -9.061844
v -0.566419 3.579027 -9.093621
v -0.609222 3.143192 -9.086045
v -0.651601 2.736144 -9.037577
v -0.691708 2.366423 -8.949082
v -0.728957 2.035081 -8.823483
v -0.763699 1.738298 -8.663671
v -0.796653 1.469554 -8.470847
v -0.828529 1.220901 -8.243892
v -0.859915 0.983469 -7.979259
v -0.891285 0.747660 -7.671156
v -0.923032 0.503063 -7.311686
v -0.955540 0.238255 -6.891133
v -0.989252 -0.059634 -6.398305
v -1.024773 -0.405231 -5.821649
v -1.063057 -0.814147 -5.153302
v -1.105667 -1.299836 -4.405246
v -1.154421 -1.868045 -3.659360
v -1.207629 -2.509225 -3.090343
v -1.254572 -3.192567 -2.823301
v -1.288782 -3.881598 -2.838842
v -1.318815 -4.551890 -2.985992
v -1.347444 -5.189279 -3.158355
v -1.365983 -5.790898 -3.342651
v -1.372488 -6.366494 -3.531412
v -0.315727 5.873967 -8.680026
v -0.380257 5.553868 -8.792229
v -0.417819 5.220023 -8.897082
v -0.447797 4.851045 -9.005179
v -0.480326 4.433799 -9.106990
v -0.517353 3.981356 -9.183183
v -0.558203 3.519236 -9.221625
v -0.600815 3.071669 -9.218198
v -0.642648 2.655027 -9.172377
v -0.681942 2.277086 -9.086029
v -0.718233 1.938700 -8.962765
v -0.751952 1.636185 -8.805993
v -0.783828 1.363342 -8.617415
v -0.814545 1.112697 -8.396482
v -0.844666 0.875969 -8.140413
v -0.874658 0.644121 -7.844275
v -0.904938 0.407269 -7.501170
v -0.935931 0.154359 -7.102159
v -0.968130 -0.127284 -6.636395
v -1.002169 -0.452348 -6.091795
v -1.038959 -0.837079 -5.458454
v -1.079890 -1.296475 -4.740973
v -1.126635 -1.838790 -3.998056
v -1.178417 -2.458453 -3.388518
v -1.226371 -3.129529 -3.068005
v -1.262728 -3.816535 -3.045227
v -1.293731 -4.493947 -3.185678
v -1.322501 -5.146131 -3.373376
v -1.341077 -5.765864 -3.570828
v -1.346165 -6.356660 -3.752287
v -0.297121 5.878830 -8.747781
v -0.356968 5.558212 -8.874770
v -0.392041 5.219914 -8.987953
v -0.420296 4.840672 -9.104052
v -0.451120 4.408121 -9.214807
v -0.486276 3.939159 -9.299132
v -0.525060 3.462761 -9.343361
v -0.565378 3.003859 -9.343438
v -0.604699 2.577878 -9.299878
v -0.641360 2.191850 -9.215554
v -0.675004 1.846435 -9.094720
v -0.706110 1.538081 -8.941247
v -0.735391 1.260884 -8.757245
v -0.763499 1.007862 -8.542677
v -0.790977 0.771316 -8.295434
v -0.818297 0.542872 -8.011510
v -0.845908 0.313240 -7.684998
v -0.874256 0.071877 -7.307943
v -0.903833 -0.193555 -6.869970
v -0.935229 -0.497756 -6.358513
v -0.969246 -0.857612 -5.761428
v -1.007054 -1.289828 -5.076744
v -1.050158 -1.805541 -4.343495
v -1.098613 -2.403193 -3.696761
v -1.145711 -3.061742 -3.316190
v -1.182803 -3.746999 -3.248958
v -1.213308 -4.431771 -3.381364
v -1.240666 -5.098823 -3.587782
v -1.258756 -5.737119 -3.802393
v -1.263507 -6.344506 -3.981042
v -0.267006 5.882912 -8.811495
v -0.319669 5.561913 -8.952074
v -0.350815 5.219810 -9.072554
v -0.375963 4.831549 -9.195265
v -0.403404 4.385448 -9.313165
v -0.434773 3.901817 -9.403774
v -0.469488 3.412724 -9.452269
v -0.505558 2.943688 -9.454816
v -0.540543 2.509306 -9.412904
v -0.572891 2.115930 -9.330285
v -0.602324 1.764095 -9.211790
v -0.629320 1.450352 -9.061634
v -0.654537 1.169097 -8.882263
v -0.678574 0.913747 -8.674047
v -0.701959 0.677167 -8.435491
v -0.725193 0.451571 -8.163418
v -0.748771 0.228314 -7.852967
v -0.773188 -0.002558 -7.497193
v -0.798950 -0.252913 -7.086414
v -0.826612 -0.537280 -6.607763
v -0.856860 -0.873048 -6.046960
v -0.890640 -1.278617 -5.396298
v -0.929220 -1.768168 -4.678929
v -0.973205 -2.344142 -4.003284
v -1.018069 -2.990285 -3.560444
v -1.054920 -3.674087 -3.443928
v -1.084120 -4.366412 -3.566461
v -1.109212 -5.048137 -3.792953
v -1.126594 -5.704850 -4.025665
v -1.131852 -6.329461 -4.204082
v -0.226889 5.885601 -8.868776
v -0.270301 5.564170 -9.021375
v -0.296405 5.218880 -9.147909
v -0.317426 4.823153 -9.275553
v -0.340273 4.365831 -9.398365
v -0.366427 3.870118 -9.492927
v -0.395502 3.370590 -9.543788
v -0.425732 2.893207 -9.547490
v -0.454889 2.451851 -9.506388
v -0.481577 2.052370 -9.424950
v -0.505566 1.695229 -9.308434
v -0.527281 1.377108 -9.161335
v -0.547280 1.092637 -8.986297
v -0.566086 0.835598 -8.784023
v -0.584192 0.599262 -8.553518
v -0.602114 0.376360 -8.292353
v -0.620405 0.158767 -7.996611
v -0.639635 -0.062875 -7.660403
v -0.660377 -0.299899 -7.274851
v -0.683215 -0.566516 -6.827098
v -0.708790 -0.880389 -6.301126
v -0.737865 -1.261371 -5.684326
v -0.771419 -1.726581 -4.987539
v -0.810216 -2.282447 -4.294157
v -0.851567 -2.917081 -3.793143
v -0.887228 -3.600060 -3.624804
v -0.914777 -4.300244 -3.734690
v -0.937398 -4.996364 -3.979420
v -0.954107 -5.670955 -4.227687
v -0.960483 -6.312537 -4.407071
v -0.178634 5.886312 -8.917686
v -0.211188 5.564168 -9.080482
v -0.231448 5.216216 -9.211803
v -0.247684 4.814607 -9.342693
v -0.265203 4.348634 -9.468122
v -0.285244 3.843719 -9.564236
v -0.307599 3.336310 -9.615454
v -0.330850 2.852638 -9.618862
v -0.353118 2.406013 -9.577559
v -0.373231 2.001957 -9.496573
v -0.390998 1.640935 -9.381475
v -0.406746 1.319777 -9.236901
v -0.420905 1.033329 -9.065621
v -0.433886 0.775629 -8.868534
v -0.446115 0.540277 -8.645045
v -0.458083 0.320328 -8.393337
v -0.470361 0.108050 -8.110323
v -0.483581 -0.105465 -7.791071
v -0.498403 -0.331059 -7.427591
v -0.515496 -0.582540 -7.007325
v -0.535527 -0.877652 -6.513056
v -0.559150 -1.237351 -5.928228
v -0.587051 -1.681411 -5.254300
v -0.619836 -2.219945 -4.554130
v -0.656045 -2.845006 -4.005002
v -0.688972 -3.528266 -3.785973
v -0.714670 -4.236924 -3.880045
v -0.735127 -4.947253 -4.138740
v -0.751332 -5.638953 -4.399344
v -0.759279 -6.297009 -4.584499
v -0.124274 5.884913 -8.956323
v -0.144813 5.564926 -9.126096
v -0.159957 5.209823 -9.263037
v -0.171101 4.805283 -9.395148
v -0.183000 4.333156 -9.521204
v -0.196549 3.821867 -9.616759
v -0.210024 3.320058 -9.665899
v -0.225623 2.821506 -9.668204
v -0.240442 2.371390 -9.625736
v -0.253605 1.964365 -9.544440
v -0.264964 1.600972 -9.430079
v -0.274731 1.278190 -9.287340
v -0.283190 0.991042 -9.119002
v -0.290622 0.733777 -8.926075
v -0.297345 0.500184 -8.708224
v -0.303760 0.283518 -8.464099
v -0.310369 0.076275 -8.191265
v -0.317769 -0.130194 -7.885602
v -0.326615 -0.346351 -7.539933
v -0.337593 -0.585666 -7.142176
v -0.351353 -0.865813 -6.674469
v -0.368454 -1.208585 -6.117291
v -0.389328 -1.635823 -5.465213
v -0.414297 -2.160937 -4.766031
v -0.442562 -2.779168 -4.182584
v -0.470050 -3.453008 -3.917106
v -0.496627 -4.181911 -3.997812
v -0.515144 -4.905383 -4.265454
v -0.530775 -5.613303 -4.536169
v -0.540264 -6.287292 -4.736329
v -0.065873 5.878304 -8.995045
v -0.074915 5.562341 -9.157543
v -0.088580 5.192924 -9.302748
v -0.097294 4.792899 -9.432923
v -0.103954 4.319755 -9.557221
v -0.108134 3.826486 -9.649620
v -0.107999 3.332956 -9.695319
v -0.114209 2.822079 -9.695529
v -0.121519 2.348748 -9.652496
v -0.127916 1.940204 -9.570481
v -0.133305 1.575723 -9.456300
v -0.137788 1.252410 -9.314631
v -0.141503 0.965417 -9.148206
v -0.144592 0.709119 -8.958067
v -0.147228 0.477414 -8.744014
v -0.149642 0.263650 -8.505001
v -0.152140 0.060406 -8.239011
v -0.155099 -0.140831 -7.942470
v -0.158954 -0.350327 -7.608822
v -0.164164 -0.581302 -7.226420
v -0.171168 -0.851380 -6.777100
v -0.180309 -1.182839 -6.239446
v -0.191801 -1.598996 -5.603654
v -0.205749 -2.115510 -4.908671
v -0.221971 -2.707627 -4.302853
v -0.242767 -3.404677 -4.008471
v -0.279304 -4.163260 -4.083832
v -0.302406 -4.876594 -4.357674
v -0.315833 -5.597140 -4.634936
v -0.320708 -6.286336 -4.855131
v 0.110765 0.707261 -5.964285
v 0.105262 1.002839 -6.459288
v -0.029930 5.118965 -9.350327
v -0.038450 4.771635 -9.459084
v -0.040652 4.319763 -9.577065
v -0.035225 3.848337 -9.665357
v -0.000002 3.494411 -9.698923
v 0.098916 1.261075 -6.875022
v 0.092210 1.496229 -7.223931
v 0.085489 1.721219 -7.517164
v 0.078965 1.948035 -7.764061
v 0.072743 2.187754 -7.971670
v 0.066852 2.450306 -8.144427
v 0.061280 2.743784 -8.284162
v 0.056028 3.072991 -8.390537
v 0.051161 3.436684 -8.462526
v 0.046905 3.823513 -8.500355
v 0.043499 4.211363 -8.505849
v 0.041048 4.577211 -8.481505
v 0.039227 4.911285 -8.432722
v 0.037487 5.220594 -8.372303
v 0.034766 5.524630 -8.318650
v 0.034227 5.838066 -8.294588
v 0.074525 5.840808 -8.300585
v 0.084233 5.527330 -8.325781
v 0.091467 5.222959 -8.380206
v -0.097232 -4.279584 -4.147859
v -0.125421 -4.894443 -4.415286
v -0.135388 -5.591323 -4.694870
v -0.129427 -6.292205 -4.924680
v 0.096112 4.912852 -8.441594
v 0.100723 4.577709 -8.491782
v 0.106578 4.210798 -8.517984
v 0.114314 3.821923 -8.514708
v 0.123791 3.433953 -8.479189
v 0.134315 3.068743 -8.409243
v 0.145379 2.737547 -8.304379
v 0.156781 2.441621 -8.165506
v 0.168530 2.176211 -7.992956
v 0.180704 1.933304 -7.784957
v 0.193339 1.703078 -7.537125
v 0.206347 1.474573 -7.242486
v 0.219451 1.236002 -6.891787
v 0.232143 0.974676 -6.474027
v 0.243675 0.676695 -5.976988
v 0.253139 0.326423 -5.387416
v 0.259705 -0.093392 -4.690530
v 0.263003 -0.599559 -3.876480
v 0.263557 -1.204217 -3.004523
v 0.263362 -1.886840 -2.306672
v 0.253564 -2.629689 -1.895756
v 0.229671 -3.455968 -1.792737
v 0.217785 -4.197209 -1.935444
v 0.211256 -4.858512 -2.099725
v 0.207846 -5.447753 -2.223343
v 0.207965 -5.981593 -2.367270
v 0.212712 -6.506873 -2.570729
v 0.125338 5.844131 -8.314775
v 0.147043 5.530670 -8.343124
v 0.160427 5.225311 -8.399367
v 0.169050 4.913274 -8.462577
v 0.177413 4.575603 -8.515048
v 0.187647 4.206146 -8.544046
v 0.200718 3.814994 -8.543965
v 0.216244 3.424724 -8.511724
v 0.233104 3.056869 -8.444674
v 0.250368 2.722537 -8.341999
v 0.267656 2.423010 -8.204515
v 0.284996 2.153631 -8.032623
v 0.302590 1.906526 -7.824697
v 0.320627 1.672022 -7.576524
v 0.339152 1.439366 -7.281282
v 0.357976 1.197005 -6.929892
v 0.376629 0.932585 -6.511537
v 0.394346 0.632631 -6.014281
v 0.410177 0.282058 -5.425270
v 0.423268 -0.135753 -4.730600
v 0.433359 -0.636924 -3.922184
v 0.441370 -1.233024 -3.058850
v 0.449191 -1.923654 -2.356383
v 0.455072 -2.667779 -1.944366
v 0.448791 -3.445289 -1.840950
v 0.439911 -4.169715 -1.972451
v 0.432316 -4.831908 -2.134570
v 0.429066 -5.419856 -2.258779
v 0.431707 -5.954719 -2.405122
v 0.443351 -6.479184 -2.613394
v 0.178093 5.847715 -8.339926
v 0.212160 5.533854 -8.374056
v 0.231897 5.226552 -8.433565
v 0.244923 4.910993 -8.499620
v 0.257649 4.568731 -8.555282
v 0.272826 4.194683 -8.587833
v 0.291586 3.799500 -8.591542
v 0.313354 3.405556 -8.563023
v 0.336536 3.033933 -8.499215
v 0.359795 2.695563 -8.399035
v 0.382581 2.391769 -8.263311
v 0.404951 2.118024 -8.092619
v 0.427242 1.866631 -7.885609
v 0.449822 1.628098 -7.638356
v 0.472912 1.391896 -7.344323
v 0.496484 1.146746 -6.994672
v 0.520209 0.880646 -6.578839
v 0.543466 0.580550 -6.085125
v 0.565455 0.231929 -5.501106
v 0.585492 -0.181203 -4.813857
v 0.603541 -0.674386 -4.016978
v 0.620889 -1.258674 -3.165264
v 0.639839 -1.933738 -2.459241
v 0.656994 -2.671102 -2.034440
v 0.663440 -3.420264 -1.920297
v 0.660115 -4.137120 -2.041661
v 0.657325 -4.794358 -2.202128
v 0.658529 -5.382930 -2.329868
v 0.663784 -5.921678 -2.481134
v 0.678532 -6.449620 -2.700204
v 0.226013 5.851374 -8.376601
v 0.271140 5.536683 -8.419280
v 0.296790 5.226431 -8.483598
v 0.314310 4.905536 -8.553716
v 0.331698 4.556267 -8.613690
v 0.352059 4.175142 -8.650661
v 0.376495 3.773892 -8.658647
v 0.404188 3.374750 -8.634020
v 0.433175 2.998269 -8.573487
v 0.461808 2.655136 -8.475854
v 0.489407 2.346707 -8.342070
v 0.516063 2.068603 -8.173025
v 0.542235 1.813292 -7.967771
v 0.568447 1.571524 -7.722784
v 0.595084 1.332983 -7.431927
v 0.622287 1.086681 -7.086726
v 0.649913 0.820932 -6.676897
v 0.677558 0.523115 -6.191003
v 0.704676 0.179205 -5.616977
v 0.730855 -0.226228 -4.942788
v 0.756332 -0.708302 -4.163152
v 0.782646 -1.277850 -3.325631
v 0.812249 -1.934947 -2.611420
v 0.841368 -2.654321 -2.169061
v 0.858739 -3.388717 -2.036791
v 0.864296 -4.096248 -2.145615
v 0.869525 -4.751037 -2.305215
v 0.877608 -5.343528 -2.439482
v 0.886416 -5.889394 -2.597193
v 0.900845 -6.423240 -2.821285
v 0.266013 5.855205 -8.423892
v 0.320311 5.539386 -8.477631
v 0.351087 5.225274 -8.548248
v 0.372935 4.897228 -8.623809
v 0.395078 4.538340 -8.689533
v 0.420656 4.147423 -8.732097
v 0.450519 3.737850 -8.744971
v 0.483583 3.331882 -8.724387
v 0.517634 2.949425 -8.667038
v 0.550832 2.600822 -8.571850
v 0.582425 2.287437 -8.440066
v 0.612547 2.005025 -8.272984
v 0.641758 1.746272 -8.070137
v 0.670695 1.502139 -7.828530
v 0.699869 1.262599 -7.542544
v 0.729574 1.016909 -7.204175
v 0.759859 0.753704 -6.803523
v 0.790572 0.460722 -6.329432
v 0.821466 0.124375 -5.770107
v 0.852446 -0.270345 -5.114159
v 0.884020 -0.738334 -4.356703
v 0.917863 -1.290481 -3.536324
v 0.956372 -1.927733 -2.811565
v 0.995864 -2.628499 -2.345688
v 1.023913 -3.349082 -2.189916
v 1.038972 -4.049420 -2.282905
v 1.052809 -4.704734 -2.441375
v 1.068242 -5.304641 -2.583596
v 1.080754 -5.860751 -2.747572
v 1.094158 -6.402202 -2.968344
v 0.296263 5.859365 -8.480188
v 0.357385 5.542290 -8.547039
v 0.392190 5.223594 -8.625261
v 0.417862 4.886703 -8.707688
v 0.444457 4.515656 -8.780808
v 0.474904 4.112175 -8.830356
v 0.509627 3.691962 -8.848901
v 0.547258 3.277479 -8.832533
v 0.585430 2.887878 -8.778252
v 0.622223 2.533035 -8.685378
v 0.656880 2.214260 -8.555586
v 0.689595 1.927459 -8.390682
v 0.721001 1.665533 -8.190738
v 0.751802 1.419745 -7.953362
v 0.782584 1.180361 -7.673566
v 0.813749 0.936943 -7.343948
v 0.845519 0.678397 -6.955132
v 0.877981 0.392771 -6.496290
v 0.911188 0.066792 -5.955846
v 0.945354 -0.314250 -5.322690
v 0.981217 -0.765260 -4.591602
v 1.020493 -1.297591 -3.791780
v 1.065393 -1.913377 -3.056707
v 1.112688 -2.594993 -2.561591
v 1.149715 -3.302690 -2.376292
v 1.173264 -3.997859 -2.449104
v 1.194678 -4.656390 -2.605317
v 1.216519 -5.266786 -2.756155
v 1.232140 -5.835956 -2.925613
v 1.243602 -6.386806 -3.137087
v 0.315229 5.863935 -8.543379
v 0.380455 5.545642 -8.624806
v 0.417876 5.221907 -8.711621
v 0.446431 4.874834 -8.802128
v 0.476606 4.489443 -8.884158
v 0.510982 4.070958 -8.942025
v 0.549509 3.637975 -8.966974
v 0.590532 3.213406 -8.954988
v 0.631594 2.815528 -8.903669
v 0.670785 2.453619 -8.813004
v 0.707408 2.128877 -8.685246
v 0.741731 1.837347 -8.522735
v 0.774442 1.572210 -8.326130
v 0.806261 1.325068 -8.093661
v 0.837796 1.086582 -7.821060
v 0.869506 0.846675 -7.501663
v 0.901729 0.594559 -7.126763
v 0.934740 0.318530 -6.686002
v 0.968837 0.005550 -6.167975
v 1.004478 -0.358987 -5.561496
v 1.042563 -0.790221 -4.860328
v 1.084761 -1.300363 -4.084664
v 1.133073 -1.893130 -3.341879
v 1.184961 -2.554948 -2.811997
v 1.228379 -3.250379 -2.589981
v 1.258425 -3.941962 -2.637268
v 1.285363 -4.605754 -2.789723
v 1.311738 -5.228936 -2.950202
v 1.329383 -5.813497 -3.125722
v 1.338254 -6.375722 -3.325405
v 0.321856 5.868873 -8.610926
v 0.388233 5.549545 -8.707723
v 0.426605 5.220644 -8.803598
v 0.456682 4.862630 -8.902912
v 0.488972 4.461487 -8.994810
v 0.525699 4.026294 -9.061844
v 0.566415 3.579027 -9.093621
v 0.609218 3.143194 -9.086045
v 0.651596 2.736145 -9.037577
v 0.691703 2.366423 -8.949083
v 0.728952 2.035081 -8.823482
v 0.763695 1.738298 -8.663672
v 0.796648 1.469556 -8.470848
v 0.828524 1.220901 -8.243892
v 0.859911 0.983470 -7.979260
v 0.891280 0.747659 -7.671156
v 0.923027 0.503064 -7.311687
v 0.955535 0.238256 -6.891134
v 0.989247 -0.059635 -6.398305
v 1.024768 -0.405231 -5.821649
v 1.063053 -0.814149 -5.153302
v 1.105662 -1.299838 -4.405246
v 1.154416 -1.868045 -3.659359
v 1.207624 -2.509225 -3.090342
v 1.254567 -3.192569 -2.823299
v 1.288776 -3.881598 -2.838842
v 1.318810 -4.551892 -2.985992
v 1.347439 -5.189277 -3.158355
v 1.365978 -5.790898 -3.342649
v 1.372483 -6.366496 -3.531410
v 0.315722 5.873967 -8.680026
v 0.380253 5.553867 -8.792228
v 0.417814 5.220023 -8.897081
v 0.447792 4.851045 -9.005179
v 0.480321 4.433800 -9.106991
v 0.517348 3.981356 -9.183182
v 0.558198 3.519237 -9.221624
v 0.600810 3.071669 -9.218199
v 0.642643 2.655028 -9.172378
v 0.681938 2.277086 -9.086030
v 0.718228 1.938700 -8.962765
v 0.751947 1.636185 -8.805993
v 0.783823 1.363342 -8.617415
v 0.814541 1.112697 -8.396483
v 0.844662 0.875967 -8.140411
v 0.874653 0.644122 -7.844276
v 0.904933 0.407270 -7.501169
v 0.935926 0.154358 -7.102159
v 0.968125 -0.127281 -6.636395
v 1.002164 -0.452348 -6.091796
v 1.038955 -0.837079 -5.458454
v 1.079884 -1.296475 -4.740972
v 1.126630 -1.838792 -3.998056
v 1.178412 -2.458453 -3.388518
v 1.226366 -3.129533 -3.068005
v 1.262722 -3.816535 -3.045226
v 1.293726 -4.493945 -3.185678
v 1.322496 -5.146131 -3.373374
v 1.341072 -5.765864 -3.570827
v 1.346159 -6.356660 -3.752286
v 0.297116 5.878830 -8.747781
v 0.356964 5.558211 -8.874769
v 0.392036 5.219914 -8.987953
v 0.420291 4.840672 -9.104052
v 0.451115 4.408121 -9.214807
v 0.486271 3.939160 -9.299133
v 0.525056 3.462761 -9.343361
v 0.565373 3.003858 -9.343437
v 0.604695 2.577879 -9.299877
v 0.641355 2.191850 -9.215554
v 0.674999 1.846436 -9.094721
v 0.706105 1.538080 -8.941249
v 0.735387 1.260884 -8.757245
v 0.763495 1.007862 -8.542677
v 0.790972 0.771316 -8.295434
v 0.818293 0.542872 -8.011510
v 0.845903 0.313240 -7.684998
v 0.874252 0.071877 -7.307944
v 0.903828 -0.193555 -6.869970
v 0.935225 -0.497754 -6.358513
v 0.969241 -0.857614 -5.761428
v 1.007049 -1.289828 -5.076744
v 1.050153 -1.805541 -4.343495
v 1.098608 -2.403195 -3.696760
v 1.145706 -3.061744 -3.316190
v 1.182798 -3.746999 -3.248958
v 1.213303 -4.431771 -3.381363
v 1.240662 -5.098821 -3.587781
v 1.258751 -5.737119 -3.802392
v 1.263502 -6.344506 -3.981042
v 0.267001 5.882912 -8.811495
v 0.319664 5.561913 -8.952074
v 0.350810 5.219809 -9.072554
v 0.375958 4.831549 -9.195265
v 0.403399 4.385448 -9.313165
v 0.434768 3.901816 -9.403774
v 0.469483 3.412724 -9.452269
v 0.505553 2.943687 -9.454815
v 0.540538 2.509305 -9.412904
v 0.572887 2.115931 -9.330285
v 0.602320 1.764095 -9.211791
v 0.629315 1.450353 -9.061634
v 0.654532 1.169097 -8.882264
v 0.678569 0.913747 -8.674046
v 0.701955 0.677167 -8.435491
v 0.725188 0.451571 -8.163418
v 0.748766 0.228314 -7.852967
v 0.773183 -0.002558 -7.497193
v 0.798945 -0.252913 -7.086415
v 0.826607 -0.537280 -6.607764
v 0.856856 -0.873048 -6.046960
v 0.890635 -1.278617 -5.396298
v 0.929215 -1.768168 -4.678929
v 0.973200 -2.344140 -4.003284
v 1.018064 -2.990285 -3.560445
v 1.054915 -3.674088 -3.443928
v 1.084115 -4.366410 -3.566461
v 1.109207 -5.048137 -3.792953
v 1.126589 -5.704850 -4.025665
v 1.131847 -6.329461 -4.204082
v 0.226884 5.885601 -8.868776
v 0.270296 5.564170 -9.021375
v 0.296400 5.218880 -9.147909
v 0.317422 4.823153 -9.275552
v 0.340268 4.365831 -9.398365
v 0.366423 3.870119 -9.492927
v 0.395497 3.370588 -9.543788
v 0.425728 2.893207 -9.547491
v 0.454884 2.451851 -9.506389
v 0.481572 2.052370 -9.424950
v 0.505562 1.695229 -9.308434
v 0.527276 1.377108 -9.161335
v 0.547275 1.092637 -8.986295
v 0.566081 0.835597 -8.784025
v 0.584187 0.599263 -8.553519
v 0.602110 0.376360 -8.292354
v 0.620400 0.158767 -7.996611
v 0.639631 -0.062874 -7.660404
v 0.660372 -0.299899 -7.274852
v 0.683211 -0.566516 -6.827099
v 0.708785 -0.880387 -6.301128
v 0.737860 -1.261373 -5.684327
v 0.771414 -1.726583 -4.987536
v 0.810211 -2.282447 -4.294160
v 0.851562 -2.917079 -3.793143
v 0.887223 -3.600060 -3.624804
v 0.914772 -4.300244 -3.734693
v 0.937393 -4.996362 -3.979420
v 0.954102 -5.670953 -4.227687
v 0.960478 -6.312539 -4.407069
v 0.178629 5.886312 -8.917687
v 0.211183 5.564168 -9.080482
v 0.231443 5.216216 -9.211803
v 0.247679 4.814606 -9.342693
v 0.265199 4.348634 -9.468122
v 0.285240 3.843717 -9.564235
v 0.307594 3.336310 -9.615454
v 0.330845 2.852637 -9.618863
v 0.353113 2.406013 -9.577559
v 0.373226 2.001957 -9.496573
v 0.390994 1.640935 -9.381476
v 0.406742 1.319778 -9.236900
v 0.420901 1.033329 -9.065621
v 0.433882 0.775630 -8.868534
v 0.446111 0.540277 -8.645046
v 0.458078 0.320328 -8.393338
v 0.470356 0.108051 -8.110324
v 0.483576 -0.105466 -7.791071
v 0.498398 -0.331059 -7.427592
v 0.515491 -0.582538 -7.007326
v 0.535522 -0.877654 -6.513056
v 0.559145 -1.237351 -5.928228
v 0.587046 -1.681411 -5.254302
v 0.619831 -2.219949 -4.554128
v 0.656040 -2.845004 -4.005002
v 0.688967 -3.528266 -3.785973
v 0.714665 -4.236922 -3.880046
v 0.735122 -4.947255 -4.138741
v 0.751327 -5.638951 -4.399343
v 0.759274 -6.297009 -4.584498
v 0.124269 5.884913 -8.956323
v 0.144808 5.564926 -9.126096
v 0.159952 5.209823 -9.263036
v 0.171096 4.805283 -9.395149
v 0.182996 4.333155 -9.521204
v 0.196544 3.821867 -9.616760
v 0.210019 3.320058 -9.665899
v 0.225619 2.821506 -9.668204
v 0.240437 2.371390 -9.625737
v 0.253600 1.964365 -9.544441
v 0.264959 1.600973 -9.430078
v 0.274727 1.278190 -9.287340
v 0.283185 0.991043 -9.119001
v 0.290617 0.733778 -8.926075
v 0.297340 0.500186 -8.708224
v 0.303755 0.283520 -8.464100
v 0.310364 0.076275 -8.191265
v 0.317764 -0.130193 -7.885603
v 0.326611 -0.346351 -7.539934
v 0.337588 -0.585666 -7.142176
v 0.351349 -0.865813 -6.674470
v 0.368449 -1.208585 -6.117292
v 0.389323 -1.635823 -5.465214
v 0.414292 -2.160937 -4.766032
v 0.442557 -2.779170 -4.182583
v 0.470045 -3.453010 -3.917108
v 0.496621 -4.181911 -3.997814
v 0.515139 -4.905383 -4.265454
v 0.530770 -5.613303 -4.536169
v 0.540258 -6.287292 -4.736327
v 0.065869 5.878304 -8.995044
v 0.074911 5.562341 -9.157543
v 0.088575 5.192923 -9.302749
v 0.097290 4.792899 -9.432923
v 0.103949 4.319756 -9.557221
v 0.108129 3.826486 -9.649620
v 0.107995 3.332956 -9.695319
v 0.114205 2.822079 -9.695529
v 0.121515 2.348748 -9.652496
v 0.127911 1.940204 -9.570480
v 0.133301 1.575722 -9.456301
v 0.137783 1.252410 -9.314631
v 0.141498 0.965418 -9.148206
v 0.144588 0.709120 -8.958067
v 0.147224 0.477414 -8.744014
v 0.149638 0.263652 -8.505002
v 0.152135 0.060406 -8.239011
v 0.155094 -0.140831 -7.942470
v 0.158949 -0.350327 -7.608823
v 0.164159 -0.581300 -7.226420
v 0.171163 -0.851380 -6.777100
v 0.180304 -1.182839 -6.239447
v 0.191796 -1.598996 -5.603655
v 0.205744 -2.115510 -4.908671
v 0.221966 -2.707627 -4.302852
v 0.242762 -3.404677 -4.008471
v 0.279300 -4.163259 -4.083832
v 0.302400 -4.876594 -4.357674
v 0.315828 -5.597140 -4.634935
v 0.320703 -6.286336 -4.855131
v 0.029925 5.118965 -9.350327
v 0.038446 4.771635 -9.459084
v 0.040648 4.319763 -9.577066
v -0.075849 6.345860 -8.435926
v -0.000003 -7.083377 -2.819683
v -0.000002 6.152848 -8.787022
v -0.000003 -6.974761 -5.368619
v -0.000003 6.142732 -8.309146
v -0.000003 -2.719552 -1.794450
v -0.000002 5.259204 -9.303707
v -0.000003 -4.017110 -4.072423
v -0.000003 -2.377557 -1.910469
v -0.000003 -1.804700 -2.297769
v -0.000003 -1.160771 -2.990488
v -0.000003 -0.559348 -3.865068
v -0.000003 -0.049971 -4.680349
v -0.000002 0.370060 -5.375589
v -0.000002 0.718333 -5.962400
v -0.000002 1.012820 -6.456275
v -0.000003 1.269756 -6.870941
v -0.000002 1.503507 -7.218924
v -0.000003 1.727104 -7.511436
v -0.000002 1.952598 -7.757851
v -0.000003 2.191113 -7.965216
v -0.000002 2.452619 -8.137997
v -0.000003 2.745225 -8.278015
v -0.000002 3.073758 -8.384930
v -0.000002 3.436971 -8.457658
v -0.000002 3.823464 -8.496325
v -0.000002 4.211077 -8.502617
v -0.000002 4.576655 -8.478930
v -0.000002 4.910464 -8.430622
v -0.000003 5.219599 -8.370506
v -0.000003 5.523450 -8.316992
v -0.000003 5.844354 -8.284276
v -0.000003 -6.295712 -4.944568
v -0.000003 -5.589879 -4.712035
v -0.000003 -4.891389 -4.434223
v -0.000003 -4.307216 -4.165701
v -0.000002 3.856133 -9.669353
v -0.000002 4.316555 -9.583158
v -0.000002 4.766061 -9.466496
v -0.000002 5.104688 -9.360491
v -0.000003 -3.306090 -4.027825
v -0.000003 -2.698388 -4.346668
v -0.000002 -2.086787 -4.958354
v -0.000002 -1.584382 -5.652552
v -0.000002 -1.172170 -6.282120
v -0.000002 -0.844754 -6.812578
v -0.000002 -0.578301 -7.255219
v -0.000002 -0.350369 -7.632074
v -0.000003 -0.143352 -7.961405
v -0.000002 0.055884 -8.254664
v -0.000002 0.257545 -8.518200
v -0.000002 0.470109 -8.755371
v -0.000002 0.700968 -8.968055
v -0.000002 0.956767 -9.157201
v -0.000002 1.243553 -9.322948
v -0.000002 1.566934 -9.464281
v -0.000002 1.931685 -9.578474
v -0.000002 2.351337 -9.660414
v -0.000002 2.835504 -9.704044
v -0.000002 5.583789 -9.168310
v -0.000002 5.895112 -8.990074
v -0.000003 -6.521312 -2.564569
v -0.000003 -5.993020 -2.359221
v -0.000003 -5.458438 -2.213430
v -0.000003 -4.871385 -2.089463
v -0.000003 -4.210437 -1.921147
v -0.000003 -3.487515 -1.767858
v -0.000003 6.480817 -8.371964
v -0.000003 6.480895 -8.371834
v -0.000003 6.473285 -8.371374
v -0.000003 6.452111 -8.370802
v -0.000002 6.396850 -8.484015
v -0.000002 6.439221 -8.426213
v -0.000003 6.480926 -8.371674
v -0.000003 6.480903 -8.371655
v -0.000003 6.480924 -8.371769
v -0.000003 6.386010 -8.351541
v -0.000003 6.474200 -8.381504
v -0.000003 6.480857 -8.371635
v -0.000003 6.480935 -8.371729
v -0.000003 6.475499 -8.379622
v -0.000003 6.480748 -8.371618
v -0.000003 6.480935 -8.371698
v 0.035221 3.848338 -9.665357
v 0.097227 -4.279584 -4.147860
v 0.125415 -4.894444 -4.415287
v 0.135383 -5.591325 -4.694871
v 0.129421 -6.292205 -4.924680
v 0.075844 6.345860 -8.435926
v 8.312973 6.152511 -0.040873
v 8.312973 6.152511 0.040870
v 2.798915 -7.051053 0.212700
v 8.325466 6.146968 0.069633
v 2.854740 -7.016389 0.465867
v 8.333813 6.149251 0.099092
v 2.963434 -6.987348 0.708719
v 8.348442 6.151664 0.129590
v 3.090828 -6.963672 0.933049
v 8.369727 6.154231 0.157440
v 3.224968 -6.945607 1.126011
v 8.397168 6.156957 0.180751
v 3.370138 -6.934361 1.272179
v 8.429874 6.159898 0.198463
v 3.531338 -6.929465 1.360663
v 8.466656 6.163051 0.209681
v 3.710719 -6.928634 1.387915
v 8.506077 6.166362 0.213769
v 3.910957 -6.929482 1.355514
v 8.546516 6.169686 0.210447
v 4.130996 -6.930074 1.267545
v 8.586292 6.172795 0.199834
v 4.358366 -6.928809 1.130635
v 8.623785 6.175380 0.182447
v 4.579020 -6.925405 0.954609
v 8.657547 6.177112 0.159126
v 4.799452 -6.923074 0.750698
v 8.686360 6.177686 0.130944
v 5.031757 -6.926900 0.528987
v 8.716783 6.171687 0.099092
v 5.241694 -6.939717 0.299676
v 8.724799 6.183732 0.059354
v 5.361011 -6.963538 0.070934
v 2.798916 -7.051053 -0.212702
v 8.325466 6.146968 -0.069637
v 2.854740 -7.016389 -0.465870
v 8.333813 6.149251 -0.099096
v 2.963433 -6.987348 -0.708722
v 8.348443 6.151664 -0.129594
v 3.090826 -6.963672 -0.933052
v 8.369727 6.154231 -0.157444
v 3.224968 -6.945607 -1.126013
v 8.397168 6.156957 -0.180754
v 3.370135 -6.934361 -1.272182
v 8.429874 6.159898 -0.198467
v 3.531335 -6.929465 -1.360666
v 8.466656 6.163051 -0.209684
v 3.710719 -6.928634 -1.387918
v 8.506077 6.166362 -0.213773
v 3.910955 -6.929482 -1.355516
v 8.546516 6.169686 -0.210450
v 4.130996 -6.930074 -1.267549
v 8.586292 6.172795 -0.199838
v 4.358364 -6.928809 -1.130637
v 8.623785 6.175380 -0.182450
v 4.579019 -6.925405 -0.954612
v 8.657547 6.177112 -0.159130
v 4.799453 -6.923074 -0.750701
v 8.686361 6.177686 -0.130948
v 5.031755 -6.926900 -0.528988
v 8.716783 6.171687 -0.099096
v 5.241694 -6.939717 -0.299679
v 8.724799 6.183732 -0.059358
v 5.361010 -6.963538 -0.070936
v 1.910305 -2.409902 -0.086878
v 2.295039 -1.831573 -0.108326
v 2.992099 -1.170217 -0.115069
v 3.865060 -0.570485 -0.116900
v 4.680402 -0.061833 -0.116985
v 5.376429 0.358299 -0.114852
v 1.910304 -2.409902 0.086875
v 2.295039 -1.831573 0.108324
v 2.992098 -1.170217 0.115066
v 3.865061 -0.570485 0.116897
v 4.680403 -0.061833 0.116982
v 5.376429 0.358301 0.114849
v 5.964284 0.707262 0.110765
v 6.459286 1.002840 0.105263
v 6.875022 1.261077 0.098917
v 7.223929 1.496230 0.092211
v 7.517163 1.721218 0.085489
v 7.764060 1.948036 0.078966
v 7.971669 2.187754 0.072744
v 8.144428 2.450306 0.066853
v 8.284161 2.743785 0.061281
v 8.390537 3.072990 0.056028
v 8.462527 3.436685 0.051162
v 8.500354 3.823513 0.046906
v 8.505849 4.211362 0.043499
v 8.481505 4.577211 0.041049
v 8.432722 4.911286 0.039228
v 8.372303 5.220593 0.037487
v 8.318651 5.524631 0.034767
v 8.294589 5.838067 0.034227
v 8.300585 5.840808 0.074526
v 8.325782 5.527329 0.084233
v 8.380206 5.222959 0.091468
v 8.441594 4.912850 0.096113
v 8.491784 4.577710 0.100723
v 8.517984 4.210798 0.106579
v 8.514707 3.821923 0.114315
v 8.479188 3.433954 0.123792
v 8.409244 3.068744 0.134316
v 8.304379 2.737547 0.145380
v 8.165506 2.441621 0.156782
v 7.992955 2.176211 0.168531
v 7.784958 1.933305 0.180705
v 7.537124 1.703078 0.193340
v 7.242485 1.474574 0.206348
v 6.891785 1.236002 0.219452
v 6.474025 0.974676 0.232144
v 5.976988 0.676695 0.243675
v 5.387415 0.326424 0.253139
v 4.690529 -0.093392 0.259706
v 3.876478 -0.599559 0.263004
v 3.004521 -1.204219 0.263558
v 2.306671 -1.886840 0.263363
v 1.895756 -2.629687 0.253565
v 1.792736 -3.455968 0.229673
v 1.935444 -4.197207 0.217787
v 2.099724 -4.858508 0.211258
v 2.223342 -5.447755 0.207848
v 2.367269 -5.981595 0.207966
v 2.570729 -6.506873 0.212713
v 8.314776 5.844131 0.125339
v 8.343123 5.530669 0.147043
v 8.399368 5.225312 0.160428
v 8.462576 4.913274 0.169050
v 8.515048 4.575603 0.177413
v 8.544045 4.206145 0.187648
v 8.543965 3.814994 0.200718
v 8.511724 3.424725 0.216244
v 8.444674 3.056869 0.233105
v 8.341998 2.722537 0.250369
v 8.204515 2.423010 0.267656
v 8.032625 2.153632 0.284997
v 7.824697 1.906526 0.302591
v 7.576523 1.672023 0.320628
v 7.281281 1.439366 0.339152
v 6.929891 1.197005 0.357977
v 6.511536 0.932585 0.376629
v 6.014279 0.632631 0.394347
v 5.425269 0.282059 0.410177
v 4.730599 -0.135753 0.423269
v 3.922185 -0.636924 0.433360
v 3.058850 -1.233022 0.441371
v 2.356383 -1.923654 0.449193
v 1.944364 -2.667779 0.455074
v 1.840950 -3.445285 0.448792
v 1.972450 -4.169717 0.439912
v 2.134569 -4.831908 0.432317
v 2.258778 -5.419858 0.429067
v 2.405121 -5.954719 0.431709
v 2.613393 -6.479184 0.443353
v 8.339926 5.847714 0.178094
v 8.374056 5.533853 0.212161
v 8.433564 5.226552 0.231898
v 8.499620 4.910991 0.244925
v 8.555282 4.568731 0.257649
v 8.587833 4.194683 0.272826
v 8.591541 3.799501 0.291587
v 8.563023 3.405555 0.313354
v 8.499215 3.033935 0.336536
v 8.399035 2.695563 0.359796
v 8.263311 2.391769 0.382582
v 8.092618 2.118025 0.404952
v 7.885609 1.866631 0.427243
v 7.638355 1.628097 0.449823
v 7.344321 1.391895 0.472913
v 6.994671 1.146745 0.496485
v 6.578837 0.880645 0.520209
v 6.085124 0.580551 0.543467
v 5.501105 0.231928 0.565455
v 4.813856 -0.181203 0.585493
v 4.016979 -0.674386 0.603542
v 3.165263 -1.258674 0.620891
v 2.459240 -1.933736 0.639840
v 2.034439 -2.671102 0.656995
v 1.920297 -3.420264 0.663442
v 2.041660 -4.137120 0.660116
v 2.202127 -4.794356 0.657326
v 2.329868 -5.382932 0.658530
v 2.481133 -5.921678 0.663785
v 2.700203 -6.449618 0.678534
v 8.376601 5.851373 0.226013
v 8.419279 5.536683 0.271141
v 8.483600 5.226430 0.296790
v 8.553716 4.905538 0.314311
v 8.613689 4.556267 0.331698
v 8.650661 4.175141 0.352059
v 8.658645 3.773893 0.376495
v 8.634019 3.374750 0.404188
v 8.573487 2.998268 0.433175
v 8.475854 2.655137 0.461809
v 8.342071 2.346707 0.489408
v 8.173027 2.068604 0.516063
v 7.967769 1.813293 0.542236
v 7.722782 1.571524 0.568448
v 7.431925 1.332982 0.595085
v 7.086723 1.086680 0.622288
v 6.676895 0.820930 0.649914
v 6.191003 0.523116 0.677559
v 5.616977 0.179205 0.704677
v 4.942787 -0.226230 0.730856
v 4.163150 -0.708302 0.756333
v 3.325632 -1.277848 0.782647
v 2.611419 -1.934947 0.812250
v 2.169060 -2.654321 0.841369
v 2.036790 -3.388717 0.858740
v 2.145615 -4.096248 0.864297
v 2.305216 -4.751037 0.869527
v 2.439482 -5.343528 0.877609
v 2.597193 -5.889392 0.886417
v 2.821285 -6.423238 0.900847
v 8.423892 5.855205 0.266014
v 8.477631 5.539386 0.320312
v 8.548249 5.225274 0.351088
v 8.623808 4.897227 0.372935
v 8.689532 4.538341 0.395079
v 8.732096 4.147423 0.420657
v 8.744970 3.737851 0.450520
v 8.724387 3.331881 0.483583
v 8.667038 2.949425 0.517634
v 8.571850 2.600822 0.550833
v 8.440065 2.287438 0.582426
v 8.272986 2.005026 0.612547
v 8.070137 1.746272 0.641758
v 7.828529 1.502139 0.670696
v 7.542542 1.262598 0.699870
v 7.204173 1.016908 0.729575
v 6.803523 0.753704 0.759860
v 6.329432 0.460722 0.790572
v 5.770106 0.124375 0.821466
v 5.114159 -0.270345 0.852447
v 4.356702 -0.738334 0.884021
v 3.536324 -1.290481 0.917865
v 2.811564 -1.927733 0.956373
v 2.345688 -2.628499 0.995865
v 2.189916 -3.349082 1.023915
v 2.282905 -4.049420 1.038973
v 2.441374 -4.704732 1.052810
v 2.583596 -5.304641 1.068243
v 2.747572 -5.860751 1.080756
v 2.968344 -6.402200 1.094159
v 8.480188 5.859366 0.296263
v 8.547039 5.542289 0.357386
v 8.625261 5.223594 0.392191
v 8.707687 4.886704 0.417863
v 8.780807 4.515654 0.444458
v 8.830355 4.112175 0.474904
v 8.848900 3.691962 0.509627
v 8.832533 3.277479 0.547258
v 8.778252 2.887877 0.585430
v 8.685378 2.533035 0.622223
v 8.555586 2.214260 0.656881
v 8.390682 1.927459 0.689595
v 8.190737 1.665533 0.721001
v 7.953361 1.419745 0.751802
v 7.673564 1.180361 0.782584
v 7.343947 0.936942 0.813750
v 6.955130 0.678398 0.845520
v 6.496289 0.392769 0.877981
v 5.955845 0.066792 0.911189
v 5.322689 -0.314250 0.945354
v 4.591602 -0.765260 0.981218
v 3.791780 -1.297591 1.020494
v 3.056706 -1.913377 1.065394
v 2.561591 -2.594993 1.112689
v 2.376291 -3.302691 1.149716
v 2.449103 -3.997859 1.173265
v 2.605319 -4.656390 1.194679
v 2.756155 -5.266784 1.216520
v 2.925615 -5.835956 1.232141
v 3.137087 -6.386806 1.243604
v 8.543379 5.863935 0.315229
v 8.624806 5.545642 0.380456
v 8.711621 5.221906 0.417876
v 8.802129 4.874833 0.446431
v 8.884158 4.489444 0.476607
v 8.942025 4.070957 0.510983
v 8.966974 3.637975 0.549510
v 8.954989 3.213406 0.590533
v 8.903668 2.815528 0.631595
v 8.813005 2.453620 0.670785
v 8.685246 2.128878 0.707408
v 8.522736 1.837348 0.741732
v 8.326130 1.572210 0.774442
v 8.093661 1.325068 0.806262
v 7.821059 1.086581 0.837796
v 7.501662 0.846674 0.869506
v 7.126761 0.594558 0.901730
v 6.686001 0.318531 0.934741
v 6.167975 0.005551 0.968837
v 5.561495 -0.358989 1.004479
v 4.860327 -0.790219 1.042563
v 4.084664 -1.300363 1.084762
v 3.341878 -1.893130 1.133074
v 2.811997 -2.554948 1.184963
v 2.589981 -3.250379 1.228380
v 2.637268 -3.941960 1.258426
v 2.789722 -4.605754 1.285365
v 2.950203 -5.228936 1.311739
v 3.125722 -5.813495 1.329384
v 3.325406 -6.375724 1.338256
v 8.610926 5.868873 0.321856
v 8.707724 5.549546 0.388233
v 8.803598 5.220643 0.426606
v 8.902912 4.862630 0.456683
v 8.994812 4.461487 0.488973
v 9.061844 4.026294 0.525700
v 9.093621 3.579027 0.566415
v 9.086045 3.143192 0.609218
v 9.037577 2.736144 0.651596
v 8.949082 2.366423 0.691704
v 8.823483 2.035081 0.728952
v 8.663671 1.738298 0.763695
v 8.470847 1.469554 0.796649
v 8.243891 1.220901 0.828525
v 7.979259 0.983469 0.859911
v 7.671155 0.747660 0.891280
v 7.311686 0.503063 0.923028
v 6.891132 0.238255 0.955536
v 6.398304 -0.059634 0.989248
v 5.821649 -0.405231 1.024769
v 5.153301 -0.814147 1.063053
v 4.405245 -1.299836 1.105663
v 3.659359 -1.868045 1.154417
v 3.090342 -2.509225 1.207625
v 2.823299 -3.192567 1.254568
v 2.838841 -3.881598 1.288778
v 2.985991 -4.551890 1.318811
v 3.158354 -5.189279 1.347440
v 3.342650 -5.790898 1.365979
v 3.531411 -6.366494 1.372484
v 8.680026 5.873967 0.315722
v 8.792229 5.553868 0.380253
v 8.897082 5.220023 0.417814
v 9.005179 4.851045 0.447792
v 9.106990 4.433799 0.480322
v 9.183183 3.981356 0.517348
v 9.221625 3.519236 0.558199
v 9.218198 3.071669 0.600810
v 9.172377 2.655027 0.642643
v 9.086029 2.277086 0.681938
v 8.962765 1.938700 0.718228
v 8.805993 1.636185 0.751947
v 8.617415 1.363342 0.783823
v 8.396482 1.112697 0.814541
v 8.140413 0.875969 0.844662
v 7.844274 0.644121 0.874653
v 7.501168 0.407269 0.904933
v 7.102159 0.154359 0.935927
v 6.636394 -0.127284 0.968126
v 6.091794 -0.452348 1.002164
v 5.458453 -0.837079 1.038955
v 4.740972 -1.296475 1.079885
v 3.998055 -1.838790 1.126631
v 3.388517 -2.458453 1.178413
v 3.068005 -3.129529 1.226367
v 3.045226 -3.816535 1.262724
v 3.185678 -4.493947 1.293727
v 3.373375 -5.146131 1.322497
v 3.570827 -5.765864 1.341073
v 3.752286 -6.356660 1.346161
v 8.747781 5.878829 0.297116
v 8.874770 5.558211 0.356964
v 8.987953 5.219914 0.392036
v 9.104052 4.840672 0.420292
v 9.214807 4.408121 0.451116
v 9.299132 3.939159 0.486272
v 9.343361 3.462761 0.525056
v 9.343437 3.003859 0.565373
v 9.299878 2.577878 0.604695
v 9.215554 2.191850 0.641356
v 9.094720 1.846435 0.674999
v 8.941246 1.538081 0.706105
v 8.757245 1.260884 0.735387
v 8.542677 1.007862 0.763495
v 8.295434 0.771316 0.790972
v 8.011510 0.542872 0.818293
v 7.684998 0.313240 0.845904
v 7.307942 0.071877 0.874252
v 6.869969 -0.193555 0.903829
v 6.358512 -0.497756 0.935225
v 5.761427 -0.857612 0.969242
v 5.076743 -1.289828 1.007050
v 4.343494 -1.805541 1.050154
v 3.696760 -2.403193 1.098609
v 3.316189 -3.061742 1.145707
v 3.248957 -3.746999 1.182799
v 3.381363 -4.431771 1.213304
v 3.587781 -5.098823 1.240663
v 3.802392 -5.737119 1.258752
v 3.981041 -6.344506 1.263503
v 8.811495 5.882911 0.267002
v 8.952074 5.561912 0.319665
v 9.072554 5.219810 0.350811
v 9.195265 4.831548 0.375958
v 9.313165 4.385448 0.403399
v 9.403774 3.901817 0.434769
v 9.452269 3.412724 0.469484
v 9.454816 2.943688 0.505553
v 9.412904 2.509306 0.540539
v 9.330285 2.115930 0.572887
v 9.211790 1.764095 0.602320
v 9.061634 1.450352 0.629315
v 8.882263 1.169097 0.654532
v 8.674047 0.913747 0.678570
v 8.435491 0.677167 0.701955
v 8.163418 0.451571 0.725189
v 7.852966 0.228314 0.748766
v 7.497192 -0.002558 0.773184
v 7.086413 -0.252913 0.798945
v 6.607762 -0.537280 0.826608
v 6.046959 -0.873048 0.856856
v 5.396297 -1.278617 0.890636
v 4.678928 -1.768168 0.929216
v 4.003283 -2.344142 0.973201
v 3.560443 -2.990285 1.018065
v 3.443927 -3.674087 1.054916
v 3.566460 -4.366412 1.084116
v 3.792952 -5.048137 1.109208
v 4.025664 -5.704850 1.126590
v 4.204082 -6.329461 1.131848
v 8.868776 5.885600 0.226885
v 9.021375 5.564170 0.270297
v 9.147909 5.218879 0.296401
v 9.275553 4.823153 0.317422
v 9.398365 4.365831 0.340269
v 9.492927 3.870118 0.366424
v 9.543788 3.370590 0.395497
v 9.547490 2.893207 0.425728
v 9.506388 2.451851 0.454885
v 9.424950 2.052370 0.481573
v 9.308434 1.695229 0.505562
v 9.161335 1.377108 0.527276
v 8.986297 1.092637 0.547276
v 8.784023 0.835598 0.566082
v 8.553518 0.599262 0.584188
v 8.292353 0.376360 0.602110
v 7.996610 0.158767 0.620401
v 7.660402 -0.062875 0.639631
v 7.274850 -0.299899 0.660373
v 6.827098 -0.566516 0.683211
v 6.301126 -0.880389 0.708786
v 5.684325 -1.261371 0.737861
v 4.987538 -1.726581 0.771414
v 4.294156 -2.282447 0.810212
v 3.793142 -2.917081 0.851563
v 3.624802 -3.600060 0.887224
v 3.734689 -4.300244 0.914773
v 3.979419 -4.996364 0.937394
v 4.227686 -5.670955 0.954103
v 4.407070 -6.312537 0.960479
v 8.917686 5.886312 0.178630
v 9.080482 5.564168 0.211184
v 9.211803 5.216216 0.231443
v 9.342693 4.814607 0.247680
v 9.468122 4.348634 0.265200
v 9.564236 3.843719 0.285240
v 9.615454 3.336310 0.307595
v 9.618862 2.852638 0.330846
v 9.577559 2.406013 0.353113
v 9.496573 2.001957 0.373226
v 9.381475 1.640935 0.390994
v 9.236901 1.319777 0.406742
v 9.065621 1.033329 0.420901
v 8.868534 0.775629 0.433882
v 8.645045 0.540277 0.446111
v 8.393337 0.320328 0.458078
v 8.110323 0.108050 0.470356
v 7.791070 -0.105465 0.483577
v 7.427590 -0.331059 0.498399
v 7.007324 -0.582540 0.515491
v 6.513055 -0.877652 0.535522
v 5.928227 -1.237351 0.559146
v 5.254299 -1.681411 0.587047
v 4.554129 -2.219945 0.619832
v 4.005001 -2.845006 0.656041
v 3.785972 -3.528266 0.688968
v 3.880044 -4.236924 0.714666
v 4.138739 -4.947253 0.735123
v 4.399343 -5.638953 0.751328
v 4.584498 -6.297009 0.759275
v 8.956323 5.884913 0.124269
v 9.126096 5.564925 0.144809
v 9.263037 5.209823 0.159953
v 9.395148 4.805282 0.171096
v 9.521204 4.333156 0.182996
v 9.616759 3.821867 0.196545
v 9.665899 3.320058 0.210020
v 9.668204 2.821506 0.225619
v 9.625736 2.371390 0.240438
v 9.544440 1.964365 0.253600
v 9.430079 1.600972 0.264959
v 9.287340 1.278190 0.274727
v 9.119002 0.991042 0.283186
v 8.926075 0.733777 0.290618
v 8.708224 0.500184 0.297340
v 8.464099 0.283518 0.303756
v 8.191265 0.076275 0.310365
v 7.885601 -0.130194 0.317764
v 7.539932 -0.346351 0.326611
v 7.142175 -0.585666 0.337588
v 6.674469 -0.865813 0.351349
v 6.117290 -1.208585 0.368450
v 5.465212 -1.635823 0.389324
v 4.766030 -2.160937 0.414293
v 4.182583 -2.779168 0.442558
v 3.917105 -3.453008 0.470046
v 3.997811 -4.181911 0.496623
v 4.265453 -4.905383 0.515140
v 4.536168 -5.613303 0.530771
v 4.736328 -6.287292 0.540260
v 8.995045 5.878304 0.065869
v 9.157543 5.562341 0.074911
v 9.302748 5.192924 0.088575
v 9.432923 4.792899 0.097290
v 9.557221 4.319755 0.103950
v 9.649620 3.826486 0.108130
v 9.695319 3.332956 0.107995
v 9.695529 2.822079 0.114205
v 9.652496 2.348748 0.121515
v 9.570481 1.940204 0.127912
v 9.456300 1.575723 0.133301
v 9.314631 1.252410 0.137784
v 9.148206 0.965417 0.141499
v 8.958067 0.709119 0.144588
v 8.744014 0.477414 0.147224
v 8.505001 0.263650 0.149638
v 8.239011 0.060406 0.152136
v 7.942469 -0.140831 0.155095
v 7.608821 -0.350327 0.158949
v 7.226419 -0.581302 0.164160
v 6.777099 -0.851380 0.171164
v 6.239445 -1.182839 0.180305
v 5.603653 -1.598996 0.191797
v 4.908670 -2.115510 0.205745
v 4.302852 -2.707627 0.221967
v 4.008470 -3.404677 0.242763
v 4.083831 -4.163260 0.279300
v 4.357673 -4.876594 0.302402
v 4.634935 -5.597140 0.315829
v 4.855130 -6.286336 0.320704
v 5.964284 0.707261 -0.110769
v 6.459287 1.002839 -0.105266
v 9.350327 5.118964 0.029925
v 9.459084 4.771634 0.038445
v 9.577065 4.319763 0.040648
v 9.665357 3.848337 0.035221
v 9.698923 3.494411 -0.000002
v 6.875021 1.261075 -0.098920
v 7.223930 1.496229 -0.092214
v 7.517163 1.721219 -0.085493
v 7.764060 1.948035 -0.078969
v 7.971669 2.187754 -0.072748
v 8.144427 2.450306 -0.066856
v 8.284162 2.743784 -0.061284
v 8.390537 3.072991 -0.056032
v 8.462526 3.436684 -0.051165
v 8.500355 3.823513 -0.046909
v 8.505849 4.211363 -0.043503
v 8.481505 4.577211 -0.041053
v 8.432722 4.911284 -0.039231
v 8.372303 5.220593 -0.037491
v 8.318650 5.524629 -0.034771
v 8.294588 5.838065 -0.034231
v 8.300585 5.840808 -0.074529
v 8.325781 5.527329 -0.084237
v 8.380206 5.222959 -0.091472
v 4.147858 -4.279584 0.097229
v 4.415285 -4.894443 0.125417
v 4.694870 -5.591323 0.135384
v 4.924679 -6.292205 0.129423
v 8.441594 4.912852 -0.096116
v 8.491782 4.577709 -0.100727
v 8.517984 4.210798 -0.106583
v 8.514708 3.821923 -0.114319
v 8.479189 3.433953 -0.123795
v 8.409243 3.068743 -0.134319
v 8.304379 2.737547 -0.145383
v 8.165506 2.441621 -0.156786
v 7.992955 2.176211 -0.168534
v 7.784956 1.933304 -0.180708
v 7.537124 1.703078 -0.193344
v 7.242486 1.474573 -0.206351
v 6.891786 1.236002 -0.219456
v 6.474026 0.974676 -0.232147
v 5.976987 0.676695 -0.243679
v 5.387415 0.326423 -0.253143
v 4.690529 -0.093392 -0.259709
v 3.876479 -0.599559 -0.263007
v 3.004522 -1.204217 -0.263561
v 2.306671 -1.886840 -0.263366
v 1.895755 -2.629689 -0.253568
v 1.792736 -3.455968 -0.229675
v 1.935444 -4.197209 -0.217789
v 2.099724 -4.858512 -0.211260
v 2.223342 -5.447753 -0.207850
v 2.367269 -5.981593 -0.207968
v 2.570729 -6.506873 -0.212716
v 8.314775 5.844131 -0.125342
v 8.343124 5.530669 -0.147047
v 8.399367 5.225310 -0.160431
v 8.462577 4.913274 -0.169054
v 8.515048 4.575603 -0.177417
v 8.544046 4.206146 -0.187651
v 8.543965 3.814994 -0.200722
v 8.511724 3.424724 -0.216248
v 8.444674 3.056869 -0.233109
v 8.341999 2.722537 -0.250372
v 8.204515 2.423010 -0.267660
v 8.032623 2.153631 -0.285001
v 7.824696 1.906526 -0.302594
v 7.576523 1.672022 -0.320631
v 7.281281 1.439366 -0.339156
v 6.929891 1.197005 -0.357981
v 6.511536 0.932585 -0.376633
v 6.014280 0.632631 -0.394350
v 5.425269 0.282058 -0.410181
v 4.730599 -0.135753 -0.423272
v 3.922184 -0.636924 -0.433363
v 3.058849 -1.233024 -0.441374
v 2.356382 -1.923654 -0.449195
v 1.944365 -2.667779 -0.455076
v 1.840949 -3.445289 -0.448795
v 1.972450 -4.169715 -0.439915
v 2.134569 -4.831908 -0.432320
v 2.258778 -5.419856 -0.429070
v 2.405121 -5.954719 -0.431711
v 2.613393 -6.479184 -0.443355
v 8.339926 5.847714 -0.178097
v 8.374056 5.533853 -0.212165
v 8.433565 5.226552 -0.231901
v 8.499620 4.910993 -0.244927
v 8.555282 4.568731 -0.257653
v 8.587833 4.194683 -0.272830
v 8.591542 3.799500 -0.291591
v 8.563023 3.405556 -0.313358
v 8.499215 3.033933 -0.336540
v 8.399035 2.695563 -0.359799
v 8.263311 2.391769 -0.382586
v 8.092619 2.118024 -0.404955
v 7.885608 1.866631 -0.427247
v 7.638355 1.628098 -0.449826
v 7.344322 1.391896 -0.472916
v 6.994671 1.146746 -0.496489
v 6.578838 0.880646 -0.520213
v 6.085124 0.580550 -0.543470
v 5.501105 0.231929 -0.565459
v 4.813856 -0.181203 -0.585496
v 4.016977 -0.674386 -0.603545
v 3.165263 -1.258674 -0.620893
v 2.459240 -1.933738 -0.639843
v 2.034439 -2.671102 -0.656997
v 1.920296 -3.420264 -0.663444
v 2.041660 -4.137120 -0.660119
v 2.202127 -4.794358 -0.657329
v 2.329867 -5.382930 -0.658533
v 2.481133 -5.921678 -0.663788
v 2.700203 -6.449620 -0.678536
v 8.376601 5.851373 -0.226017
v 8.419280 5.536683 -0.271145
v 8.483598 5.226430 -0.296794
v 8.553716 4.905536 -0.314314
v 8.613690 4.556267 -0.331702
v 8.650661 4.175142 -0.352063
v 8.658647 3.773892 -0.376499
v 8.634020 3.374750 -0.404192
v 8.573487 2.998269 -0.433179
v 8.475854 2.655136 -0.461812
v 8.342070 2.346707 -0.489411
v 8.173025 2.068603 -0.516067
v 7.967770 1.813292 -0.542239
v 7.722783 1.571524 -0.568451
v 7.431926 1.332983 -0.595089
v 7.086725 1.086681 -0.622292
v 6.676896 0.820932 -0.649918
v 6.191002 0.523115 -0.677563
v 5.616976 0.179205 -0.704680
v 4.942787 -0.226228 -0.730860
v 4.163151 -0.708302 -0.756336
v 3.325630 -1.277850 -0.782650
v 2.611419 -1.934947 -0.812253
v 2.169060 -2.654321 -0.841372
v 2.036790 -3.388717 -0.858742
v 2.145614 -4.096248 -0.864300
v 2.305214 -4.751037 -0.869529
v 2.439481 -5.343528 -0.877611
v 2.597192 -5.889394 -0.886420
v 2.821284 -6.423240 -0.900849
v 8.423892 5.855205 -0.266017
v 8.477631 5.539386 -0.320315
v 8.548248 5.225274 -0.351091
v 8.623809 4.897227 -0.372939
v 8.689533 4.538340 -0.395082
v 8.732097 4.147423 -0.420660
v 8.744971 3.737850 -0.450523
v 8.724387 3.331882 -0.483587
v 8.667038 2.949425 -0.517638
v 8.571850 2.600822 -0.550837
v 8.440066 2.287437 -0.582430
v 8.272984 2.005025 -0.612551
v 8.070137 1.746272 -0.641762
v 7.828529 1.502139 -0.670700
v 7.542543 1.262599 -0.699873
v 7.204174 1.016909 -0.729578
v 6.803522 0.753704 -0.759863
v 6.329431 0.460722 -0.790576
v 5.770106 0.124375 -0.821470
v 5.114158 -0.270345 -0.852450
v 4.356702 -0.738334 -0.884024
v 3.536323 -1.290481 -0.917867
v 2.811564 -1.927733 -0.956376
v 2.345687 -2.628499 -0.995868
v 2.189915 -3.349082 -1.023917
v 2.282904 -4.049420 -1.038976
v 2.441374 -4.704734 -1.052813
v 2.583596 -5.304641 -1.068246
v 2.747571 -5.860751 -1.080758
v 2.968343 -6.402202 -1.094162
v 8.480188 5.859365 -0.296267
v 8.547039 5.542289 -0.357389
v 8.625261 5.223594 -0.392195
v 8.707688 4.886703 -0.417867
v 8.780808 4.515656 -0.444462
v 8.830355 4.112175 -0.474908
v 8.848901 3.691962 -0.509631
v 8.832533 3.277479 -0.547262
v 8.778252 2.887878 -0.585434
v 8.685378 2.533035 -0.622227
v 8.555586 2.214260 -0.656885
v 8.390682 1.927459 -0.689599
v 8.190738 1.665533 -0.721005
v 7.953362 1.419745 -0.751806
v 7.673565 1.180361 -0.782588
v 7.343947 0.936943 -0.813753
v 6.955131 0.678397 -0.845523
v 6.496289 0.392771 -0.877985
v 5.955845 0.066792 -0.911192
v 5.322689 -0.314250 -0.945358
v 4.591601 -0.765260 -0.981221
v 3.791779 -1.297591 -1.020497
v 3.056706 -1.913377 -1.065397
v 2.561590 -2.594993 -1.112692
v 2.376291 -3.302690 -1.149719
v 2.449103 -3.997859 -1.173268
v 2.605316 -4.656390 -1.194682
v 2.756154 -5.266786 -1.216522
v 2.925612 -5.835956 -1.232144
v 3.137086 -6.386806 -1.243606
v 8.543379 5.863935 -0.315233
v 8.624806 5.545642 -0.380460
v 8.711621 5.221906 -0.417880
v 8.802128 4.874833 -0.446435
v 8.884158 4.489443 -0.476610
v 8.942025 4.070958 -0.510986
v 8.966974 3.637975 -0.549514
v 8.954988 3.213406 -0.590537
v 8.903669 2.815528 -0.631598
v 8.813004 2.453619 -0.670789
v 8.685246 2.128877 -0.707412
v 8.522735 1.837347 -0.741735
v 8.326130 1.572210 -0.774446
v 8.093661 1.325068 -0.806265
v 7.821059 1.086582 -0.837800
v 7.501662 0.846675 -0.869510
v 7.126762 0.594559 -0.901733
v 6.686001 0.318530 -0.934744
v 6.167974 0.005550 -0.968841
v 5.561495 -0.358987 -1.004482
v 4.860327 -0.790221 -1.042567
v 4.084663 -1.300363 -1.084764
v 3.341878 -1.893130 -1.133077
v 2.811996 -2.554948 -1.184965
v 2.589980 -3.250379 -1.228383
v 2.637267 -3.941962 -1.258429
v 2.789722 -4.605754 -1.285367
v 2.950201 -5.228936 -1.311741
v 3.125721 -5.813497 -1.329387
v 3.325404 -6.375722 -1.338258
v 8.610926 5.868873 -0.321860
v 8.707723 5.549544 -0.388237
v 8.803598 5.220643 -0.426610
v 8.902912 4.862630 -0.456687
v 8.994810 4.461487 -0.488976
v 9.061844 4.026294 -0.525703
v 9.093621 3.579027 -0.566419
v 9.086045 3.143194 -0.609222
v 9.037577 2.736145 -0.651600
v 8.949083 2.366423 -0.691708
v 8.823482 2.035081 -0.728956
v 8.663672 1.738298 -0.763699
v 8.470848 1.469556 -0.796652
v 8.243892 1.220901 -0.828528
v 7.979259 0.983470 -0.859915
v 7.671155 0.747659 -0.891284
v 7.311686 0.503064 -0.923031
v 6.891133 0.238256 -0.955540
v 6.398304 -0.059635 -0.989252
v 5.821648 -0.405231 -1.024772
v 5.153301 -0.814149 -1.063057
v 4.405245 -1.299838 -1.105666
v 3.659359 -1.868045 -1.154420
v 3.090341 -2.509225 -1.207628
v 2.823298 -3.192569 -1.254571
v 2.838841 -3.881598 -1.288780
v 2.985991 -4.551892 -1.318814
v 3.158354 -5.189277 -1.347443
v 3.342648 -5.790898 -1.365982
v 3.531410 -6.366496 -1.372487
v 8.680026 5.873967 -0.315726
v 8.792228 5.553866 -0.380257
v 8.897081 5.220023 -0.417818
v 9.005179 4.851045 -0.447796
v 9.106991 4.433800 -0.480326
v 9.183182 3.981356 -0.517352
v 9.221624 3.519237 -0.558203
v 9.218199 3.071669 -0.600814
v 9.172378 2.655028 -0.642647
v 9.086030 2.277086 -0.681942
v 8.962765 1.938700 -0.718232
v 8.805993 1.636185 -0.751951
v 8.617415 1.363342 -0.783827
v 8.396483 1.112697 -0.814545
v 8.140411 0.875967 -0.844666
v 7.844275 0.644122 -0.874657
v 7.501168 0.407270 -0.904937
v 7.102159 0.154358 -0.935931
v 6.636395 -0.127281 -0.968130
v 6.091795 -0.452348 -1.002168
v 5.458453 -0.837079 -1.038959
v 4.740971 -1.296475 -1.079888
v 3.998055 -1.838792 -1.126634
v 3.388517 -2.458453 -1.178416
v 3.068004 -3.129533 -1.226369
v 3.045225 -3.816535 -1.262726
v 3.185677 -4.493945 -1.293730
v 3.373373 -5.146131 -1.322500
v 3.570827 -5.765864 -1.341076
v 3.752285 -6.356660 -1.346163
v 8.747781 5.878829 -0.297120
v 8.874769 5.558211 -0.356968
v 8.987953 5.219914 -0.392040
v 9.104052 4.840672 -0.420296
v 9.214807 4.408121 -0.451119
v 9.299133 3.939160 -0.486276
v 9.343361 3.462761 -0.525060
v 9.343437 3.003858 -0.565377
v 9.299877 2.577879 -0.604699
v 9.215554 2.191850 -0.641359
v 9.094721 1.846436 -0.675003
v 8.941249 1.538080 -0.706109
v 8.757245 1.260884 -0.735391
v 8.542677 1.007862 -0.763499
v 8.295434 0.771316 -0.790977
v 8.011510 0.542872 -0.818297
v 7.684997 0.313240 -0.845907
v 7.307943 0.071877 -0.874256
v 6.869969 -0.193555 -0.903832
v 6.358512 -0.497754 -0.935229
v 5.761427 -0.857614 -0.969245
v 5.076743 -1.289828 -1.007053
v 4.343494 -1.805541 -1.050157
v 3.696759 -2.403195 -1.098612
v 3.316189 -3.061744 -1.145710
v 3.248957 -3.746999 -1.182802
v 3.381362 -4.431771 -1.213306
v 3.587780 -5.098821 -1.240665
v 3.802391 -5.737119 -1.258755
v 3.981041 -6.344506 -1.263506
v 8.811495 5.882911 -0.267006
v 8.952074 5.561913 -0.319669
v 9.072554 5.219808 -0.350815
v 9.195265 4.831548 -0.375962
v 9.313165 4.385448 -0.403403
v 9.403774 3.901816 -0.434772
v 9.452269 3.412724 -0.469488
v 9.454815 2.943687 -0.505557
v 9.412905 2.509305 -0.540543
v 9.330285 2.115931 -0.572891
v 9.211791 1.764095 -0.602324
v 9.061634 1.450353 -0.629319
v 8.882263 1.169097 -0.654536
v 8.674046 0.913747 -0.678574
v 8.435491 0.677167 -0.701960
v 8.163418 0.451571 -0.725193
v 7.852966 0.228314 -0.748770
v 7.497192 -0.002558 -0.773188
v 7.086414 -0.252913 -0.798949
v 6.607763 -0.537280 -0.826612
v 6.046959 -0.873048 -0.856860
v 5.396297 -1.278617 -0.890639
v 4.678928 -1.768168 -0.929219
v 4.003284 -2.344140 -0.973204
v 3.560444 -2.990285 -1.018068
v 3.443926 -3.674088 -1.054919
v 3.566460 -4.366410 -1.084119
v 3.792952 -5.048137 -1.109211
v 4.025664 -5.704850 -1.126593
v 4.204081 -6.329461 -1.131851
v 8.868776 5.885600 -0.226889
v 9.021375 5.564170 -0.270301
v 9.147909 5.218879 -0.296405
v 9.275552 4.823153 -0.317426
v 9.398365 4.365831 -0.340273
v 9.492927 3.870119 -0.366427
v 9.543788 3.370588 -0.395501
v 9.547491 2.893207 -0.425732
v 9.506389 2.451851 -0.454888
v 9.424950 2.052370 -0.481577
v 9.308434 1.695229 -0.505566
v 9.161335 1.377108 -0.527280
v 8.986295 1.092637 -0.547279
v 8.784025 0.835597 -0.566086
v 8.553519 0.599263 -0.584191
v 8.292354 0.376360 -0.602114
v 7.996610 0.158767 -0.620404
v 7.660403 -0.062874 -0.639635
v 7.274851 -0.299899 -0.660377
v 6.827098 -0.566516 -0.683215
v 6.301127 -0.880387 -0.708789
v 5.684326 -1.261373 -0.737864
v 4.987535 -1.726583 -0.771418
v 4.294159 -2.282447 -0.810215
v 3.793142 -2.917079 -0.851566
v 3.624803 -3.600060 -0.887227
v 3.734692 -4.300244 -0.914776
v 3.979419 -4.996362 -0.937397
v 4.227686 -5.670953 -0.954106
v 4.407068 -6.312539 -0.960482
v 8.917687 5.886312 -0.178633
v 9.080482 5.564168 -0.211187
v 9.211803 5.216216 -0.231447
v 9.342693 4.814605 -0.247684
v 9.468122 4.348634 -0.265203
v 9.564235 3.843717 -0.285244
v 9.615454 3.336310 -0.307599
v 9.618863 2.852637 -0.330850
v 9.577559 2.406013 -0.353117
v 9.496573 2.001957 -0.373230
v 9.381476 1.640935 -0.390998
v 9.236900 1.319778 -0.406746
v 9.065621 1.033329 -0.420905
v 8.868534 0.775630 -0.433886
v 8.645046 0.540277 -0.446115
v 8.393338 0.320328 -0.458082
v 8.110324 0.108051 -0.470361
v 7.791070 -0.105466 -0.483580
v 7.427591 -0.331059 -0.498402
v 7.007325 -0.582538 -0.515495
v 6.513055 -0.877654 -0.535526
v 5.928227 -1.237351 -0.559149
v 5.254301 -1.681411 -0.587050
v 4.554127 -2.219949 -0.619835
v 4.005001 -2.845004 -0.656044
v 3.785972 -3.528266 -0.688971
v 3.880045 -4.236922 -0.714669
v 4.138740 -4.947255 -0.735126
v 4.399342 -5.638951 -0.751330
v 4.584497 -6.297009 -0.759278
v 8.956323 5.884913 -0.124273
v 9.126096 5.564925 -0.144813
v 9.263036 5.209823 -0.159957
v 9.395149 4.805282 -0.171101
v 9.521204 4.333155 -0.183001
v 9.616760 3.821867 -0.196548
v 9.665899 3.320058 -0.210024
v 9.668204 2.821506 -0.225623
v 9.625737 2.371390 -0.240441
v 9.544441 1.964365 -0.253605
v 9.430078 1.600973 -0.264963
v 9.287340 1.278190 -0.274731
v 9.119001 0.991043 -0.283190
v 8.926075 0.733778 -0.290622
v 8.708224 0.500186 -0.297344
v 8.464100 0.283520 -0.303760
v 8.191265 0.076275 -0.310369
v 7.885602 -0.130193 -0.317768
v 7.539933 -0.346351 -0.326615
v 7.142175 -0.585666 -0.337592
v 6.674469 -0.865813 -0.351353
v 6.117291 -1.208585 -0.368453
v 5.465213 -1.635823 -0.389327
v 4.766031 -2.160937 -0.414296
v 4.182582 -2.779170 -0.442561
v 3.917107 -3.453010 -0.470049
v 3.997813 -4.181911 -0.496625
v 4.265453 -4.905383 -0.515143
v 4.536168 -5.613303 -0.530774
v 4.736326 -6.287292 -0.540262
v 8.995044 5.878303 -0.065873
v 9.157543 5.562341 -0.074915
v 9.302749 5.192922 -0.088579
v 9.432923 4.792899 -0.097294
v 9.557221 4.319756 -0.103953
v 9.649620 3.826486 -0.108133
v 9.695319 3.332956 -0.107999
v 9.695529 2.822079 -0.114209
v 9.652496 2.348748 -0.121519
v 9.570480 1.940204 -0.127915
v 9.456301 1.575722 -0.133305
v 9.314631 1.252410 -0.137788
v 9.148206 0.965418 -0.141502
v 8.958067 0.709120 -0.144591
v 8.744014 0.477414 -0.147228
v 8.505002 0.263652 -0.149642
v 8.239011 0.060406 -0.152140
v 7.942469 -0.140831 -0.155098
v 7.608822 -0.350327 -0.158953
v 7.226419 -0.581300 -0.164164
v 6.777099 -0.851380 -0.171167
v 6.239446 -1.182839 -0.180308
v 5.603654 -1.598996 -0.191800
v 4.908670 -2.115510 -0.205748
v 4.302851 -2.707627 -0.221970
v 4.008471 -3.404677 -0.242766
v 4.083831 -4.163259 -0.279304
v 4.357673 -4.876594 -0.302404
v 4.634934 -5.597140 -0.315832
v 4.855130 -6.286336 -0.320707
v 9.350327 5.118964 -0.029930
v 9.459084 4.771634 -0.038450
v 9.577066 4.319763 -0.040652
v 8.435926 6.345860 0.075845
v 2.819682 -7.083377 -0.000001
v 8.787022 6.152848 -0.000002
v 5.368618 -6.974761 -0.000001
v 8.309146 6.142732 -0.000002
v 1.794449 -2.719552 -0.000001
v 9.303707 5.259204 -0.000002
v 4.072422 -4.017110 -0.000001
v 1.910468 -2.377557 -0.000001
v 2.297768 -1.804700 -0.000001
v 2.990487 -1.160771 -0.000001
v 3.865067 -0.559348 -0.000001
v 4.680348 -0.049971 -0.000001
v 5.375588 0.370060 -0.000001
v 5.962399 0.718333 -0.000002
v 6.456275 1.012820 -0.000002
v 6.870940 1.269756 -0.000001
v 7.218923 1.503507 -0.000002
v 7.511436 1.727104 -0.000001
v 7.757850 1.952598 -0.000002
v 7.965215 2.191113 -0.000001
v 8.137997 2.452619 -0.000002
v 8.278015 2.745225 -0.000002
v 8.384930 3.073758 -0.000002
v 8.457658 3.436971 -0.000002
v 8.496325 3.823464 -0.000002
v 8.502617 4.211077 -0.000002
v 8.478930 4.576655 -0.000002
v 8.430622 4.910464 -0.000002
v 8.370506 5.219598 -0.000002
v 8.316992 5.523450 -0.000002
v 8.284276 5.844354 -0.000002
v 4.944567 -6.295712 -0.000001
v 4.712034 -5.589879 -0.000001
v 4.434222 -4.891389 -0.000001
v 4.165700 -4.307216 -0.000001
v 9.669353 3.856133 -0.000002
v 9.583158 4.316555 -0.000002
v 9.466496 4.766061 -0.000002
v 9.360491 5.104688 -0.000002
v 4.027824 -3.306090 -0.000001
v 4.346667 -2.698388 -0.000001
v 4.958353 -2.086787 -0.000001
v 5.652551 -1.584382 -0.000001
v 6.282119 -1.172170 -0.000002
v 6.812577 -0.844754 -0.000002
v 7.255218 -0.578301 -0.000002
v 7.632073 -0.350369 -0.000002
v 7.961404 -0.143352 -0.000001
v 8.254664 0.055884 -0.000002
v 8.518200 0.257545 -0.000002
v 8.755371 0.470109 -0.000002
v 8.968055 0.700968 -0.000002
v 9.157201 0.956767 -0.000002
v 9.322948 1.243553 -0.000002
v 9.464281 1.566934 -0.000002
v 9.578474 1.931685 -0.000002
v 9.660414 2.351337 -0.000002
v 9.704044 2.835504 -0.000002
v 9.168310 5.583789 -0.000002
v 8.990074 5.895112 -0.000002
v 2.564568 -6.521312 -0.000001
v 2.359220 -5.993020 -0.000001
v 2.213429 -5.458438 -0.000001
v 2.089462 -4.871385 -0.000001
v 1.921147 -4.210437 -0.000001
v 1.767857 -3.487515 -0.000001
v 8.371964 6.480817 -0.000002
v 8.371834 6.480895 -0.000002
v 8.371374 6.473285 -0.000002
v 8.370802 6.452111 -0.000002
v 8.484015 6.396850 -0.000002
v 8.426213 6.439221 -0.000002
v 8.371674 6.480926 -0.000002
v 8.371655 6.480903 -0.000002
v 8.371769 6.480924 -0.000002
v 8.351541 6.386010 -0.000002
v 8.381504 6.474200 -0.000002
v 8.371635 6.480857 -0.000002
v 8.371729 6.480935 -0.000002
v 8.379622 6.475499 -0.000002
v 8.371618 6.480748 -0.000002
v 8.371698 6.480935 -0.000002
v 9.665357 3.848338 -0.035225
v 4.147859 -4.279584 -0.097231
v 4.415286 -4.894444 -0.125419
v 4.694870 -5.591325 -0.135387
v 4.924679 -6.292205 -0.129425
v 8.435926 6.345860 -0.075848
v -8.312973 6.152511 -0.040873
v -8.312973 6.152511 0.040871
v -2.798917 -7.051053 0.212700
v -8.325466 6.146968 0.069634
v -2.854742 -7.016389 0.465868
v -8.333813 6.149251 0.099093
v -2.963436 -6.987348 0.708720
v -8.348442 6.151664 0.129591
v -3.090829 -6.963672 0.933049
v -8.369727 6.154231 0.157441
v -3.224970 -6.945607 1.126011
v -8.397168 6.156957 0.180752
v -3.370140 -6.934361 1.272180
v -8.429874 6.159898 0.198464
v -3.531340 -6.929465 1.360663
v -8.466656 6.163051 0.209682
v -3.710721 -6.928634 1.387916
v -8.506077 6.166362 0.213770
v -3.910959 -6.929482 1.355514
v -8.546516 6.169686 0.210447
v -4.130998 -6.930074 1.267546
v -8.586292 6.172795 0.199835
v -4.358368 -6.928809 1.130635
v -8.623785 6.175380 0.182447
v -4.579021 -6.925405 0.954609
v -8.657547 6.177112 0.159127
v -4.799454 -6.923074 0.750699
v -8.686360 6.177686 0.130945
v -5.031759 -6.926900 0.528987
v -8.716783 6.171687 0.099093
v -5.241696 -6.939717 0.299677
v -8.724799 6.183732 0.059355
v -5.361013 -6.963538 0.070935
v -2.798918 -7.051053 -0.212702
v -8.325466 6.146968 -0.069636
v -2.854742 -7.016389 -0.465870
v -8.333813 6.149251 -0.099095
v -2.963435 -6.987348 -0.708722
v -8.348443 6.151664 -0.129593
v -3.090828 -6.963672 -0.933052
v -8.369727 6.154231 -0.157443
v -3.224970 -6.945607 -1.126013
v -8.397168 6.156957 -0.180754
v -3.370137 -6.934361 -1.272182
v -8.429874 6.159898 -0.198466
v -3.531337 -6.929465 -1.360666
v -8.466656 6.163051 -0.209683
v -3.710721 -6.928634 -1.387918
v -8.506077 6.166362 -0.213772
v -3.910957 -6.929482 -1.355515
v -8.546516 6.169686 -0.210450
v -4.130998 -6.930074 -1.267549
v -8.586292 6.172795 -0.199837
v -4.358366 -6.928809 -1.130637
v -8.623785 6.175380 -0.182450
v -4.579021 -6.925405 -0.954612
v -8.657547 6.177112 -0.159129
v -4.799455 -6.923074 -0.750701
v -8.686361 6.177686 -0.130947
v -5.031757 -6.926900 -0.528988
v -8.716783 6.171687 -0.099095
v -5.241696 -6.939717 -0.299679
v -8.724799 6.183732 -0.059357
v -5.361012 -6.963538 -0.070936
v -1.910307 -2.409902 -0.086878
v -2.295041 -1.831573 -0.108326
v -2.992100 -1.170217 -0.115069
v -3.865062 -0.570485 -0.116900
v -4.680404 -0.061833 -0.116985
v -5.376431 0.358299 -0.114852
v -1.910306 -2.409902 0.086875
v -2.295041 -1.831573 0.108324
v -2.992100 -1.170217 0.115067
v -3.865062 -0.570485 0.116898
v -4.680405 -0.061833 0.116982
v -5.376431 0.358301 0.114850
v -5.964286 0.707262 0.110766
v -6.459288 1.002840 0.105264
v -6.875024 1.261077 0.098917
v -7.223931 1.496230 0.092211
v -7.517165 1.721218 0.085490
v -7.764061 1.948036 0.078966
v -7.971672 2.187754 0.072745
v -8.144428 2.450306 0.066854
v -8.284161 2.743785 0.061281
v -8.390537 3.072990 0.056029
v -8.462527 3.436685 0.051162
v -8.500354 3.823513 0.046906
v -8.505849 4.211362 0.043500
v -8.481505 4.577211 0.041050
v -8.432722 4.911286 0.039228
v -8.372303 5.220593 0.037488
v -8.318651 5.524631 0.034768
v -8.294589 5.838067 0.034228
v -8.300585 5.840808 0.074526
v -8.325782 5.527329 0.084234
v -8.380206 5.222959 0.091469
v -8.441594 4.912850 0.096113
v -8.491784 4.577710 0.100724
v -8.517984 4.210798 0.106579
v -8.514707 3.821923 0.114316
v -8.479188 3.433954 0.123792
v -8.409244 3.068744 0.134316
v -8.304379 2.737547 0.145381
v -8.165506 2.441621 0.156783
v -7.992957 2.176211 0.168531
v -7.784960 1.933305 0.180705
v -7.537126 1.703078 0.193341
v -7.242487 1.474574 0.206349
v -6.891787 1.236002 0.219453
v -6.474027 0.974676 0.232144
v -5.976990 0.676695 0.243676
v -5.387417 0.326424 0.253140
v -4.690531 -0.093392 0.259706
v -3.876480 -0.599559 0.263005
v -3.004523 -1.204219 0.263558
v -2.306673 -1.886840 0.263364
v -1.895758 -2.629687 0.253565
v -1.792738 -3.455968 0.229673
v -1.935446 -4.197207 0.217787
v -2.099725 -4.858508 0.211258
v -2.223344 -5.447755 0.207848
v -2.367271 -5.981595 0.207966
v -2.570730 -6.506873 0.212714
v -8.314776 5.844131 0.125340
v -8.343123 5.530669 0.147044
v -8.399368 5.225312 0.160428
v -8.462576 4.913274 0.169051
v -8.515048 4.575603 0.177414
v -8.544045 4.206145 0.187648
v -8.543965 3.814994 0.200719
v -8.511724 3.424725 0.216245
v -8.444674 3.056869 0.233106
v -8.341998 2.722537 0.250370
v -8.204515 2.423010 0.267657
v -8.032625 2.153632 0.284998
v -7.824698 1.906526 0.302592
v -7.576525 1.672023 0.320628
v -7.281283 1.439366 0.339153
v -6.929893 1.197005 0.357978
v -6.511538 0.932585 0.376630
v -6.014281 0.632631 0.394347
v -5.425271 0.282059 0.410178
v -4.730600 -0.135753 0.423270
v -3.922186 -0.636924 0.433360
v -3.058852 -1.233022 0.441372
v -2.356385 -1.923654 0.449193
v -1.944366 -2.667779 0.455074
v -1.840952 -3.445285 0.448792
v -1.972452 -4.169717 0.439912
v -2.134571 -4.831908 0.432317
v -2.258780 -5.419858 0.429067
v -2.405123 -5.954719 0.431709
v -2.613395 -6.479184 0.443353
v -8.339926 5.847714 0.178094
v -8.374056 5.533853 0.212161
v -8.433564 5.226552 0.231899
v -8.499620 4.910991 0.244925
v -8.555282 4.568731 0.257650
v -8.587833 4.194683 0.272827
v -8.591541 3.799501 0.291588
v -8.563023 3.405555 0.313355
v -8.499215 3.033935 0.336537
v -8.399035 2.695563 0.359796
v -8.263311 2.391769 0.382583
v -8.092618 2.118025 0.404952
v -7.885610 1.866631 0.427244
v -7.638357 1.628097 0.449823
v -7.344323 1.391895 0.472914
v -6.994673 1.146745 0.496486
v -6.578839 0.880645 0.520210
v -6.085126 0.580551 0.543467
v -5.501107 0.231928 0.565456
v -4.813858 -0.181203 0.585494
v -4.016981 -0.674386 0.603542
v -3.165265 -1.258674 0.620891
v -2.459242 -1.933736 0.639840
v -2.034441 -2.671102 0.656995
v -1.920299 -3.420264 0.663442
v -2.041662 -4.137120 0.660116
v -2.202129 -4.794356 0.657327
v -2.329870 -5.382932 0.658530
v -2.481135 -5.921678 0.663786
v -2.700205 -6.449618 0.678534
v -8.376601 5.851373 0.226014
v -8.419279 5.536683 0.271142
v -8.483600 5.226430 0.296791
v -8.553716 4.905538 0.314311
v -8.613689 4.556267 0.331699
v -8.650661 4.175141 0.352060
v -8.658645 3.773893 0.376496
v -8.634019 3.374750 0.404189
v -8.573487 2.998268 0.433176
v -8.475854 2.655137 0.461809
v -8.342071 2.346707 0.489408
v -8.173027 2.068604 0.516064
v -7.967771 1.813293 0.542237
v -7.722784 1.571524 0.568448
v -7.431927 1.332982 0.595086
v -7.086726 1.086680 0.622289
v -6.676898 0.820930 0.649915
v -6.191005 0.523116 0.677559
v -5.616979 0.179205 0.704678
v -4.942789 -0.226230 0.730857
v -4.163152 -0.708302 0.756333
v -3.325633 -1.277848 0.782647
v -2.611421 -1.934947 0.812250
v -2.169062 -2.654321 0.841370
v -2.036792 -3.388717 0.858740
v -2.145617 -4.096248 0.864298
v -2.305218 -4.751037 0.869527
v -2.439484 -5.343528 0.877609
v -2.597194 -5.889392 0.886417
v -2.821287 -6.423238 0.900847
v -8.423892 5.855205 0.266014
v -8.477631 5.539386 0.320312
v -8.548249 5.225274 0.351089
v -8.623808 4.897227 0.372936
v -8.689532 4.538341 0.395079
v -8.732096 4.147423 0.420657
v -8.744970 3.737851 0.450521
v -8.724387 3.331881 0.483584
v -8.667038 2.949425 0.517635
v -8.571850 2.600822 0.550834
v -8.440065 2.287438 0.582427
v -8.272986 2.005026 0.612548
v -8.070137 1.746272 0.641759
v -7.828531 1.502139 0.670696
v -7.542543 1.262598 0.699871
v -7.204175 1.016908 0.729575
v -6.803524 0.753704 0.759860
v -6.329434 0.460722 0.790573
v -5.770108 0.124375 0.821467
v -5.114161 -0.270345 0.852448
v -4.356704 -0.738334 0.884021
v -3.536325 -1.290481 0.917865
v -2.811566 -1.927733 0.956373
v -2.345690 -2.628499 0.995865
v -2.189918 -3.349082 1.023915
v -2.282907 -4.049420 1.038974
v -2.441376 -4.704732 1.052811
v -2.583598 -5.304641 1.068243
v -2.747574 -5.860751 1.080756
v -2.968346 -6.402200 1.094160
v -8.480188 5.859366 0.296264
v -8.547039 5.542289 0.357387
v -8.625261 5.223594 0.392192
v -8.707687 4.886704 0.417864
v -8.780807 4.515654 0.444459
v -8.830355 4.112175 0.474905
v -8.848900 3.691962 0.509628
v -8.832533 3.277479 0.547259
v -8.778252 2.887877 0.585431
v -8.685378 2.533035 0.622224
v -8.555586 2.214260 0.656881
v -8.390682 1.927459 0.689596
v -8.190737 1.665533 0.721002
v -7.953363 1.419745 0.751803
v -7.673566 1.180361 0.782585
v -7.343948 0.936942 0.813750
v -6.955132 0.678398 0.845520
v -6.496291 0.392769 0.877982
v -5.955847 0.066792 0.911189
v -5.322690 -0.314250 0.945355
v -4.591604 -0.765260 0.981219
v -3.791781 -1.297591 1.020494
v -3.056708 -1.913377 1.065395
v -2.561593 -2.594993 1.112689
v -2.376293 -3.302691 1.149717
v -2.449105 -3.997859 1.173265
v -2.605321 -4.656390 1.194679
v -2.756157 -5.266784 1.216520
v -2.925617 -5.835956 1.232142
v -3.137089 -6.386806 1.243604
v -8.543379 5.863935 0.315230
v -8.624806 5.545642 0.380457
v -8.711621 5.221906 0.417877
v -8.802129 4.874833 0.446432
v -8.884158 4.489444 0.476607
v -8.942025 4.070957 0.510983
v -8.966974 3.637975 0.549511
v -8.954989 3.213406 0.590534
v -8.903668 2.815528 0.631595
v -8.813005 2.453620 0.670786
v -8.685246 2.128878 0.707409
v -8.522736 1.837348 0.741733
v -8.326130 1.572210 0.774443
v -8.093661 1.325068 0.806262
v -7.821060 1.086581 0.837797
v -7.501664 0.846674 0.869507
v -7.126764 0.594558 0.901731
v -6.686003 0.318531 0.934742
v -6.167977 0.005551 0.968838
v -5.561497 -0.358989 1.004479
v -4.860329 -0.790219 1.042564
v -4.084666 -1.300363 1.084762
v -3.341880 -1.893130 1.133075
v -2.811999 -2.554948 1.184963
v -2.589983 -3.250379 1.228380
v -2.637270 -3.941960 1.258426
v -2.789724 -4.605754 1.285365
v -2.950205 -5.228936 1.311739
v -3.125724 -5.813495 1.329384
v -3.325408 -6.375724 1.338256
v -8.610926 5.868873 0.321857
v -8.707724 5.549546 0.388234
v -8.803598 5.220643 0.426607
v -8.902912 4.862630 0.456684
v -8.994812 4.461487 0.488974
v -9.061844 4.026294 0.525701
v -9.093621 3.579027 0.566416
v -9.086045 3.143192 0.609219
v -9.037577 2.736144 0.651597
v -8.949082 2.366423 0.691705
v -8.823483 2.035081 0.728953
v -8.663671 1.738298 0.763696
v -8.470847 1.469554 0.796649
v -8.243892 1.220901 0.828526
v -7.979260 0.983469 0.859912
v -7.671157 0.747660 0.891281
v -7.311687 0.503063 0.923028
v -6.891134 0.238255 0.955537
v -6.398306 -0.059634 0.989249
v -5.821650 -0.405231 1.024769
v -5.153303 -0.814147 1.063054
v -4.405247 -1.299836 1.105663
v -3.659361 -1.868045 1.154417
v -3.090344 -2.509225 1.207625
v -2.823302 -3.192567 1.254568
v -2.838843 -3.881598 1.288778
v -2.985993 -4.551890 1.318811
v -3.158356 -5.189279 1.347440
v -3.342652 -5.790898 1.365979
v -3.531413 -6.366494 1.372485
v -8.680026 5.873967 0.315723
v -8.792229 5.553868 0.380254
v -8.897082 5.220023 0.417815
v -9.005179 4.851045 0.447793
v -9.106990 4.433799 0.480323
v -9.183183 3.981356 0.517349
v -9.221625 3.519236 0.558200
v -9.218198 3.071669 0.600811
v -9.172377 2.655027 0.642644
v -9.086029 2.277086 0.681939
v -8.962765 1.938700 0.718229
v -8.805993 1.636185 0.751948
v -8.617415 1.363342 0.783824
v -8.396482 1.112697 0.814542
v -8.140413 0.875969 0.844663
v -7.844276 0.644121 0.874654
v -7.501171 0.407269 0.904934
v -7.102160 0.154359 0.935928
v -6.636396 -0.127284 0.968127
v -6.091796 -0.452348 1.002165
v -5.458455 -0.837079 1.038956
v -4.740973 -1.296475 1.079886
v -3.998057 -1.838790 1.126631
v -3.388519 -2.458453 1.178413
v -3.068006 -3.129529 1.226367
v -3.045228 -3.816535 1.262724
v -3.185679 -4.493947 1.293727
v -3.373377 -5.146131 1.322497
v -3.570829 -5.765864 1.341073
v -3.752288 -6.356660 1.346161
v -8.747781 5.878829 0.297117
v -8.874770 5.558211 0.356965
v -8.987953 5.219914 0.392037
v -9.104052 4.840672 0.420293
v -9.214807 4.408121 0.451117
v -9.299132 3.939159 0.486273
v -9.343361 3.462761 0.525057
v -9.343439 3.003859 0.565374
v -9.299878 2.577878 0.604696
v -9.215554 2.191850 0.641356
v -9.094720 1.846435 0.675000
v -8.941248 1.538081 0.706106
v -8.757245 1.260884 0.735388
v -8.542677 1.007862 0.763495
v -8.295434 0.771316 0.790973
v -8.011510 0.542872 0.818294
v -7.684999 0.313240 0.845905
v -7.307944 0.071877 0.874253
v -6.869971 -0.193555 0.903829
v -6.358514 -0.497756 0.935226
v -5.761429 -0.857612 0.969243
v -5.076745 -1.289828 1.007050
v -4.343496 -1.805541 1.050154
v -3.696762 -2.403193 1.098610
v -3.316191 -3.061742 1.145708
v -3.248960 -3.746999 1.182800
v -3.381365 -4.431771 1.213304
v -3.587783 -5.098823 1.240663
v -3.802394 -5.737119 1.258752
v -3.981042 -6.344506 1.263503
v -8.811495 5.882911 0.267002
v -8.952074 5.561912 0.319666
v -9.072554 5.219810 0.350812
v -9.195265 4.831548 0.375959
v -9.313165 4.385448 0.403400
v -9.403774 3.901817 0.434769
v -9.452269 3.412724 0.469484
v -9.454816 2.943688 0.505554
v -9.412904 2.509306 0.540540
v -9.330285 2.115930 0.572887
v -9.211790 1.764095 0.602321
v -9.061634 1.450352 0.629316
v -8.882263 1.169097 0.654533
v -8.674047 0.913747 0.678571
v -8.435491 0.677167 0.701956
v -8.163418 0.451571 0.725189
v -7.852968 0.228314 0.748767
v -7.497194 -0.002558 0.773184
v -7.086415 -0.252913 0.798946
v -6.607764 -0.537280 0.826609
v -6.046961 -0.873048 0.856857
v -5.396299 -1.278617 0.890636
v -4.678930 -1.768168 0.929216
v -4.003284 -2.344142 0.973202
v -3.560445 -2.990285 1.018066
v -3.443928 -3.674087 1.054917
v -3.566462 -4.366412 1.084116
v -3.792954 -5.048137 1.109209
v -4.025666 -5.704850 1.126590
v -4.204083 -6.329461 1.131848
v -8.868776 5.885600 0.226886
v -9.021375 5.564170 0.270297
v -9.147909 5.218879 0.296402
v -9.275553 4.823153 0.317423
v -9.398365 4.365831 0.340269
v -9.492927 3.870118 0.366424
v -9.543788 3.370590 0.395498
v -9.547490 2.893207 0.425729
v -9.506388 2.451851 0.454885
v -9.424950 2.052370 0.481574
v -9.308434 1.695229 0.505563
v -9.161335 1.377108 0.527277
v -8.986297 1.092637 0.547276
v -8.784023 0.835598 0.566082
v -8.553518 0.599262 0.584188
v -8.292353 0.376360 0.602111
v -7.996613 0.158767 0.620402
v -7.660403 -0.062875 0.639632
v -7.274852 -0.299899 0.660374
v -6.827099 -0.566516 0.683212
v -6.301127 -0.880389 0.708786
v -5.684327 -1.261371 0.737862
v -4.987540 -1.726581 0.771415
v -4.294158 -2.282447 0.810212
v -3.793144 -2.917081 0.851564
v -3.624804 -3.600060 0.887224
v -3.734691 -4.300244 0.914774
v -3.979421 -4.996364 0.937394
v -4.227688 -5.670955 0.954103
v -4.407072 -6.312537 0.960479
v -8.917686 5.886312 0.178630
v -9.080482 5.564168 0.211185
v -9.211803 5.216216 0.231444
v -9.342693 4.814607 0.247681
v -9.468122 4.348634 0.265200
v -9.564236 3.843719 0.285241
v -9.615454 3.336310 0.307596
v -9.618862 2.852638 0.330847
v -9.577559 2.406013 0.353114
v -9.496573 2.001957 0.373227
v -9.381475 1.640935 0.390995
v -9.236901 1.319777 0.406743
v -9.065621 1.033329 0.420902
v -8.868534 0.775629 0.433883
v -8.645045 0.540277 0.446112
v -8.393337 0.320328 0.458079
v -8.110323 0.108050 0.470357
v -7.791072 -0.105465 0.483577
v -7.427592 -0.331059 0.498399
v -7.007326 -0.582540 0.515492
v -6.513057 -0.877652 0.535523
v -5.928229 -1.237351 0.559146
v -5.254301 -1.681411 0.587048
v -4.554131 -2.219945 0.619833
v -4.005003 -2.845006 0.656042
v -3.785974 -3.528266 0.688968
v -3.880046 -4.236924 0.714666
v -4.138741 -4.947253 0.735123
v -4.399345 -5.638953 0.751328
v -4.584500 -6.297009 0.759275
v -8.956323 5.884913 0.124270
v -9.126096 5.564925 0.144810
v -9.263037 5.209823 0.159953
v -9.395148 4.805282 0.171097
v -9.521204 4.333156 0.182997
v -9.616759 3.821867 0.196546
v -9.665899 3.320058 0.210021
v -9.668204 2.821506 0.225620
v -9.625736 2.371390 0.240438
v -9.544440 1.964365 0.253601
v -9.430079 1.600972 0.264960
v -9.287340 1.278190 0.274728
v -9.119002 0.991042 0.283187
v -8.926075 0.733777 0.290619
v -8.708224 0.500184 0.297341
v -8.464099 0.283518 0.303757
v -8.191265 0.076275 0.310366
v -7.885603 -0.130194 0.317765
v -7.539934 -0.346351 0.326612
v -7.142177 -0.585666 0.337589
v -6.674470 -0.865813 0.351350
v -6.117292 -1.208585 0.368450
v -5.465214 -1.635823 0.389324
v -4.766032 -2.160937 0.414293
v -4.182585 -2.779168 0.442558
v -3.917107 -3.453008 0.470047
v -3.997813 -4.181911 0.496623
v -4.265455 -4.905383 0.515140
v -4.536170 -5.613303 0.530771
v -4.736330 -6.287292 0.540260
v -8.995045 5.878304 0.065870
v -9.157543 5.562341 0.074912
v -9.302748 5.192924 0.088576
v -9.432923 4.792899 0.097291
v -9.557221 4.319755 0.103951
v -9.649620 3.826486 0.108130
v -9.695319 3.332956 0.107996
v -9.695529 2.822079 0.114206
v -9.652496 2.348748 0.121516
v -9.570481 1.940204 0.127913
v -9.456300 1.575723 0.133302
v -9.314631 1.252410 0.137785
v -9.148206 0.965417 0.141500
v -8.958067 0.709119 0.144588
v -8.744014 0.477414 0.147224
v -8.505001 0.263650 0.149639
v -8.239011 0.060406 0.152137
v -7.942471 -0.140831 0.155095
v -7.608823 -0.350327 0.158950
v -7.226421 -0.581302 0.164161
v -6.777101 -0.851380 0.171165
v -6.239447 -1.182839 0.180305
v -5.603655 -1.598996 0.191797
v -4.908672 -2.115510 0.205745
v -4.302854 -2.707627 0.221967
v -4.008472 -3.404677 0.242764
v -4.083833 -4.163260 0.279301
v -4.357675 -4.876594 0.302402
v -4.634937 -5.597140 0.315830
v -4.855132 -6.286336 0.320704
v -5.964286 0.707261 -0.110768
v -6.459289 1.002839 -0.105266
v -9.350327 5.118964 0.029926
v -9.459084 4.771634 0.038446
v -9.577065 4.319763 0.040649
v -9.665357 3.848337 0.035222
v -9.698923 3.494411 -0.000001
v -6.875023 1.261075 -0.098919
v -7.223932 1.496229 -0.092214
v -7.517165 1.721219 -0.085492
v -7.764062 1.948035 -0.078968
v -7.971671 2.187754 -0.072747
v -8.144427 2.450306 -0.066855
v -8.284162 2.743784 -0.061284
v -8.390537 3.072991 -0.056031
v -8.462526 3.436684 -0.051164
v -8.500355 3.823513 -0.046908
v -8.505849 4.211363 -0.043502
v -8.481505 4.577211 -0.041052
v -8.432722 4.911284 -0.039231
v -8.372303 5.220593 -0.037490
v -8.318650 5.524629 -0.034770
v -8.294588 5.838065 -0.034230
v -8.300585 5.840808 -0.074529
v -8.325781 5.527329 -0.084236
v -8.380206 5.222959 -0.091471
v -4.147860 -4.279584 0.097229
v -4.415287 -4.894443 0.125417
v -4.694871 -5.591323 0.135385
v -4.924681 -6.292205 0.129423
v -8.441594 4.912852 -0.096116
v -8.491782 4.577709 -0.100726
v -8.517984 4.210798 -0.106582
v -8.514708 3.821923 -0.114318
v -8.479189 3.433953 -0.123795
v -8.409243 3.068743 -0.134318
v -8.304379 2.737547 -0.145383
v -8.165506 2.441621 -0.156785
v -7.992958 2.176211 -0.168534
v -7.784958 1.933304 -0.180707
v -7.537126 1.703078 -0.193343
v -7.242487 1.474573 -0.206351
v -6.891788 1.236002 -0.219455
v -6.474028 0.974676 -0.232147
v -5.976990 0.676695 -0.243678
v -5.387417 0.326423 -0.253142
v -4.690531 -0.093392 -0.259709
v -3.876481 -0.599559 -0.263007
v -3.004523 -1.204217 -0.263561
v -2.306673 -1.886840 -0.263366
v -1.895757 -2.629689 -0.253567
v -1.792738 -3.455968 -0.229675
v -1.935446 -4.197209 -0.217789
v -2.099725 -4.858512 -0.211260
v -2.223344 -5.447753 -0.207850
v -2.367271 -5.981593 -0.207968
v -2.570730 -6.506873 -0.212716
v -8.314775 5.844131 -0.125341
v -8.343124 5.530669 -0.147046
v -8.399367 5.225310 -0.160431
v -8.462577 4.913274 -0.169053
v -8.515048 4.575603 -0.177417
v -8.544046 4.206146 -0.187650
v -8.543965 3.814994 -0.200721
v -8.511724 3.424724 -0.216247
v -8.444674 3.056869 -0.233108
v -8.341999 2.722537 -0.250372
v -8.204515 2.423010 -0.267659
v -8.032623 2.153631 -0.285000
v -7.824697 1.906526 -0.302594
v -7.576525 1.672022 -0.320631
v -7.281283 1.439366 -0.339155
v -6.929893 1.197005 -0.357980
v -6.511538 0.932585 -0.376632
v -6.014282 0.632631 -0.394350
v -5.425271 0.282058 -0.410180
v -4.730601 -0.135753 -0.423272
v -3.922185 -0.636924 -0.433362
v -3.058851 -1.233024 -0.441374
v -2.356384 -1.923654 -0.449195
v -1.944367 -2.667779 -0.455076
v -1.840951 -3.445289 -0.448794
v -1.972452 -4.169715 -0.439914
v -2.134571 -4.831908 -0.432320
v -2.258780 -5.419856 -0.429069
v -2.405123 -5.954719 -0.431711
v -2.613395 -6.479184 -0.443355
v -8.339926 5.847714 -0.178096
v -8.374056 5.533853 -0.212164
v -8.433565 5.226552 -0.231901
v -8.499620 4.910993 -0.244926
v -8.555282 4.568731 -0.257652
v -8.587833 4.194683 -0.272829
v -8.591542 3.799500 -0.291590
v -8.563023 3.405556 -0.313357
v -8.499215 3.033933 -0.336539
v -8.399035 2.695563 -0.359798
v -8.263311 2.391769 -0.382585
v -8.092619 2.118024 -0.404954
v -7.885611 1.866631 -0.427246
v -7.638357 1.628098 -0.449826
v -7.344324 1.391896 -0.472916
v -6.994673 1.146746 -0.496488
v -6.578840 0.880646 -0.520212
v -6.085126 0.580550 -0.543469
v -5.501107 0.231929 -0.565458
v -4.813858 -0.181203 -0.585496
v -4.016979 -0.674386 -0.603544
v -3.165265 -1.258674 -0.620893
v -2.459242 -1.933738 -0.639843
v -2.034441 -2.671102 -0.656997
v -1.920298 -3.420264 -0.663444
v -2.041662 -4.137120 -0.660119
v -2.202129 -4.794358 -0.657329
v -2.329869 -5.382930 -0.658532
v -2.481135 -5.921678 -0.663788
v -2.700205 -6.449620 -0.678536
v -8.376601 5.851373 -0.226016
v -8.419280 5.536683 -0.271144
v -8.483598 5.226430 -0.296793
v -8.553716 4.905536 -0.314313
v -8.613690 4.556267 -0.331701
v -8.650661 4.175142 -0.352062
v -8.658647 3.773892 -0.376498
v -8.634020 3.374750 -0.404191
v -8.573487 2.998269 -0.433178
v -8.475854 2.655136 -0.461812
v -8.342070 2.346707 -0.489411
v -8.173025 2.068603 -0.516066
v -7.967772 1.813292 -0.542239
v -7.722785 1.571524 -0.568451
v -7.431927 1.332983 -0.595088
v -7.086727 1.086681 -0.622291
v -6.676898 0.820932 -0.649917
v -6.191004 0.523115 -0.677562
v -5.616978 0.179205 -0.704680
v -4.942789 -0.226228 -0.730859
v -4.163153 -0.708302 -0.756336
v -3.325632 -1.277850 -0.782650
v -2.611421 -1.934947 -0.812252
v -2.169062 -2.654321 -0.841372
v -2.036792 -3.388717 -0.858742
v -2.145616 -4.096248 -0.864300
v -2.305216 -4.751037 -0.869529
v -2.439483 -5.343528 -0.877611
v -2.597194 -5.889394 -0.886420
v -2.821286 -6.423240 -0.900849
v -8.423892 5.855205 -0.266017
v -8.477631 5.539386 -0.320314
v -8.548248 5.225274 -0.351090
v -8.623809 4.897227 -0.372938
v -8.689533 4.538340 -0.395082
v -8.732097 4.147423 -0.420660
v -8.744971 3.737850 -0.450522
v -8.724387 3.331882 -0.483586
v -8.667038 2.949425 -0.517637
v -8.571850 2.600822 -0.550836
v -8.440066 2.287437 -0.582429
v -8.272984 2.005025 -0.612550
v -8.070137 1.746272 -0.641761
v -7.828530 1.502139 -0.670699
v -7.542545 1.262599 -0.699873
v -7.204175 1.016909 -0.729578
v -6.803524 0.753704 -0.759862
v -6.329433 0.460722 -0.790575
v -5.770108 0.124375 -0.821469
v -5.114160 -0.270345 -0.852449
v -4.356704 -0.738334 -0.884024
v -3.536325 -1.290481 -0.917867
v -2.811566 -1.927733 -0.956376
v -2.345689 -2.628499 -0.995867
v -2.189917 -3.349082 -1.023917
v -2.282906 -4.049420 -1.038976
v -2.441375 -4.704734 -1.052812
v -2.583597 -5.304641 -1.068245
v -2.747573 -5.860751 -1.080758
v -2.968345 -6.402202 -1.094161
v -8.480188 5.859365 -0.296266
v -8.547039 5.542289 -0.357388
v -8.625261 5.223594 -0.392194
v -8.707688 4.886703 -0.417866
v -8.780808 4.515656 -0.444461
v -8.830357 4.112175 -0.474907
v -8.848901 3.691962 -0.509630
v -8.832533 3.277479 -0.547262
v -8.778252 2.887878 -0.585433
v -8.685378 2.533035 -0.622226
v -8.555586 2.214260 -0.656884
v -8.390682 1.927459 -0.689598
v -8.190738 1.665533 -0.721004
v -7.953364 1.419745 -0.751806
v -7.673566 1.180361 -0.782587
v -7.343949 0.936943 -0.813752
v -6.955132 0.678397 -0.845522
v -6.496291 0.392771 -0.877984
v -5.955847 0.066792 -0.911191
v -5.322690 -0.314250 -0.945357
v -4.591603 -0.765260 -0.981221
v -3.791781 -1.297591 -1.020497
v -3.056708 -1.913377 -1.065397
v -2.561592 -2.594993 -1.112692
v -2.376293 -3.302690 -1.149719
v -2.449105 -3.997859 -1.173267
v -2.605318 -4.656390 -1.194682
v -2.756156 -5.266786 -1.216522
v -2.925614 -5.835956 -1.232144
v -3.137088 -6.386806 -1.243606
v -8.543379 5.863935 -0.315232
v -8.624806 5.545642 -0.380459
v -8.711621 5.221906 -0.417879
v -8.802128 4.874833 -0.446434
v -8.884158 4.489443 -0.476610
v -8.942025 4.070958 -0.510985
v -8.966974 3.637975 -0.549513
v -8.954988 3.213406 -0.590536
v -8.903669 2.815528 -0.631598
v -8.813004 2.453619 -0.670788
v -8.685246 2.128877 -0.707411
v -8.522735 1.837347 -0.741735
v -8.326130 1.572210 -0.774445
v -8.093661 1.325068 -0.806264
v -7.821062 1.086582 -0.837800
v -7.501665 0.846675 -0.869509
v -7.126764 0.594559 -0.901733
v -6.686003 0.318530 -0.934744
v -6.167976 0.005550 -0.968840
v -5.561497 -0.358987 -1.004481
v -4.860329 -0.790221 -1.042566
v -4.084665 -1.300363 -1.084764
v -3.341879 -1.893130 -1.133077
v -2.811998 -2.554948 -1.184965
v -2.589982 -3.250379 -1.228383
v -2.637269 -3.941962 -1.258429
v -2.789724 -4.605754 -1.285367
v -2.950202 -5.228936 -1.311741
v -3.125723 -5.813497 -1.329387
v -3.325406 -6.375722 -1.338258
v -8.610926 5.868873 -0.321859
v -8.707723 5.549544 -0.388236
v -8.803598 5.220643 -0.426609
v -8.902912 4.862630 -0.456686
v -8.994810 4.461487 -0.488976
v -9.061844 4.026294 -0.525702
v -9.093621 3.579027 -0.566418
v -9.086045 3.143194 -0.609221
v -9.037577 2.736145 -0.651599
v -8.949083 2.366423 -0.691707
v -8.823482 2.035081 -0.728955
v -8.663672 1.738298 -0.763698
v -8.470848 1.469556 -0.796651
v -8.243892 1.220901 -0.828527
v -7.979261 0.983470 -0.859914
v -7.671157 0.747659 -0.891284
v -7.311687 0.503064 -0.923031
v -6.891135 0.238256 -0.955539
v -6.398306 -0.059635 -0.989251
v -5.821650 -0.405231 -1.024772
v -5.153303 -0.814149 -1.063056
v -4.405247 -1.299838 -1.105665
v -3.659360 -1.868045 -1.154420
v -3.090343 -2.509225 -1.207628
v -2.823300 -3.192569 -1.254571
v -2.838842 -3.881598 -1.288780
v -2.985993 -4.551892 -1.318814
v -3.158356 -5.189277 -1.347443
v -3.342650 -5.790898 -1.365982
v -3.531411 -6.366496 -1.372487
v -8.680026 5.873967 -0.315725
v -8.792228 5.553866 -0.380256
v -8.897081 5.220023 -0.417818
v -9.005179 4.851045 -0.447795
v -9.106991 4.433800 -0.480325
v -9.183182 3.981356 -0.517351
v -9.221624 3.519237 -0.558202
v -9.218199 3.071669 -0.600814
v -9.172378 2.655028 -0.642646
v -9.086030 2.277086 -0.681941
v -8.962765 1.938700 -0.718232
v -8.805993 1.636185 -0.751950
v -8.617415 1.363342 -0.783826
v -8.396483 1.112697 -0.814544
v -8.140411 0.875967 -0.844665
v -7.844277 0.644122 -0.874657
v -7.501169 0.407270 -0.904936
v -7.102160 0.154358 -0.935930
v -6.636396 -0.127281 -0.968129
v -6.091797 -0.452348 -1.002167
v -5.458455 -0.837079 -1.038959
v -4.740973 -1.296475 -1.079888
v -3.998057 -1.838792 -1.126634
v -3.388519 -2.458453 -1.178416
v -3.068006 -3.129533 -1.226369
v -3.045227 -3.816535 -1.262726
v -3.185679 -4.493945 -1.293730
v -3.373375 -5.146131 -1.322500
v -3.570829 -5.765864 -1.341075
v -3.752287 -6.356660 -1.346163
v -8.747781 5.878829 -0.297120
v -8.874769 5.558211 -0.356967
v -8.987953 5.219914 -0.392039
v -9.104052 4.840672 -0.420295
v -9.214807 4.408121 -0.451118
v -9.299133 3.939160 -0.486275
v -9.343361 3.462761 -0.525059
v -9.343437 3.003858 -0.565376
v -9.299877 2.577879 -0.604698
v -9.215554 2.191850 -0.641358
v -9.094721 1.846436 -0.675002
v -8.941249 1.538080 -0.706108
v -8.757245 1.260884 -0.735391
v -8.542677 1.007862 -0.763498
v -8.295434 0.771316 -0.790976
v -8.011510 0.542872 -0.818296
v -7.684999 0.313240 -0.845907
v -7.307945 0.071877 -0.874255
v -6.869971 -0.193555 -0.903831
v -6.358514 -0.497754 -0.935228
v -5.761429 -0.857614 -0.969245
v -5.076745 -1.289828 -1.007052
v -4.343495 -1.805541 -1.050156
v -3.696761 -2.403195 -1.098612
v -3.316191 -3.061744 -1.145710
v -3.248959 -3.746999 -1.182802
v -3.381364 -4.431771 -1.213306
v -3.587782 -5.098821 -1.240665
v -3.802393 -5.737119 -1.258755
v -3.981043 -6.344506 -1.263505
v -8.811495 5.882911 -0.267005
v -8.952074 5.561913 -0.319668
v -9.072554 5.219808 -0.350814
v -9.195265 4.831548 -0.375962
v -9.313165 4.385448 -0.403403
v -9.403774 3.901816 -0.434772
v -9.452269 3.412724 -0.469487
v -9.454815 2.943687 -0.505556
v -9.412903 2.509305 -0.540542
v -9.330285 2.115931 -0.572890
v -9.211791 1.764095 -0.602324
v -9.061634 1.450353 -0.629318
v -8.882265 1.169097 -0.654535
v -8.674046 0.913747 -0.678573
v -8.435491 0.677167 -0.701959
v -8.163418 0.451571 -0.725192
v -7.852968 0.228314 -0.748770
v -7.497194 -0.002558 -0.773187
v -7.086416 -0.252913 -0.798948
v -6.607765 -0.537280 -0.826611
v -6.046962 -0.873048 -0.856859
v -5.396299 -1.278617 -0.890638
v -4.678930 -1.768168 -0.929219
v -4.003285 -2.344140 -0.973204
v -3.560446 -2.990285 -1.018068
v -3.443929 -3.674088 -1.054919
v -3.566462 -4.366410 -1.084118
v -3.792954 -5.048137 -1.109211
v -4.025666 -5.704850 -1.126593
v -4.204082 -6.329461 -1.131850
v -8.868776 5.885600 -0.226888
v -9.021375 5.564170 -0.270300
v -9.147909 5.218879 -0.296404
v -9.275552 4.823153 -0.317425
v -9.398365 4.365831 -0.340272
v -9.492927 3.870119 -0.366426
v -9.543788 3.370588 -0.395500
v -9.547491 2.893207 -0.425731
v -9.506389 2.451851 -0.454888
v -9.424950 2.052370 -0.481576
v -9.308434 1.695229 -0.505565
v -9.161335 1.377108 -0.527279
v -8.986295 1.092637 -0.547278
v -8.784025 0.835597 -0.566085
v -8.553519 0.599263 -0.584191
v -8.292354 0.376360 -0.602113
v -7.996612 0.158767 -0.620404
v -7.660405 -0.062874 -0.639634
v -7.274853 -0.299899 -0.660376
v -6.827100 -0.566516 -0.683214
v -6.301129 -0.880387 -0.708788
v -5.684328 -1.261373 -0.737864
v -4.987537 -1.726583 -0.771417
v -4.294161 -2.282447 -0.810214
v -3.793144 -2.917079 -0.851566
v -3.624804 -3.600060 -0.887226
v -3.734694 -4.300244 -0.914776
v -3.979421 -4.996362 -0.937397
v -4.227688 -5.670953 -0.954105
v -4.407070 -6.312539 -0.960481
v -8.917687 5.886312 -0.178633
v -9.080482 5.564168 -0.211187
v -9.211803 5.216216 -0.231447
v -9.342693 4.814605 -0.247683
v -9.468122 4.348634 -0.265203
v -9.564235 3.843717 -0.285243
v -9.615454 3.336310 -0.307598
v -9.618863 2.852637 -0.330849
v -9.577559 2.406013 -0.353116
v -9.496573 2.001957 -0.373229
v -9.381476 1.640935 -0.390997
v -9.236900 1.319778 -0.406745
v -9.065621 1.033329 -0.420904
v -8.868534 0.775630 -0.433885
v -8.645046 0.540277 -0.446114
v -8.393338 0.320328 -0.458081
v -8.110324 0.108051 -0.470360
v -7.791073 -0.105466 -0.483579
v -7.427593 -0.331059 -0.498402
v -7.007327 -0.582538 -0.515495
v -6.513057 -0.877654 -0.535526
v -5.928228 -1.237351 -0.559148
v -5.254303 -1.681411 -0.587050
v -4.554129 -2.219949 -0.619835
v -4.005003 -2.845004 -0.656044
v -3.785974 -3.528266 -0.688970
v -3.880047 -4.236922 -0.714669
v -4.138741 -4.947255 -0.735125
v -4.399343 -5.638951 -0.751330
v -4.584499 -6.297009 -0.759277
v -8.956323 5.884913 -0.124272
v -9.126096 5.564925 -0.144812
v -9.263036 5.209823 -0.159956
v -9.395149 4.805282 -0.171100
v -9.521204 4.333155 -0.183000
v -9.616760 3.821867 -0.196548
v -9.665899 3.320058 -0.210023
v -9.668204 2.821506 -0.225622
v -9.625737 2.371390 -0.240440
v -9.544441 1.964365 -0.253604
v -9.430078 1.600973 -0.264962
v -9.287340 1.278190 -0.274730
v -9.119001 0.991043 -0.283189
v -8.926075 0.733778 -0.290621
v -8.708224 0.500186 -0.297343
v -8.464100 0.283520 -0.303759
v -8.191265 0.076275 -0.310368
v -7.885605 -0.130193 -0.317767
v -7.539935 -0.346351 -0.326614
v -7.142177 -0.585666 -0.337591
v -6.674471 -0.865813 -0.351352
v -6.117293 -1.208585 -0.368453
v -5.465215 -1.635823 -0.389327
v -4.766033 -2.160937 -0.414295
v -4.182584 -2.779170 -0.442561
v -3.917109 -3.453010 -0.470049
v -3.997815 -4.181911 -0.496625
v -4.265455 -4.905383 -0.515142
v -4.536170 -5.613303 -0.530774
v -4.736328 -6.287292 -0.540262
v -8.995044 5.878303 -0.065872
v -9.157543 5.562341 -0.074914
v -9.302749 5.192922 -0.088578
v -9.432923 4.792899 -0.097293
v -9.557221 4.319756 -0.103952
v -9.649620 3.826486 -0.108132
v -9.695319 3.332956 -0.107998
v -9.695529 2.822079 -0.114208
v -9.652496 2.348748 -0.121518
v -9.570480 1.940204 -0.127914
v -9.456301 1.575722 -0.133304
v -9.314631 1.252410 -0.137787
v -9.148206 0.965418 -0.141501
v -8.958067 0.709120 -0.144591
v -8.744014 0.477414 -0.147227
v -8.505002 0.263652 -0.149641
v -8.239011 0.060406 -0.152139
v -7.942471 -0.140831 -0.155097
v -7.608824 -0.350327 -0.158952
v -7.226421 -0.581300 -0.164163
v -6.777101 -0.851380 -0.171167
v -6.239448 -1.182839 -0.180308
v -5.603656 -1.598996 -0.191800
v -4.908672 -2.115510 -0.205748
v -4.302853 -2.707627 -0.221969
v -4.008472 -3.404677 -0.242766
v -4.083833 -4.163259 -0.279303
v -4.357675 -4.876594 -0.302404
v -4.634936 -5.597140 -0.315832
v -4.855132 -6.286336 -0.320706
v -9.350327 5.118964 -0.029929
v -9.459084 4.771634 -0.038449
v -9.577066 4.319763 -0.040651
v -8.435926 6.345860 0.075846
v -2.819684 -7.083377 -0.000001
v -8.787022 6.152848 -0.000001
v -5.368620 -6.974761 -0.000001
v -8.309146 6.142732 -0.000001
v -1.794451 -2.719552 -0.000001
v -9.303707 5.259204 -0.000001
v -4.072423 -4.017110 -0.000001
v -1.910470 -2.377557 -0.000001
v -2.297770 -1.804700 -0.000001
v -2.990489 -1.160771 -0.000001
v -3.865069 -0.559348 -0.000001
v -4.680350 -0.049971 -0.000001
v -5.375590 0.370060 -0.000001
v -5.962401 0.718333 -0.000001
v -6.456276 1.012820 -0.000001
v -6.870942 1.269756 -0.000001
v -7.218925 1.503507 -0.000001
v -7.511437 1.727104 -0.000001
v -7.757852 1.952598 -0.000001
v -7.965217 2.191113 -0.000001
v -8.137997 2.452619 -0.000001
v -8.278015 2.745225 -0.000001
v -8.384930 3.073758 -0.000001
v -8.457658 3.436971 -0.000001
v -8.496325 3.823464 -0.000001
v -8.502617 4.211077 -0.000001
v -8.478930 4.576655 -0.000001
v -8.430622 4.910464 -0.000001
v -8.370506 5.219598 -0.000001
v -8.316992 5.523450 -0.000001
v -8.284276 5.844354 -0.000001
v -4.944569 -6.295712 -0.000000
v -4.712036 -5.589879 -0.000001
v -4.434224 -4.891389 -0.000001
v -4.165702 -4.307216 -0.000001
v -9.669353 3.856133 -0.000001
v -9.583158 4.316555 -0.000001
v -9.466496 4.766061 -0.000001
v -9.360491 5.104688 -0.000001
v -4.027826 -3.306090 -0.000001
v -4.346669 -2.698388 -0.000001
v -4.958355 -2.086787 -0.000001
v -5.652553 -1.584382 -0.000001
v -6.282121 -1.172170 -0.000001
v -6.812579 -0.844754 -0.000001
v -7.255220 -0.578301 -0.000001
v -7.632075 -0.350369 -0.000001
v -7.961406 -0.143352 -0.000001
v -8.254664 0.055884 -0.000001
v -8.518200 0.257545 -0.000001
v -8.755371 0.470109 -0.000001
v -8.968055 0.700968 -0.000001
v -9.157201 0.956767 -0.000001
v -9.322948 1.243553 -0.000001
v -9.464281 1.566934 -0.000001
v -9.578474 1.931685 -0.000001
v -9.660414 2.351337 -0.000001
v -9.704044 2.835504 -0.000001
v -9.168310 5.583789 -0.000001
v -8.990074 5.895112 -0.000001
v -2.564570 -6.521312 -0.000001
v -2.359221 -5.993020 -0.000001
v -2.213431 -5.458438 -0.000001
v -2.089464 -4.871385 -0.000001
v -1.921148 -4.210437 -0.000001
v -1.767859 -3.487515 -0.000001
v -8.371964 6.480817 -0.000001
v -8.371834 6.480895 -0.000001
v -8.371374 6.473285 -0.000001
v -8.370802 6.452111 -0.000001
v -8.484015 6.396850 -0.000001
v -8.426213 6.439221 -0.000001
v -8.371674 6.480926 -0.000001
v -8.371655 6.480903 -0.000001
v -8.371769 6.480924 -0.000001
v -8.351541 6.386010 -0.000001
v -8.381504 6.474200 -0.000001
v -8.371635 6.480857 -0.000001
v -8.371729 6.480935 -0.000001
v -8.379622 6.475499 -0.000001
v -8.371618 6.480748 -0.000001
v -8.371698 6.480935 -0.000001
v -9.665357 3.848338 -0.035224
v -4.147861 -4.279584 -0.097231
v -4.415287 -4.894444 -0.125419
v -4.694872 -5.591325 -0.135387
v -4.924681 -6.292205 -0.129425
v -8.435926 6.345860 -0.075848
vt 1.000000 0.983871
vt 1.000000 1.000000
vt 0.968750 1.000000
vt 0.968750 0.983871
vt 0.937500 1.000000
vt 0.937500 0.983871
vt 0.906250 1.000000
vt 0.906250 0.983871
vt 0.875000 1.000000
vt 0.875000 0.983871
vt 0.843750 1.000000
vt 0.843750 0.983871
vt 0.812500 1.000000
vt 0.812500 0.983871
vt 0.781250 1.000000
vt 0.781250 0.983871
vt 0.750000 1.000000
vt 0.750000 0.983871
vt 0.718750 1.000000
vt 0.718750 0.983871
vt 0.687500 1.000000
vt 0.687500 0.983871
vt 0.656250 1.000000
vt 0.656250 0.983871
vt 0.625000 1.000000
vt 0.625000 0.983871
vt 0.593750 1.000000
vt 0.593750 0.983871
vt 0.562500 1.000000
vt 0.562500 0.983871
vt 0.531250 1.000000
vt 0.531250 0.983871
vt 0.010842 0.709677
vt 0.000000 0.709677
vt 0.000000 0.725806
vt 0.010444 0.725806
vt 0.531250 0.919355
vt 0.500000 0.919355
vt 0.500000 0.935484
vt 0.531250 0.935484
vt 0.562500 0.967742
vt 0.531250 0.967742
vt 0.531250 0.983871
vt 0.562500 0.983871
vt 0.625000 0.500000
vt 0.593750 0.500000
vt 0.593750 0.516129
vt 0.625000 0.516129
vt 0.656250 0.516129
vt 0.625000 0.532258
vt 0.656250 0.532258
vt 0.687500 0.532258
vt 0.656250 0.548387
vt 0.687500 0.548387
vt 0.718750 0.548387
vt 0.687500 0.564516
vt 0.718750 0.564516
vt 0.750000 0.564516
vt 0.718750 0.580645
vt 0.750000 0.580645
vt 0.781250 0.580645
vt 0.750000 0.596774
vt 0.781250 0.596774
vt 0.812500 0.596774
vt 0.781250 0.612903
vt 0.812500 0.612903
vt 0.843750 0.612903
vt 0.812500 0.629032
vt 0.843750 0.629032
vt 0.875000 0.629032
vt 0.843750 0.645161
vt 0.875000 0.645161
vt 0.906250 0.645161
vt 0.875000 0.661290
vt 0.906250 0.661290
vt 0.937500 0.661290
vt 0.906250 0.677419
vt 0.937500 0.677419
vt 0.968750 0.677419
vt 0.937500 0.693548
vt 0.968750 0.693548
vt 0.343750 1.000000
vt 0.343888 1.000000
vt 0.343750 1.000000
vt 1.000000 0.693548
vt 0.968750 0.709677
vt 1.000000 0.709677
vt 0.000689 0.983871
vt 0.000952 1.000000
vt 0.000000 1.000000
vt 0.000000 0.983871
vt 0.757848 0.489227
vt 0.796822 0.485388
vt 0.841844 0.471731
vt 0.883337 0.449553
vt 0.919706 0.419706
vt 0.949553 0.383337
vt 0.971731 0.341844
vt 0.985388 0.296822
vt 0.990000 0.250000
vt 0.985388 0.203178
vt 0.971731 0.158156
vt 0.949553 0.116663
vt 0.919706 0.080294
vt 0.883337 0.050447
vt 0.841844 0.028269
vt 0.796822 0.014612
vt 0.750000 0.010000
vt 0.735453 0.011433
vt 0.531250 0.677419
vt 0.509346 0.677419
vt 0.508969 0.693548
vt 0.531250 0.693548
vt 0.531250 0.709677
vt 0.508214 0.709677
vt 0.507239 0.725806
vt 0.531250 0.725806
vt 0.531250 0.741935
vt 0.506165 0.741935
vt 0.505086 0.758064
vt 0.531250 0.758064
vt 0.531250 0.774194
vt 0.504065 0.774193
vt 0.503141 0.790322
vt 0.531250 0.790323
vt 0.531250 0.806451
vt 0.502332 0.806451
vt 0.501642 0.822581
vt 0.531250 0.822581
vt 0.531250 0.838709
vt 0.501066 0.838709
vt 0.500599 0.854839
vt 0.531250 0.854839
vt 0.000779 0.612903
vt 0.000000 0.612903
vt 0.000000 0.609086
vt 0.003738 0.629032
vt 0.000000 0.629032
vt 0.006326 0.645161
vt 0.000000 0.645161
vt 0.008440 0.661290
vt 0.000000 0.661290
vt 0.009934 0.677419
vt 0.000000 0.677419
vt 0.010718 0.693548
vt 0.000000 0.693548
vt 0.000000 0.709677
vt 0.000000 0.725806
vt 0.009657 0.741935
vt 0.000000 0.741935
vt 0.008596 0.758064
vt 0.000000 0.758064
vt 0.007370 0.774193
vt 0.000000 0.774193
vt 0.006084 0.790322
vt 0.000000 0.790322
vt 0.004829 0.806451
vt 0.000000 0.806451
vt 0.003677 0.822581
vt 0.000000 0.822580
vt 0.002670 0.838710
vt 0.000000 0.838710
vt 0.001832 0.854839
vt 0.000000 0.854839
vt 0.001168 0.870968
vt 0.000000 0.870968
vt 0.000671 0.887097
vt 0.000000 0.887097
vt 0.000335 0.903226
vt 0.000000 0.903226
vt 0.000130 0.919355
vt 0.000000 0.919355
vt 0.000088 0.935484
vt 0.000000 0.935484
vt 0.000220 0.951613
vt 0.000000 0.951613
vt 0.000445 0.967742
vt 0.000000 0.967742
vt 0.531250 0.661290
vt 0.509175 0.661290
vt 0.500236 0.870968
vt 0.531250 0.870968
vt 0.625000 1.000000
vt 0.625000 1.000000
vt 0.656250 1.000000
vt 0.218750 1.000000
vt 0.218750 1.000000
vt 0.218851 1.000000
vt 0.781250 1.000000
vt 0.781250 1.000000
vt 0.812500 1.000000
vt 0.375000 1.000000
vt 0.375000 1.000000
vt 0.375175 1.000000
vt 0.937500 1.000000
vt 0.937500 1.000000
vt 0.968750 1.000000
vt 0.531250 1.000000
vt 0.531250 1.000000
vt 0.562500 1.000000
vt 0.125000 1.000000
vt 0.125000 1.000000
vt 0.125125 1.000000
vt 0.687500 1.000000
vt 0.687500 1.000000
vt 0.718750 1.000000
vt 0.281250 1.000000
vt 0.281250 1.000000
vt 0.281357 1.000000
vt 0.843750 1.000000
vt 0.843750 1.000000
vt 0.875000 1.000000
vt 0.437500 1.000000
vt 0.437500 1.000000
vt 0.437990 1.000000
vt 0.031250 1.000000
vt 0.031250 1.000000
vt 0.031532 1.000000
vt 0.593750 1.000000
vt 0.593750 1.000000
vt 0.187500 1.000000
vt 0.187500 1.000000
vt 0.187604 1.000000
vt 0.750000 1.000000
vt 0.750000 1.000000
vt 1.000000 0.967742
vt 0.968750 0.967742
vt 0.968750 0.983871
vt 1.000000 0.983871
vt 1.000000 0.935484
vt 0.968750 0.935484
vt 0.968750 0.951613
vt 1.000000 0.951613
vt 1.000000 0.903226
vt 0.968750 0.903226
vt 0.968750 0.919355
vt 1.000000 0.919355
vt 1.000000 0.870968
vt 0.968750 0.870968
vt 0.968750 0.887097
vt 1.000000 0.887097
vt 1.000000 0.838710
vt 0.968750 0.838710
vt 0.968750 0.854839
vt 1.000000 0.854839
vt 1.000000 0.806451
vt 0.968750 0.806451
vt 0.968750 0.822581
vt 1.000000 0.822581
vt 1.000000 0.774193
vt 0.968750 0.774194
vt 0.968750 0.790322
vt 1.000000 0.790322
vt 1.000000 0.741935
vt 0.968750 0.741935
vt 0.968750 0.758064
vt 1.000000 0.758064
vt 1.000000 0.677419
vt 1.000000 0.661290
vt 0.968750 0.661290
vt 1.000000 0.645161
vt 0.968750 0.645161
vt 1.000000 0.629032
vt 0.968750 0.629032
vt 1.000000 0.612903
vt 0.968750 0.612903
vt 0.997544 0.596774
vt 0.968750 0.596774
vt 1.000000 0.609086
vt 0.994206 0.580645
vt 0.968750 0.580645
vt 0.991126 0.564516
vt 0.968750 0.564516
vt 0.988913 0.548387
vt 0.968750 0.548387
vt 0.988131 0.532258
vt 0.968750 0.532258
vt 0.989334 0.516129
vt 0.968750 0.516129
vt 0.994762 0.500000
vt 0.968750 0.500000
vt 0.937500 0.967742
vt 0.937500 0.983871
vt 0.937500 0.951613
vt 0.937500 0.935484
vt 0.937500 0.919355
vt 0.937500 0.903226
vt 0.937500 0.887097
vt 0.937500 0.870968
vt 0.937500 0.854839
vt 0.937500 0.838709
vt 0.937500 0.822581
vt 0.937500 0.806451
vt 0.937500 0.790323
vt 0.937500 0.774193
vt 0.937500 0.758064
vt 0.937500 0.741935
vt 0.968750 0.725806
vt 0.937500 0.725806
vt 0.937500 0.709677
vt 0.937500 0.645161
vt 0.937500 0.629032
vt 0.937500 0.612903
vt 0.937500 0.596774
vt 0.937500 0.580645
vt 0.937500 0.564516
vt 0.937500 0.548387
vt 0.937500 0.532258
vt 0.937500 0.516129
vt 0.937500 0.500000
vt 0.906250 0.967742
vt 0.906250 0.983871
vt 0.906250 0.951613
vt 0.906250 0.935484
vt 0.906250 0.919355
vt 0.906250 0.903226
vt 0.906250 0.887097
vt 0.906250 0.870968
vt 0.906250 0.854839
vt 0.906250 0.838710
vt 0.906250 0.822581
vt 0.906250 0.806451
vt 0.906250 0.790322
vt 0.906250 0.774193
vt 0.906250 0.758064
vt 0.906250 0.741935
vt 0.906250 0.725806
vt 0.906250 0.709677
vt 0.906250 0.693548
vt 0.906250 0.629032
vt 0.906250 0.612903
vt 0.906250 0.596774
vt 0.906250 0.580645
vt 0.906250 0.564516
vt 0.906250 0.548387
vt 0.906250 0.532258
vt 0.906250 0.516129
vt 0.906250 0.500000
vt 0.875000 0.967742
vt 0.875000 0.983871
vt 0.875000 0.951613
vt 0.875000 0.935484
vt 0.875000 0.919355
vt 0.875000 0.903226
vt 0.875000 0.887097
vt 0.875000 0.870968
vt 0.875000 0.854839
vt 0.875000 0.838710
vt 0.875000 0.822581
vt 0.875000 0.806451
vt 0.875000 0.790323
vt 0.875000 0.774193
vt 0.875000 0.758064
vt 0.875000 0.741935
vt 0.875000 0.725806
vt 0.875000 0.709677
vt 0.875000 0.693548
vt 0.875000 0.677419
vt 0.875000 0.612903
vt 0.875000 0.596774
vt 0.875000 0.580645
vt 0.875000 0.564516
vt 0.875000 0.548387
vt 0.875000 0.532258
vt 0.875000 0.516129
vt 0.875000 0.500000
vt 0.843750 0.967742
vt 0.843750 0.983871
vt 0.843750 0.951613
vt 0.843750 0.935484
vt 0.843750 0.919355
vt 0.843750 0.903226
vt 0.843750 0.887097
vt 0.843750 0.870968
vt 0.843750 0.854839
vt 0.843750 0.838710
vt 0.843750 0.822581
vt 0.843750 0.806451
vt 0.843750 0.790322
vt 0.843750 0.774193
vt 0.843750 0.758064
vt 0.843750 0.741935
vt 0.843750 0.725806
vt 0.843750 0.709677
vt 0.843750 0.693548
vt 0.843750 0.677419
vt 0.843750 0.661290
vt 0.843750 0.596774
vt 0.843750 0.580645
vt 0.843750 0.564516
vt 0.843750 0.548387
vt 0.843750 0.532258
vt 0.843750 0.516129
vt 0.843750 0.500000
vt 0.812500 0.967742
vt 0.812500 0.983871
vt 0.812500 0.951613
vt 0.812500 0.935484
vt 0.812500 0.919355
vt 0.812500 0.903226
vt 0.812500 0.887097
vt 0.812500 0.870968
vt 0.812500 0.854839
vt 0.812500 0.838710
vt 0.812500 0.822581
vt 0.812500 0.806451
vt 0.812500 0.790323
vt 0.812500 0.774193
vt 0.812500 0.758064
vt 0.812500 0.741935
vt 0.812500 0.725806
vt 0.812500 0.709677
vt 0.812500 0.693548
vt 0.812500 0.677419
vt 0.812500 0.661290
vt 0.812500 0.645161
vt 0.812500 0.580645
vt 0.812500 0.564516
vt 0.812500 0.548387
vt 0.812500 0.532258
vt 0.812500 0.516129
vt 0.812500 0.500000
vt 0.781250 0.967742
vt 0.781250 0.983871
vt 0.781250 0.951613
vt 0.781250 0.935484
vt 0.781250 0.919355
vt 0.781250 0.903226
vt 0.781250 0.887097
vt 0.781250 0.870968
vt 0.781250 0.854839
vt 0.781250 0.838709
vt 0.781250 0.822581
vt 0.781250 0.806451
vt 0.781250 0.790323
vt 0.781250 0.774194
vt 0.781250 0.758064
vt 0.781250 0.741935
vt 0.781250 0.725806
vt 0.781250 0.709677
vt 0.781250 0.693548
vt 0.781250 0.677419
vt 0.781250 0.661290
vt 0.781250 0.645161
vt 0.781250 0.629032
vt 0.781250 0.564516
vt 0.781250 0.548387
vt 0.781250 0.532258
vt 0.781250 0.516129
vt 0.781250 0.500000
vt 0.750000 0.967742
vt 0.750000 0.983871
vt 0.750000 0.951613
vt 0.750000 0.935484
vt 0.750000 0.919355
vt 0.750000 0.903226
vt 0.750000 0.887097
vt 0.750000 0.870968
vt 0.750000 0.854839
vt 0.750000 0.838709
vt 0.750000 0.822581
vt 0.750000 0.806451
vt 0.750000 0.790322
vt 0.750000 0.774193
vt 0.750000 0.758064
vt 0.750000 0.741935
vt 0.750000 0.725806
vt 0.750000 0.709677
vt 0.750000 0.693548
vt 0.750000 0.677419
vt 0.750000 0.661290
vt 0.750000 0.645161
vt 0.750000 0.629032
vt 0.750000 0.612903
vt 0.750000 0.548387
vt 0.750000 0.532258
vt 0.750000 0.516129
vt 0.750000 0.500000
vt 0.718750 0.967742
vt 0.718750 0.983871
vt 0.718750 0.951613
vt 0.718750 0.935484
vt 0.718750 0.919355
vt 0.718750 0.903226
vt 0.718750 0.887097
vt 0.718750 0.870968
vt 0.718750 0.854839
vt 0.718750 0.838709
vt 0.718750 0.822581
vt 0.718750 0.806451
vt 0.718750 0.790322
vt 0.718750 0.774193
vt 0.718750 0.758064
vt 0.718750 0.741935
vt 0.718750 0.725806
vt 0.718750 0.709677
vt 0.718750 0.693548
vt 0.718750 0.677419
vt 0.718750 0.661290
vt 0.718750 0.645161
vt 0.718750 0.629032
vt 0.718750 0.612903
vt 0.718750 0.596774
vt 0.718750 0.532258
vt 0.718750 0.516129
vt 0.718750 0.500000
vt 0.687500 0.967742
vt 0.687500 0.983871
vt 0.687500 0.951613
vt 0.687500 0.935484
vt 0.687500 0.919355
vt 0.687500 0.903226
vt 0.687500 0.887097
vt 0.687500 0.870968
vt 0.687500 0.854839
vt 0.687500 0.838709
vt 0.687500 0.822581
vt 0.687500 0.806451
vt 0.687500 0.790323
vt 0.687500 0.774193
vt 0.687500 0.758064
vt 0.687500 0.741935
vt 0.687500 0.725806
vt 0.687500 0.709677
vt 0.687500 0.693548
vt 0.687500 0.677419
vt 0.687500 0.661290
vt 0.687500 0.645161
vt 0.687500 0.629032
vt 0.687500 0.612903
vt 0.687500 0.596774
vt 0.687500 0.580645
vt 0.687500 0.516129
vt 0.687500 0.500000
vt 0.656250 0.967742
vt 0.656250 0.983871
vt 0.656250 0.951613
vt 0.656250 0.935484
vt 0.656250 0.919355
vt 0.656250 0.903226
vt 0.656250 0.887097
vt 0.656250 0.870968
vt 0.656250 0.854839
vt 0.656250 0.838709
vt 0.656250 0.822581
vt 0.656250 0.806451
vt 0.656250 0.790322
vt 0.656250 0.774193
vt 0.656250 0.758064
vt 0.656250 0.741935
vt 0.656250 0.725806
vt 0.656250 0.709677
vt 0.656250 0.693548
vt 0.656250 0.677419
vt 0.656250 0.661290
vt 0.656250 0.645161
vt 0.656250 0.629032
vt 0.656250 0.612903
vt 0.656250 0.596774
vt 0.656250 0.580645
vt 0.656250 0.564516
vt 0.656250 0.500000
vt 0.625000 0.967742
vt 0.625000 0.983871
vt 0.625000 0.951613
vt 0.625000 0.935484
vt 0.625000 0.919355
vt 0.625000 0.903226
vt 0.625000 0.887097
vt 0.625000 0.870968
vt 0.625000 0.854839
vt 0.625000 0.838710
vt 0.625000 0.822581
vt 0.625000 0.806451
vt 0.625000 0.790323
vt 0.625000 0.774193
vt 0.625000 0.758065
vt 0.625000 0.741935
vt 0.625000 0.725806
vt 0.625000 0.709677
vt 0.625000 0.693548
vt 0.625000 0.677419
vt 0.625000 0.661290
vt 0.625000 0.645161
vt 0.625000 0.629032
vt 0.625000 0.612903
vt 0.625000 0.596774
vt 0.625000 0.580645
vt 0.625000 0.564516
vt 0.625000 0.548387
vt 0.593750 0.967742
vt 0.593750 0.983871
vt 0.593750 0.951613
vt 0.593750 0.935484
vt 0.593750 0.919355
vt 0.593750 0.903226
vt 0.593750 0.887097
vt 0.593750 0.870968
vt 0.593750 0.854839
vt 0.593750 0.838710
vt 0.593750 0.822581
vt 0.593750 0.806451
vt 0.593750 0.790322
vt 0.593750 0.774193
vt 0.593750 0.758064
vt 0.593750 0.741935
vt 0.593750 0.725806
vt 0.593750 0.709677
vt 0.593750 0.693548
vt 0.593750 0.677419
vt 0.593750 0.661290
vt 0.593750 0.645161
vt 0.593750 0.629032
vt 0.593750 0.612903
vt 0.593750 0.596774
vt 0.593750 0.580645
vt 0.593750 0.564516
vt 0.593750 0.548387
vt 0.593750 0.532258
vt 0.562500 0.951613
vt 0.562500 0.935484
vt 0.562500 0.919355
vt 0.562500 0.903226
vt 0.562500 0.887097
vt 0.562500 0.870968
vt 0.562500 0.854839
vt 0.562500 0.838710
vt 0.562500 0.822581
vt 0.562500 0.806451
vt 0.562500 0.790323
vt 0.562500 0.774193
vt 0.562500 0.758064
vt 0.562500 0.741935
vt 0.562500 0.725806
vt 0.562500 0.709677
vt 0.562500 0.693548
vt 0.562500 0.677419
vt 0.562500 0.661290
vt 0.562500 0.645161
vt 0.562500 0.629032
vt 0.562500 0.612903
vt 0.562500 0.596774
vt 0.562500 0.580645
vt 0.562500 0.564516
vt 0.562500 0.548387
vt 0.562500 0.532258
vt 0.562500 0.516129
vt 0.562500 0.500000
vt 0.531250 0.951613
vt 0.531250 0.903226
vt 0.531250 0.887097
vt 0.531250 0.645161
vt 0.531250 0.629032
vt 0.531250 0.612903
vt 0.531250 0.596774
vt 0.531250 0.580645
vt 0.531250 0.564516
vt 0.531250 0.548387
vt 0.531250 0.532258
vt 0.531250 0.516129
vt 0.531250 0.500000
vt 0.500000 0.951613
vt 0.531250 0.500000
vt 0.531250 0.516129
vt 0.500000 0.516129
vt 0.500000 0.500000
vt 0.531250 0.532258
vt 0.500000 0.532258
vt 0.531250 0.548387
vt 0.500000 0.548387
vt 0.531250 0.564516
vt 0.500000 0.564516
vt 0.500000 0.887097
vt 0.500000 0.903226
vt 0.500000 0.548387
vt 0.500000 0.564516
vt 0.500000 0.532258
vt 0.500000 0.516129
vt 0.500000 0.500000
vt 0.000000 0.967742
vt 0.000000 0.983871
vt 0.000000 0.951613
vt 0.000000 0.935484
vt 0.000000 0.919355
vt 0.000000 0.903226
vt 0.000000 0.887097
vt 0.000000 0.870968
vt 0.000000 0.854839
vt 0.000000 0.838710
vt 0.000000 0.822580
vt 0.000000 0.806451
vt 0.000000 0.790322
vt 0.000000 0.774193
vt 0.000000 0.758064
vt 0.531250 0.887097
vt 0.531250 0.903226
vt 0.500000 0.903226
vt 0.531250 0.919355
vt 0.500000 0.919355
vt 0.531250 0.935484
vt 0.500000 0.935484
vt 0.531250 0.951613
vt 0.500000 0.951613
vt 0.000000 0.741935
vt 0.562500 0.500000
vt 0.562500 0.516129
vt 0.562500 0.532258
vt 0.562500 0.548387
vt 0.562500 0.564516
vt 0.562500 0.580645
vt 0.531250 0.580645
vt 0.562500 0.596774
vt 0.531250 0.596774
vt 0.562500 0.612903
vt 0.531250 0.612903
vt 0.562500 0.629032
vt 0.531250 0.629032
vt 0.562500 0.645161
vt 0.531250 0.645161
vt 0.562500 0.661290
vt 0.531250 0.661290
vt 0.562500 0.677419
vt 0.531250 0.677419
vt 0.562500 0.693548
vt 0.531250 0.693548
vt 0.562500 0.709677
vt 0.531250 0.709677
vt 0.562500 0.725806
vt 0.531250 0.725806
vt 0.562500 0.741935
vt 0.531250 0.741935
vt 0.562500 0.758064
vt 0.531250 0.758064
vt 0.562500 0.774193
vt 0.531250 0.774194
vt 0.562500 0.790323
vt 0.531250 0.790323
vt 0.562500 0.806451
vt 0.531250 0.806451
vt 0.562500 0.822581
vt 0.531250 0.822581
vt 0.562500 0.838710
vt 0.531250 0.838709
vt 0.562500 0.854839
vt 0.531250 0.854839
vt 0.562500 0.870968
vt 0.531250 0.870968
vt 0.562500 0.887097
vt 0.562500 0.903226
vt 0.562500 0.919355
vt 0.562500 0.935484
vt 0.562500 0.951613
vt 0.562500 0.967742
vt 0.531250 0.967742
vt 0.593750 0.500000
vt 0.593750 0.516129
vt 0.593750 0.532258
vt 0.593750 0.548387
vt 0.593750 0.564516
vt 0.593750 0.580645
vt 0.593750 0.596774
vt 0.593750 0.612903
vt 0.593750 0.629032
vt 0.593750 0.645161
vt 0.593750 0.661290
vt 0.593750 0.677419
vt 0.593750 0.693548
vt 0.593750 0.709677
vt 0.593750 0.725806
vt 0.593750 0.741935
vt 0.593750 0.758064
vt 0.593750 0.774193
vt 0.593750 0.790322
vt 0.593750 0.806451
vt 0.593750 0.822581
vt 0.593750 0.838710
vt 0.593750 0.854839
vt 0.593750 0.870968
vt 0.593750 0.887097
vt 0.593750 0.903226
vt 0.593750 0.919355
vt 0.593750 0.935484
vt 0.593750 0.951613
vt 0.593750 0.967742
vt 0.625000 0.500000
vt 0.625000 0.516129
vt 0.625000 0.532258
vt 0.625000 0.548387
vt 0.625000 0.564516
vt 0.625000 0.580645
vt 0.625000 0.596774
vt 0.625000 0.612903
vt 0.625000 0.629032
vt 0.625000 0.645161
vt 0.625000 0.661290
vt 0.625000 0.677419
vt 0.625000 0.693548
vt 0.625000 0.709677
vt 0.625000 0.725806
vt 0.625000 0.741935
vt 0.625000 0.758065
vt 0.625000 0.774193
vt 0.625000 0.790323
vt 0.625000 0.806451
vt 0.625000 0.822581
vt 0.625000 0.838710
vt 0.625000 0.854839
vt 0.625000 0.870968
vt 0.625000 0.887097
vt 0.625000 0.903226
vt 0.625000 0.919355
vt 0.625000 0.935484
vt 0.625000 0.951613
vt 0.625000 0.967742
vt 0.656250 0.500000
vt 0.656250 0.516129
vt 0.656250 0.532258
vt 0.656250 0.548387
vt 0.656250 0.564516
vt 0.656250 0.580645
vt 0.656250 0.596774
vt 0.656250 0.612903
vt 0.656250 0.629032
vt 0.656250 0.645161
vt 0.656250 0.661290
vt 0.656250 0.677419
vt 0.656250 0.693548
vt 0.656250 0.709677
vt 0.656250 0.725806
vt 0.656250 0.741935
vt 0.656250 0.758064
vt 0.656250 0.774193
vt 0.656250 0.790322
vt 0.656250 0.806451
vt 0.656250 0.822581
vt 0.656250 0.838709
vt 0.656250 0.854839
vt 0.656250 0.870968
vt 0.656250 0.887097
vt 0.656250 0.903226
vt 0.656250 0.919355
vt 0.656250 0.935484
vt 0.656250 0.951613
vt 0.656250 0.967742
vt 0.687500 0.500000
vt 0.687500 0.516129
vt 0.687500 0.532258
vt 0.687500 0.548387
vt 0.687500 0.564516
vt 0.687500 0.580645
vt 0.687500 0.596774
vt 0.687500 0.612903
vt 0.687500 0.629032
vt 0.687500 0.645161
vt 0.687500 0.661290
vt 0.687500 0.677419
vt 0.687500 0.693548
vt 0.687500 0.709677
vt 0.687500 0.725806
vt 0.687500 0.741935
vt 0.687500 0.758064
vt 0.687500 0.774193
vt 0.687500 0.790323
vt 0.687500 0.806451
vt 0.687500 0.822581
vt 0.687500 0.838709
vt 0.687500 0.854839
vt 0.687500 0.870968
vt 0.687500 0.887097
vt 0.687500 0.903226
vt 0.687500 0.919355
vt 0.687500 0.935484
vt 0.687500 0.951613
vt 0.687500 0.967742
vt 0.718750 0.500000
vt 0.718750 0.516129
vt 0.718750 0.532258
vt 0.718750 0.548387
vt 0.718750 0.564516
vt 0.718750 0.580645
vt 0.718750 0.596774
vt 0.718750 0.612903
vt 0.718750 0.629032
vt 0.718750 0.645161
vt 0.718750 0.661290
vt 0.718750 0.677419
vt 0.718750 0.693548
vt 0.718750 0.709677
vt 0.718750 0.725806
vt 0.718750 0.741935
vt 0.718750 0.758064
vt 0.718750 0.774193
vt 0.718750 0.790322
vt 0.718750 0.806451
vt 0.718750 0.822581
vt 0.718750 0.838709
vt 0.718750 0.854839
vt 0.718750 0.870968
vt 0.718750 0.887097
vt 0.718750 0.903226
vt 0.718750 0.919355
vt 0.718750 0.935484
vt 0.718750 0.951613
vt 0.718750 0.967742
vt 0.750000 0.500000
vt 0.750000 0.516129
vt 0.750000 0.532258
vt 0.750000 0.548387
vt 0.750000 0.564516
vt 0.750000 0.580645
vt 0.750000 0.596774
vt 0.750000 0.612903
vt 0.750000 0.629032
vt 0.750000 0.645161
vt 0.750000 0.661290
vt 0.750000 0.677419
vt 0.750000 0.693548
vt 0.750000 0.709677
vt 0.750000 0.725806
vt 0.750000 0.741935
vt 0.750000 0.758064
vt 0.750000 0.774193
vt 0.750000 0.790322
vt 0.750000 0.806451
vt 0.750000 0.822581
vt 0.750000 0.838709
vt 0.750000 0.854839
vt 0.750000 0.870968
vt 0.750000 0.887097
vt 0.750000 0.903226
vt 0.750000 0.919355
vt 0.750000 0.935484
vt 0.750000 0.951613
vt 0.750000 0.967742
vt 0.781250 0.500000
vt 0.781250 0.516129
vt 0.781250 0.532258
vt 0.781250 0.548387
vt 0.781250 0.564516
vt 0.781250 0.580645
vt 0.781250 0.596774
vt 0.781250 0.612903
vt 0.781250 0.629032
vt 0.781250 0.645161
vt 0.781250 0.661290
vt 0.781250 0.677419
vt 0.781250 0.693548
vt 0.781250 0.709677
vt 0.781250 0.725806
vt 0.781250 0.741935
vt 0.781250 0.758064
vt 0.781250 0.774194
vt 0.781250 0.790323
vt 0.781250 0.806451
vt 0.781250 0.822581
vt 0.781250 0.838709
vt 0.781250 0.854839
vt 0.781250 0.870968
vt 0.781250 0.887097
vt 0.781250 0.903226
vt 0.781250 0.919355
vt 0.781250 0.935484
vt 0.781250 0.951613
vt 0.781250 0.967742
vt 0.812500 0.500000
vt 0.812500 0.516129
vt 0.812500 0.532258
vt 0.812500 0.548387
vt 0.812500 0.564516
vt 0.812500 0.580645
vt 0.812500 0.596774
vt 0.812500 0.612903
vt 0.812500 0.629032
vt 0.812500 0.645161
vt 0.812500 0.661290
vt 0.812500 0.677419
vt 0.812500 0.693548
vt 0.812500 0.709677
vt 0.812500 0.725806
vt 0.812500 0.741935
vt 0.812500 0.758064
vt 0.812500 0.774193
vt 0.812500 0.790323
vt 0.812500 0.806451
vt 0.812500 0.822581
vt 0.812500 0.838710
vt 0.812500 0.854839
vt 0.812500 0.870968
vt 0.812500 0.887097
vt 0.812500 0.903226
vt 0.812500 0.919355
vt 0.812500 0.935484
vt 0.812500 0.951613
vt 0.812500 0.967742
vt 0.843750 0.500000
vt 0.843750 0.516129
vt 0.843750 0.532258
vt 0.843750 0.548387
vt 0.843750 0.564516
vt 0.843750 0.580645
vt 0.843750 0.596774
vt 0.843750 0.612903
vt 0.843750 0.629032
vt 0.843750 0.645161
vt 0.843750 0.661290
vt 0.843750 0.677419
vt 0.843750 0.693548
vt 0.843750 0.709677
vt 0.843750 0.725806
vt 0.843750 0.741935
vt 0.843750 0.758064
vt 0.843750 0.774193
vt 0.843750 0.790322
vt 0.843750 0.806451
vt 0.843750 0.822581
vt 0.843750 0.838710
vt 0.843750 0.854839
vt 0.843750 0.870968
vt 0.843750 0.887097
vt 0.843750 0.903226
vt 0.843750 0.919355
vt 0.843750 0.935484
vt 0.843750 0.951613
vt 0.843750 0.967742
vt 0.875000 0.500000
vt 0.875000 0.516129
vt 0.875000 0.532258
vt 0.875000 0.548387
vt 0.875000 0.564516
vt 0.875000 0.580645
vt 0.875000 0.596774
vt 0.875000 0.612903
vt 0.875000 0.629032
vt 0.875000 0.645161
vt 0.875000 0.661290
vt 0.875000 0.677419
vt 0.875000 0.693548
vt 0.875000 0.709677
vt 0.875000 0.725806
vt 0.875000 0.741935
vt 0.875000 0.758064
vt 0.875000 0.774193
vt 0.875000 0.790323
vt 0.875000 0.806451
vt 0.875000 0.822581
vt 0.875000 0.838710
vt 0.875000 0.854839
vt 0.875000 0.870968
vt 0.875000 0.887097
vt 0.875000 0.903226
vt 0.875000 0.919355
vt 0.875000 0.935484
vt 0.875000 0.951613
vt 0.875000 0.967742
vt 0.906250 0.500000
vt 0.906250 0.516129
vt 0.906250 0.532258
vt 0.906250 0.548387
vt 0.906250 0.564516
vt 0.906250 0.580645
vt 0.906250 0.596774
vt 0.906250 0.612903
vt 0.906250 0.629032
vt 0.906250 0.645161
vt 0.906250 0.661290
vt 0.906250 0.677419
vt 0.906250 0.693548
vt 0.906250 0.709677
vt 0.906250 0.725806
vt 0.906250 0.741935
vt 0.906250 0.758064
vt 0.906250 0.774193
vt 0.906250 0.790322
vt 0.906250 0.806451
vt 0.906250 0.822581
vt 0.906250 0.838710
vt 0.906250 0.854839
vt 0.906250 0.870968
vt 0.906250 0.887097
vt 0.906250 0.903226
vt 0.906250 0.919355
vt 0.906250 0.935484
vt 0.906250 0.951613
vt 0.906250 0.967742
vt 0.937500 0.500000
vt 0.937500 0.516129
vt 0.937500 0.532258
vt 0.937500 0.548387
vt 0.937500 0.564516
vt 0.937500 0.580645
vt 0.937500 0.596774
vt 0.937500 0.612903
vt 0.937500 0.629032
vt 0.937500 0.645161
vt 0.937500 0.661290
vt 0.937500 0.677419
vt 0.937500 0.693548
vt 0.937500 0.709677
vt 0.937500 0.725806
vt 0.937500 0.741935
vt 0.937500 0.758064
vt 0.937500 0.774193
vt 0.937500 0.790323
vt 0.937500 0.806451
vt 0.937500 0.822581
vt 0.937500 0.838709
vt 0.937500 0.854839
vt 0.937500 0.870968
vt 0.937500 0.887097
vt 0.937500 0.903226
vt 0.937500 0.919355
vt 0.937500 0.935484
vt 0.937500 0.951613
vt 0.937500 0.967742
vt 0.968750 0.500000
vt 0.968750 0.516129
vt 0.968750 0.532258
vt 0.968750 0.548387
vt 0.968750 0.564516
vt 0.968750 0.580645
vt 0.968750 0.596774
vt 0.968750 0.612903
vt 0.968750 0.629032
vt 0.968750 0.645161
vt 0.968750 0.661290
vt 0.968750 0.677419
vt 0.968750 0.693548
vt 0.968750 0.709677
vt 0.968750 0.725806
vt 0.968750 0.741935
vt 0.968750 0.758064
vt 0.968750 0.774194
vt 0.968750 0.790322
vt 0.968750 0.806451
vt 0.968750 0.822581
vt 0.968750 0.838710
vt 0.968750 0.854839
vt 0.968750 0.870968
vt 0.968750 0.887097
vt 0.968750 0.903226
vt 0.968750 0.919355
vt 0.968750 0.935484
vt 0.968750 0.951613
vt 0.968750 0.967742
vt 1.000000 0.612903
vt 1.000000 0.629032
vt 1.000000 0.645161
vt 1.000000 0.661290
vt 1.000000 0.677419
vt 1.000000 0.693548
vt 1.000000 0.709677
vt 1.000000 0.725806
vt 1.000000 0.741935
vt 1.000000 0.758064
vt 1.000000 0.774193
vt 1.000000 0.790322
vt 1.000000 0.806451
vt 1.000000 0.822581
vt 1.000000 0.838710
vt 1.000000 0.854839
vt 1.000000 0.870968
vt 1.000000 0.887097
vt 1.000000 0.903226
vt 1.000000 0.919355
vt 1.000000 0.935484
vt 1.000000 0.951613
vt 1.000000 0.967742
vt 0.062500 1.000000
vt 0.062692 1.000000
vt 0.062500 1.000000
vt 0.750000 1.000000
vt 0.468750 1.000000
vt 0.494564 1.000000
vt 0.468750 1.000000
vt 0.187500 1.000000
vt 0.875000 1.000000
vt 0.593750 1.000000
vt 0.312500 1.000000
vt 0.312618 1.000000
vt 0.312500 1.000000
vt 0.031250 1.000000
vt 0.718750 1.000000
vt 0.437500 1.000000
vt 0.156250 1.000000
vt 0.156362 1.000000
vt 0.156250 1.000000
vt 0.843750 1.000000
vt 0.562500 1.000000
vt 0.281250 1.000000
vt 0.968750 1.000000
vt 0.000000 1.000000
vt 0.687500 1.000000
vt 0.406250 1.000000
vt 0.406502 1.000000
vt 0.406250 1.000000
vt 0.125000 1.000000
vt 0.812500 1.000000
vt 0.531250 1.000000
vt 0.250000 1.000000
vt 0.250102 1.000000
vt 0.250000 1.000000
vt 0.937500 1.000000
vt 0.656250 1.000000
vt 0.375000 1.000000
vt 0.093750 1.000000
vt 0.093899 1.000000
vt 0.093750 1.000000
vt 0.781250 1.000000
vt 0.500000 1.000000
vt 0.500105 1.000000
vt 0.500000 1.000000
vt 0.218750 1.000000
vt 0.906250 1.000000
vt 0.625000 1.000000
vt 0.906250 1.000000
vt 0.750000 0.010000
vt 0.796822 0.014612
vt 0.841844 0.028269
vt 0.883337 0.050447
vt 0.919706 0.080294
vt 0.949553 0.116663
vt 0.971731 0.158156
vt 0.985388 0.203178
vt 0.990000 0.250000
vt 0.985388 0.296822
vt 0.971731 0.341844
vt 0.949553 0.383337
vt 0.919706 0.419706
vt 0.883337 0.449553
vt 0.841844 0.471731
vt 0.796822 0.485388
vt 0.000000 0.693548
vt 0.000000 0.661290
vt 0.000000 0.677419
vt 0.000000 0.645161
vt 0.000000 0.629032
vt 0.000000 0.612903
vt 0.500178 0.983871
vt 0.500049 0.967742
vt 0.508337 0.645161
vt 0.506853 0.629032
vt 0.504876 0.612903
vt 0.502598 0.596774
vt 0.500168 0.580645
vt 0.499895 0.951613
vt 0.499776 0.935484
vt 0.499750 0.919355
vt 0.499822 0.903226
vt 0.497707 0.564516
vt 0.495386 0.548387
vt 0.493416 0.532258
vt 0.491916 0.516129
vt 1.000000 0.725806
vt 0.062500 1.000000
vt 0.468750 1.000000
vt 0.875000 1.000000
vt 0.312500 1.000000
vt 0.718750 1.000000
vt 0.156250 1.000000
vt 0.562500 1.000000
vt 0.968750 1.000000
vt 1.000000 1.000000
vt 0.406250 1.000000
vt 0.812500 1.000000
vt 0.250000 1.000000
vt 0.656250 1.000000
vt 0.093750 1.000000
vt 0.500000 1.000000
vt 0.906250 1.000000
vt 0.500000 0.579561
vt 0.500000 0.962815
vt 0.000559 1.000000
vt 0.000000 1.000000
vt 0.490291 0.500000
vt 0.343750 1.000000
vt 0.000000 1.000000
vt 1.000000 0.983871
vt 0.968750 0.983871
vt 0.968750 1.000000
vt 1.000000 1.000000
vt 0.937500 0.983871
vt 0.937500 1.000000
vt 0.906250 0.983871
vt 0.906250 1.000000
vt 0.875000 0.983871
vt 0.875000 1.000000
vt 0.843750 0.983871
vt 0.843750 1.000000
vt 0.812500 0.983871
vt 0.812500 1.000000
vt 0.781250 0.983871
vt 0.781250 1.000000
vt 0.750000 0.983871
vt 0.750000 1.000000
vt 0.718750 0.983871
vt 0.718750 1.000000
vt 0.687500 0.983871
vt 0.687500 1.000000
vt 0.656250 0.983871
vt 0.656250 1.000000
vt 0.625000 0.983871
vt 0.625000 1.000000
vt 0.593750 0.983871
vt 0.593750 1.000000
vt 0.562500 0.983871
vt 0.562500 1.000000
vt 0.531250 0.983871
vt 0.531250 1.000000
vt 0.010842 0.709677
vt 0.010444 0.725806
vt 0.000000 0.725806
vt 0.000000 0.709677
vt 0.531250 0.919355
vt 0.531250 0.935484
vt 0.500000 0.935484
vt 0.500000 0.919355
vt 0.562500 0.967742
vt 0.562500 0.983871
vt 0.531250 0.983871
vt 0.531250 0.967742
vt 0.625000 0.500000
vt 0.625000 0.516129
vt 0.593750 0.516129
vt 0.593750 0.500000
vt 0.656250 0.516129
vt 0.656250 0.532258
vt 0.625000 0.532258
vt 0.687500 0.532258
vt 0.687500 0.548387
vt 0.656250 0.548387
vt 0.718750 0.548387
vt 0.718750 0.564516
vt 0.687500 0.564516
vt 0.750000 0.564516
vt 0.750000 0.580645
vt 0.718750 0.580645
vt 0.781250 0.580645
vt 0.781250 0.596774
vt 0.750000 0.596774
vt 0.812500 0.596774
vt 0.812500 0.612903
vt 0.781250 0.612903
vt 0.843750 0.612903
vt 0.843750 0.629032
vt 0.812500 0.629032
vt 0.875000 0.629032
vt 0.875000 0.645161
vt 0.843750 0.645161
vt 0.906250 0.645161
vt 0.906250 0.661290
vt 0.875000 0.661290
vt 0.937500 0.661290
vt 0.937500 0.677419
vt 0.906250 0.677419
vt 0.968750 0.677419
vt 0.968750 0.693548
vt 0.937500 0.693548
vt 0.343750 1.000000
vt 0.343750 1.000000
vt 0.343888 1.000000
vt 1.000000 0.693548
vt 1.000000 0.709677
vt 0.968750 0.709677
vt 0.000689 0.983871
vt 0.000000 0.983871
vt 0.000000 1.000000
vt 0.000952 1.000000
vt 0.757848 0.489227
vt 0.735453 0.011433
vt 0.750000 0.010000
vt 0.796822 0.014612
vt 0.841844 0.028269
vt 0.883337 0.050447
vt 0.919706 0.080294
vt 0.949553 0.116663
vt 0.971731 0.158156
vt 0.985388 0.203178
vt 0.990000 0.250000
vt 0.985388 0.296822
vt 0.971731 0.341844
vt 0.949553 0.383337
vt 0.919706 0.419706
vt 0.883337 0.449553
vt 0.841844 0.471731
vt 0.796822 0.485388
vt 0.531250 0.677419
vt 0.531250 0.693548
vt 0.508969 0.693548
vt 0.509346 0.677419
vt 0.531250 0.709677
vt 0.531250 0.725806
vt 0.507239 0.725806
vt 0.508214 0.709677
vt 0.531250 0.741935
vt 0.531250 0.758064
vt 0.505086 0.758064
vt 0.506165 0.741935
vt 0.531250 0.774194
vt 0.531250 0.790323
vt 0.503141 0.790322
vt 0.504065 0.774193
vt 0.531250 0.806451
vt 0.531250 0.822581
vt 0.501642 0.822581
vt 0.502332 0.806451
vt 0.531250 0.838709
vt 0.531250 0.854839
vt 0.500599 0.854839
vt 0.501066 0.838709
vt 0.000779 0.612903
vt 0.000000 0.609086
vt 0.000000 0.612903
vt 0.000000 0.629032
vt 0.003738 0.629032
vt 0.000000 0.645161
vt 0.006326 0.645161
vt 0.000000 0.661290
vt 0.008440 0.661290
vt 0.000000 0.677419
vt 0.009934 0.677419
vt 0.000000 0.693548
vt 0.010718 0.693548
vt 0.000000 0.709677
vt 0.000000 0.725806
vt 0.000000 0.741935
vt 0.009657 0.741935
vt 0.000000 0.758064
vt 0.008596 0.758064
vt 0.000000 0.774193
vt 0.007370 0.774193
vt 0.000000 0.790322
vt 0.006084 0.790322
vt 0.000000 0.806451
vt 0.004829 0.806451
vt 0.000000 0.822580
vt 0.003677 0.822581
vt 0.000000 0.838710
vt 0.002670 0.838710
vt 0.000000 0.854839
vt 0.001832 0.854839
vt 0.000000 0.870968
vt 0.001168 0.870968
vt 0.000000 0.887097
vt 0.000671 0.887097
vt 0.000000 0.903226
vt 0.000335 0.903226
vt 0.000000 0.919355
vt 0.000130 0.919355
vt 0.000000 0.935484
vt 0.000088 0.935484
vt 0.000000 0.951613
vt 0.000220 0.951613
vt 0.000000 0.967742
vt 0.000445 0.967742
vt 0.531250 0.661290
vt 0.509175 0.661290
vt 0.531250 0.870968
vt 0.500236 0.870968
vt 0.625000 1.000000
vt 0.656250 1.000000
vt 0.625000 1.000000
vt 0.218750 1.000000
vt 0.218851 1.000000
vt 0.218750 1.000000
vt 0.781250 1.000000
vt 0.812500 1.000000
vt 0.781250 1.000000
vt 0.375000 1.000000
vt 0.375175 1.000000
vt 0.375000 1.000000
vt 0.937500 1.000000
vt 0.968750 1.000000
vt 0.937500 1.000000
vt 0.531250 1.000000
vt 0.562500 1.000000
vt 0.531250 1.000000
vt 0.125000 1.000000
vt 0.125125 1.000000
vt 0.125000 1.000000
vt 0.687500 1.000000
vt 0.718750 1.000000
vt 0.687500 1.000000
vt 0.281250 1.000000
vt 0.281357 1.000000
vt 0.281250 1.000000
vt 0.843750 1.000000
vt 0.875000 1.000000
vt 0.843750 1.000000
vt 0.437500 1.000000
vt 0.437990 1.000000
vt 0.437500 1.000000
vt 0.031250 1.000000
vt 0.031532 1.000000
vt 0.031250 1.000000
vt 0.593750 1.000000
vt 0.593750 1.000000
vt 0.187500 1.000000
vt 0.187604 1.000000
vt 0.187500 1.000000
vt 0.750000 1.000000
vt 0.750000 1.000000
vt 1.000000 0.967742
vt 1.000000 0.983871
vt 0.968750 0.983871
vt 0.968750 0.967742
vt 1.000000 0.935484
vt 1.000000 0.951613
vt 0.968750 0.951613
vt 0.968750 0.935484
vt 1.000000 0.903226
vt 1.000000 0.919355
vt 0.968750 0.919355
vt 0.968750 0.903226
vt 1.000000 0.870968
vt 1.000000 0.887097
vt 0.968750 0.887097
vt 0.968750 0.870968
vt 1.000000 0.838710
vt 1.000000 0.854839
vt 0.968750 0.854839
vt 0.968750 0.838710
vt 1.000000 0.806451
vt 1.000000 0.822581
vt 0.968750 0.822581
vt 0.968750 0.806451
vt 1.000000 0.774193
vt 1.000000 0.790322
vt 0.968750 0.790322
vt 0.968750 0.774194
vt 1.000000 0.741935
vt 1.000000 0.758064
vt 0.968750 0.758064
vt 0.968750 0.741935
vt 1.000000 0.677419
vt 1.000000 0.661290
vt 0.968750 0.661290
vt 1.000000 0.645161
vt 0.968750 0.645161
vt 1.000000 0.629032
vt 0.968750 0.629032
vt 1.000000 0.612903
vt 0.968750 0.612903
vt 0.997544 0.596774
vt 1.000000 0.609086
vt 0.968750 0.596774
vt 0.994206 0.580645
vt 0.968750 0.580645
vt 0.991126 0.564516
vt 0.968750 0.564516
vt 0.988913 0.548387
vt 0.968750 0.548387
vt 0.988131 0.532258
vt 0.968750 0.532258
vt 0.989334 0.516129
vt 0.968750 0.516129
vt 0.994762 0.500000
vt 0.968750 0.500000
vt 0.937500 0.983871
vt 0.937500 0.967742
vt 0.937500 0.951613
vt 0.937500 0.935484
vt 0.937500 0.919355
vt 0.937500 0.903226
vt 0.937500 0.887097
vt 0.937500 0.870968
vt 0.937500 0.854839
vt 0.937500 0.838709
vt 0.937500 0.822581
vt 0.937500 0.806451
vt 0.937500 0.790323
vt 0.937500 0.774193
vt 0.937500 0.758064
vt 0.937500 0.741935
vt 0.968750 0.725806
vt 0.937500 0.725806
vt 0.937500 0.709677
vt 0.937500 0.645161
vt 0.937500 0.629032
vt 0.937500 0.612903
vt 0.937500 0.596774
vt 0.937500 0.580645
vt 0.937500 0.564516
vt 0.937500 0.548387
vt 0.937500 0.532258
vt 0.937500 0.516129
vt 0.937500 0.500000
vt 0.906250 0.983871
vt 0.906250 0.967742
vt 0.906250 0.951613
vt 0.906250 0.935484
vt 0.906250 0.919355
vt 0.906250 0.903226
vt 0.906250 0.887097
vt 0.906250 0.870968
vt 0.906250 0.854839
vt 0.906250 0.838710
vt 0.906250 0.822581
vt 0.906250 0.806451
vt 0.906250 0.790322
vt 0.906250 0.774193
vt 0.906250 0.758064
vt 0.906250 0.741935
vt 0.906250 0.725806
vt 0.906250 0.709677
vt 0.906250 0.693548
vt 0.906250 0.629032
vt 0.906250 0.612903
vt 0.906250 0.596774
vt 0.906250 0.580645
vt 0.906250 0.564516
vt 0.906250 0.548387
vt 0.906250 0.532258
vt 0.906250 0.516129
vt 0.906250 0.500000
vt 0.875000 0.983871
vt 0.875000 0.967742
vt 0.875000 0.951613
vt 0.875000 0.935484
vt 0.875000 0.919355
vt 0.875000 0.903226
vt 0.875000 0.887097
vt 0.875000 0.870968
vt 0.875000 0.854839
vt 0.875000 0.838710
vt 0.875000 0.822581
vt 0.875000 0.806451
vt 0.875000 0.790323
vt 0.875000 0.774193
vt 0.875000 0.758064
vt 0.875000 0.741935
vt 0.875000 0.725806
vt 0.875000 0.709677
vt 0.875000 0.693548
vt 0.875000 0.677419
vt 0.875000 0.612903
vt 0.875000 0.596774
vt 0.875000 0.580645
vt 0.875000 0.564516
vt 0.875000 0.548387
vt 0.875000 0.532258
vt 0.875000 0.516129
vt 0.875000 0.500000
vt 0.843750 0.983871
vt 0.843750 0.967742
vt 0.843750 0.951613
vt 0.843750 0.935484
vt 0.843750 0.919355
vt 0.843750 0.903226
vt 0.843750 0.887097
vt 0.843750 0.870968
vt 0.843750 0.854839
vt 0.843750 0.838710
vt 0.843750 0.822581
vt 0.843750 0.806451
vt 0.843750 0.790322
vt 0.843750 0.774193
vt 0.843750 0.758064
vt 0.843750 0.741935
vt 0.843750 0.725806
vt 0.843750 0.709677
vt 0.843750 0.693548
vt 0.843750 0.677419
vt 0.843750 0.661290
vt 0.843750 0.596774
vt 0.843750 0.580645
vt 0.843750 0.564516
vt 0.843750 0.548387
vt 0.843750 0.532258
vt 0.843750 0.516129
vt 0.843750 0.500000
vt 0.812500 0.983871
vt 0.812500 0.967742
vt 0.812500 0.951613
vt 0.812500 0.935484
vt 0.812500 0.919355
vt 0.812500 0.903226
vt 0.812500 0.887097
vt 0.812500 0.870968
vt 0.812500 0.854839
vt 0.812500 0.838710
vt 0.812500 0.822581
vt 0.812500 0.806451
vt 0.812500 0.790323
vt 0.812500 0.774193
vt 0.812500 0.758064
vt 0.812500 0.741935
vt 0.812500 0.725806
vt 0.812500 0.709677
vt 0.812500 0.693548
vt 0.812500 0.677419
vt 0.812500 0.661290
vt 0.812500 0.645161
vt 0.812500 0.580645
vt 0.812500 0.564516
vt 0.812500 0.548387
vt 0.812500 0.532258
vt 0.812500 0.516129
vt 0.812500 0.500000
vt 0.781250 0.983871
vt 0.781250 0.967742
vt 0.781250 0.951613
vt 0.781250 0.935484
vt 0.781250 0.919355
vt 0.781250 0.903226
vt 0.781250 0.887097
vt 0.781250 0.870968
vt 0.781250 0.854839
vt 0.781250 0.838709
vt 0.781250 0.822581
vt 0.781250 0.806451
vt 0.781250 0.790323
vt 0.781250 0.774194
vt 0.781250 0.758064
vt 0.781250 0.741935
vt 0.781250 0.725806
vt 0.781250 0.709677
vt 0.781250 0.693548
vt 0.781250 0.677419
vt 0.781250 0.661290
vt 0.781250 0.645161
vt 0.781250 0.629032
vt 0.781250 0.564516
vt 0.781250 0.548387
vt 0.781250 0.532258
vt 0.781250 0.516129
vt 0.781250 0.500000
vt 0.750000 0.983871
vt 0.750000 0.967742
vt 0.750000 0.951613
vt 0.750000 0.935484
vt 0.750000 0.919355
vt 0.750000 0.903226
vt 0.750000 0.887097
vt 0.750000 0.870968
vt 0.750000 0.854839
vt 0.750000 0.838709
vt 0.750000 0.822581
vt 0.750000 0.806451
vt 0.750000 0.790322
vt 0.750000 0.774193
vt 0.750000 0.758064
vt 0.750000 0.741935
vt 0.750000 0.725806
vt 0.750000 0.709677
vt 0.750000 0.693548
vt 0.750000 0.677419
vt 0.750000 0.661290
vt 0.750000 0.645161
vt 0.750000 0.629032
vt 0.750000 0.612903
vt 0.750000 0.548387
vt 0.750000 0.532258
vt 0.750000 0.516129
vt 0.750000 0.500000
vt 0.718750 0.983871
vt 0.718750 0.967742
vt 0.718750 0.951613
vt 0.718750 0.935484
vt 0.718750 0.919355
vt 0.718750 0.903226
vt 0.718750 0.887097
vt 0.718750 0.870968
vt 0.718750 0.854839
vt 0.718750 0.838709
vt 0.718750 0.822581
vt 0.718750 0.806451
vt 0.718750 0.790322
vt 0.718750 0.774193
vt 0.718750 0.758064
vt 0.718750 0.741935
vt 0.718750 0.725806
vt 0.718750 0.709677
vt 0.718750 0.693548
vt 0.718750 0.677419
vt 0.718750 0.661290
vt 0.718750 0.645161
vt 0.718750 0.629032
vt 0.718750 0.612903
vt 0.718750 0.596774
vt 0.718750 0.532258
vt 0.718750 0.516129
vt 0.718750 0.500000
vt 0.687500 0.983871
vt 0.687500 0.967742
vt 0.687500 0.951613
vt 0.687500 0.935484
vt 0.687500 0.919355
vt 0.687500 0.903226
vt 0.687500 0.887097
vt 0.687500 0.870968
vt 0.687500 0.854839
vt 0.687500 0.838709
vt 0.687500 0.822581
vt 0.687500 0.806451
vt 0.687500 0.790323
vt 0.687500 0.774193
vt 0.687500 0.758064
vt 0.687500 0.741935
vt 0.687500 0.725806
vt 0.687500 0.709677
vt 0.687500 0.693548
vt 0.687500 0.677419
vt 0.687500 0.661290
vt 0.687500 0.645161
vt 0.687500 0.629032
vt 0.687500 0.612903
vt 0.687500 0.596774
vt 0.687500 0.580645
vt 0.687500 0.516129
vt 0.687500 0.500000
vt 0.656250 0.983871
vt 0.656250 0.967742
vt 0.656250 0.951613
vt 0.656250 0.935484
vt 0.656250 0.919355
vt 0.656250 0.903226
vt 0.656250 0.887097
vt 0.656250 0.870968
vt 0.656250 0.854839
vt 0.656250 0.838709
vt 0.656250 0.822581
vt 0.656250 0.806451
vt 0.656250 0.790322
vt 0.656250 0.774193
vt 0.656250 0.758064
vt 0.656250 0.741935
vt 0.656250 0.725806
vt 0.656250 0.709677
vt 0.656250 0.693548
vt 0.656250 0.677419
vt 0.656250 0.661290
vt 0.656250 0.645161
vt 0.656250 0.629032
vt 0.656250 0.612903
vt 0.656250 0.596774
vt 0.656250 0.580645
vt 0.656250 0.564516
vt 0.656250 0.500000
vt 0.625000 0.983871
vt 0.625000 0.967742
vt 0.625000 0.951613
vt 0.625000 0.935484
vt 0.625000 0.919355
vt 0.625000 0.903226
vt 0.625000 0.887097
vt 0.625000 0.870968
vt 0.625000 0.854839
vt 0.625000 0.838710
vt 0.625000 0.822581
vt 0.625000 0.806451
vt 0.625000 0.790323
vt 0.625000 0.774193
vt 0.625000 0.758065
vt 0.625000 0.741935
vt 0.625000 0.725806
vt 0.625000 0.709677
vt 0.625000 0.693548
vt 0.625000 0.677419
vt 0.625000 0.661290
vt 0.625000 0.645161
vt 0.625000 0.629032
vt 0.625000 0.612903
vt 0.625000 0.596774
vt 0.625000 0.580645
vt 0.625000 0.564516
vt 0.625000 0.548387
vt 0.593750 0.983871
vt 0.593750 0.967742
vt 0.593750 0.951613
vt 0.593750 0.935484
vt 0.593750 0.919355
vt 0.593750 0.903226
vt 0.593750 0.887097
vt 0.593750 0.870968
vt 0.593750 0.854839
vt 0.593750 0.838710
vt 0.593750 0.822581
vt 0.593750 0.806451
vt 0.593750 0.790322
vt 0.593750 0.774193
vt 0.593750 0.758064
vt 0.593750 0.741935
vt 0.593750 0.725806
vt 0.593750 0.709677
vt 0.593750 0.693548
vt 0.593750 0.677419
vt 0.593750 0.661290
vt 0.593750 0.645161
vt 0.593750 0.629032
vt 0.593750 0.612903
vt 0.593750 0.596774
vt 0.593750 0.580645
vt 0.593750 0.564516
vt 0.593750 0.548387
vt 0.593750 0.532258
vt 0.562500 0.951613
vt 0.562500 0.935484
vt 0.562500 0.919355
vt 0.562500 0.903226
vt 0.562500 0.887097
vt 0.562500 0.870968
vt 0.562500 0.854839
vt 0.562500 0.838710
vt 0.562500 0.822581
vt 0.562500 0.806451
vt 0.562500 0.790323
vt 0.562500 0.774193
vt 0.562500 0.758064
vt 0.562500 0.741935
vt 0.562500 0.725806
vt 0.562500 0.709677
vt 0.562500 0.693548
vt 0.562500 0.677419
vt 0.562500 0.661290
vt 0.562500 0.645161
vt 0.562500 0.629032
vt 0.562500 0.612903
vt 0.562500 0.596774
vt 0.562500 0.580645
vt 0.562500 0.564516
vt 0.562500 0.548387
vt 0.562500 0.532258
vt 0.562500 0.516129
vt 0.562500 0.500000
vt 0.531250 0.951613
vt 0.531250 0.903226
vt 0.531250 0.887097
vt 0.531250 0.645161
vt 0.531250 0.629032
vt 0.531250 0.612903
vt 0.531250 0.596774
vt 0.531250 0.580645
vt 0.531250 0.564516
vt 0.531250 0.548387
vt 0.531250 0.532258
vt 0.531250 0.516129
vt 0.531250 0.500000
vt 0.500000 0.951613
vt 0.531250 0.500000
vt 0.500000 0.500000
vt 0.500000 0.516129
vt 0.531250 0.516129
vt 0.500000 0.532258
vt 0.531250 0.532258
vt 0.500000 0.548387
vt 0.531250 0.548387
vt 0.500000 0.564516
vt 0.531250 0.564516
vt 0.500000 0.903226
vt 0.500000 0.887097
vt 0.500000 0.564516
vt 0.500000 0.548387
vt 0.500000 0.532258
vt 0.500000 0.516129
vt 0.500000 0.500000
vt 0.000000 0.983871
vt 0.000000 0.967742
vt 0.000000 0.951613
vt 0.000000 0.935484
vt 0.000000 0.919355
vt 0.000000 0.903226
vt 0.000000 0.887097
vt 0.000000 0.870968
vt 0.000000 0.854839
vt 0.000000 0.838710
vt 0.000000 0.822580
vt 0.000000 0.806451
vt 0.000000 0.790322
vt 0.000000 0.774193
vt 0.000000 0.758064
vt 0.531250 0.887097
vt 0.500000 0.903226
vt 0.531250 0.903226
vt 0.500000 0.919355
vt 0.531250 0.919355
vt 0.500000 0.935484
vt 0.531250 0.935484
vt 0.500000 0.951613
vt 0.531250 0.951613
vt 0.000000 0.741935
vt 0.562500 0.500000
vt 0.562500 0.516129
vt 0.562500 0.532258
vt 0.562500 0.548387
vt 0.562500 0.564516
vt 0.531250 0.580645
vt 0.562500 0.580645
vt 0.531250 0.596774
vt 0.562500 0.596774
vt 0.531250 0.612903
vt 0.562500 0.612903
vt 0.531250 0.629032
vt 0.562500 0.629032
vt 0.531250 0.645161
vt 0.562500 0.645161
vt 0.531250 0.661290
vt 0.562500 0.661290
vt 0.531250 0.677419
vt 0.562500 0.677419
vt 0.531250 0.693548
vt 0.562500 0.693548
vt 0.531250 0.709677
vt 0.562500 0.709677
vt 0.531250 0.725806
vt 0.562500 0.725806
vt 0.531250 0.741935
vt 0.562500 0.741935
vt 0.531250 0.758064
vt 0.562500 0.758064
vt 0.531250 0.774194
vt 0.562500 0.774193
vt 0.531250 0.790323
vt 0.562500 0.790323
vt 0.531250 0.806451
vt 0.562500 0.806451
vt 0.531250 0.822581
vt 0.562500 0.822581
vt 0.531250 0.838709
vt 0.562500 0.838710
vt 0.531250 0.854839
vt 0.562500 0.854839
vt 0.531250 0.870968
vt 0.562500 0.870968
vt 0.562500 0.887097
vt 0.562500 0.903226
vt 0.562500 0.919355
vt 0.562500 0.935484
vt 0.562500 0.951613
vt 0.531250 0.967742
vt 0.562500 0.967742
vt 0.593750 0.500000
vt 0.593750 0.516129
vt 0.593750 0.532258
vt 0.593750 0.548387
vt 0.593750 0.564516
vt 0.593750 0.580645
vt 0.593750 0.596774
vt 0.593750 0.612903
vt 0.593750 0.629032
vt 0.593750 0.645161
vt 0.593750 0.661290
vt 0.593750 0.677419
vt 0.593750 0.693548
vt 0.593750 0.709677
vt 0.593750 0.725806
vt 0.593750 0.741935
vt 0.593750 0.758064
vt 0.593750 0.774193
vt 0.593750 0.790322
vt 0.593750 0.806451
vt 0.593750 0.822581
vt 0.593750 0.838710
vt 0.593750 0.854839
vt 0.593750 0.870968
vt 0.593750 0.887097
vt 0.593750 0.903226
vt 0.593750 0.919355
vt 0.593750 0.935484
vt 0.593750 0.951613
vt 0.593750 0.967742
vt 0.625000 0.500000
vt 0.625000 0.516129
vt 0.625000 0.532258
vt 0.625000 0.548387
vt 0.625000 0.564516
vt 0.625000 0.580645
vt 0.625000 0.596774
vt 0.625000 0.612903
vt 0.625000 0.629032
vt 0.625000 0.645161
vt 0.625000 0.661290
vt 0.625000 0.677419
vt 0.625000 0.693548
vt 0.625000 0.709677
vt 0.625000 0.725806
vt 0.625000 0.741935
vt 0.625000 0.758065
vt 0.625000 0.774193
vt 0.625000 0.790323
vt 0.625000 0.806451
vt 0.625000 0.822581
vt 0.625000 0.838710
vt 0.625000 0.854839
vt 0.625000 0.870968
vt 0.625000 0.887097
vt 0.625000 0.903226
vt 0.625000 0.919355
vt 0.625000 0.935484
vt 0.625000 0.951613
vt 0.625000 0.967742
vt 0.656250 0.500000
vt 0.656250 0.516129
vt 0.656250 0.532258
vt 0.656250 0.548387
vt 0.656250 0.564516
vt 0.656250 0.580645
vt 0.656250 0.596774
vt 0.656250 0.612903
vt 0.656250 0.629032
vt 0.656250 0.645161
vt 0.656250 0.661290
vt 0.656250 0.677419
vt 0.656250 0.693548
vt 0.656250 0.709677
vt 0.656250 0.725806
vt 0.656250 0.741935
vt 0.656250 0.758064
vt 0.656250 0.774193
vt 0.656250 0.790322
vt 0.656250 0.806451
vt 0.656250 0.822581
vt 0.656250 0.838709
vt 0.656250 0.854839
vt 0.656250 0.870968
vt 0.656250 0.887097
vt 0.656250 0.903226
vt 0.656250 0.919355
vt 0.656250 0.935484
vt 0.656250 0.951613
vt 0.656250 0.967742
vt 0.687500 0.500000
vt 0.687500 0.516129
vt 0.687500 0.532258
vt 0.687500 0.548387
vt 0.687500 0.564516
vt 0.687500 0.580645
vt 0.687500 0.596774
vt 0.687500 0.612903
vt 0.687500 0.629032
vt 0.687500 0.645161
vt 0.687500 0.661290
vt 0.687500 0.677419
vt 0.687500 0.693548
vt 0.687500 0.709677
vt 0.687500 0.725806
vt 0.687500 0.741935
vt 0.687500 0.758064
vt 0.687500 0.774193
vt 0.687500 0.790323
vt 0.687500 0.806451
vt 0.687500 0.822581
vt 0.687500 0.838709
vt 0.687500 0.854839
vt 0.687500 0.870968
vt 0.687500 0.887097
vt 0.687500 0.903226
vt 0.687500 0.919355
vt 0.687500 0.935484
vt 0.687500 0.951613
vt 0.687500 0.967742
vt 0.718750 0.500000
vt 0.718750 0.516129
vt 0.718750 0.532258
vt 0.718750 0.548387
vt 0.718750 0.564516
vt 0.718750 0.580645
vt 0.718750 0.596774
vt 0.718750 0.612903
vt 0.718750 0.629032
vt 0.718750 0.645161
vt 0.718750 0.661290
vt 0.718750 0.677419
vt 0.718750 0.693548
vt 0.718750 0.709677
vt 0.718750 0.725806
vt 0.718750 0.741935
vt 0.718750 0.758064
vt 0.718750 0.774193
vt 0.718750 0.790322
vt 0.718750 0.806451
vt 0.718750 0.822581
vt 0.718750 0.838709
vt 0.718750 0.854839
vt 0.718750 0.870968
vt 0.718750 0.887097
vt 0.718750 0.903226
vt 0.718750 0.919355
vt 0.718750 0.935484
vt 0.718750 0.951613
vt 0.718750 0.967742
vt 0.750000 0.500000
vt 0.750000 0.516129
vt 0.750000 0.532258
vt 0.750000 0.548387
vt 0.750000 0.564516
vt 0.750000 0.580645
vt 0.750000 0.596774
vt 0.750000 0.612903
vt 0.750000 0.629032
vt 0.750000 0.645161
vt 0.750000 0.661290
vt 0.750000 0.677419
vt 0.750000 0.693548
vt 0.750000 0.709677
vt 0.750000 0.725806
vt 0.750000 0.741935
vt 0.750000 0.758064
vt 0.750000 0.774193
vt 0.750000 0.790322
vt 0.750000 0.806451
vt 0.750000 0.822581
vt 0.750000 0.838709
vt 0.750000 0.854839
vt 0.750000 0.870968
vt 0.750000 0.887097
vt 0.750000 0.903226
vt 0.750000 0.919355
vt 0.750000 0.935484
vt 0.750000 0.951613
vt 0.750000 0.967742
vt 0.781250 0.500000
vt 0.781250 0.516129
vt 0.781250 0.532258
vt 0.781250 0.548387
vt 0.781250 0.564516
vt 0.781250 0.580645
vt 0.781250 0.596774
vt 0.781250 0.612903
vt 0.781250 0.629032
vt 0.781250 0.645161
vt 0.781250 0.661290
vt 0.781250 0.677419
vt 0.781250 0.693548
vt 0.781250 0.709677
vt 0.781250 0.725806
vt 0.781250 0.741935
vt 0.781250 0.758064
vt 0.781250 0.774194
vt 0.781250 0.790323
vt 0.781250 0.806451
vt 0.781250 0.822581
vt 0.781250 0.838709
vt 0.781250 0.854839
vt 0.781250 0.870968
vt 0.781250 0.887097
vt 0.781250 0.903226
vt 0.781250 0.919355
vt 0.781250 0.935484
vt 0.781250 0.951613
vt 0.781250 0.967742
vt 0.812500 0.500000
vt 0.812500 0.516129
vt 0.812500 0.532258
vt 0.812500 0.548387
vt 0.812500 0.564516
vt 0.812500 0.580645
vt 0.812500 0.596774
vt 0.812500 0.612903
vt 0.812500 0.629032
vt 0.812500 0.645161
vt 0.812500 0.661290
vt 0.812500 0.677419
vt 0.812500 0.693548
vt 0.812500 0.709677
vt 0.812500 0.725806
vt 0.812500 0.741935
vt 0.812500 0.758064
vt 0.812500 0.774193
vt 0.812500 0.790323
vt 0.812500 0.806451
vt 0.812500 0.822581
vt 0.812500 0.838710
vt 0.812500 0.854839
vt 0.812500 0.870968
vt 0.812500 0.887097
vt 0.812500 0.903226
vt 0.812500 0.919355
vt 0.812500 0.935484
vt 0.812500 0.951613
vt 0.812500 0.967742
vt 0.843750 0.500000
vt 0.843750 0.516129
vt 0.843750 0.532258
vt 0.843750 0.548387
vt 0.843750 0.564516
vt 0.843750 0.580645
vt 0.843750 0.596774
vt 0.843750 0.612903
vt 0.843750 0.629032
vt 0.843750 0.645161
vt 0.843750 0.661290
vt 0.843750 0.677419
vt 0.843750 0.693548
vt 0.843750 0.709677
vt 0.843750 0.725806
vt 0.843750 0.741935
vt 0.843750 0.758064
vt 0.843750 0.774193
vt 0.843750 0.790322
vt 0.843750 0.806451
vt 0.843750 0.822581
vt 0.843750 0.838710
vt 0.843750 0.854839
vt 0.843750 0.870968
vt 0.843750 0.887097
vt 0.843750 0.903226
vt 0.843750 0.919355
vt 0.843750 0.935484
vt 0.843750 0.951613
vt 0.843750 0.967742
vt 0.875000 0.500000
vt 0.875000 0.516129
vt 0.875000 0.532258
vt 0.875000 0.548387
vt 0.875000 0.564516
vt 0.875000 0.580645
vt 0.875000 0.596774
vt 0.875000 0.612903
vt 0.875000 0.629032
vt 0.875000 0.645161
vt 0.875000 0.661290
vt 0.875000 0.677419
vt 0.875000 0.693548
vt 0.875000 0.709677
vt 0.875000 0.725806
vt 0.875000 0.741935
vt 0.875000 0.758064
vt 0.875000 0.774193
vt 0.875000 0.790323
vt 0.875000 0.806451
vt 0.875000 0.822581
vt 0.875000 0.838710
vt 0.875000 0.854839
vt 0.875000 0.870968
vt 0.875000 0.887097
vt 0.875000 0.903226
vt 0.875000 0.919355
vt 0.875000 0.935484
vt 0.875000 0.951613
vt 0.875000 0.967742
vt 0.906250 0.500000
vt 0.906250 0.516129
vt 0.906250 0.532258
vt 0.906250 0.548387
vt 0.906250 0.564516
vt 0.906250 0.580645
vt 0.906250 0.596774
vt 0.906250 0.612903
vt 0.906250 0.629032
vt 0.906250 0.645161
vt 0.906250 0.661290
vt 0.906250 0.677419
vt 0.906250 0.693548
vt 0.906250 0.709677
vt 0.906250 0.725806
vt 0.906250 0.741935
vt 0.906250 0.758064
vt 0.906250 0.774193
vt 0.906250 0.790322
vt 0.906250 0.806451
vt 0.906250 0.822581
vt 0.906250 0.838710
vt 0.906250 0.854839
vt 0.906250 0.870968
vt 0.906250 0.887097
vt 0.906250 0.903226
vt 0.906250 0.919355
vt 0.906250 0.935484
vt 0.906250 0.951613
vt 0.906250 0.967742
vt 0.937500 0.500000
vt 0.937500 0.516129
vt 0.937500 0.532258
vt 0.937500 0.548387
vt 0.937500 0.564516
vt 0.937500 0.580645
vt 0.937500 0.596774
vt 0.937500 0.612903
vt 0.937500 0.629032
vt 0.937500 0.645161
vt 0.937500 0.661290
vt 0.937500 0.677419
vt 0.937500 0.693548
vt 0.937500 0.709677
vt 0.937500 0.725806
vt 0.937500 0.741935
vt 0.937500 0.758064
vt 0.937500 0.774193
vt 0.937500 0.790323
vt 0.937500 0.806451
vt 0.937500 0.822581
vt 0.937500 0.838709
vt 0.937500 0.854839
vt 0.937500 0.870968
vt 0.937500 0.887097
vt 0.937500 0.903226
vt 0.937500 0.919355
vt 0.937500 0.935484
vt 0.937500 0.951613
vt 0.937500 0.967742
vt 0.968750 0.500000
vt 0.968750 0.516129
vt 0.968750 0.532258
vt 0.968750 0.548387
vt 0.968750 0.564516
vt 0.968750 0.580645
vt 0.968750 0.596774
vt 0.968750 0.612903
vt 0.968750 0.629032
vt 0.968750 0.645161
vt 0.968750 0.661290
vt 0.968750 0.677419
vt 0.968750 0.693548
vt 0.968750 0.709677
vt 0.968750 0.725806
vt 0.968750 0.741935
vt 0.968750 0.758064
vt 0.968750 0.774194
vt 0.968750 0.790322
vt 0.968750 0.806451
vt 0.968750 0.822581
vt 0.968750 0.838710
vt 0.968750 0.854839
vt 0.968750 0.870968
vt 0.968750 0.887097
vt 0.968750 0.903226
vt 0.968750 0.919355
vt 0.968750 0.935484
vt 0.968750 0.951613
vt 0.968750 0.967742
vt 1.000000 0.612903
vt 1.000000 0.629032
vt 1.000000 0.645161
vt 1.000000 0.661290
vt 1.000000 0.677419
vt 1.000000 0.693548
vt 1.000000 0.709677
vt 1.000000 0.725806
vt 1.000000 0.741935
vt 1.000000 0.758064
vt 1.000000 0.774193
vt 1.000000 0.790322
vt 1.000000 0.806451
vt 1.000000 0.822581
vt 1.000000 0.838710
vt 1.000000 0.854839
vt 1.000000 0.870968
vt 1.000000 0.887097
vt 1.000000 0.903226
vt 1.000000 0.919355
vt 1.000000 0.935484
vt 1.000000 0.951613
vt 1.000000 0.967742
vt 0.062500 1.000000
vt 0.062500 1.000000
vt 0.062692 1.000000
vt 0.750000 1.000000
vt 0.468750 1.000000
vt 0.468750 1.000000
vt 0.494564 1.000000
vt 0.187500 1.000000
vt 0.875000 1.000000
vt 0.593750 1.000000
vt 0.312500 1.000000
vt 0.312500 1.000000
vt 0.312618 1.000000
vt 0.031250 1.000000
vt 0.718750 1.000000
vt 0.437500 1.000000
vt 0.156250 1.000000
vt 0.156250 1.000000
vt 0.156362 1.000000
vt 0.843750 1.000000
vt 0.562500 1.000000
vt 0.281250 1.000000
vt 0.968750 1.000000
vt 0.000000 1.000000
vt 0.687500 1.000000
vt 0.406250 1.000000
vt 0.406250 1.000000
vt 0.406502 1.000000
vt 0.125000 1.000000
vt 0.812500 1.000000
vt 0.531250 1.000000
vt 0.250000 1.000000
vt 0.250000 1.000000
vt 0.250102 1.000000
vt 0.937500 1.000000
vt 0.656250 1.000000
vt 0.375000 1.000000
vt 0.093750 1.000000
vt 0.093750 1.000000
vt 0.093899 1.000000
vt 0.781250 1.000000
vt 0.500000 1.000000
vt 0.500000 1.000000
vt 0.500105 1.000000
vt 0.218750 1.000000
vt 0.906250 1.000000
vt 0.625000 1.000000
vt 0.906250 1.000000
vt 0.796822 0.485388
vt 0.841844 0.471731
vt 0.883337 0.449553
vt 0.919706 0.419706
vt 0.949553 0.383337
vt 0.971731 0.341844
vt 0.985388 0.296822
vt 0.990000 0.250000
vt 0.985388 0.203178
vt 0.971731 0.158156
vt 0.949553 0.116663
vt 0.919706 0.080294
vt 0.883337 0.050447
vt 0.841844 0.028269
vt 0.796822 0.014612
vt 0.750000 0.010000
vt 0.000000 0.693548
vt 0.000000 0.677419
vt 0.000000 0.661290
vt 0.000000 0.645161
vt 0.000000 0.629032
vt 0.000000 0.612903
vt 0.500049 0.967742
vt 0.500178 0.983871
vt 0.508337 0.645161
vt 0.506853 0.629032
vt 0.504876 0.612903
vt 0.502598 0.596774
vt 0.500168 0.580645
vt 0.499776 0.935484
vt 0.499895 0.951613
vt 0.499750 0.919355
vt 0.499822 0.903226
vt 0.495386 0.548387
vt 0.497707 0.564516
vt 0.493416 0.532258
vt 0.491916 0.516129
vt 1.000000 0.725806
vt 0.062500 1.000000
vt 0.468750 1.000000
vt 0.875000 1.000000
vt 0.312500 1.000000
vt 0.718750 1.000000
vt 0.156250 1.000000
vt 0.562500 1.000000
vt 1.000000 1.000000
vt 0.968750 1.000000
vt 0.406250 1.000000
vt 0.812500 1.000000
vt 0.250000 1.000000
vt 0.656250 1.000000
vt 0.093750 1.000000
vt 0.500000 1.000000
vt 0.906250 1.000000
vt 0.500000 0.579561
vt 0.500000 0.962815
vt 0.000000 1.000000
vt 0.000559 1.000000
vt 0.490291 0.500000
vt 0.343750 1.000000
vt 0.000000 1.000000
vt 1.000000 0.983871
vt 0.968750 0.983871
vt 0.968750 1.000000
vt 1.000000 1.000000
vt 0.937500 0.983871
vt 0.937500 1.000000
vt 0.906250 0.983871
vt 0.906250 1.000000
vt 0.875000 0.983871
vt 0.875000 1.000000
vt 0.843750 0.983871
vt 0.843750 1.000000
vt 0.812500 0.983871
vt 0.812500 1.000000
vt 0.781250 0.983871
vt 0.781250 1.000000
vt 0.750000 0.983871
vt 0.750000 1.000000
vt 0.718750 0.983871
vt 0.718750 1.000000
vt 0.687500 0.983871
vt 0.687500 1.000000
vt 0.656250 0.983871
vt 0.656250 1.000000
vt 0.625000 0.983871
vt 0.625000 1.000000
vt 0.593750 0.983871
vt 0.593750 1.000000
vt 0.562500 0.983871
vt 0.562500 1.000000
vt 0.531250 0.983871
vt 0.531250 1.000000
vt 0.010842 0.709677
vt 0.010444 0.725806
vt 0.000000 0.725806
vt 0.000000 0.709677
vt 0.531250 0.919355
vt 0.531250 0.935484
vt 0.500000 0.935484
vt 0.500000 0.919355
vt 0.562500 0.967742
vt 0.562500 0.983871
vt 0.531250 0.983871
vt 0.531250 0.967742
vt 0.625000 0.500000
vt 0.625000 0.516129
vt 0.593750 0.516129
vt 0.593750 0.500000
vt 0.656250 0.516129
vt 0.656250 0.532258
vt 0.625000 0.532258
vt 0.687500 0.532258
vt 0.687500 0.548387
vt 0.656250 0.548387
vt 0.718750 0.548387
vt 0.718750 0.564516
vt 0.687500 0.564516
vt 0.750000 0.564516
vt 0.750000 0.580645
vt 0.718750 0.580645
vt 0.781250 0.580645
vt 0.781250 0.596774
vt 0.750000 0.596774
vt 0.812500 0.596774
vt 0.812500 0.612903
vt 0.781250 0.612903
vt 0.843750 0.612903
vt 0.843750 0.629032
vt 0.812500 0.629032
vt 0.875000 0.629032
vt 0.875000 0.645161
vt 0.843750 0.645161
vt 0.906250 0.645161
vt 0.906250 0.661290
vt 0.875000 0.661290
vt 0.937500 0.661290
vt 0.937500 0.677419
vt 0.906250 0.677419
vt 0.968750 0.677419
vt 0.968750 0.693548
vt 0.937500 0.693548
vt 0.343750 1.000000
vt 0.343750 1.000000
vt 0.343888 1.000000
vt 1.000000 0.693548
vt 1.000000 0.709677
vt 0.968750 0.709677
vt 0.000689 0.983871
vt 0.000000 0.983871
vt 0.000000 1.000000
vt 0.000952 1.000000
vt 0.757848 0.489227
vt 0.735453 0.011433
vt 0.750000 0.010000
vt 0.796822 0.014612
vt 0.841844 0.028269
vt 0.883337 0.050447
vt 0.919706 0.080294
vt 0.949553 0.116663
vt 0.971731 0.158156
vt 0.985388 0.203178
vt 0.990000 0.250000
vt 0.985388 0.296822
vt 0.971731 0.341844
vt 0.949553 0.383337
vt 0.919706 0.419706
vt 0.883337 0.449553
vt 0.841844 0.471731
vt 0.796822 0.485388
vt 0.531250 0.677419
vt 0.531250 0.693548
vt 0.508969 0.693548
vt 0.509346 0.677419
vt 0.531250 0.709677
vt 0.531250 0.725806
vt 0.507239 0.725806
vt 0.508214 0.709677
vt 0.531250 0.741935
vt 0.531250 0.758064
vt 0.505086 0.758064
vt 0.506165 0.741935
vt 0.531250 0.774194
vt 0.531250 0.790323
vt 0.503141 0.790322
vt 0.504065 0.774193
vt 0.531250 0.806451
vt 0.531250 0.822581
vt 0.501642 0.822581
vt 0.502332 0.806451
vt 0.531250 0.838709
vt 0.531250 0.854839
vt 0.500599 0.854839
vt 0.501066 0.838709
vt 0.000779 0.612903
vt 0.000000 0.609086
vt 0.000000 0.612903
vt 0.000000 0.629032
vt 0.003738 0.629032
vt 0.000000 0.645161
vt 0.006326 0.645161
vt 0.000000 0.661290
vt 0.008440 0.661290
vt 0.000000 0.677419
vt 0.009934 0.677419
vt 0.000000 0.693548
vt 0.010718 0.693548
vt 0.000000 0.709677
vt 0.000000 0.725806
vt 0.000000 0.741935
vt 0.009657 0.741935
vt 0.000000 0.758064
vt 0.008596 0.758064
vt 0.000000 0.774193
vt 0.007370 0.774193
vt 0.000000 0.790322
vt 0.006084 0.790322
vt 0.000000 0.806451
vt 0.004829 0.806451
vt 0.000000 0.822580
vt 0.003677 0.822581
vt 0.000000 0.838710
vt 0.002670 0.838710
vt 0.000000 0.854839
vt 0.001832 0.854839
vt 0.000000 0.870968
vt 0.001168 0.870968
vt 0.000000 0.887097
vt 0.000671 0.887097
vt 0.000000 0.903226
vt 0.000335 0.903226
vt 0.000000 0.919355
vt 0.000130 0.919355
vt 0.000000 0.935484
vt 0.000088 0.935484
vt 0.000000 0.951613
vt 0.000220 0.951613
vt 0.000000 0.967742
vt 0.000445 0.967742
vt 0.531250 0.661290
vt 0.509175 0.661290
vt 0.531250 0.870968
vt 0.500236 0.870968
vt 0.625000 1.000000
vt 0.656250 1.000000
vt 0.625000 1.000000
vt 0.218750 1.000000
vt 0.218851 1.000000
vt 0.218750 1.000000
vt 0.781250 1.000000
vt 0.812500 1.000000
vt 0.781250 1.000000
vt 0.375000 1.000000
vt 0.375175 1.000000
vt 0.375000 1.000000
vt 0.937500 1.000000
vt 0.968750 1.000000
vt 0.937500 1.000000
vt 0.531250 1.000000
vt 0.562500 1.000000
vt 0.531250 1.000000
vt 0.125000 1.000000
vt 0.125125 1.000000
vt 0.125000 1.000000
vt 0.687500 1.000000
vt 0.718750 1.000000
vt 0.687500 1.000000
vt 0.281250 1.000000
vt 0.281357 1.000000
vt 0.281250 1.000000
vt 0.843750 1.000000
vt 0.875000 1.000000
vt 0.843750 1.000000
vt 0.437500 1.000000
vt 0.437990 1.000000
vt 0.437500 1.000000
vt 0.031250 1.000000
vt 0.031532 1.000000
vt 0.031250 1.000000
vt 0.593750 1.000000
vt 0.593750 1.000000
vt 0.187500 1.000000
vt 0.187604 1.000000
vt 0.187500 1.000000
vt 0.750000 1.000000
vt 0.750000 1.000000
vt 1.000000 0.967742
vt 1.000000 0.983871
vt 0.968750 0.983871
vt 0.968750 0.967742
vt 1.000000 0.935484
vt 1.000000 0.951613
vt 0.968750 0.951613
vt 0.968750 0.935484
vt 1.000000 0.903226
vt 1.000000 0.919355
vt 0.968750 0.919355
vt 0.968750 0.903226
vt 1.000000 0.870968
vt 1.000000 0.887097
vt 0.968750 0.887097
vt 0.968750 0.870968
vt 1.000000 0.838710
vt 1.000000 0.854839
vt 0.968750 0.854839
vt 0.968750 0.838710
vt 1.000000 0.806451
vt 1.000000 0.822581
vt 0.968750 0.822581
vt 0.968750 0.806451
vt 1.000000 0.774193
vt 1.000000 0.790322
vt 0.968750 0.790322
vt 0.968750 0.774194
vt 1.000000 0.741935
vt 1.000000 0.758064
vt 0.968750 0.758064
vt 0.968750 0.741935
vt 1.000000 0.677419
vt 1.000000 0.661290
vt 0.968750 0.661290
vt 1.000000 0.645161
vt 0.968750 0.645161
vt 1.000000 0.629032
vt 0.968750 0.629032
vt 1.000000 0.612903
vt 0.968750 0.612903
vt 0.997544 0.596774
vt 1.000000 0.609086
vt 0.968750 0.596774
vt 0.994206 0.580645
vt 0.968750 0.580645
vt 0.991126 0.564516
vt 0.968750 0.564516
vt 0.988913 0.548387
vt 0.968750 0.548387
vt 0.988131 0.532258
vt 0.968750 0.532258
vt 0.989334 0.516129
vt 0.968750 0.516129
vt 0.994762 0.500000
vt 0.968750 0.500000
vt 0.937500 0.983871
vt 0.937500 0.967742
vt 0.937500 0.951613
vt 0.937500 0.935484
vt 0.937500 0.919355
vt 0.937500 0.903226
vt 0.937500 0.887097
vt 0.937500 0.870968
vt 0.937500 0.854839
vt 0.937500 0.838709
vt 0.937500 0.822581
vt 0.937500 0.806451
vt 0.937500 0.790323
vt 0.937500 0.774193
vt 0.937500 0.758064
vt 0.937500 0.741935
vt 0.968750 0.725806
vt 0.937500 0.725806
vt 0.937500 0.709677
vt 0.937500 0.645161
vt 0.937500 0.629032
vt 0.937500 0.612903
vt 0.937500 0.596774
vt 0.937500 0.580645
vt 0.937500 0.564516
vt 0.937500 0.548387
vt 0.937500 0.532258
vt 0.937500 0.516129
vt 0.937500 0.500000
vt 0.906250 0.983871
vt 0.906250 0.967742
vt 0.906250 0.951613
vt 0.906250 0.935484
vt 0.906250 0.919355
vt 0.906250 0.903226
vt 0.906250 0.887097
vt 0.906250 0.870968
vt 0.906250 0.854839
vt 0.906250 0.838710
vt 0.906250 0.822581
vt 0.906250 0.806451
vt 0.906250 0.790322
vt 0.906250 0.774193
vt 0.906250 0.758064
vt 0.906250 0.741935
vt 0.906250 0.725806
vt 0.906250 0.709677
vt 0.906250 0.693548
vt 0.906250 0.629032
vt 0.906250 0.612903
vt 0.906250 0.596774
vt 0.906250 0.580645
vt 0.906250 0.564516
vt 0.906250 0.548387
vt 0.906250 0.532258
vt 0.906250 0.516129
vt 0.906250 0.500000
vt 0.875000 0.983871
vt 0.875000 0.967742
vt 0.875000 0.951613
vt 0.875000 0.935484
vt 0.875000 0.919355
vt 0.875000 0.903226
vt 0.875000 0.887097
vt 0.875000 0.870968
vt 0.875000 0.854839
vt 0.875000 0.838710
vt 0.875000 0.822581
vt 0.875000 0.806451
vt 0.875000 0.790323
vt 0.875000 0.774193
vt 0.875000 0.758064
vt 0.875000 0.741935
vt 0.875000 0.725806
vt 0.875000 0.709677
vt 0.875000 0.693548
vt 0.875000 0.677419
vt 0.875000 0.612903
vt 0.875000 0.596774
vt 0.875000 0.580645
vt 0.875000 0.564516
vt 0.875000 0.548387
vt 0.875000 0.532258
vt 0.875000 0.516129
vt 0.875000 0.500000
vt 0.843750 0.983871
vt 0.843750 0.967742
vt 0.843750 0.951613
vt 0.843750 0.935484
vt 0.843750 0.919355
vt 0.843750 0.903226
vt 0.843750 0.887097
vt 0.843750 0.870968
vt 0.843750 0.854839
vt 0.843750 0.838710
vt 0.843750 0.822581
vt 0.843750 0.806451
vt 0.843750 0.790322
vt 0.843750 0.774193
vt 0.843750 0.758064
vt 0.843750 0.741935
vt 0.843750 0.725806
vt 0.843750 0.709677
vt 0.843750 0.693548
vt 0.843750 0.677419
vt 0.843750 0.661290
vt 0.843750 0.596774
vt 0.843750 0.580645
vt 0.843750 0.564516
vt 0.843750 0.548387
vt 0.843750 0.532258
vt 0.843750 0.516129
vt 0.843750 0.500000
vt 0.812500 0.983871
vt 0.812500 0.967742
vt 0.812500 0.951613
vt 0.812500 0.935484
vt 0.812500 0.919355
vt 0.812500 0.903226
vt 0.812500 0.887097
vt 0.812500 0.870968
vt 0.812500 0.854839
vt 0.812500 0.838710
vt 0.812500 0.822581
vt 0.812500 0.806451
vt 0.812500 0.790323
vt 0.812500 0.774193
vt 0.812500 0.758064
vt 0.812500 0.741935
vt 0.812500 0.725806
vt 0.812500 0.709677
vt 0.812500 0.693548
vt 0.812500 0.677419
vt 0.812500 0.661290
vt 0.812500 0.645161
vt 0.812500 0.580645
vt 0.812500 0.564516
vt 0.812500 0.548387
vt 0.812500 0.532258
vt 0.812500 0.516129
vt 0.812500 0.500000
vt 0.781250 0.983871
vt 0.781250 0.967742
vt 0.781250 0.951613
vt 0.781250 0.935484
vt 0.781250 0.919355
vt 0.781250 0.903226
vt 0.781250 0.887097
vt 0.781250 0.870968
vt 0.781250 0.854839
vt 0.781250 0.838709
vt 0.781250 0.822581
vt 0.781250 0.806451
vt 0.781250 0.790323
vt 0.781250 0.774194
vt 0.781250 0.758064
vt 0.781250 0.741935
vt 0.781250 0.725806
vt 0.781250 0.709677
vt 0.781250 0.693548
vt 0.781250 0.677419
vt 0.781250 0.661290
vt 0.781250 0.645161
vt 0.781250 0.629032
vt 0.781250 0.564516
vt 0.781250 0.548387
vt 0.781250 0.532258
vt 0.781250 0.516129
vt 0.781250 0.500000
vt 0.750000 0.983871
vt 0.750000 0.967742
vt 0.750000 0.951613
vt 0.750000 0.935484
vt 0.750000 0.919355
vt 0.750000 0.903226
vt 0.750000 0.887097
vt 0.750000 0.870968
vt 0.750000 0.854839
vt 0.750000 0.838709
vt 0.750000 0.822581
vt 0.750000 0.806451
vt 0.750000 0.790322
vt 0.750000 0.774193
vt 0.750000 0.758064
vt 0.750000 0.741935
vt 0.750000 0.725806
vt 0.750000 0.709677
vt 0.750000 0.693548
vt 0.750000 0.677419
vt 0.750000 0.661290
vt 0.750000 0.645161
vt 0.750000 0.629032
vt 0.750000 0.612903
vt 0.750000 0.548387
vt 0.750000 0.532258
vt 0.750000 0.516129
vt 0.750000 0.500000
vt 0.718750 0.983871
vt 0.718750 0.967742
vt 0.718750 0.951613
vt 0.718750 0.935484
vt 0.718750 0.919355
vt 0.718750 0.903226
vt 0.718750 0.887097
vt 0.718750 0.870968
vt 0.718750 0.854839
vt 0.718750 0.838709
vt 0.718750 0.822581
vt 0.718750 0.806451
vt 0.718750 0.790322
vt 0.718750 0.774193
vt 0.718750 0.758064
vt 0.718750 0.741935
vt 0.718750 0.725806
vt 0.718750 0.709677
vt 0.718750 0.693548
vt 0.718750 0.677419
vt 0.718750 0.661290
vt 0.718750 0.645161
vt 0.718750 0.629032
vt 0.718750 0.612903
vt 0.718750 0.596774
vt 0.718750 0.532258
vt 0.718750 0.516129
vt 0.718750 0.500000
vt 0.687500 0.983871
vt 0.687500 0.967742
vt 0.687500 0.951613
vt 0.687500 0.935484
vt 0.687500 0.919355
vt 0.687500 0.903226
vt 0.687500 0.887097
vt 0.687500 0.870968
vt 0.687500 0.854839
vt 0.687500 0.838709
vt 0.687500 0.822581
vt 0.687500 0.806451
vt 0.687500 0.790323
vt 0.687500 0.774193
vt 0.687500 0.758064
vt 0.687500 0.741935
vt 0.687500 0.725806
vt 0.687500 0.709677
vt 0.687500 0.693548
vt 0.687500 0.677419
vt 0.687500 0.661290
vt 0.687500 0.645161
vt 0.687500 0.629032
vt 0.687500 0.612903
vt 0.687500 0.596774
vt 0.687500 0.580645
vt 0.687500 0.516129
vt 0.687500 0.500000
vt 0.656250 0.983871
vt 0.656250 0.967742
vt 0.656250 0.951613
vt 0.656250 0.935484
vt 0.656250 0.919355
vt 0.656250 0.903226
vt 0.656250 0.887097
vt 0.656250 0.870968
vt 0.656250 0.854839
vt 0.656250 0.838709
vt 0.656250 0.822581
vt 0.656250 0.806451
vt 0.656250 0.790322
vt 0.656250 0.774193
vt 0.656250 0.758064
vt 0.656250 0.741935
vt 0.656250 0.725806
vt 0.656250 0.709677
vt 0.656250 0.693548
vt 0.656250 0.677419
vt 0.656250 0.661290
vt 0.656250 0.645161
vt 0.656250 0.629032
vt 0.656250 0.612903
vt 0.656250 0.596774
vt 0.656250 0.580645
vt 0.656250 0.564516
vt 0.656250 0.500000
vt 0.625000 0.983871
vt 0.625000 0.967742
vt 0.625000 0.951613
vt 0.625000 0.935484
vt 0.625000 0.919355
vt 0.625000 0.903226
vt 0.625000 0.887097
vt 0.625000 0.870968
vt 0.625000 0.854839
vt 0.625000 0.838710
vt 0.625000 0.822581
vt 0.625000 0.806451
vt 0.625000 0.790323
vt 0.625000 0.774193
vt 0.625000 0.758065
vt 0.625000 0.741935
vt 0.625000 0.725806
vt 0.625000 0.709677
vt 0.625000 0.693548
vt 0.625000 0.677419
vt 0.625000 0.661290
vt 0.625000 0.645161
vt 0.625000 0.629032
vt 0.625000 0.612903
vt 0.625000 0.596774
vt 0.625000 0.580645
vt 0.625000 0.564516
vt 0.625000 0.548387
vt 0.593750 0.983871
vt 0.593750 0.967742
vt 0.593750 0.951613
vt 0.593750 0.935484
vt 0.593750 0.919355
vt 0.593750 0.903226
vt 0.593750 0.887097
vt 0.593750 0.870968
vt 0.593750 0.854839
vt 0.593750 0.838710
vt 0.593750 0.822581
vt 0.593750 0.806451
vt 0.593750 0.790322
vt 0.593750 0.774193
vt 0.593750 0.758064
vt 0.593750 0.741935
vt 0.593750 0.725806
vt 0.593750 0.709677
vt 0.593750 0.693548
vt 0.593750 0.677419
vt 0.593750 0.661290
vt 0.593750 0.645161
vt 0.593750 0.629032
vt 0.593750 0.612903
vt 0.593750 0.596774
vt 0.593750 0.580645
vt 0.593750 0.564516
vt 0.593750 0.548387
vt 0.593750 0.532258
vt 0.562500 0.951613
vt 0.562500 0.935484
vt 0.562500 0.919355
vt 0.562500 0.903226
vt 0.562500 0.887097
vt 0.562500 0.870968
vt 0.562500 0.854839
vt 0.562500 0.838710
vt 0.562500 0.822581
vt 0.562500 0.806451
vt 0.562500 0.790323
vt 0.562500 0.774193
vt 0.562500 0.758064
vt 0.562500 0.741935
vt 0.562500 0.725806
vt 0.562500 0.709677
vt 0.562500 0.693548
vt 0.562500 0.677419
vt 0.562500 0.661290
vt 0.562500 0.645161
vt 0.562500 0.629032
vt 0.562500 0.612903
vt 0.562500 0.596774
vt 0.562500 0.580645
vt 0.562500 0.564516
vt 0.562500 0.548387
vt 0.562500 0.532258
vt 0.562500 0.516129
vt 0.562500 0.500000
vt 0.531250 0.951613
vt 0.531250 0.903226
vt 0.531250 0.887097
vt 0.531250 0.645161
vt 0.531250 0.629032
vt 0.531250 0.612903
vt 0.531250 0.596774
vt 0.531250 0.580645
vt 0.531250 0.564516
vt 0.531250 0.548387
vt 0.531250 0.532258
vt 0.531250 0.516129
vt 0.531250 0.500000
vt 0.500000 0.951613
vt 0.531250 0.500000
vt 0.500000 0.500000
vt 0.500000 0.516129
vt 0.531250 0.516129
vt 0.500000 0.532258
vt 0.531250 0.532258
vt 0.500000 0.548387
vt 0.531250 0.548387
vt 0.500000 0.564516
vt 0.531250 0.564516
vt 0.500000 0.903226
vt 0.500000 0.887097
vt 0.500000 0.564516
vt 0.500000 0.548387
vt 0.500000 0.532258
vt 0.500000 0.516129
vt 0.500000 0.500000
vt 0.000000 0.983871
vt 0.000000 0.967742
vt 0.000000 0.951613
vt 0.000000 0.935484
vt 0.000000 0.919355
vt 0.000000 0.903226
vt 0.000000 0.887097
vt 0.000000 0.870968
vt 0.000000 0.854839
vt 0.000000 0.838710
vt 0.000000 0.822580
vt 0.000000 0.806451
vt 0.000000 0.790322
vt 0.000000 0.774193
vt 0.000000 0.758064
vt 0.531250 0.887097
vt 0.500000 0.903226
vt 0.531250 0.903226
vt 0.500000 0.919355
vt 0.531250 0.919355
vt 0.500000 0.935484
vt 0.531250 0.935484
vt 0.500000 0.951613
vt 0.531250 0.951613
vt 0.000000 0.741935
vt 0.562500 0.500000
vt 0.562500 0.516129
vt 0.562500 0.532258
vt 0.562500 0.548387
vt 0.562500 0.564516
vt 0.531250 0.580645
vt 0.562500 0.580645
vt 0.531250 0.596774
vt 0.562500 0.596774
vt 0.531250 0.612903
vt 0.562500 0.612903
vt 0.531250 0.629032
vt 0.562500 0.629032
vt 0.531250 0.645161
vt 0.562500 0.645161
vt 0.531250 0.661290
vt 0.562500 0.661290
vt 0.531250 0.677419
vt 0.562500 0.677419
vt 0.531250 0.693548
vt 0.562500 0.693548
vt 0.531250 0.709677
vt 0.562500 0.709677
vt 0.531250 0.725806
vt 0.562500 0.725806
vt 0.531250 0.741935
vt 0.562500 0.741935
vt 0.531250 0.758064
vt 0.562500 0.758064
vt 0.531250 0.774194
vt 0.562500 0.774193
vt 0.531250 0.790323
vt 0.562500 0.790323
vt 0.531250 0.806451
vt 0.562500 0.806451
vt 0.531250 0.822581
vt 0.562500 0.822581
vt 0.531250 0.838709
vt 0.562500 0.838710
vt 0.531250 0.854839
vt 0.562500 0.854839
vt 0.531250 0.870968
vt 0.562500 0.870968
vt 0.562500 0.887097
vt 0.562500 0.903226
vt 0.562500 0.919355
vt 0.562500 0.935484
vt 0.562500 0.951613
vt 0.531250 0.967742
vt 0.562500 0.967742
vt 0.593750 0.500000
vt 0.593750 0.516129
vt 0.593750 0.532258
vt 0.593750 0.548387
vt 0.593750 0.564516
vt 0.593750 0.580645
vt 0.593750 0.596774
vt 0.593750 0.612903
vt 0.593750 0.629032
vt 0.593750 0.645161
vt 0.593750 0.661290
vt 0.593750 0.677419
vt 0.593750 0.693548
vt 0.593750 0.709677
vt 0.593750 0.725806
vt 0.593750 0.741935
vt 0.593750 0.758064
vt 0.593750 0.774193
vt 0.593750 0.790322
vt 0.593750 0.806451
vt 0.593750 0.822581
vt 0.593750 0.838710
vt 0.593750 0.854839
vt 0.593750 0.870968
vt 0.593750 0.887097
vt 0.593750 0.903226
vt 0.593750 0.919355
vt 0.593750 0.935484
vt 0.593750 0.951613
vt 0.593750 0.967742
vt 0.625000 0.500000
vt 0.625000 0.516129
vt 0.625000 0.532258
vt 0.625000 0.548387
vt 0.625000 0.564516
vt 0.625000 0.580645
vt 0.625000 0.596774
vt 0.625000 0.612903
vt 0.625000 0.629032
vt 0.625000 0.645161
vt 0.625000 0.661290
vt 0.625000 0.677419
vt 0.625000 0.693548
vt 0.625000 0.709677
vt 0.625000 0.725806
vt 0.625000 0.741935
vt 0.625000 0.758065
vt 0.625000 0.774193
vt 0.625000 0.790323
vt 0.625000 0.806451
vt 0.625000 0.822581
vt 0.625000 0.838710
vt 0.625000 0.854839
vt 0.625000 0.870968
vt 0.625000 0.887097
vt 0.625000 0.903226
vt 0.625000 0.919355
vt 0.625000 0.935484
vt 0.625000 0.951613
vt 0.625000 0.967742
vt 0.656250 0.500000
vt 0.656250 0.516129
vt 0.656250 0.532258
vt 0.656250 0.548387
vt 0.656250 0.564516
vt 0.656250 0.580645
vt 0.656250 0.596774
vt 0.656250 0.612903
vt 0.656250 0.629032
vt 0.656250 0.645161
vt 0.656250 0.661290
vt 0.656250 0.677419
vt 0.656250 0.693548
vt 0.656250 0.709677
vt 0.656250 0.725806
vt 0.656250 0.741935
vt 0.656250 0.758064
vt 0.656250 0.774193
vt 0.656250 0.790322
vt 0.656250 0.806451
vt 0.656250 0.822581
vt 0.656250 0.838709
vt 0.656250 0.854839
vt 0.656250 0.870968
vt 0.656250 0.887097
vt 0.656250 0.903226
vt 0.656250 0.919355
vt 0.656250 0.935484
vt 0.656250 0.951613
vt 0.656250 0.967742
vt 0.687500 0.500000
vt 0.687500 0.516129
vt 0.687500 0.532258
vt 0.687500 0.548387
vt 0.687500 0.564516
vt 0.687500 0.580645
vt 0.687500 0.596774
vt 0.687500 0.612903
vt 0.687500 0.629032
vt 0.687500 0.645161
vt 0.687500 0.661290
vt 0.687500 0.677419
vt 0.687500 0.693548
vt 0.687500 0.709677
vt 0.687500 0.725806
vt 0.687500 0.741935
vt 0.687500 0.758064
vt 0.687500 0.774193
vt 0.687500 0.790323
vt 0.687500 0.806451
vt 0.687500 0.822581
vt 0.687500 0.838709
vt 0.687500 0.854839
vt 0.687500 0.870968
vt 0.687500 0.887097
vt 0.687500 0.903226
vt 0.687500 0.919355
vt 0.687500 0.935484
vt 0.687500 0.951613
vt 0.687500 0.967742
vt 0.718750 0.500000
vt 0.718750 0.516129
vt 0.718750 0.532258
vt 0.718750 0.548387
vt 0.718750 0.564516
vt 0.718750 0.580645
vt 0.718750 0.596774
vt 0.718750 0.612903
vt 0.718750 0.629032
vt 0.718750 0.645161
vt 0.718750 0.661290
vt 0.718750 0.677419
vt 0.718750 0.693548
vt 0.718750 0.709677
vt 0.718750 0.725806
vt 0.718750 0.741935
vt 0.718750 0.758064
vt 0.718750 0.774193
vt 0.718750 0.790322
vt 0.718750 0.806451
vt 0.718750 0.822581
vt 0.718750 0.838709
vt 0.718750 0.854839
vt 0.718750 0.870968
vt 0.718750 0.887097
vt 0.718750 0.903226
vt 0.718750 0.919355
vt 0.718750 0.935484
vt 0.718750 0.951613
vt 0.718750 0.967742
vt 0.750000 0.500000
vt 0.750000 0.516129
vt 0.750000 0.532258
vt 0.750000 0.548387
vt 0.750000 0.564516
vt 0.750000 0.580645
vt 0.750000 0.596774
vt 0.750000 0.612903
vt 0.750000 0.629032
vt 0.750000 0.645161
vt 0.750000 0.661290
vt 0.750000 0.677419
vt 0.750000 0.693548
vt 0.750000 0.709677
vt 0.750000 0.725806
vt 0.750000 0.741935
vt 0.750000 0.758064
vt 0.750000 0.774193
vt 0.750000 0.790322
vt 0.750000 0.806451
vt 0.750000 0.822581
vt 0.750000 0.838709
vt 0.750000 0.854839
vt 0.750000 0.870968
vt 0.750000 0.887097
vt 0.750000 0.903226
vt 0.750000 0.919355
vt 0.750000 0.935484
vt 0.750000 0.951613
vt 0.750000 0.967742
vt 0.781250 0.500000
vt 0.781250 0.516129
vt 0.781250 0.532258
vt 0.781250 0.548387
vt 0.781250 0.564516
vt 0.781250 0.580645
vt 0.781250 0.596774
vt 0.781250 0.612903
vt 0.781250 0.629032
vt 0.781250 0.645161
vt 0.781250 0.661290
vt 0.781250 0.677419
vt 0.781250 0.693548
vt 0.781250 0.709677
vt 0.781250 0.725806
vt 0.781250 0.741935
vt 0.781250 0.758064
vt 0.781250 0.774194
vt 0.781250 0.790323
vt 0.781250 0.806451
vt 0.781250 0.822581
vt 0.781250 0.838709
vt 0.781250 0.854839
vt 0.781250 0.870968
vt 0.781250 0.887097
vt 0.781250 0.903226
vt 0.781250 0.919355
vt 0.781250 0.935484
vt 0.781250 0.951613
vt 0.781250 0.967742
vt 0.812500 0.500000
vt 0.812500 0.516129
vt 0.812500 0.532258
vt 0.812500 0.548387
vt 0.812500 0.564516
vt 0.812500 0.580645
vt 0.812500 0.596774
vt 0.812500 0.612903
vt 0.812500 0.629032
vt 0.812500 0.645161
vt 0.812500 0.661290
vt 0.812500 0.677419
vt 0.812500 0.693548
vt 0.812500 0.709677
vt 0.812500 0.725806
vt 0.812500 0.741935
vt 0.812500 0.758064
vt 0.812500 0.774193
vt 0.812500 0.790323
vt 0.812500 0.806451
vt 0.812500 0.822581
vt 0.812500 0.838710
vt 0.812500 0.854839
vt 0.812500 0.870968
vt 0.812500 0.887097
vt 0.812500 0.903226
vt 0.812500 0.919355
vt 0.812500 0.935484
vt 0.812500 0.951613
vt 0.812500 0.967742
vt 0.843750 0.500000
vt 0.843750 0.516129
vt 0.843750 0.532258
vt 0.843750 0.548387
vt 0.843750 0.564516
vt 0.843750 0.580645
vt 0.843750 0.596774
vt 0.843750 0.612903
vt 0.843750 0.629032
vt 0.843750 0.645161
vt 0.843750 0.661290
vt 0.843750 0.677419
vt 0.843750 0.693548
vt 0.843750 0.709677
vt 0.843750 0.725806
vt 0.843750 0.741935
vt 0.843750 0.758064
vt 0.843750 0.774193
vt 0.843750 0.790322
vt 0.843750 0.806451
vt 0.843750 0.822581
vt 0.843750 0.838710
vt 0.843750 0.854839
vt 0.843750 0.870968
vt 0.843750 0.887097
vt 0.843750 0.903226
vt 0.843750 0.919355
vt 0.843750 0.935484
vt 0.843750 0.951613
vt 0.843750 0.967742
vt 0.875000 0.500000
vt 0.875000 0.516129
vt 0.875000 0.532258
vt 0.875000 0.548387
vt 0.875000 0.564516
vt 0.875000 0.580645
vt 0.875000 0.596774
vt 0.875000 0.612903
vt 0.875000 0.629032
vt 0.875000 0.645161
vt 0.875000 0.661290
vt 0.875000 0.677419
vt 0.875000 0.693548
vt 0.875000 0.709677
vt 0.875000 0.725806
vt 0.875000 0.741935
vt 0.875000 0.758064
vt 0.875000 0.774193
vt 0.875000 0.790323
vt 0.875000 0.806451
vt 0.875000 0.822581
vt 0.875000 0.838710
vt 0.875000 0.854839
vt 0.875000 0.870968
vt 0.875000 0.887097
vt 0.875000 0.903226
vt 0.875000 0.919355
vt 0.875000 0.935484
vt 0.875000 0.951613
vt 0.875000 0.967742
vt 0.906250 0.500000
vt 0.906250 0.516129
vt 0.906250 0.532258
vt 0.906250 0.548387
vt 0.906250 0.564516
vt 0.906250 0.580645
vt 0.906250 0.596774
vt 0.906250 0.612903
vt 0.906250 0.629032
vt 0.906250 0.645161
vt 0.906250 0.661290
vt 0.906250 0.677419
vt 0.906250 0.693548
vt 0.906250 0.709677
vt 0.906250 0.725806
vt 0.906250 0.741935
vt 0.906250 0.758064
vt 0.906250 0.774193
vt 0.906250 0.790322
vt 0.906250 0.806451
vt 0.906250 0.822581
vt 0.906250 0.838710
vt 0.906250 0.854839
vt 0.906250 0.870968
vt 0.906250 0.887097
vt 0.906250 0.903226
vt 0.906250 0.919355
vt 0.906250 0.935484
vt 0.906250 0.951613
vt 0.906250 0.967742
vt 0.937500 0.500000
vt 0.937500 0.516129
vt 0.937500 0.532258
vt 0.937500 0.548387
vt 0.937500 0.564516
vt 0.937500 0.580645
vt 0.937500 0.596774
vt 0.937500 0.612903
vt 0.937500 0.629032
vt 0.937500 0.645161
vt 0.937500 0.661290
vt 0.937500 0.677419
vt 0.937500 0.693548
vt 0.937500 0.709677
vt 0.937500 0.725806
vt 0.937500 0.741935
vt 0.937500 0.758064
vt 0.937500 0.774193
vt 0.937500 0.790323
vt 0.937500 0.806451
vt 0.937500 0.822581
vt 0.937500 0.838709
vt 0.937500 0.854839
vt 0.937500 0.870968
vt 0.937500 0.887097
vt 0.937500 0.903226
vt 0.937500 0.919355
vt 0.937500 0.935484
vt 0.937500 0.951613
vt 0.937500 0.967742
vt 0.968750 0.500000
vt 0.968750 0.516129
vt 0.968750 0.532258
vt 0.968750 0.548387
vt 0.968750 0.564516
vt 0.968750 0.580645
vt 0.968750 0.596774
vt 0.968750 0.612903
vt 0.968750 0.629032
vt 0.968750 0.645161
vt 0.968750 0.661290
vt 0.968750 0.677419
vt 0.968750 0.693548
vt 0.968750 0.709677
vt 0.968750 0.725806
vt 0.968750 0.741935
vt 0.968750 0.758064
vt 0.968750 0.774194
vt 0.968750 0.790322
vt 0.968750 0.806451
vt 0.968750 0.822581
vt 0.968750 0.838710
vt 0.968750 0.854839
vt 0.968750 0.870968
vt 0.968750 0.887097
vt 0.968750 0.903226
vt 0.968750 0.919355
vt 0.968750 0.935484
vt 0.968750 0.951613
vt 0.968750 0.967742
vt 1.000000 0.612903
vt 1.000000 0.629032
vt 1.000000 0.645161
vt 1.000000 0.661290
vt 1.000000 0.677419
vt 1.000000 0.693548
vt 1.000000 0.709677
vt 1.000000 0.725806
vt 1.000000 0.741935
vt 1.000000 0.758064
vt 1.000000 0.774193
vt 1.000000 0.790322
vt 1.000000 0.806451
vt 1.000000 0.822581
vt 1.000000 0.838710
vt 1.000000 0.854839
vt 1.000000 0.870968
vt 1.000000 0.887097
vt 1.000000 0.903226
vt 1.000000 0.919355
vt 1.000000 0.935484
vt 1.000000 0.951613
vt 1.000000 0.967742
vt 0.062500 1.000000
vt 0.062500 1.000000
vt 0.062692 1.000000
vt 0.750000 1.000000
vt 0.468750 1.000000
vt 0.468750 1.000000
vt 0.494564 1.000000
vt 0.187500 1.000000
vt 0.875000 1.000000
vt 0.593750 1.000000
vt 0.312500 1.000000
vt 0.312500 1.000000
vt 0.312618 1.000000
vt 0.031250 1.000000
vt 0.718750 1.000000
vt 0.437500 1.000000
vt 0.156250 1.000000
vt 0.156250 1.000000
vt 0.156362 1.000000
vt 0.843750 1.000000
vt 0.562500 1.000000
vt 0.281250 1.000000
vt 0.968750 1.000000
vt 0.000000 1.000000
vt 0.687500 1.000000
vt 0.406250 1.000000
vt 0.406250 1.000000
vt 0.406502 1.000000
vt 0.125000 1.000000
vt 0.812500 1.000000
vt 0.531250 1.000000
vt 0.250000 1.000000
vt 0.250000 1.000000
vt 0.250102 1.000000
vt 0.937500 1.000000
vt 0.656250 1.000000
vt 0.375000 1.000000
vt 0.093750 1.000000
vt 0.093750 1.000000
vt 0.093899 1.000000
vt 0.781250 1.000000
vt 0.500000 1.000000
vt 0.500000 1.000000
vt 0.500105 1.000000
vt 0.218750 1.000000
vt 0.906250 1.000000
vt 0.625000 1.000000
vt 0.906250 1.000000
vt 0.796822 0.485388
vt 0.841844 0.471731
vt 0.883337 0.449553
vt 0.919706 0.419706
vt 0.949553 0.383337
vt 0.971731 0.341844
vt 0.985388 0.296822
vt 0.990000 0.250000
vt 0.985388 0.203178
vt 0.971731 0.158156
vt 0.949553 0.116663
vt 0.919706 0.080294
vt 0.883337 0.050447
vt 0.841844 0.028269
vt 0.796822 0.014612
vt 0.750000 0.010000
vt 0.000000 0.693548
vt 0.000000 0.677419
vt 0.000000 0.661290
vt 0.000000 0.645161
vt 0.000000 0.629032
vt 0.000000 0.612903
vt 0.500049 0.967742
vt 0.500178 0.983871
vt 0.508337 0.645161
vt 0.506853 0.629032
vt 0.504876 0.612903
vt 0.502598 0.596774
vt 0.500168 0.580645
vt 0.499776 0.935484
vt 0.499895 0.951613
vt 0.499750 0.919355
vt 0.499822 0.903226
vt 0.495386 0.548387
vt 0.497707 0.564516
vt 0.493416 0.532258
vt 0.491916 0.516129
vt 1.000000 0.725806
vt 0.062500 1.000000
vt 0.468750 1.000000
vt 0.875000 1.000000
vt 0.312500 1.000000
vt 0.718750 1.000000
vt 0.156250 1.000000
vt 0.562500 1.000000
vt 1.000000 1.000000
vt 0.968750 1.000000
vt 0.406250 1.000000
vt 0.812500 1.000000
vt 0.250000 1.000000
vt 0.656250 1.000000
vt 0.093750 1.000000
vt 0.500000 1.000000
vt 0.906250 1.000000
vt 0.500000 0.579561
vt 0.500000 0.962815
vt 0.000000 1.000000
vt 0.000559 1.000000
vt 0.490291 0.500000
vt 0.343750 1.000000
vt 0.000000 1.000000
vt 1.000000 0.983871
vt 1.000000 1.000000
vt 0.968750 1.000000
vt 0.968750 0.983871
vt 0.937500 1.000000
vt 0.937500 0.983871
vt 0.906250 1.000000
vt 0.906250 0.983871
vt 0.875000 1.000000
vt 0.875000 0.983871
vt 0.843750 1.000000
vt 0.843750 0.983871
vt 0.812500 1.000000
vt 0.812500 0.983871
vt 0.781250 1.000000
vt 0.781250 0.983871
vt 0.750000 1.000000
vt 0.750000 0.983871
vt 0.718750 1.000000
vt 0.718750 0.983871
vt 0.687500 1.000000
vt 0.687500 0.983871
vt 0.656250 1.000000
vt 0.656250 0.983871
vt 0.625000 1.000000
vt 0.625000 0.983871
vt 0.593750 1.000000
vt 0.593750 0.983871
vt 0.562500 1.000000
vt 0.562500 0.983871
vt 0.531250 1.000000
vt 0.531250 0.983871
vt 0.010842 0.709677
vt 0.000000 0.709677
vt 0.000000 0.725806
vt 0.010444 0.725806
vt 0.531250 0.919355
vt 0.500000 0.919355
vt 0.500000 0.935484
vt 0.531250 0.935484
vt 0.562500 0.967742
vt 0.531250 0.967742
vt 0.531250 0.983871
vt 0.562500 0.983871
vt 0.625000 0.500000
vt 0.593750 0.500000
vt 0.593750 0.516129
vt 0.625000 0.516129
vt 0.656250 0.516129
vt 0.625000 0.532258
vt 0.656250 0.532258
vt 0.687500 0.532258
vt 0.656250 0.548387
vt 0.687500 0.548387
vt 0.718750 0.548387
vt 0.687500 0.564516
vt 0.718750 0.564516
vt 0.750000 0.564516
vt 0.718750 0.580645
vt 0.750000 0.580645
vt 0.781250 0.580645
vt 0.750000 0.596774
vt 0.781250 0.596774
vt 0.812500 0.596774
vt 0.781250 0.612903
vt 0.812500 0.612903
vt 0.843750 0.612903
vt 0.812500 0.629032
vt 0.843750 0.629032
vt 0.875000 0.629032
vt 0.843750 0.645161
vt 0.875000 0.645161
vt 0.906250 0.645161
vt 0.875000 0.661290
vt 0.906250 0.661290
vt 0.937500 0.661290
vt 0.906250 0.677419
vt 0.937500 0.677419
vt 0.968750 0.677419
vt 0.937500 0.693548
vt 0.968750 0.693548
vt 0.343750 1.000000
vt 0.343888 1.000000
vt 0.343750 1.000000
vt 1.000000 0.693548
vt 0.968750 0.709677
vt 1.000000 0.709677
vt 0.000689 0.983871
vt 0.000952 1.000000
vt 0.000000 1.000000
vt 0.000000 0.983871
vt 0.757848 0.489227
vt 0.796822 0.485388
vt 0.841844 0.471731
vt 0.883337 0.449553
vt 0.919706 0.419706
vt 0.949553 0.383337
vt 0.971731 0.341844
vt 0.985388 0.296822
vt 0.990000 0.250000
vt 0.985388 0.203178
vt 0.971731 0.158156
vt 0.949553 0.116663
vt 0.919706 0.080294
vt 0.883337 0.050447
vt 0.841844 0.028269
vt 0.796822 0.014612
vt 0.750000 0.010000
vt 0.735453 0.011433
vt 0.531250 0.677419
vt 0.509346 0.677419
vt 0.508969 0.693548
vt 0.531250 0.693548
vt 0.531250 0.709677
vt 0.508214 0.709677
vt 0.507239 0.725806
vt 0.531250 0.725806
vt 0.531250 0.741935
vt 0.506165 0.741935
vt 0.505086 0.758064
vt 0.531250 0.758064
vt 0.531250 0.774194
vt 0.504065 0.774193
vt 0.503141 0.790322
vt 0.531250 0.790323
vt 0.531250 0.806451
vt 0.502332 0.806451
vt 0.501642 0.822581
vt 0.531250 0.822581
vt 0.531250 0.838709
vt 0.501066 0.838709
vt 0.500599 0.854839
vt 0.531250 0.854839
vt 0.000779 0.612903
vt 0.000000 0.612903
vt 0.000000 0.609086
vt 0.003738 0.629032
vt 0.000000 0.629032
vt 0.006326 0.645161
vt 0.000000 0.645161
vt 0.008440 0.661290
vt 0.000000 0.661290
vt 0.009934 0.677419
vt 0.000000 0.677419
vt 0.010718 0.693548
vt 0.000000 0.693548
vt 0.000000 0.709677
vt 0.000000 0.725806
vt 0.009657 0.741935
vt 0.000000 0.741935
vt 0.008596 0.758064
vt 0.000000 0.758064
vt 0.007370 0.774193
vt 0.000000 0.774193
vt 0.006084 0.790322
vt 0.000000 0.790322
vt 0.004829 0.806451
vt 0.000000 0.806451
vt 0.003677 0.822581
vt 0.000000 0.822580
vt 0.002670 0.838710
vt 0.000000 0.838710
vt 0.001832 0.854839
vt 0.000000 0.854839
vt 0.001168 0.870968
vt 0.000000 0.870968
vt 0.000671 0.887097
vt 0.000000 0.887097
vt 0.000335 0.903226
vt 0.000000 0.903226
vt 0.000130 0.919355
vt 0.000000 0.919355
vt 0.000088 0.935484
vt 0.000000 0.935484
vt 0.000220 0.951613
vt 0.000000 0.951613
vt 0.000445 0.967742
vt 0.000000 0.967742
vt 0.531250 0.661290
vt 0.509175 0.661290
vt 0.500236 0.870968
vt 0.531250 0.870968
vt 0.625000 1.000000
vt 0.625000 1.000000
vt 0.656250 1.000000
vt 0.218750 1.000000
vt 0.218750 1.000000
vt 0.218851 1.000000
vt 0.781250 1.000000
vt 0.781250 1.000000
vt 0.812500 1.000000
vt 0.375000 1.000000
vt 0.375000 1.000000
vt 0.375175 1.000000
vt 0.937500 1.000000
vt 0.937500 1.000000
vt 0.968750 1.000000
vt 0.531250 1.000000
vt 0.531250 1.000000
vt 0.562500 1.000000
vt 0.125000 1.000000
vt 0.125000 1.000000
vt 0.125125 1.000000
vt 0.687500 1.000000
vt 0.687500 1.000000
vt 0.718750 1.000000
vt 0.281250 1.000000
vt 0.281250 1.000000
vt 0.281357 1.000000
vt 0.843750 1.000000
vt 0.843750 1.000000
vt 0.875000 1.000000
vt 0.437500 1.000000
vt 0.437500 1.000000
vt 0.437990 1.000000
vt 0.031250 1.000000
vt 0.031250 1.000000
vt 0.031532 1.000000
vt 0.593750 1.000000
vt 0.593750 1.000000
vt 0.187500 1.000000
vt 0.187500 1.000000
vt 0.187604 1.000000
vt 0.750000 1.000000
vt 0.750000 1.000000
vt 1.000000 0.967742
vt 0.968750 0.967742
vt 0.968750 0.983871
vt 1.000000 0.983871
vt 1.000000 0.935484
vt 0.968750 0.935484
vt 0.968750 0.951613
vt 1.000000 0.951613
vt 1.000000 0.903226
vt 0.968750 0.903226
vt 0.968750 0.919355
vt 1.000000 0.919355
vt 1.000000 0.870968
vt 0.968750 0.870968
vt 0.968750 0.887097
vt 1.000000 0.887097
vt 1.000000 0.838710
vt 0.968750 0.838710
vt 0.968750 0.854839
vt 1.000000 0.854839
vt 1.000000 0.806451
vt 0.968750 0.806451
vt 0.968750 0.822581
vt 1.000000 0.822581
vt 1.000000 0.774193
vt 0.968750 0.774194
vt 0.968750 0.790322
vt 1.000000 0.790322
vt 1.000000 0.741935
vt 0.968750 0.741935
vt 0.968750 0.758064
vt 1.000000 0.758064
vt 1.000000 0.677419
vt 1.000000 0.661290
vt 0.968750 0.661290
vt 1.000000 0.645161
vt 0.968750 0.645161
vt 1.000000 0.629032
vt 0.968750 0.629032
vt 1.000000 0.612903
vt 0.968750 0.612903
vt 0.997544 0.596774
vt 0.968750 0.596774
vt 1.000000 0.609086
vt 0.994206 0.580645
vt 0.968750 0.580645
vt 0.991126 0.564516
vt 0.968750 0.564516
vt 0.988913 0.548387
vt 0.968750 0.548387
vt 0.988131 0.532258
vt 0.968750 0.532258
vt 0.989334 0.516129
vt 0.968750 0.516129
vt 0.994762 0.500000
vt 0.968750 0.500000
vt 0.937500 0.967742
vt 0.937500 0.983871
vt 0.937500 0.951613
vt 0.937500 0.935484
vt 0.937500 0.919355
vt 0.937500 0.903226
vt 0.937500 0.887097
vt 0.937500 0.870968
vt 0.937500 0.854839
vt 0.937500 0.838709
vt 0.937500 0.822581
vt 0.937500 0.806451
vt 0.937500 0.790323
vt 0.937500 0.774193
vt 0.937500 0.758064
vt 0.937500 0.741935
vt 0.968750 0.725806
vt 0.937500 0.725806
vt 0.937500 0.709677
vt 0.937500 0.645161
vt 0.937500 0.629032
vt 0.937500 0.612903
vt 0.937500 0.596774
vt 0.937500 0.580645
vt 0.937500 0.564516
vt 0.937500 0.548387
vt 0.937500 0.532258
vt 0.937500 0.516129
vt 0.937500 0.500000
vt 0.906250 0.967742
vt 0.906250 0.983871
vt 0.906250 0.951613
vt 0.906250 0.935484
vt 0.906250 0.919355
vt 0.906250 0.903226
vt 0.906250 0.887097
vt 0.906250 0.870968
vt 0.906250 0.854839
vt 0.906250 0.838710
vt 0.906250 0.822581
vt 0.906250 0.806451
vt 0.906250 0.790322
vt 0.906250 0.774193
vt 0.906250 0.758064
vt 0.906250 0.741935
vt 0.906250 0.725806
vt 0.906250 0.709677
vt 0.906250 0.693548
vt 0.906250 0.629032
vt 0.906250 0.612903
vt 0.906250 0.596774
vt 0.906250 0.580645
vt 0.906250 0.564516
vt 0.906250 0.548387
vt 0.906250 0.532258
vt 0.906250 0.516129
vt 0.906250 0.500000
vt 0.875000 0.967742
vt 0.875000 0.983871
vt 0.875000 0.951613
vt 0.875000 0.935484
vt 0.875000 0.919355
vt 0.875000 0.903226
vt 0.875000 0.887097
vt 0.875000 0.870968
vt 0.875000 0.854839
vt 0.875000 0.838710
vt 0.875000 0.822581
vt 0.875000 0.806451
vt 0.875000 0.790323
vt 0.875000 0.774193
vt 0.875000 0.758064
vt 0.875000 0.741935
vt 0.875000 0.725806
vt 0.875000 0.709677
vt 0.875000 0.693548
vt 0.875000 0.677419
vt 0.875000 0.612903
vt 0.875000 0.596774
vt 0.875000 0.580645
vt 0.875000 0.564516
vt 0.875000 0.548387
vt 0.875000 0.532258
vt 0.875000 0.516129
vt 0.875000 0.500000
vt 0.843750 0.967742
vt 0.843750 0.983871
vt 0.843750 0.951613
vt 0.843750 0.935484
vt 0.843750 0.919355
vt 0.843750 0.903226
vt 0.843750 0.887097
vt 0.843750 0.870968
vt 0.843750 0.854839
vt 0.843750 0.838710
vt 0.843750 0.822581
vt 0.843750 0.806451
vt 0.843750 0.790322
vt 0.843750 0.774193
vt 0.843750 0.758064
vt 0.843750 0.741935
vt 0.843750 0.725806
vt 0.843750 0.709677
vt 0.843750 0.693548
vt 0.843750 0.677419
vt 0.843750 0.661290
vt 0.843750 0.596774
vt 0.843750 0.580645
vt 0.843750 0.564516
vt 0.843750 0.548387
vt 0.843750 0.532258
vt 0.843750 0.516129
vt 0.843750 0.500000
vt 0.812500 0.967742
vt 0.812500 0.983871
vt 0.812500 0.951613
vt 0.812500 0.935484
vt 0.812500 0.919355
vt 0.812500 0.903226
vt 0.812500 0.887097
vt 0.812500 0.870968
vt 0.812500 0.854839
vt 0.812500 0.838710
vt 0.812500 0.822581
vt 0.812500 0.806451
vt 0.812500 0.790323
vt 0.812500 0.774193
vt 0.812500 0.758064
vt 0.812500 0.741935
vt 0.812500 0.725806
vt 0.812500 0.709677
vt 0.812500 0.693548
vt 0.812500 0.677419
vt 0.812500 0.661290
vt 0.812500 0.645161
vt 0.812500 0.580645
vt 0.812500 0.564516
vt 0.812500 0.548387
vt 0.812500 0.532258
vt 0.812500 0.516129
vt 0.812500 0.500000
vt 0.781250 0.967742
vt 0.781250 0.983871
vt 0.781250 0.951613
vt 0.781250 0.935484
vt 0.781250 0.919355
vt 0.781250 0.903226
vt 0.781250 0.887097
vt 0.781250 0.870968
vt 0.781250 0.854839
vt 0.781250 0.838709
vt 0.781250 0.822581
vt 0.781250 0.806451
vt 0.781250 0.790323
vt 0.781250 0.774194
vt 0.781250 0.758064
vt 0.781250 0.741935
vt 0.781250 0.725806
vt 0.781250 0.709677
vt 0.781250 0.693548
vt 0.781250 0.677419
vt 0.781250 0.661290
vt 0.781250 0.645161
vt 0.781250 0.629032
vt 0.781250 0.564516
vt 0.781250 0.548387
vt 0.781250 0.532258
vt 0.781250 0.516129
vt 0.781250 0.500000
vt 0.750000 0.967742
vt 0.750000 0.983871
vt 0.750000 0.951613
vt 0.750000 0.935484
vt 0.750000 0.919355
vt 0.750000 0.903226
vt 0.750000 0.887097
vt 0.750000 0.870968
vt 0.750000 0.854839
vt 0.750000 0.838709
vt 0.750000 0.822581
vt 0.750000 0.806451
vt 0.750000 0.790322
vt 0.750000 0.774193
vt 0.750000 0.758064
vt 0.750000 0.741935
vt 0.750000 0.725806
vt 0.750000 0.709677
vt 0.750000 0.693548
vt 0.750000 0.677419
vt 0.750000 0.661290
vt 0.750000 0.645161
vt 0.750000 0.629032
vt 0.750000 0.612903
vt 0.750000 0.548387
vt 0.750000 0.532258
vt 0.750000 0.516129
vt 0.750000 0.500000
vt 0.718750 0.967742
vt 0.718750 0.983871
vt 0.718750 0.951613
vt 0.718750 0.935484
vt 0.718750 0.919355
vt 0.718750 0.903226
vt 0.718750 0.887097
vt 0.718750 0.870968
vt 0.718750 0.854839
vt 0.718750 0.838709
vt 0.718750 0.822581
vt 0.718750 0.806451
vt 0.718750 0.790322
vt 0.718750 0.774193
vt 0.718750 0.758064
vt 0.718750 0.741935
vt 0.718750 0.725806
vt 0.718750 0.709677
vt 0.718750 0.693548
vt 0.718750 0.677419
vt 0.718750 0.661290
vt 0.718750 0.645161
vt 0.718750 0.629032
vt 0.718750 0.612903
vt 0.718750 0.596774
vt 0.718750 0.532258
vt 0.718750 0.516129
vt 0.718750 0.500000
vt 0.687500 0.967742
vt 0.687500 0.983871
vt 0.687500 0.951613
vt 0.687500 0.935484
vt 0.687500 0.919355
vt 0.687500 0.903226
vt 0.687500 0.887097
vt 0.687500 0.870968
vt 0.687500 0.854839
vt 0.687500 0.838709
vt 0.687500 0.822581
vt 0.687500 0.806451
vt 0.687500 0.790323
vt 0.687500 0.774193
vt 0.687500 0.758064
vt 0.687500 0.741935
vt 0.687500 0.725806
vt 0.687500 0.709677
vt 0.687500 0.693548
vt 0.687500 0.677419
vt 0.687500 0.661290
vt 0.687500 0.645161
vt 0.687500 0.629032
vt 0.687500 0.612903
vt 0.687500 0.596774
vt 0.687500 0.580645
vt 0.687500 0.516129
vt 0.687500 0.500000
vt 0.656250 0.967742
vt 0.656250 0.983871
vt 0.656250 0.951613
vt 0.656250 0.935484
vt 0.656250 0.919355
vt 0.656250 0.903226
vt 0.656250 0.887097
vt 0.656250 0.870968
vt 0.656250 0.854839
vt 0.656250 0.838709
vt 0.656250 0.822581
vt 0.656250 0.806451
vt 0.656250 0.790322
vt 0.656250 0.774193
vt 0.656250 0.758064
vt 0.656250 0.741935
vt 0.656250 0.725806
vt 0.656250 0.709677
vt 0.656250 0.693548
vt 0.656250 0.677419
vt 0.656250 0.661290
vt 0.656250 0.645161
vt 0.656250 0.629032
vt 0.656250 0.612903
vt 0.656250 0.596774
vt 0.656250 0.580645
vt 0.656250 0.564516
vt 0.656250 0.500000
vt 0.625000 0.967742
vt 0.625000 0.983871
vt 0.625000 0.951613
vt 0.625000 0.935484
vt 0.625000 0.919355
vt 0.625000 0.903226
vt 0.625000 0.887097
vt 0.625000 0.870968
vt 0.625000 0.854839
vt 0.625000 0.838710
vt 0.625000 0.822581
vt 0.625000 0.806451
vt 0.625000 0.790323
vt 0.625000 0.774193
vt 0.625000 0.758065
vt 0.625000 0.741935
vt 0.625000 0.725806
vt 0.625000 0.709677
vt 0.625000 0.693548
vt 0.625000 0.677419
vt 0.625000 0.661290
vt 0.625000 0.645161
vt 0.625000 0.629032
vt 0.625000 0.612903
vt 0.625000 0.596774
vt 0.625000 0.580645
vt 0.625000 0.564516
vt 0.625000 0.548387
vt 0.593750 0.967742
vt 0.593750 0.983871
vt 0.593750 0.951613
vt 0.593750 0.935484
vt 0.593750 0.919355
vt 0.593750 0.903226
vt 0.593750 0.887097
vt 0.593750 0.870968
vt 0.593750 0.854839
vt 0.593750 0.838710
vt 0.593750 0.822581
vt 0.593750 0.806451
vt 0.593750 0.790322
vt 0.593750 0.774193
vt 0.593750 0.758064
vt 0.593750 0.741935
vt 0.593750 0.725806
vt 0.593750 0.709677
vt 0.593750 0.693548
vt 0.593750 0.677419
vt 0.593750 0.661290
vt 0.593750 0.645161
vt 0.593750 0.629032
vt 0.593750 0.612903
vt 0.593750 0.596774
vt 0.593750 0.580645
vt 0.593750 0.564516
vt 0.593750 0.548387
vt 0.593750 0.532258
vt 0.562500 0.951613
vt 0.562500 0.935484
vt 0.562500 0.919355
vt 0.562500 0.903226
vt 0.562500 0.887097
vt 0.562500 0.870968
vt 0.562500 0.854839
vt 0.562500 0.838710
vt 0.562500 0.822581
vt 0.562500 0.806451
vt 0.562500 0.790323
vt 0.562500 0.774193
vt 0.562500 0.758064
vt 0.562500 0.741935
vt 0.562500 0.725806
vt 0.562500 0.709677
vt 0.562500 0.693548
vt 0.562500 0.677419
vt 0.562500 0.661290
vt 0.562500 0.645161
vt 0.562500 0.629032
vt 0.562500 0.612903
vt 0.562500 0.596774
vt 0.562500 0.580645
vt 0.562500 0.564516
vt 0.562500 0.548387
vt 0.562500 0.532258
vt 0.562500 0.516129
vt 0.562500 0.500000
vt 0.531250 0.951613
vt 0.531250 0.903226
vt 0.531250 0.887097
vt 0.531250 0.645161
vt 0.531250 0.629032
vt 0.531250 0.612903
vt 0.531250 0.596774
vt 0.531250 0.580645
vt 0.531250 0.564516
vt 0.531250 0.548387
vt 0.531250 0.532258
vt 0.531250 0.516129
vt 0.531250 0.500000
vt 0.500000 0.951613
vt 0.531250 0.500000
vt 0.531250 0.516129
vt 0.500000 0.516129
vt 0.500000 0.500000
vt 0.531250 0.532258
vt 0.500000 0.532258
vt 0.531250 0.548387
vt 0.500000 0.548387
vt 0.531250 0.564516
vt 0.500000 0.564516
vt 0.500000 0.887097
vt 0.500000 0.903226
vt 0.500000 0.548387
vt 0.500000 0.564516
vt 0.500000 0.532258
vt 0.500000 0.516129
vt 0.500000 0.500000
vt 0.000000 0.967742
vt 0.000000 0.983871
vt 0.000000 0.951613
vt 0.000000 0.935484
vt 0.000000 0.919355
vt 0.000000 0.903226
vt 0.000000 0.887097
vt 0.000000 0.870968
vt 0.000000 0.854839
vt 0.000000 0.838710
vt 0.000000 0.822580
vt 0.000000 0.806451
vt 0.000000 0.790322
vt 0.000000 0.774193
vt 0.000000 0.758064
vt 0.531250 0.887097
vt 0.531250 0.903226
vt 0.500000 0.903226
vt 0.531250 0.919355
vt 0.500000 0.919355
vt 0.531250 0.935484
vt 0.500000 0.935484
vt 0.531250 0.951613
vt 0.500000 0.951613
vt 0.000000 0.741935
vt 0.562500 0.500000
vt 0.562500 0.516129
vt 0.562500 0.532258
vt 0.562500 0.548387
vt 0.562500 0.564516
vt 0.562500 0.580645
vt 0.531250 0.580645
vt 0.562500 0.596774
vt 0.531250 0.596774
vt 0.562500 0.612903
vt 0.531250 0.612903
vt 0.562500 0.629032
vt 0.531250 0.629032
vt 0.562500 0.645161
vt 0.531250 0.645161
vt 0.562500 0.661290
vt 0.531250 0.661290
vt 0.562500 0.677419
vt 0.531250 0.677419
vt 0.562500 0.693548
vt 0.531250 0.693548
vt 0.562500 0.709677
vt 0.531250 0.709677
vt 0.562500 0.725806
vt 0.531250 0.725806
vt 0.562500 0.741935
vt 0.531250 0.741935
vt 0.562500 0.758064
vt 0.531250 0.758064
vt 0.562500 0.774193
vt 0.531250 0.774194
vt 0.562500 0.790323
vt 0.531250 0.790323
vt 0.562500 0.806451
vt 0.531250 0.806451
vt 0.562500 0.822581
vt 0.531250 0.822581
vt 0.562500 0.838710
vt 0.531250 0.838709
vt 0.562500 0.854839
vt 0.531250 0.854839
vt 0.562500 0.870968
vt 0.531250 0.870968
vt 0.562500 0.887097
vt 0.562500 0.903226
vt 0.562500 0.919355
vt 0.562500 0.935484
vt 0.562500 0.951613
vt 0.562500 0.967742
vt 0.531250 0.967742
vt 0.593750 0.500000
vt 0.593750 0.516129
vt 0.593750 0.532258
vt 0.593750 0.548387
vt 0.593750 0.564516
vt 0.593750 0.580645
vt 0.593750 0.596774
vt 0.593750 0.612903
vt 0.593750 0.629032
vt 0.593750 0.645161
vt 0.593750 0.661290
vt 0.593750 0.677419
vt 0.593750 0.693548
vt 0.593750 0.709677
vt 0.593750 0.725806
vt 0.593750 0.741935
vt 0.593750 0.758064
vt 0.593750 0.774193
vt 0.593750 0.790322
vt 0.593750 0.806451
vt 0.593750 0.822581
vt 0.593750 0.838710
vt 0.593750 0.854839
vt 0.593750 0.870968
vt 0.593750 0.887097
vt 0.593750 0.903226
vt 0.593750 0.919355
vt 0.593750 0.935484
vt 0.593750 0.951613
vt 0.593750 0.967742
vt 0.625000 0.500000
vt 0.625000 0.516129
vt 0.625000 0.532258
vt 0.625000 0.548387
vt 0.625000 0.564516
vt 0.625000 0.580645
vt 0.625000 0.596774
vt 0.625000 0.612903
vt 0.625000 0.629032
vt 0.625000 0.645161
vt 0.625000 0.661290
vt 0.625000 0.677419
vt 0.625000 0.693548
vt 0.625000 0.709677
vt 0.625000 0.725806
vt 0.625000 0.741935
vt 0.625000 0.758065
vt 0.625000 0.774193
vt 0.625000 0.790323
vt 0.625000 0.806451
vt 0.625000 0.822581
vt 0.625000 0.838710
vt 0.625000 0.854839
vt 0.625000 0.870968
vt 0.625000 0.887097
vt 0.625000 0.903226
vt 0.625000 0.919355
vt 0.625000 0.935484
vt 0.625000 0.951613
vt 0.625000 0.967742
vt 0.656250 0.500000
vt 0.656250 0.516129
vt 0.656250 0.532258
vt 0.656250 0.548387
vt 0.656250 0.564516
vt 0.656250 0.580645
vt 0.656250 0.596774
vt 0.656250 0.612903
vt 0.656250 0.629032
vt 0.656250 0.645161
vt 0.656250 0.661290
vt 0.656250 0.677419
vt 0.656250 0.693548
vt 0.656250 0.709677
vt 0.656250 0.725806
vt 0.656250 0.741935
vt 0.656250 0.758064
vt 0.656250 0.774193
vt 0.656250 0.790322
vt 0.656250 0.806451
vt 0.656250 0.822581
vt 0.656250 0.838709
vt 0.656250 0.854839
vt 0.656250 0.870968
vt 0.656250 0.887097
vt 0.656250 0.903226
vt 0.656250 0.919355
vt 0.656250 0.935484
vt 0.656250 0.951613
vt 0.656250 0.967742
vt 0.687500 0.500000
vt 0.687500 0.516129
vt 0.687500 0.532258
vt 0.687500 0.548387
vt 0.687500 0.564516
vt 0.687500 0.580645
vt 0.687500 0.596774
vt 0.687500 0.612903
vt 0.687500 0.629032
vt 0.687500 0.645161
vt 0.687500 0.661290
vt 0.687500 0.677419
vt 0.687500 0.693548
vt 0.687500 0.709677
vt 0.687500 0.725806
vt 0.687500 0.741935
vt 0.687500 0.758064
vt 0.687500 0.774193
vt 0.687500 0.790323
vt 0.687500 0.806451
vt 0.687500 0.822581
vt 0.687500 0.838709
vt 0.687500 0.854839
vt 0.687500 0.870968
vt 0.687500 0.887097
vt 0.687500 0.903226
vt 0.687500 0.919355
vt 0.687500 0.935484
vt 0.687500 0.951613
vt 0.687500 0.967742
vt 0.718750 0.500000
vt 0.718750 0.516129
vt 0.718750 0.532258
vt 0.718750 0.548387
vt 0.718750 0.564516
vt 0.718750 0.580645
vt 0.718750 0.596774
vt 0.718750 0.612903
vt 0.718750 0.629032
vt 0.718750 0.645161
vt 0.718750 0.661290
vt 0.718750 0.677419
vt 0.718750 0.693548
vt 0.718750 0.709677
vt 0.718750 0.725806
vt 0.718750 0.741935
vt 0.718750 0.758064
vt 0.718750 0.774193
vt 0.718750 0.790322
vt 0.718750 0.806451
vt 0.718750 0.822581
vt 0.718750 0.838709
vt 0.718750 0.854839
vt 0.718750 0.870968
vt 0.718750 0.887097
vt 0.718750 0.903226
vt 0.718750 0.919355
vt 0.718750 0.935484
vt 0.718750 0.951613
vt 0.718750 0.967742
vt 0.750000 0.500000
vt 0.750000 0.516129
vt 0.750000 0.532258
vt 0.750000 0.548387
vt 0.750000 0.564516
vt 0.750000 0.580645
vt 0.750000 0.596774
vt 0.750000 0.612903
vt 0.750000 0.629032
vt 0.750000 0.645161
vt 0.750000 0.661290
vt 0.750000 0.677419
vt 0.750000 0.693548
vt 0.750000 0.709677
vt 0.750000 0.725806
vt 0.750000 0.741935
vt 0.750000 0.758064
vt 0.750000 0.774193
vt 0.750000 0.790322
vt 0.750000 0.806451
vt 0.750000 0.822581
vt 0.750000 0.838709
vt 0.750000 0.854839
vt 0.750000 0.870968
vt 0.750000 0.887097
vt 0.750000 0.903226
vt 0.750000 0.919355
vt 0.750000 0.935484
vt 0.750000 0.951613
vt 0.750000 0.967742
vt 0.781250 0.500000
vt 0.781250 0.516129
vt 0.781250 0.532258
vt 0.781250 0.548387
vt 0.781250 0.564516
vt 0.781250 0.580645
vt 0.781250 0.596774
vt 0.781250 0.612903
vt 0.781250 0.629032
vt 0.781250 0.645161
vt 0.781250 0.661290
vt 0.781250 0.677419
vt 0.781250 0.693548
vt 0.781250 0.709677
vt 0.781250 0.725806
vt 0.781250 0.741935
vt 0.781250 0.758064
vt 0.781250 0.774194
vt 0.781250 0.790323
vt 0.781250 0.806451
vt 0.781250 0.822581
vt 0.781250 0.838709
vt 0.781250 0.854839
vt 0.781250 0.870968
vt 0.781250 0.887097
vt 0.781250 0.903226
vt 0.781250 0.919355
vt 0.781250 0.935484
vt 0.781250 0.951613
vt 0.781250 0.967742
vt 0.812500 0.500000
vt 0.812500 0.516129
vt 0.812500 0.532258
vt 0.812500 0.548387
vt 0.812500 0.564516
vt 0.812500 0.580645
vt 0.812500 0.596774
vt 0.812500 0.612903
vt 0.812500 0.629032
vt 0.812500 0.645161
vt 0.812500 0.661290
vt 0.812500 0.677419
vt 0.812500 0.693548
vt 0.812500 0.709677
vt 0.812500 0.725806
vt 0.812500 0.741935
vt 0.812500 0.758064
vt 0.812500 0.774193
vt 0.812500 0.790323
vt 0.812500 0.806451
vt 0.812500 0.822581
vt 0.812500 0.838710
vt 0.812500 0.854839
vt 0.812500 0.870968
vt 0.812500 0.887097
vt 0.812500 0.903226
vt 0.812500 0.919355
vt 0.812500 0.935484
vt 0.812500 0.951613
vt 0.812500 0.967742
vt 0.843750 0.500000
vt 0.843750 0.516129
vt 0.843750 0.532258
vt 0.843750 0.548387
vt 0.843750 0.564516
vt 0.843750 0.580645
vt 0.843750 0.596774
vt 0.843750 0.612903
vt 0.843750 0.629032
vt 0.843750 0.645161
vt 0.843750 0.661290
vt 0.843750 0.677419
vt 0.843750 0.693548
vt 0.843750 0.709677
vt 0.843750 0.725806
vt 0.843750 0.741935
vt 0.843750 0.758064
vt 0.843750 0.774193
vt 0.843750 0.790322
vt 0.843750 0.806451
vt 0.843750 0.822581
vt 0.843750 0.838710
vt 0.843750 0.854839
vt 0.843750 0.870968
vt 0.843750 0.887097
vt 0.843750 0.903226
vt 0.843750 0.919355
vt 0.843750 0.935484
vt 0.843750 0.951613
vt 0.843750 0.967742
vt 0.875000 0.500000
vt 0.875000 0.516129
vt 0.875000 0.532258
vt 0.875000 0.548387
vt 0.875000 0.564516
vt 0.875000 0.580645
vt 0.875000 0.596774
vt 0.875000 0.612903
vt 0.875000 0.629032
vt 0.875000 0.645161
vt 0.875000 0.661290
vt 0.875000 0.677419
vt 0.875000 0.693548
vt 0.875000 0.709677
vt 0.875000 0.725806
vt 0.875000 0.741935
vt 0.875000 0.758064
vt 0.875000 0.774193
vt 0.875000 0.790323
vt 0.875000 0.806451
vt 0.875000 0.822581
vt 0.875000 0.838710
vt 0.875000 0.854839
vt 0.875000 0.870968
vt 0.875000 0.887097
vt 0.875000 0.903226
vt 0.875000 0.919355
vt 0.875000 0.935484
vt 0.875000 0.951613
vt 0.875000 0.967742
vt 0.906250 0.500000
vt 0.906250 0.516129
vt 0.906250 0.532258
vt 0.906250 0.548387
vt 0.906250 0.564516
vt 0.906250 0.580645
vt 0.906250 0.596774
vt 0.906250 0.612903
vt 0.906250 0.629032
vt 0.906250 0.645161
vt 0.906250 0.661290
vt 0.906250 0.677419
vt 0.906250 0.693548
vt 0.906250 0.709677
vt 0.906250 0.725806
vt 0.906250 0.741935
vt 0.906250 0.758064
vt 0.906250 0.774193
vt 0.906250 0.790322
vt 0.906250 0.806451
vt 0.906250 0.822581
vt 0.906250 0.838710
vt 0.906250 0.854839
vt 0.906250 0.870968
vt 0.906250 0.887097
vt 0.906250 0.903226
vt 0.906250 0.919355
vt 0.906250 0.935484
vt 0.906250 0.951613
vt 0.906250 0.967742
vt 0.937500 0.500000
vt 0.937500 0.516129
vt 0.937500 0.532258
vt 0.937500 0.548387
vt 0.937500 0.564516
vt 0.937500 0.580645
vt 0.937500 0.596774
vt 0.937500 0.612903
vt 0.937500 0.629032
vt 0.937500 0.645161
vt 0.937500 0.661290
vt 0.937500 0.677419
vt 0.937500 0.693548
vt 0.937500 0.709677
vt 0.937500 0.725806
vt 0.937500 0.741935
vt 0.937500 0.758064
vt 0.937500 0.774193
vt 0.937500 0.790323
vt 0.937500 0.806451
vt 0.937500 0.822581
vt 0.937500 0.838709
vt 0.937500 0.854839
vt 0.937500 0.870968
vt 0.937500 0.887097
vt 0.937500 0.903226
vt 0.937500 0.919355
vt 0.937500 0.935484
vt 0.937500 0.951613
vt 0.937500 0.967742
vt 0.968750 0.500000
vt 0.968750 0.516129
vt 0.968750 0.532258
vt 0.968750 0.548387
vt 0.968750 0.564516
vt 0.968750 0.580645
vt 0.968750 0.596774
vt 0.968750 0.612903
vt 0.968750 0.629032
vt 0.968750 0.645161
vt 0.968750 0.661290
vt 0.968750 0.677419
vt 0.968750 0.693548
vt 0.968750 0.709677
vt 0.968750 0.725806
vt 0.968750 0.741935
vt 0.968750 0.758064
vt 0.968750 0.774194
vt 0.968750 0.790322
vt 0.968750 0.806451
vt 0.968750 0.822581
vt 0.968750 0.838710
vt 0.968750 0.854839
vt 0.968750 0.870968
vt 0.968750 0.887097
vt 0.968750 0.903226
vt 0.968750 0.919355
vt 0.968750 0.935484
vt 0.968750 0.951613
vt 0.968750 0.967742
vt 1.000000 0.612903
vt 1.000000 0.629032
vt 1.000000 0.645161
vt 1.000000 0.661290
vt 1.000000 0.677419
vt 1.000000 0.693548
vt 1.000000 0.709677
vt 1.000000 0.725806
vt 1.000000 0.741935
vt 1.000000 0.758064
vt 1.000000 0.774193
vt 1.000000 0.790322
vt 1.000000 0.806451
vt 1.000000 0.822581
vt 1.000000 0.838710
vt 1.000000 0.854839
vt 1.000000 0.870968
vt 1.000000 0.887097
vt 1.000000 0.903226
vt 1.000000 0.919355
vt 1.000000 0.935484
vt 1.000000 0.951613
vt 1.000000 0.967742
vt 0.062500 1.000000
vt 0.062692 1.000000
vt 0.062500 1.000000
vt 0.750000 1.000000
vt 0.468750 1.000000
vt 0.494564 1.000000
vt 0.468750 1.000000
vt 0.187500 1.000000
vt 0.875000 1.000000
vt 0.593750 1.000000
vt 0.312500 1.000000
vt 0.312618 1.000000
vt 0.312500 1.000000
vt 0.031250 1.000000
vt 0.718750 1.000000
vt 0.437500 1.000000
vt 0.156250 1.000000
vt 0.156362 1.000000
vt 0.156250 1.000000
vt 0.843750 1.000000
vt 0.562500 1.000000
vt 0.281250 1.000000
vt 0.968750 1.000000
vt 0.000000 1.000000
vt 0.687500 1.000000
vt 0.406250 1.000000
vt 0.406502 1.000000
vt 0.406250 1.000000
vt 0.125000 1.000000
vt 0.812500 1.000000
vt 0.531250 1.000000
vt 0.250000 1.000000
vt 0.250102 1.000000
vt 0.250000 1.000000
vt 0.937500 1.000000
vt 0.656250 1.000000
vt 0.375000 1.000000
vt 0.093750 1.000000
vt 0.093899 1.000000
vt 0.093750 1.000000
vt 0.781250 1.000000
vt 0.500000 1.000000
vt 0.500105 1.000000
vt 0.500000 1.000000
vt 0.218750 1.000000
vt 0.906250 1.000000
vt 0.625000 1.000000
vt 0.906250 1.000000
vt 0.750000 0.010000
vt 0.796822 0.014612
vt 0.841844 0.028269
vt 0.883337 0.050447
vt 0.919706 0.080294
vt 0.949553 0.116663
vt 0.971731 0.158156
vt 0.985388 0.203178
vt 0.990000 0.250000
vt 0.985388 0.296822
vt 0.971731 0.341844
vt 0.949553 0.383337
vt 0.919706 0.419706
vt 0.883337 0.449553
vt 0.841844 0.471731
vt 0.796822 0.485388
vt 0.000000 0.693548
vt 0.000000 0.661290
vt 0.000000 0.677419
vt 0.000000 0.645161
vt 0.000000 0.629032
vt 0.000000 0.612903
vt 0.500178 0.983871
vt 0.500049 0.967742
vt 0.508337 0.645161
vt 0.506853 0.629032
vt 0.504876 0.612903
vt 0.502598 0.596774
vt 0.500168 0.580645
vt 0.499895 0.951613
vt 0.499776 0.935484
vt 0.499750 0.919355
vt 0.499822 0.903226
vt 0.497707 0.564516
vt 0.495386 0.548387
vt 0.493416 0.532258
vt 0.491916 0.516129
vt 1.000000 0.725806
vt 0.062500 1.000000
vt 0.468750 1.000000
vt 0.875000 1.000000
vt 0.312500 1.000000
vt 0.718750 1.000000
vt 0.156250 1.000000
vt 0.562500 1.000000
vt 0.968750 1.000000
vt 1.000000 1.000000
vt 0.406250 1.000000
vt 0.812500 1.000000
vt 0.250000 1.000000
vt 0.656250 1.000000
vt 0.093750 1.000000
vt 0.500000 1.000000
vt 0.906250 1.000000
vt 0.500000 0.579561
vt 0.500000 0.962815
vt 0.000559 1.000000
vt 0.000000 1.000000
vt 0.490291 0.500000
vt 0.343750 1.000000
vt 0.000000 1.000000
vn 0.1873 0.0132 0.9822
vn 0.4119 -0.2084 0.8871
vn 0.3002 -0.2551 0.9191
vn 0.2373 -0.0013 0.9714
vn 0.3171 -0.2813 0.9057
vn 0.3487 -0.0138 0.9371
vn 0.4797 -0.2880 0.8288
vn 0.5187 -0.0346 0.8543
vn 0.6366 -0.3068 0.7076
vn 0.6843 -0.0683 0.7260
vn 0.7611 -0.3359 0.5550
vn 0.8172 -0.1114 0.5655
vn 0.8434 -0.3731 0.3866
vn 0.9078 -0.1603 0.3874
vn 0.8836 -0.4165 0.2141
vn 0.9558 -0.2124 0.2034
vn 0.8847 -0.4638 0.0470
vn 0.9639 -0.2652 0.0227
vn 0.8515 -0.5131 -0.1079
vn 0.9368 -0.3171 -0.1477
vn 0.7892 -0.5625 -0.2465
vn 0.8793 -0.3670 -0.3035
vn 0.7019 -0.6107 -0.3666
vn 0.7955 -0.4140 -0.4424
vn 0.5931 -0.6560 -0.4669
vn 0.6881 -0.4579 -0.5629
vn 0.4593 -0.7037 -0.5420
vn 0.5634 -0.4953 -0.6613
vn 0.3915 -0.6943 -0.6039
vn 0.4417 -0.5248 -0.7276
vn 0.4094 -0.7074 -0.5761
vn 0.3001 -0.5260 -0.7958
vn -0.0000 -0.8595 0.5111
vn -0.1667 -0.8480 0.5031
vn -0.1691 -0.8428 0.5110
vn -0.0000 -0.8545 0.5195
vn -0.3333 -0.2088 -0.9194
vn -0.2144 -0.2143 -0.9530
vn -0.2306 -0.2705 -0.9347
vn -0.3563 -0.2702 -0.8945
vn -0.4625 -0.3854 -0.7985
vn -0.3079 -0.4022 -0.8622
vn -0.3001 -0.5260 -0.7958
vn -0.4417 -0.5248 -0.7276
vn -0.6133 0.5918 -0.5232
vn -0.5832 0.5700 -0.5788
vn -0.6320 -0.2343 -0.7387
vn -0.7191 -0.1913 -0.6681
vn -0.8119 -0.1572 -0.5623
vn -0.7032 -0.2301 -0.6727
vn -0.8082 -0.1922 -0.5566
vn -0.9005 -0.1461 -0.4097
vn -0.7993 -0.2176 -0.5602
vn -0.8958 -0.1650 -0.4127
vn -0.9712 -0.1020 -0.2152
vn -0.8942 -0.1450 -0.4235
vn -0.9710 -0.0976 -0.2182
vn -0.9988 -0.0361 0.0328
vn -0.9749 -0.0668 -0.2125
vn -0.9987 -0.0415 0.0299
vn -0.9599 0.0043 0.2804
vn -0.9976 -0.0641 0.0252
vn -0.9635 -0.0792 0.2557
vn -0.8787 -0.0692 0.4723
vn -0.9596 -0.1847 0.2123
vn -0.8801 -0.2458 0.4062
vn -0.7650 -0.2786 0.5807
vn -0.8710 -0.3687 0.3247
vn -0.7593 -0.4529 0.4673
vn -0.6275 -0.5089 0.5893
vn -0.7553 -0.5363 0.3766
vn -0.6278 -0.6205 0.4698
vn -0.4925 -0.6798 0.5435
vn -0.6343 -0.6575 0.4066
vn -0.5017 -0.7291 0.4655
vn -0.3735 -0.7774 0.5061
vn -0.5157 -0.7372 0.4366
vn -0.3890 -0.7888 0.4759
vn -0.2740 -0.8211 0.5007
vn -0.4032 -0.7893 0.4630
vn -0.2869 -0.8238 0.4890
vn 0.0000 -0.9022 -0.4314
vn 0.0000 -0.8477 -0.5304
vn 0.7628 -0.6311 0.1410
vn -0.1614 -0.8473 0.5060
vn -0.2956 -0.8230 0.4851
vn 0.0000 0.0015 1.0000
vn 0.0000 -0.1536 0.9881
vn -0.0000 0.8753 0.4836
vn 0.1267 0.8124 0.5691
vn 0.2516 0.8106 0.5287
vn 0.3265 0.8125 0.4829
vn 0.3870 0.8019 0.4552
vn 0.4761 0.7707 0.4235
vn 0.6047 0.7199 0.3408
vn 0.7268 0.6645 0.1740
vn 0.7768 0.6288 -0.0353
vn 0.7588 0.6153 -0.2135
vn 0.7143 0.6091 -0.3446
vn 0.6625 0.6016 -0.4463
vn 0.6133 0.5918 -0.5232
vn 0.5832 0.5700 -0.5788
vn 0.5569 0.5237 -0.6447
vn 0.4621 0.4519 -0.7631
vn 0.2648 0.4086 -0.8735
vn -0.0000 0.5140 -0.8578
vn -0.1502 0.8457 -0.5121
vn -0.0000 0.8561 -0.5169
vn -0.0000 0.8508 -0.5256
vn -0.1542 0.8401 -0.5201
vn -0.1604 0.8252 -0.5417
vn 0.0000 0.8364 -0.5481
vn -0.0000 0.8103 -0.5860
vn -0.1674 0.7985 -0.5782
vn -0.1736 0.7575 -0.6294
vn -0.0000 0.7694 -0.6387
vn -0.0000 0.7117 -0.7025
vn -0.1774 0.7001 -0.6916
vn -0.1778 0.6267 -0.7587
vn -0.0000 0.6372 -0.7707
vn -0.0000 0.5491 -0.8358
vn -0.1746 0.5400 -0.8233
vn -0.1691 0.4446 -0.8796
vn 0.0000 0.4522 -0.8919
vn 0.0000 0.3512 -0.9363
vn -0.1635 0.3447 -0.9244
vn -0.1576 0.2428 -0.9572
vn -0.0000 0.2480 -0.9688
vn -0.0000 0.1409 -0.9900
vn -0.1522 0.1416 -0.9782
vn -0.0000 -0.4655 0.8851
vn 0.2514 -0.3984 0.8821
vn 0.0000 -0.1291 0.9916
vn -0.0000 -0.6573 0.7536
vn 0.2289 -0.6188 0.7514
vn -0.0000 -0.7799 0.6259
vn 0.1667 -0.7662 0.6207
vn 0.0000 -0.8368 0.5476
vn 0.1476 -0.8271 0.5423
vn -0.0000 -0.8523 0.5230
vn 0.1532 -0.8425 0.5164
vn -0.0000 -0.8581 0.5134
vn 0.1614 -0.8473 0.5060
vn 0.1667 -0.8480 0.5031
vn 0.1691 -0.8428 0.5110
vn -0.0000 -0.8402 0.5423
vn 0.1695 -0.8287 0.5334
vn -0.0000 -0.8126 0.5828
vn 0.1690 -0.8017 0.5733
vn -0.0000 -0.7670 0.6417
vn 0.1687 -0.7568 0.6315
vn -0.0000 -0.6984 0.7157
vn 0.1695 -0.6891 0.7046
vn 0.0000 -0.6056 0.7958
vn 0.1712 -0.5973 0.7835
vn 0.0000 -0.4932 0.8699
vn 0.1728 -0.4863 0.8565
vn 0.0000 -0.3718 0.9283
vn 0.1726 -0.3664 0.9143
vn 0.0000 -0.2534 0.9674
vn 0.1688 -0.2495 0.9535
vn 0.0000 -0.1478 0.9890
vn 0.1603 -0.1453 0.9763
vn -0.0000 -0.0574 0.9983
vn 0.1474 -0.0559 0.9875
vn -0.0000 0.0248 0.9997
vn 0.1323 0.0256 0.9909
vn 0.0000 0.1044 0.9945
vn 0.1181 0.1047 0.9875
vn -0.0000 0.1673 0.9859
vn 0.1079 0.1669 0.9800
vn 0.0000 0.1824 0.9832
vn 0.1026 0.1812 0.9781
vn 0.0000 0.1323 0.9912
vn 0.1293 0.1271 0.9834
vn -0.1492 0.8437 -0.5157
vn -0.0000 0.8541 -0.5201
vn -0.0000 0.0388 -0.9992
vn -0.1541 0.0420 -0.9872
vn -0.5931 -0.6560 -0.4669
vn -0.7628 -0.6311 0.1410
vn -0.7019 -0.6107 -0.3666
vn 0.0033 -0.8296 0.5583
vn -0.0028 -0.9788 0.2048
vn -0.8836 -0.4165 0.2141
vn -0.8434 -0.3731 0.3866
vn 0.0000 -0.8218 -0.5698
vn -0.3171 -0.2813 0.9057
vn -0.3002 -0.2551 0.9191
vn -0.4094 -0.7074 -0.5761
vn -0.3915 -0.6943 -0.6039
vn -0.0041 -0.1273 0.9919
vn -0.0015 -0.3222 0.9467
vn -0.7892 -0.5625 -0.2465
vn -0.8515 -0.5131 -0.1079
vn -0.0006 -0.9951 -0.0992
vn -0.0018 -0.9483 -0.3174
vn -0.7611 -0.3359 0.5550
vn -0.6366 -0.3068 0.7076
vn -0.0000 -0.8150 -0.5794
vn 0.0000 -0.7937 -0.6083
vn -0.0000 -0.2886 0.9574
vn 0.0000 -0.0925 0.9957
vn -0.4593 -0.7037 -0.5420
vn 0.0081 -0.5498 0.8353
vn -0.8847 -0.4638 0.0470
vn -0.1293 0.1271 0.9834
vn -0.2102 0.1194 0.9703
vn -0.2373 -0.0013 0.9714
vn -0.1873 0.0132 0.9822
vn -0.1079 0.1669 0.9800
vn -0.2173 0.1644 0.9622
vn -0.2115 0.1768 0.9612
vn -0.1026 0.1812 0.9781
vn -0.1323 0.0256 0.9909
vn -0.2478 0.0267 0.9684
vn -0.2299 0.1041 0.9676
vn -0.1181 0.1047 0.9875
vn -0.1603 -0.1453 0.9763
vn -0.2837 -0.1407 0.9485
vn -0.2670 -0.0532 0.9622
vn -0.1474 -0.0559 0.9875
vn -0.1726 -0.3664 0.9143
vn -0.3023 -0.3560 0.8842
vn -0.2957 -0.2424 0.9240
vn -0.1688 -0.2495 0.9535
vn -0.1712 -0.5973 0.7835
vn -0.3036 -0.5798 0.7561
vn -0.3044 -0.4723 0.8272
vn -0.1728 -0.4863 0.8565
vn -0.1687 -0.7568 0.6315
vn -0.3011 -0.7340 0.6088
vn -0.3020 -0.6686 0.6795
vn -0.1695 -0.6891 0.7046
vn -0.1695 -0.8287 0.5334
vn -0.3013 -0.8033 0.5137
vn -0.3012 -0.7773 0.5524
vn -0.1690 -0.8017 0.5733
vn -0.1532 -0.8425 0.5164
vn -0.1476 -0.8271 0.5423
vn -0.2636 -0.8065 0.5292
vn -0.1667 -0.7662 0.6207
vn -0.2742 -0.7400 0.6142
vn -0.2289 -0.6188 0.7514
vn -0.3241 -0.5735 0.7524
vn -0.2514 -0.3984 0.8821
vn -0.2778 -0.2494 0.9277
vn 0.0000 0.0594 0.9982
vn -0.1997 0.0346 0.9792
vn 0.0000 0.2224 0.9750
vn -0.1402 0.2162 0.9662
vn 0.0000 0.2246 0.9744
vn -0.1229 0.2229 0.9671
vn 0.0000 0.2347 0.9721
vn -0.1202 0.2329 0.9651
vn -0.0000 0.3133 0.9496
vn -0.1255 0.3100 0.9424
vn -0.0000 0.3817 0.9243
vn -0.1267 0.3765 0.9177
vn -0.1267 0.8124 0.5691
vn -0.3519 0.1072 0.9299
vn -0.3488 -0.0138 0.9371
vn -0.3512 0.1654 0.9216
vn -0.3548 0.1557 0.9219
vn -0.3658 0.0989 0.9254
vn -0.3817 0.0249 0.9239
vn -0.3986 -0.0520 0.9157
vn -0.4136 -0.1361 0.9002
vn -0.4250 -0.2334 0.8746
vn -0.4319 -0.3413 0.8349
vn -0.4344 -0.4513 0.7795
vn -0.4336 -0.5526 0.7118
vn -0.4309 -0.6364 0.6398
vn -0.4280 -0.6985 0.5735
vn -0.4256 -0.7401 0.5206
vn -0.4234 -0.7656 0.4843
vn -0.3000 -0.8172 0.4921
vn -0.4199 -0.7798 0.4643
vn -0.4136 -0.7867 0.4582
vn -0.3657 -0.7179 0.5923
vn -0.3609 -0.5609 0.7451
vn -0.3282 -0.2858 0.9003
vn -0.2863 0.0275 0.9577
vn -0.2610 0.2039 0.9436
vn -0.2497 0.2175 0.9436
vn -0.2527 0.2281 0.9403
vn -0.2675 0.3025 0.9148
vn -0.2938 0.3657 0.8832
vn -0.2515 0.8106 0.5288
vn -0.5226 0.0827 0.8486
vn -0.5187 -0.0346 0.8543
vn -0.5203 0.1418 0.8421
vn -0.5213 0.1361 0.8425
vn -0.5290 0.0849 0.8444
vn -0.5408 0.0169 0.8410
vn -0.5530 -0.0543 0.8314
vn -0.5638 -0.1322 0.8153
vn -0.5723 -0.2212 0.7897
vn -0.5774 -0.3190 0.7516
vn -0.5787 -0.4178 0.7004
vn -0.5764 -0.5089 0.6394
vn -0.5715 -0.5850 0.5755
vn -0.5656 -0.6424 0.5171
vn -0.5598 -0.6821 0.4706
vn -0.5543 -0.7073 0.4388
vn -0.5483 -0.7223 0.4215
vn -0.5404 -0.7308 0.4171
vn -0.5295 -0.7354 0.4229
vn -0.4853 -0.5442 0.6844
vn -0.4682 -0.2919 0.8340
vn -0.4370 0.0078 0.8994
vn -0.4067 0.1858 0.8945
vn -0.3930 0.2068 0.8960
vn -0.3954 0.2190 0.8920
vn -0.4072 0.2901 0.8661
vn -0.4256 0.3536 0.8330
vn -0.3265 0.8125 0.4829
vn -0.6905 0.0455 0.7219
vn -0.6843 -0.0683 0.7260
vn -0.6879 0.1053 0.7181
vn -0.6866 0.1042 0.7195
vn -0.6906 0.0609 0.7207
vn -0.6974 0.0019 0.7166
vn -0.7045 -0.0607 0.7071
vn -0.7106 -0.1288 0.6917
vn -0.7153 -0.2056 0.6679
vn -0.7177 -0.2885 0.6337
vn -0.7172 -0.3717 0.5895
vn -0.7135 -0.4485 0.5383
vn -0.7072 -0.5137 0.4857
vn -0.6996 -0.5644 0.4382
vn -0.6918 -0.6009 0.4005
vn -0.6844 -0.6253 0.3751
vn -0.6770 -0.6409 0.3618
vn -0.6687 -0.6508 0.3595
vn -0.6586 -0.6574 0.3663
vn -0.6465 -0.6613 0.3804
vn -0.6229 -0.2920 0.7258
vn -0.5996 -0.0166 0.8001
vn -0.5651 0.1559 0.8101
vn -0.5458 0.1856 0.8171
vn -0.5434 0.2008 0.8151
vn -0.5442 0.2667 0.7954
vn -0.5374 0.3287 0.7766
vn -0.3870 0.8019 0.4552
vn -0.8272 -0.0005 0.5619
vn -0.8172 -0.1113 0.5655
vn -0.8262 0.0594 0.5603
vn -0.8242 0.0631 0.5628
vn -0.8251 0.0294 0.5642
vn -0.8279 -0.0184 0.5606
vn -0.8306 -0.0698 0.5524
vn -0.8329 -0.1253 0.5391
vn -0.8343 -0.1865 0.5188
vn -0.8344 -0.2512 0.4905
vn -0.8327 -0.3155 0.4552
vn -0.8287 -0.3750 0.4155
vn -0.8228 -0.4265 0.3757
vn -0.8157 -0.4678 0.3402
vn -0.8084 -0.4988 0.3125
vn -0.8014 -0.5207 0.2943
vn -0.7946 -0.5357 0.2856
vn -0.7876 -0.5460 0.2857
vn -0.7795 -0.5535 0.2932
vn -0.7702 -0.5591 0.3069
vn -0.7606 -0.5596 0.3292
vn -0.7526 -0.0449 0.6570
vn -0.7223 0.1128 0.6823
vn -0.7010 0.1501 0.6971
vn -0.6940 0.1685 0.7000
vn -0.6863 0.2254 0.6915
vn -0.6642 0.2777 0.6941
vn -0.4761 0.7707 0.4235
vn -0.9225 -0.0515 0.3825
vn -0.9078 -0.1603 0.3874
vn -0.9245 0.0077 0.3810
vn -0.9234 0.0160 0.3836
vn -0.9229 -0.0070 0.3850
vn -0.9230 -0.0417 0.3825
vn -0.9231 -0.0797 0.3762
vn -0.9229 -0.1203 0.3657
vn -0.9224 -0.1634 0.3501
vn -0.9212 -0.2077 0.3291
vn -0.9192 -0.2508 0.3038
vn -0.9160 -0.2908 0.2763
vn -0.9119 -0.3259 0.2494
vn -0.9072 -0.3549 0.2261
vn -0.9023 -0.3774 0.2084
vn -0.8976 -0.3940 0.1975
vn -0.8933 -0.4058 0.1934
vn -0.8889 -0.4144 0.1955
vn -0.8840 -0.4211 0.2030
vn -0.8784 -0.4269 0.2150
vn -0.8722 -0.4303 0.2326
vn -0.8679 -0.4204 0.2646
vn -0.8612 0.0596 0.5047
vn -0.8458 0.0983 0.5243
vn -0.8392 0.1181 0.5309
vn -0.8318 0.1618 0.5309
vn -0.8149 0.1948 0.5459
vn -0.6047 0.7199 0.3408
vn -0.9753 -0.1045 0.1946
vn -0.9558 -0.2124 0.2034
vn -0.9805 -0.0462 0.1910
vn -0.9809 -0.0337 0.1917
vn -0.9803 -0.0456 0.1922
vn -0.9795 -0.0659 0.1902
vn -0.9786 -0.0888 0.1855
vn -0.9776 -0.1123 0.1779
vn -0.9765 -0.1355 0.1674
vn -0.9754 -0.1576 0.1543
vn -0.9740 -0.1783 0.1396
vn -0.9724 -0.1972 0.1243
vn -0.9706 -0.2139 0.1102
vn -0.9687 -0.2277 0.0985
vn -0.9669 -0.2385 0.0905
vn -0.9653 -0.2462 0.0866
vn -0.9639 -0.2516 0.0866
vn -0.9626 -0.2555 0.0901
vn -0.9611 -0.2588 0.0965
vn -0.9592 -0.2624 0.1055
vn -0.9567 -0.2663 0.1171
vn -0.9542 -0.2670 0.1347
vn -0.9543 -0.2483 0.1661
vn -0.9548 0.0332 0.2953
vn -0.9526 0.0497 0.3002
vn -0.9507 0.0782 0.3001
vn -0.9476 0.0888 0.3068
vn -0.7268 0.6645 0.1740
vn -0.9876 -0.1568 0.0083
vn -0.9639 -0.2652 0.0227
vn -0.9951 -0.0993 0.0005
vn -0.9966 -0.0828 -0.0028
vn -0.9965 -0.0837 -0.0051
vn -0.9960 -0.0890 -0.0080
vn -0.9954 -0.0952 -0.0123
vn -0.9948 -0.1000 -0.0177
vn -0.9945 -0.1020 -0.0235
vn -0.9944 -0.1013 -0.0288
vn -0.9945 -0.0990 -0.0332
vn -0.9947 -0.0962 -0.0363
vn -0.9949 -0.0931 -0.0381
vn -0.9952 -0.0898 -0.0383
vn -0.9956 -0.0861 -0.0369
vn -0.9960 -0.0821 -0.0341
vn -0.9965 -0.0780 -0.0303
vn -0.9969 -0.0743 -0.0259
vn -0.9972 -0.0715 -0.0211
vn -0.9974 -0.0705 -0.0163
vn -0.9973 -0.0722 -0.0116
vn -0.9969 -0.0786 -0.0071
vn -0.9960 -0.0888 -0.0005
vn -0.9961 -0.0879 0.0117
vn -0.9990 -0.0281 0.0339
vn -0.9995 -0.0109 0.0300
vn -0.9998 -0.0115 0.0189
vn -0.7768 0.6287 -0.0353
vn -0.9637 -0.2064 -0.1690
vn -0.9368 -0.3171 -0.1477
vn -0.9719 -0.1489 -0.1821
vn -0.9732 -0.1286 -0.1907
vn -0.9730 -0.1188 -0.1979
vn -0.9729 -0.1089 -0.2041
vn -0.9729 -0.0977 -0.2097
vn -0.9732 -0.0830 -0.2145
vn -0.9742 -0.0634 -0.2168
vn -0.9758 -0.0398 -0.2152
vn -0.9776 -0.0148 -0.2099
vn -0.9795 0.0096 -0.2014
vn -0.9811 0.0326 -0.1909
vn -0.9823 0.0538 -0.1794
vn -0.9830 0.0731 -0.1682
vn -0.9833 0.0904 -0.1582
vn -0.9830 0.1055 -0.1501
vn -0.9824 0.1183 -0.1443
vn -0.9817 0.1283 -0.1410
vn -0.9809 0.1349 -0.1400
vn -0.9805 0.1365 -0.1417
vn -0.9806 0.1288 -0.1477
vn -0.9818 0.1002 -0.1612
vn -0.9827 0.0450 -0.1796
vn -0.9803 -0.0165 -0.1966
vn -0.9722 -0.0873 -0.2172
vn -0.9689 -0.0808 -0.2338
vn -0.7588 0.6153 -0.2135
vn -0.9088 -0.2522 -0.3325
vn -0.8793 -0.3670 -0.3035
vn -0.9163 -0.1935 -0.3507
vn -0.9155 -0.1690 -0.3651
vn -0.9135 -0.1491 -0.3785
vn -0.9123 -0.1245 -0.3900
vn -0.9118 -0.0958 -0.3993
vn -0.9121 -0.0616 -0.4053
vn -0.9138 -0.0209 -0.4056
vn -0.9168 0.0245 -0.3986
vn -0.9204 0.0709 -0.3846
vn -0.9237 0.1158 -0.3652
vn -0.9261 0.1578 -0.3426
vn -0.9272 0.1963 -0.3191
vn -0.9265 0.2308 -0.2971
vn -0.9243 0.2610 -0.2786
vn -0.9207 0.2866 -0.2647
vn -0.9164 0.3076 -0.2561
vn -0.9119 0.3236 -0.2525
vn -0.9077 0.3342 -0.2536
vn -0.9047 0.3381 -0.2594
vn -0.9037 0.3305 -0.2722
vn -0.9074 0.2949 -0.2994
vn -0.9168 0.2028 -0.3439
vn -0.9188 0.0632 -0.3896
vn -0.9053 -0.0672 -0.4193
vn -0.8984 -0.1239 -0.4214
vn -0.7143 0.6091 -0.3446
vn -0.8271 -0.2936 -0.4793
vn -0.7955 -0.4140 -0.4424
vn -0.8332 -0.2322 -0.5019
vn -0.8289 -0.2031 -0.5212
vn -0.8230 -0.1736 -0.5409
vn -0.8182 -0.1352 -0.5588
vn -0.8146 -0.0898 -0.5730
vn -0.8127 -0.0373 -0.5815
vn -0.8134 0.0228 -0.5813
vn -0.8167 0.0877 -0.5704
vn -0.8215 0.1532 -0.5492
vn -0.8262 0.2164 -0.5201
vn -0.8293 0.2755 -0.4861
vn -0.8297 0.3295 -0.4506
vn -0.8269 0.3774 -0.4170
vn -0.8210 0.4184 -0.3885
vn -0.8129 0.4523 -0.3670
vn -0.8036 0.4789 -0.3534
vn -0.7945 0.4982 -0.3473
vn -0.7866 0.5100 -0.3481
vn -0.7810 0.5136 -0.3553
vn -0.7793 0.5050 -0.3710
vn -0.7852 0.4689 -0.4046
vn -0.8053 0.3634 -0.4684
vn -0.8234 0.1663 -0.5425
vn -0.8118 -0.0450 -0.5822
vn -0.7961 -0.1784 -0.5783
vn -0.6625 0.6016 -0.4463
vn -0.7219 -0.3304 -0.6080
vn -0.6881 -0.4579 -0.5629
vn -0.7266 -0.2648 -0.6339
vn -0.7182 -0.2306 -0.6566
vn -0.7065 -0.1919 -0.6812
vn -0.6954 -0.1408 -0.7047
vn -0.6857 -0.0805 -0.7234
vn -0.6788 -0.0120 -0.7343
vn -0.6763 0.0642 -0.7338
vn -0.6785 0.1450 -0.7201
vn -0.6839 0.2261 -0.6936
vn -0.6900 0.3044 -0.6567
vn -0.6941 0.3778 -0.6128
vn -0.6943 0.4445 -0.5660
vn -0.6897 0.5030 -0.5209
vn -0.6807 0.5520 -0.4816
vn -0.6686 0.5911 -0.4512
vn -0.6554 0.6202 -0.4311
vn -0.6430 0.6399 -0.4209
vn -0.6330 0.6506 -0.4196
vn -0.6271 0.6520 -0.4262
vn -0.6268 0.6415 -0.4422
vn -0.6356 0.6069 -0.4772
vn -0.6641 0.5048 -0.5515
vn -0.7038 0.2786 -0.6535
vn -0.7068 -0.0057 -0.7074
vn -0.6902 -0.2004 -0.6954
vn -0.6921 -0.2614 -0.6728
vn -0.5955 -0.3620 -0.7171
vn -0.5634 -0.4953 -0.6613
vn -0.6010 -0.2915 -0.7442
vn -0.5899 -0.2509 -0.7675
vn -0.5720 -0.2038 -0.7946
vn -0.5528 -0.1416 -0.8212
vn -0.5329 -0.0678 -0.8435
vn -0.5179 0.0119 -0.8554
vn -0.5113 0.0998 -0.8536
vn -0.5116 0.1918 -0.8376
vn -0.5171 0.2840 -0.8075
vn -0.5245 0.3733 -0.7652
vn -0.5302 0.4574 -0.7139
vn -0.5315 0.5337 -0.6578
vn -0.5269 0.5996 -0.6024
vn -0.5171 0.6534 -0.5529
vn -0.5036 0.6946 -0.5138
vn -0.4891 0.7238 -0.4868
vn -0.4760 0.7421 -0.4720
vn -0.4665 0.7506 -0.4679
vn -0.4623 0.7498 -0.4734
vn -0.4647 0.7381 -0.4891
vn -0.4768 0.7061 -0.5236
vn -0.5095 0.6151 -0.6017
vn -0.5627 0.3876 -0.7301
vn -0.5901 0.0426 -0.8062
vn -0.5793 -0.2126 -0.7869
vn -0.5781 -0.2961 -0.7604
vn -0.5916 -0.2621 -0.7624
vn -0.4631 -0.3135 -0.8290
vn -0.4593 -0.2642 -0.8481
vn -0.4392 -0.2092 -0.8737
vn -0.4089 -0.1353 -0.9025
vn -0.3681 -0.0536 -0.9282
vn -0.3389 0.0341 -0.9402
vn -0.3308 0.1261 -0.9352
vn -0.3326 0.2248 -0.9159
vn -0.3377 0.3233 -0.8840
vn -0.3456 0.4196 -0.8393
vn -0.3527 0.5109 -0.7840
vn -0.3558 0.5936 -0.7218
vn -0.3534 0.6642 -0.6588
vn -0.3457 0.7203 -0.6013
vn -0.3344 0.7618 -0.5549
vn -0.3221 0.7897 -0.5222
vn -0.3113 0.8061 -0.5033
vn -0.3040 0.8128 -0.4969
vn -0.3018 0.8109 -0.5014
vn -0.3056 0.7996 -0.5170
vn -0.3182 0.7714 -0.5511
vn -0.3343 0.6999 -0.6312
vn -0.3925 0.4808 -0.7841
vn -0.4488 0.1013 -0.8879
vn -0.4583 -0.2176 -0.8618
vn -0.4618 -0.3228 -0.8262
vn -0.4812 -0.2894 -0.8275
vn -0.5437 -0.2915 -0.7870
vn -0.5569 0.5237 -0.6447
vn -0.3364 -0.3332 -0.8808
vn -0.2842 -0.1296 -0.9499
vn -0.1867 -0.0371 -0.9817
vn -0.1520 0.8336 -0.5311
vn -0.1524 0.8114 -0.5643
vn -0.1634 0.7494 -0.6417
vn -0.1681 0.5708 -0.8037
vn -0.2113 0.1260 -0.9693
vn -0.2514 -0.2149 -0.9437
vn -0.3124 -0.3526 -0.8821
vn -0.3630 -0.3133 -0.8775
vn -0.4157 -0.3573 -0.8364
vn -0.4621 0.4519 -0.7631
vn -0.2367 -0.3193 -0.9176
vn 0.4157 -0.3573 -0.8364
vn 0.2213 -0.4111 -0.8843
vn 0.3630 -0.3133 -0.8775
vn 0.2163 -0.3321 -0.9181
vn 0.3124 -0.3526 -0.8821
vn 0.1759 -0.3775 -0.9091
vn 0.2514 -0.2149 -0.9437
vn 0.1145 -0.3143 -0.9424
vn -0.0000 -0.0698 -0.9976
vn -0.1878 -0.1317 -0.9733
vn -0.1759 -0.3775 -0.9091
vn -0.1145 -0.3143 -0.9424
vn -0.2163 -0.3321 -0.9181
vn -0.2213 -0.4111 -0.8843
vn -0.2648 0.4086 -0.8735
vn 0.1867 -0.0371 -0.9817
vn 0.2842 -0.1296 -0.9499
vn 0.1878 -0.1317 -0.9733
vn 0.3333 -0.2088 -0.9194
vn 0.2144 -0.2143 -0.9530
vn 0.3563 -0.2702 -0.8945
vn 0.2306 -0.2705 -0.9347
vn 0.3364 -0.3332 -0.8808
vn 0.2367 -0.3193 -0.9176
vn 0.5437 -0.2915 -0.7870
vn 0.4812 -0.2894 -0.8275
vn 0.4618 -0.3228 -0.8262
vn 0.4583 -0.2176 -0.8618
vn 0.4488 0.1013 -0.8879
vn 0.2113 0.1260 -0.9693
vn 0.3925 0.4808 -0.7841
vn 0.1681 0.5708 -0.8037
vn 0.3343 0.6999 -0.6312
vn 0.1634 0.7494 -0.6417
vn 0.3182 0.7714 -0.5511
vn 0.1524 0.8114 -0.5643
vn 0.3056 0.7996 -0.5170
vn 0.1520 0.8336 -0.5311
vn 0.3018 0.8109 -0.5014
vn 0.1493 0.8437 -0.5157
vn 0.3040 0.8128 -0.4969
vn 0.1502 0.8457 -0.5121
vn 0.3113 0.8061 -0.5033
vn 0.1542 0.8401 -0.5201
vn 0.3221 0.7897 -0.5222
vn 0.1604 0.8252 -0.5417
vn 0.3344 0.7618 -0.5549
vn 0.1674 0.7985 -0.5782
vn 0.3457 0.7203 -0.6013
vn 0.1736 0.7575 -0.6294
vn 0.3534 0.6642 -0.6588
vn 0.1774 0.7001 -0.6916
vn 0.3558 0.5936 -0.7218
vn 0.1778 0.6267 -0.7587
vn 0.3527 0.5109 -0.7840
vn 0.1746 0.5400 -0.8233
vn 0.3456 0.4196 -0.8393
vn 0.1691 0.4446 -0.8796
vn 0.3377 0.3233 -0.8840
vn 0.1635 0.3447 -0.9244
vn 0.3326 0.2248 -0.9159
vn 0.1576 0.2428 -0.9572
vn 0.3308 0.1261 -0.9352
vn 0.1522 0.1416 -0.9782
vn 0.3389 0.0341 -0.9402
vn 0.1541 0.0420 -0.9872
vn 0.3681 -0.0536 -0.9282
vn 0.4089 -0.1353 -0.9025
vn 0.4392 -0.2092 -0.8737
vn 0.4593 -0.2642 -0.8481
vn 0.4631 -0.3135 -0.8290
vn 0.4625 -0.3854 -0.7985
vn 0.3079 -0.4022 -0.8622
vn 0.6320 -0.2343 -0.7387
vn 0.5916 -0.2621 -0.7624
vn 0.5781 -0.2961 -0.7604
vn 0.5793 -0.2126 -0.7869
vn 0.5901 0.0426 -0.8062
vn 0.5627 0.3876 -0.7301
vn 0.5095 0.6151 -0.6017
vn 0.4768 0.7061 -0.5236
vn 0.4647 0.7381 -0.4891
vn 0.4623 0.7498 -0.4734
vn 0.4665 0.7506 -0.4679
vn 0.4760 0.7421 -0.4720
vn 0.4891 0.7238 -0.4868
vn 0.5036 0.6946 -0.5138
vn 0.5171 0.6534 -0.5529
vn 0.5270 0.5996 -0.6024
vn 0.5315 0.5337 -0.6578
vn 0.5302 0.4574 -0.7139
vn 0.5245 0.3733 -0.7652
vn 0.5171 0.2840 -0.8075
vn 0.5116 0.1918 -0.8376
vn 0.5113 0.0998 -0.8536
vn 0.5179 0.0119 -0.8554
vn 0.5329 -0.0678 -0.8435
vn 0.5528 -0.1416 -0.8212
vn 0.5720 -0.2038 -0.7946
vn 0.5899 -0.2509 -0.7675
vn 0.6010 -0.2915 -0.7442
vn 0.5955 -0.3620 -0.7171
vn 0.7191 -0.1913 -0.6681
vn 0.7032 -0.2301 -0.6727
vn 0.6921 -0.2614 -0.6728
vn 0.6902 -0.2004 -0.6954
vn 0.7068 -0.0057 -0.7074
vn 0.7038 0.2786 -0.6535
vn 0.6641 0.5048 -0.5515
vn 0.6356 0.6069 -0.4772
vn 0.6268 0.6415 -0.4422
vn 0.6271 0.6520 -0.4262
vn 0.6330 0.6506 -0.4196
vn 0.6430 0.6399 -0.4209
vn 0.6554 0.6202 -0.4311
vn 0.6686 0.5911 -0.4512
vn 0.6807 0.5520 -0.4816
vn 0.6897 0.5030 -0.5209
vn 0.6943 0.4445 -0.5660
vn 0.6941 0.3778 -0.6128
vn 0.6900 0.3044 -0.6567
vn 0.6839 0.2261 -0.6936
vn 0.6785 0.1450 -0.7201
vn 0.6763 0.0642 -0.7338
vn 0.6787 -0.0120 -0.7343
vn 0.6857 -0.0805 -0.7234
vn 0.6954 -0.1408 -0.7047
vn 0.7065 -0.1919 -0.6812
vn 0.7182 -0.2306 -0.6566
vn 0.7266 -0.2648 -0.6339
vn 0.7219 -0.3304 -0.6080
vn 0.8119 -0.1572 -0.5623
vn 0.8082 -0.1922 -0.5566
vn 0.7993 -0.2176 -0.5602
vn 0.7961 -0.1784 -0.5783
vn 0.8118 -0.0450 -0.5822
vn 0.8234 0.1663 -0.5425
vn 0.8053 0.3634 -0.4684
vn 0.7852 0.4689 -0.4046
vn 0.7793 0.5050 -0.3710
vn 0.7810 0.5136 -0.3553
vn 0.7866 0.5100 -0.3481
vn 0.7945 0.4982 -0.3473
vn 0.8036 0.4789 -0.3534
vn 0.8129 0.4523 -0.3670
vn 0.8210 0.4184 -0.3885
vn 0.8269 0.3774 -0.4170
vn 0.8297 0.3295 -0.4506
vn 0.8293 0.2755 -0.4861
vn 0.8262 0.2164 -0.5201
vn 0.8215 0.1532 -0.5492
vn 0.8167 0.0877 -0.5704
vn 0.8134 0.0228 -0.5813
vn 0.8127 -0.0373 -0.5815
vn 0.8146 -0.0898 -0.5730
vn 0.8182 -0.1352 -0.5588
vn 0.8230 -0.1736 -0.5409
vn 0.8289 -0.2031 -0.5212
vn 0.8332 -0.2322 -0.5019
vn 0.8271 -0.2936 -0.4793
vn 0.8984 -0.1239 -0.4214
vn 0.9005 -0.1461 -0.4097
vn 0.8958 -0.1650 -0.4127
vn 0.8942 -0.1450 -0.4235
vn 0.9053 -0.0672 -0.4193
vn 0.9188 0.0632 -0.3896
vn 0.9168 0.2028 -0.3439
vn 0.9074 0.2948 -0.2994
vn 0.9037 0.3305 -0.2722
vn 0.9047 0.3381 -0.2594
vn 0.9077 0.3342 -0.2536
vn 0.9119 0.3236 -0.2525
vn 0.9164 0.3076 -0.2561
vn 0.9207 0.2866 -0.2647
vn 0.9243 0.2610 -0.2786
vn 0.9265 0.2308 -0.2971
vn 0.9272 0.1963 -0.3191
vn 0.9261 0.1578 -0.3426
vn 0.9237 0.1158 -0.3652
vn 0.9204 0.0709 -0.3846
vn 0.9168 0.0245 -0.3986
vn 0.9138 -0.0209 -0.4056
vn 0.9121 -0.0616 -0.4053
vn 0.9118 -0.0958 -0.3993
vn 0.9123 -0.1245 -0.3900
vn 0.9135 -0.1491 -0.3785
vn 0.9155 -0.1690 -0.3651
vn 0.9163 -0.1935 -0.3507
vn 0.9088 -0.2522 -0.3325
vn 0.9689 -0.0808 -0.2338
vn 0.9722 -0.0873 -0.2172
vn 0.9712 -0.1020 -0.2152
vn 0.9710 -0.0976 -0.2182
vn 0.9749 -0.0668 -0.2125
vn 0.9803 -0.0165 -0.1966
vn 0.9827 0.0450 -0.1796
vn 0.9818 0.1002 -0.1612
vn 0.9806 0.1288 -0.1477
vn 0.9805 0.1365 -0.1417
vn 0.9809 0.1349 -0.1400
vn 0.9817 0.1283 -0.1410
vn 0.9824 0.1183 -0.1443
vn 0.9830 0.1055 -0.1501
vn 0.9833 0.0904 -0.1582
vn 0.9830 0.0731 -0.1682
vn 0.9823 0.0538 -0.1794
vn 0.9811 0.0326 -0.1909
vn 0.9795 0.0096 -0.2014
vn 0.9776 -0.0148 -0.2099
vn 0.9758 -0.0398 -0.2152
vn 0.9742 -0.0634 -0.2168
vn 0.9732 -0.0830 -0.2145
vn 0.9729 -0.0977 -0.2097
vn 0.9729 -0.1089 -0.2041
vn 0.9730 -0.1188 -0.1979
vn 0.9732 -0.1286 -0.1907
vn 0.9719 -0.1489 -0.1821
vn 0.9637 -0.2064 -0.1690
vn 0.9998 -0.0115 0.0189
vn 0.9995 -0.0109 0.0300
vn 0.9990 -0.0281 0.0339
vn 0.9988 -0.0361 0.0328
vn 0.9987 -0.0415 0.0299
vn 0.9976 -0.0641 0.0252
vn 0.9961 -0.0879 0.0117
vn 0.9960 -0.0888 -0.0005
vn 0.9969 -0.0786 -0.0071
vn 0.9973 -0.0722 -0.0116
vn 0.9974 -0.0705 -0.0163
vn 0.9972 -0.0715 -0.0211
vn 0.9969 -0.0743 -0.0259
vn 0.9965 -0.0780 -0.0303
vn 0.9960 -0.0821 -0.0341
vn 0.9956 -0.0861 -0.0369
vn 0.9952 -0.0898 -0.0383
vn 0.9949 -0.0931 -0.0381
vn 0.9947 -0.0962 -0.0363
vn 0.9945 -0.0990 -0.0332
vn 0.9944 -0.1013 -0.0288
vn 0.9945 -0.1020 -0.0235
vn 0.9948 -0.1000 -0.0177
vn 0.9954 -0.0952 -0.0123
vn 0.9960 -0.0890 -0.0080
vn 0.9965 -0.0837 -0.0051
vn 0.9966 -0.0828 -0.0028
vn 0.9951 -0.0993 0.0005
vn 0.9876 -0.1568 0.0083
vn 0.9476 0.0888 0.3068
vn 0.9507 0.0782 0.3001
vn 0.9526 0.0497 0.3002
vn 0.9548 0.0332 0.2953
vn 0.9599 0.0043 0.2804
vn 0.9635 -0.0792 0.2557
vn 0.9596 -0.1847 0.2123
vn 0.9543 -0.2483 0.1661
vn 0.9542 -0.2670 0.1347
vn 0.9567 -0.2663 0.1171
vn 0.9592 -0.2624 0.1055
vn 0.9611 -0.2588 0.0965
vn 0.9626 -0.2555 0.0901
vn 0.9639 -0.2516 0.0866
vn 0.9653 -0.2462 0.0866
vn 0.9669 -0.2385 0.0905
vn 0.9687 -0.2277 0.0985
vn 0.9706 -0.2139 0.1102
vn 0.9724 -0.1972 0.1243
vn 0.9740 -0.1783 0.1396
vn 0.9754 -0.1576 0.1543
vn 0.9765 -0.1355 0.1674
vn 0.9776 -0.1123 0.1779
vn 0.9786 -0.0888 0.1855
vn 0.9795 -0.0659 0.1902
vn 0.9803 -0.0456 0.1922
vn 0.9809 -0.0337 0.1917
vn 0.9805 -0.0462 0.1910
vn 0.9753 -0.1045 0.1946
vn 0.8149 0.1948 0.5459
vn 0.8318 0.1618 0.5309
vn 0.8392 0.1181 0.5309
vn 0.8458 0.0983 0.5243
vn 0.8612 0.0596 0.5047
vn 0.8787 -0.0692 0.4723
vn 0.8801 -0.2458 0.4062
vn 0.8710 -0.3687 0.3247
vn 0.8679 -0.4204 0.2646
vn 0.8722 -0.4303 0.2326
vn 0.8784 -0.4269 0.2150
vn 0.8840 -0.4211 0.2030
vn 0.8889 -0.4144 0.1955
vn 0.8933 -0.4058 0.1934
vn 0.8976 -0.3940 0.1975
vn 0.9023 -0.3774 0.2084
vn 0.9072 -0.3549 0.2261
vn 0.9119 -0.3259 0.2494
vn 0.9160 -0.2908 0.2763
vn 0.9192 -0.2508 0.3038
vn 0.9212 -0.2077 0.3291
vn 0.9224 -0.1634 0.3501
vn 0.9229 -0.1203 0.3657
vn 0.9231 -0.0797 0.3762
vn 0.9230 -0.0417 0.3825
vn 0.9229 -0.0070 0.3850
vn 0.9234 0.0160 0.3836
vn 0.9245 0.0077 0.3810
vn 0.9225 -0.0515 0.3824
vn 0.6642 0.2777 0.6941
vn 0.6863 0.2254 0.6915
vn 0.6940 0.1685 0.7000
vn 0.7010 0.1501 0.6971
vn 0.7223 0.1128 0.6823
vn 0.7526 -0.0449 0.6570
vn 0.7650 -0.2786 0.5807
vn 0.7593 -0.4529 0.4673
vn 0.7553 -0.5363 0.3766
vn 0.7606 -0.5596 0.3292
vn 0.7702 -0.5591 0.3069
vn 0.7795 -0.5535 0.2932
vn 0.7876 -0.5460 0.2857
vn 0.7946 -0.5357 0.2857
vn 0.8014 -0.5208 0.2943
vn 0.8084 -0.4988 0.3125
vn 0.8157 -0.4678 0.3402
vn 0.8228 -0.4265 0.3757
vn 0.8287 -0.3750 0.4155
vn 0.8327 -0.3155 0.4552
vn 0.8344 -0.2512 0.4905
vn 0.8343 -0.1865 0.5188
vn 0.8329 -0.1253 0.5391
vn 0.8306 -0.0698 0.5524
vn 0.8279 -0.0184 0.5606
vn 0.8251 0.0294 0.5642
vn 0.8241 0.0631 0.5629
vn 0.8262 0.0594 0.5603
vn 0.8272 -0.0005 0.5619
vn 0.5374 0.3287 0.7766
vn 0.5442 0.2667 0.7954
vn 0.5434 0.2008 0.8151
vn 0.5458 0.1856 0.8171
vn 0.5651 0.1559 0.8101
vn 0.5996 -0.0166 0.8001
vn 0.6229 -0.2920 0.7258
vn 0.6275 -0.5089 0.5893
vn 0.6278 -0.6205 0.4698
vn 0.6343 -0.6575 0.4066
vn 0.6465 -0.6613 0.3804
vn 0.6586 -0.6574 0.3663
vn 0.6687 -0.6508 0.3595
vn 0.6770 -0.6409 0.3618
vn 0.6844 -0.6253 0.3751
vn 0.6918 -0.6009 0.4005
vn 0.6996 -0.5644 0.4382
vn 0.7072 -0.5137 0.4857
vn 0.7135 -0.4485 0.5383
vn 0.7172 -0.3717 0.5895
vn 0.7177 -0.2885 0.6337
vn 0.7153 -0.2056 0.6679
vn 0.7106 -0.1288 0.6917
vn 0.7045 -0.0607 0.7071
vn 0.6974 0.0019 0.7166
vn 0.6906 0.0609 0.7207
vn 0.6866 0.1042 0.7195
vn 0.6879 0.1053 0.7181
vn 0.6905 0.0455 0.7219
vn 0.4256 0.3536 0.8330
vn 0.4072 0.2901 0.8661
vn 0.3954 0.2190 0.8920
vn 0.3930 0.2068 0.8960
vn 0.4067 0.1858 0.8945
vn 0.4370 0.0078 0.8994
vn 0.4682 -0.2919 0.8340
vn 0.4853 -0.5442 0.6844
vn 0.4925 -0.6798 0.5435
vn 0.5017 -0.7291 0.4655
vn 0.5157 -0.7372 0.4366
vn 0.5295 -0.7354 0.4229
vn 0.5404 -0.7308 0.4171
vn 0.5483 -0.7223 0.4215
vn 0.5543 -0.7073 0.4388
vn 0.5598 -0.6821 0.4706
vn 0.5656 -0.6424 0.5171
vn 0.5715 -0.5850 0.5755
vn 0.5764 -0.5089 0.6394
vn 0.5787 -0.4178 0.7004
vn 0.5774 -0.3190 0.7516
vn 0.5723 -0.2212 0.7897
vn 0.5638 -0.1322 0.8153
vn 0.5530 -0.0543 0.8314
vn 0.5408 0.0169 0.8410
vn 0.5290 0.0849 0.8444
vn 0.5213 0.1361 0.8425
vn 0.5203 0.1418 0.8421
vn 0.5226 0.0827 0.8486
vn 0.2938 0.3657 0.8832
vn 0.2675 0.3025 0.9148
vn 0.2527 0.2281 0.9403
vn 0.2497 0.2175 0.9436
vn 0.2610 0.2039 0.9436
vn 0.2863 0.0275 0.9577
vn 0.3282 -0.2858 0.9003
vn 0.3609 -0.5609 0.7451
vn 0.3657 -0.7179 0.5923
vn 0.3735 -0.7774 0.5061
vn 0.3890 -0.7888 0.4759
vn 0.4032 -0.7893 0.4630
vn 0.4136 -0.7867 0.4582
vn 0.4199 -0.7798 0.4643
vn 0.4234 -0.7656 0.4843
vn 0.4256 -0.7401 0.5206
vn 0.4280 -0.6985 0.5735
vn 0.4309 -0.6364 0.6398
vn 0.4336 -0.5526 0.7118
vn 0.4344 -0.4513 0.7795
vn 0.4319 -0.3413 0.8349
vn 0.4250 -0.2334 0.8746
vn 0.4136 -0.1361 0.9002
vn 0.3986 -0.0520 0.9157
vn 0.3817 0.0249 0.9239
vn 0.3658 0.0989 0.9254
vn 0.3548 0.1557 0.9219
vn 0.3512 0.1654 0.9216
vn 0.3519 0.1072 0.9299
vn 0.1267 0.3765 0.9177
vn 0.1255 0.3100 0.9424
vn 0.1202 0.2329 0.9651
vn 0.1229 0.2229 0.9671
vn 0.1402 0.2162 0.9662
vn 0.1997 0.0346 0.9792
vn 0.2778 -0.2494 0.9277
vn 0.3241 -0.5735 0.7524
vn 0.2742 -0.7400 0.6142
vn 0.2636 -0.8065 0.5292
vn 0.2740 -0.8211 0.5007
vn 0.2869 -0.8238 0.4890
vn 0.2956 -0.8230 0.4851
vn 0.3000 -0.8172 0.4921
vn 0.3013 -0.8033 0.5137
vn 0.3012 -0.7773 0.5524
vn 0.3011 -0.7340 0.6088
vn 0.3020 -0.6686 0.6795
vn 0.3036 -0.5798 0.7561
vn 0.3044 -0.4723 0.8272
vn 0.3023 -0.3560 0.8842
vn 0.2957 -0.2424 0.9240
vn 0.2837 -0.1407 0.9485
vn 0.2669 -0.0532 0.9622
vn 0.2478 0.0267 0.9684
vn 0.2299 0.1041 0.9676
vn 0.2173 0.1644 0.9622
vn 0.2115 0.1768 0.9612
vn 0.2102 0.1194 0.9703
vn 0.0000 -0.0315 0.9995
vn -0.0000 -0.8123 -0.5832
vn -0.4119 -0.2084 0.8871
vn -0.0000 -0.6867 -0.7269
vn -0.4797 -0.2880 0.8288
vn -0.0000 -0.5772 -0.8166
vn 0.0000 -0.4358 -0.9000
vn 0.0000 0.8447 -0.5353
vn 0.0000 0.8239 -0.5668
vn 0.0000 0.7685 -0.6399
vn -0.0000 0.5896 -0.8077
vn -0.0000 0.2278 -0.9737
vn -0.0000 -0.3157 -0.9489
vn 0.0000 -0.2736 -0.9619
vn 0.0000 -0.2155 -0.9765
vn 0.0000 -0.1390 -0.9903
vn 0.0000 -0.3692 -0.9294
vn 0.0000 -0.3906 -0.9205
vn -0.0000 -0.3413 -0.9400
vn -0.0000 -0.4332 -0.9013
vn 0.0000 -0.1379 -0.9904
vn 0.0000 -0.3758 -0.9267
vn 0.1873 0.0132 -0.9822
vn 0.2373 -0.0013 -0.9714
vn 0.3002 -0.2551 -0.9191
vn 0.4119 -0.2084 -0.8871
vn 0.3487 -0.0138 -0.9371
vn 0.3171 -0.2813 -0.9057
vn 0.5187 -0.0346 -0.8543
vn 0.4797 -0.2880 -0.8288
vn 0.6843 -0.0683 -0.7260
vn 0.6366 -0.3068 -0.7076
vn 0.8172 -0.1113 -0.5655
vn 0.7611 -0.3359 -0.5550
vn 0.9078 -0.1603 -0.3874
vn 0.8434 -0.3731 -0.3866
vn 0.9558 -0.2124 -0.2034
vn 0.8836 -0.4165 -0.2141
vn 0.9639 -0.2652 -0.0227
vn 0.8847 -0.4638 -0.0470
vn 0.9368 -0.3171 0.1477
vn 0.8515 -0.5131 0.1079
vn 0.8793 -0.3670 0.3035
vn 0.7892 -0.5625 0.2465
vn 0.7955 -0.4140 0.4424
vn 0.7019 -0.6107 0.3666
vn 0.6881 -0.4579 0.5629
vn 0.5931 -0.6560 0.4669
vn 0.5634 -0.4953 0.6613
vn 0.4593 -0.7037 0.5420
vn 0.4417 -0.5248 0.7276
vn 0.3915 -0.6943 0.6039
vn 0.3001 -0.5260 0.7958
vn 0.4094 -0.7074 0.5761
vn -0.0000 -0.8595 -0.5111
vn -0.0000 -0.8545 -0.5195
vn -0.1691 -0.8428 -0.5110
vn -0.1667 -0.8480 -0.5031
vn -0.3333 -0.2088 0.9194
vn -0.3563 -0.2702 0.8945
vn -0.2306 -0.2705 0.9347
vn -0.2144 -0.2143 0.9530
vn -0.4625 -0.3854 0.7985
vn -0.4417 -0.5248 0.7276
vn -0.3001 -0.5260 0.7958
vn -0.3079 -0.4022 0.8622
vn -0.6133 0.5918 0.5232
vn -0.7191 -0.1913 0.6681
vn -0.6320 -0.2343 0.7387
vn -0.5832 0.5700 0.5788
vn -0.8119 -0.1572 0.5623
vn -0.8082 -0.1922 0.5566
vn -0.7032 -0.2301 0.6727
vn -0.9005 -0.1461 0.4097
vn -0.8958 -0.1650 0.4127
vn -0.7993 -0.2176 0.5602
vn -0.9712 -0.1020 0.2152
vn -0.9710 -0.0976 0.2182
vn -0.8942 -0.1450 0.4235
vn -0.9988 -0.0361 -0.0328
vn -0.9987 -0.0415 -0.0299
vn -0.9749 -0.0668 0.2125
vn -0.9599 0.0043 -0.2804
vn -0.9635 -0.0792 -0.2557
vn -0.9976 -0.0641 -0.0252
vn -0.8787 -0.0692 -0.4723
vn -0.8801 -0.2458 -0.4062
vn -0.9596 -0.1847 -0.2123
vn -0.7650 -0.2786 -0.5807
vn -0.7593 -0.4529 -0.4673
vn -0.8710 -0.3687 -0.3247
vn -0.6275 -0.5089 -0.5893
vn -0.6278 -0.6205 -0.4698
vn -0.7553 -0.5363 -0.3766
vn -0.4925 -0.6798 -0.5435
vn -0.5017 -0.7291 -0.4655
vn -0.6343 -0.6575 -0.4066
vn -0.3735 -0.7774 -0.5061
vn -0.3890 -0.7888 -0.4759
vn -0.5157 -0.7372 -0.4366
vn -0.2740 -0.8211 -0.5007
vn -0.2869 -0.8238 -0.4890
vn -0.4032 -0.7893 -0.4630
vn 0.0000 -0.9022 0.4314
vn 0.7628 -0.6311 -0.1410
vn 0.0000 -0.8477 0.5304
vn -0.1614 -0.8473 -0.5060
vn -0.2956 -0.8230 -0.4851
vn 0.0000 0.0015 -1.0000
vn 0.0000 -0.1536 -0.9881
vn -0.0000 0.8753 -0.4836
vn -0.0000 0.5140 0.8578
vn 0.2648 0.4086 0.8735
vn 0.4621 0.4519 0.7631
vn 0.5569 0.5237 0.6447
vn 0.5832 0.5700 0.5788
vn 0.6133 0.5918 0.5232
vn 0.6625 0.6016 0.4463
vn 0.7143 0.6091 0.3446
vn 0.7588 0.6153 0.2135
vn 0.7768 0.6288 0.0353
vn 0.7268 0.6645 -0.1740
vn 0.6047 0.7199 -0.3408
vn 0.4761 0.7707 -0.4235
vn 0.3870 0.8019 -0.4552
vn 0.3265 0.8125 -0.4829
vn 0.2516 0.8106 -0.5287
vn 0.1267 0.8124 -0.5691
vn -0.1502 0.8457 0.5121
vn -0.1542 0.8401 0.5201
vn -0.0000 0.8508 0.5256
vn -0.0000 0.8561 0.5169
vn -0.1604 0.8252 0.5417
vn -0.1674 0.7985 0.5782
vn -0.0000 0.8103 0.5860
vn 0.0000 0.8364 0.5481
vn -0.1736 0.7575 0.6294
vn -0.1774 0.7001 0.6916
vn -0.0000 0.7117 0.7025
vn -0.0000 0.7694 0.6387
vn -0.1778 0.6267 0.7587
vn -0.1746 0.5400 0.8233
vn -0.0000 0.5491 0.8358
vn -0.0000 0.6372 0.7707
vn -0.1691 0.4446 0.8796
vn -0.1635 0.3447 0.9244
vn 0.0000 0.3512 0.9363
vn 0.0000 0.4522 0.8919
vn -0.1576 0.2428 0.9572
vn -0.1522 0.1416 0.9782
vn 0.0000 0.1409 0.9900
vn 0.0000 0.2480 0.9688
vn -0.0000 -0.4655 -0.8851
vn 0.0000 -0.1291 -0.9916
vn 0.2514 -0.3984 -0.8821
vn 0.2289 -0.6188 -0.7514
vn -0.0000 -0.6573 -0.7536
vn 0.1667 -0.7662 -0.6207
vn -0.0000 -0.7799 -0.6259
vn 0.1476 -0.8271 -0.5423
vn 0.0000 -0.8368 -0.5476
vn 0.1532 -0.8425 -0.5164
vn -0.0000 -0.8523 -0.5230
vn 0.1614 -0.8473 -0.5060
vn -0.0000 -0.8581 -0.5134
vn 0.1667 -0.8480 -0.5031
vn 0.1691 -0.8428 -0.5110
vn 0.1695 -0.8287 -0.5334
vn -0.0000 -0.8402 -0.5423
vn 0.1690 -0.8017 -0.5733
vn -0.0000 -0.8126 -0.5828
vn 0.1687 -0.7568 -0.6315
vn 0.0000 -0.7670 -0.6417
vn 0.1695 -0.6891 -0.7046
vn -0.0000 -0.6984 -0.7157
vn 0.1712 -0.5973 -0.7835
vn 0.0000 -0.6056 -0.7958
vn 0.1728 -0.4863 -0.8565
vn 0.0000 -0.4932 -0.8699
vn 0.1726 -0.3664 -0.9143
vn -0.0000 -0.3718 -0.9283
vn 0.1688 -0.2495 -0.9535
vn 0.0000 -0.2534 -0.9674
vn 0.1603 -0.1453 -0.9763
vn 0.0000 -0.1478 -0.9890
vn 0.1474 -0.0559 -0.9875
vn 0.0000 -0.0574 -0.9983
vn 0.1323 0.0256 -0.9909
vn 0.0000 0.0248 -0.9997
vn 0.1181 0.1047 -0.9875
vn 0.0000 0.1044 -0.9945
vn 0.1079 0.1669 -0.9800
vn -0.0000 0.1673 -0.9859
vn 0.1026 0.1812 -0.9781
vn 0.0000 0.1824 -0.9832
vn 0.1293 0.1271 -0.9834
vn 0.0000 0.1323 -0.9912
vn -0.1492 0.8437 0.5157
vn -0.0000 0.8541 0.5201
vn -0.1541 0.0420 0.9872
vn 0.0000 0.0388 0.9992
vn -0.5931 -0.6560 0.4669
vn -0.7019 -0.6107 0.3666
vn -0.7628 -0.6311 -0.1410
vn 0.0033 -0.8296 -0.5583
vn -0.0028 -0.9788 -0.2048
vn -0.8836 -0.4165 -0.2141
vn -0.8434 -0.3731 -0.3866
vn 0.0000 -0.8218 0.5698
vn -0.3171 -0.2813 -0.9057
vn -0.3002 -0.2551 -0.9191
vn -0.4094 -0.7074 0.5761
vn -0.3915 -0.6943 0.6039
vn -0.0041 -0.1273 -0.9919
vn -0.0015 -0.3222 -0.9467
vn -0.7892 -0.5625 0.2465
vn -0.8515 -0.5131 0.1079
vn -0.0006 -0.9951 0.0992
vn -0.0018 -0.9483 0.3174
vn -0.7611 -0.3359 -0.5550
vn -0.6366 -0.3068 -0.7076
vn -0.0000 -0.8150 0.5794
vn 0.0000 -0.7937 0.6083
vn 0.0000 -0.2886 -0.9574
vn 0.0000 -0.0925 -0.9957
vn -0.4593 -0.7037 0.5420
vn 0.0081 -0.5498 -0.8353
vn -0.8847 -0.4638 -0.0470
vn -0.1293 0.1271 -0.9834
vn -0.1873 0.0132 -0.9822
vn -0.2373 -0.0013 -0.9714
vn -0.2102 0.1194 -0.9703
vn -0.1079 0.1669 -0.9800
vn -0.1026 0.1812 -0.9781
vn -0.2115 0.1768 -0.9612
vn -0.2173 0.1644 -0.9622
vn -0.1323 0.0256 -0.9909
vn -0.1181 0.1047 -0.9875
vn -0.2299 0.1041 -0.9676
vn -0.2478 0.0267 -0.9684
vn -0.1603 -0.1453 -0.9763
vn -0.1474 -0.0559 -0.9875
vn -0.2670 -0.0532 -0.9622
vn -0.2837 -0.1407 -0.9485
vn -0.1726 -0.3664 -0.9143
vn -0.1688 -0.2495 -0.9535
vn -0.2957 -0.2424 -0.9240
vn -0.3023 -0.3560 -0.8842
vn -0.1712 -0.5973 -0.7835
vn -0.1728 -0.4863 -0.8565
vn -0.3044 -0.4723 -0.8272
vn -0.3036 -0.5798 -0.7561
vn -0.1687 -0.7568 -0.6315
vn -0.1695 -0.6891 -0.7046
vn -0.3020 -0.6686 -0.6795
vn -0.3011 -0.7340 -0.6088
vn -0.1695 -0.8287 -0.5334
vn -0.1690 -0.8017 -0.5733
vn -0.3012 -0.7773 -0.5524
vn -0.3013 -0.8033 -0.5137
vn -0.1532 -0.8425 -0.5164
vn -0.1476 -0.8271 -0.5423
vn -0.2636 -0.8065 -0.5292
vn -0.1667 -0.7662 -0.6207
vn -0.2742 -0.7400 -0.6142
vn -0.2289 -0.6188 -0.7514
vn -0.3241 -0.5735 -0.7524
vn -0.2514 -0.3984 -0.8821
vn -0.2778 -0.2494 -0.9277
vn 0.0000 0.0594 -0.9982
vn -0.1997 0.0346 -0.9792
vn 0.0000 0.2224 -0.9750
vn -0.1402 0.2162 -0.9662
vn 0.0000 0.2246 -0.9744
vn -0.1229 0.2229 -0.9671
vn 0.0000 0.2347 -0.9721
vn -0.1202 0.2329 -0.9651
vn -0.0000 0.3133 -0.9496
vn -0.1255 0.3100 -0.9424
vn -0.0000 0.3817 -0.9243
vn -0.1267 0.3765 -0.9177
vn -0.1267 0.8124 -0.5691
vn -0.3488 -0.0138 -0.9371
vn -0.3519 0.1072 -0.9299
vn -0.3512 0.1654 -0.9216
vn -0.3548 0.1557 -0.9219
vn -0.3658 0.0989 -0.9254
vn -0.3817 0.0249 -0.9239
vn -0.3986 -0.0520 -0.9157
vn -0.4136 -0.1361 -0.9002
vn -0.4250 -0.2334 -0.8746
vn -0.4319 -0.3413 -0.8349
vn -0.4344 -0.4513 -0.7795
vn -0.4336 -0.5526 -0.7118
vn -0.4309 -0.6364 -0.6398
vn -0.4280 -0.6985 -0.5735
vn -0.4256 -0.7401 -0.5206
vn -0.4234 -0.7656 -0.4843
vn -0.3000 -0.8172 -0.4921
vn -0.4199 -0.7798 -0.4643
vn -0.4136 -0.7867 -0.4582
vn -0.3657 -0.7179 -0.5923
vn -0.3609 -0.5609 -0.7451
vn -0.3282 -0.2858 -0.9003
vn -0.2863 0.0275 -0.9577
vn -0.2610 0.2039 -0.9436
vn -0.2497 0.2175 -0.9436
vn -0.2527 0.2281 -0.9403
vn -0.2675 0.3025 -0.9148
vn -0.2938 0.3657 -0.8832
vn -0.2515 0.8106 -0.5288
vn -0.5187 -0.0346 -0.8543
vn -0.5226 0.0827 -0.8486
vn -0.5203 0.1418 -0.8421
vn -0.5213 0.1361 -0.8425
vn -0.5290 0.0849 -0.8444
vn -0.5408 0.0169 -0.8410
vn -0.5530 -0.0543 -0.8314
vn -0.5638 -0.1322 -0.8153
vn -0.5723 -0.2212 -0.7897
vn -0.5774 -0.3190 -0.7516
vn -0.5787 -0.4178 -0.7004
vn -0.5764 -0.5089 -0.6394
vn -0.5715 -0.5850 -0.5755
vn -0.5656 -0.6424 -0.5171
vn -0.5598 -0.6821 -0.4706
vn -0.5543 -0.7073 -0.4388
vn -0.5483 -0.7223 -0.4215
vn -0.5404 -0.7308 -0.4171
vn -0.5295 -0.7354 -0.4229
vn -0.4853 -0.5442 -0.6844
vn -0.4682 -0.2919 -0.8340
vn -0.4370 0.0078 -0.8994
vn -0.4067 0.1858 -0.8945
vn -0.3930 0.2068 -0.8960
vn -0.3954 0.2190 -0.8920
vn -0.4072 0.2901 -0.8661
vn -0.4256 0.3536 -0.8330
vn -0.3265 0.8125 -0.4829
vn -0.6843 -0.0682 -0.7260
vn -0.6905 0.0455 -0.7219
vn -0.6879 0.1053 -0.7181
vn -0.6866 0.1042 -0.7195
vn -0.6906 0.0609 -0.7207
vn -0.6974 0.0019 -0.7166
vn -0.7045 -0.0607 -0.7071
vn -0.7106 -0.1288 -0.6917
vn -0.7153 -0.2056 -0.6679
vn -0.7177 -0.2885 -0.6337
vn -0.7172 -0.3717 -0.5895
vn -0.7135 -0.4485 -0.5383
vn -0.7072 -0.5137 -0.4857
vn -0.6996 -0.5644 -0.4382
vn -0.6918 -0.6009 -0.4005
vn -0.6844 -0.6253 -0.3751
vn -0.6770 -0.6409 -0.3618
vn -0.6687 -0.6508 -0.3595
vn -0.6586 -0.6574 -0.3663
vn -0.6465 -0.6613 -0.3804
vn -0.6229 -0.2920 -0.7258
vn -0.5996 -0.0166 -0.8001
vn -0.5651 0.1559 -0.8101
vn -0.5458 0.1856 -0.8171
vn -0.5434 0.2008 -0.8151
vn -0.5442 0.2667 -0.7954
vn -0.5374 0.3287 -0.7766
vn -0.3870 0.8019 -0.4552
vn -0.8172 -0.1113 -0.5655
vn -0.8272 -0.0005 -0.5619
vn -0.8262 0.0594 -0.5603
vn -0.8242 0.0631 -0.5628
vn -0.8251 0.0294 -0.5642
vn -0.8279 -0.0184 -0.5606
vn -0.8306 -0.0698 -0.5524
vn -0.8329 -0.1253 -0.5391
vn -0.8343 -0.1865 -0.5188
vn -0.8344 -0.2512 -0.4905
vn -0.8327 -0.3155 -0.4552
vn -0.8287 -0.3750 -0.4155
vn -0.8228 -0.4265 -0.3757
vn -0.8157 -0.4678 -0.3402
vn -0.8084 -0.4988 -0.3125
vn -0.8014 -0.5207 -0.2943
vn -0.7946 -0.5357 -0.2856
vn -0.7876 -0.5460 -0.2857
vn -0.7795 -0.5535 -0.2932
vn -0.7702 -0.5591 -0.3069
vn -0.7606 -0.5596 -0.3292
vn -0.7526 -0.0449 -0.6570
vn -0.7223 0.1128 -0.6823
vn -0.7010 0.1501 -0.6971
vn -0.6940 0.1685 -0.7000
vn -0.6863 0.2254 -0.6915
vn -0.6642 0.2777 -0.6941
vn -0.4761 0.7707 -0.4235
vn -0.9078 -0.1603 -0.3874
vn -0.9225 -0.0515 -0.3825
vn -0.9245 0.0077 -0.3810
vn -0.9234 0.0160 -0.3836
vn -0.9229 -0.0070 -0.3850
vn -0.9230 -0.0417 -0.3825
vn -0.9231 -0.0797 -0.3762
vn -0.9229 -0.1203 -0.3657
vn -0.9224 -0.1634 -0.3501
vn -0.9212 -0.2077 -0.3291
vn -0.9192 -0.2508 -0.3038
vn -0.9160 -0.2908 -0.2763
vn -0.9119 -0.3259 -0.2494
vn -0.9072 -0.3549 -0.2261
vn -0.9023 -0.3774 -0.2084
vn -0.8976 -0.3940 -0.1975
vn -0.8933 -0.4058 -0.1934
vn -0.8889 -0.4144 -0.1955
vn -0.8840 -0.4211 -0.2030
vn -0.8784 -0.4269 -0.2150
vn -0.8722 -0.4303 -0.2326
vn -0.8679 -0.4204 -0.2646
vn -0.8612 0.0596 -0.5047
vn -0.8458 0.0983 -0.5243
vn -0.8392 0.1181 -0.5309
vn -0.8318 0.1618 -0.5309
vn -0.8149 0.1948 -0.5459
vn -0.6047 0.7199 -0.3408
vn -0.9558 -0.2124 -0.2034
vn -0.9753 -0.1045 -0.1946
vn -0.9805 -0.0462 -0.1910
vn -0.9809 -0.0337 -0.1917
vn -0.9803 -0.0456 -0.1922
vn -0.9795 -0.0659 -0.1902
vn -0.9786 -0.0888 -0.1855
vn -0.9776 -0.1123 -0.1779
vn -0.9765 -0.1355 -0.1674
vn -0.9754 -0.1576 -0.1543
vn -0.9740 -0.1783 -0.1396
vn -0.9724 -0.1972 -0.1243
vn -0.9706 -0.2139 -0.1102
vn -0.9687 -0.2277 -0.0985
vn -0.9669 -0.2385 -0.0905
vn -0.9653 -0.2462 -0.0866
vn -0.9639 -0.2516 -0.0866
vn -0.9626 -0.2555 -0.0901
vn -0.9611 -0.2588 -0.0965
vn -0.9592 -0.2624 -0.1055
vn -0.9567 -0.2663 -0.1171
vn -0.9542 -0.2670 -0.1347
vn -0.9543 -0.2483 -0.1661
vn -0.9548 0.0332 -0.2953
vn -0.9526 0.0497 -0.3002
vn -0.9507 0.0782 -0.3001
vn -0.9476 0.0888 -0.3068
vn -0.7268 0.6645 -0.1740
vn -0.9639 -0.2652 -0.0227
vn -0.9876 -0.1568 -0.0083
vn -0.9951 -0.0993 -0.0005
vn -0.9966 -0.0828 0.0028
vn -0.9965 -0.0837 0.0051
vn -0.9960 -0.0890 0.0080
vn -0.9954 -0.0952 0.0123
vn -0.9948 -0.1000 0.0177
vn -0.9945 -0.1020 0.0235
vn -0.9944 -0.1013 0.0288
vn -0.9945 -0.0990 0.0332
vn -0.9947 -0.0962 0.0363
vn -0.9949 -0.0931 0.0381
vn -0.9952 -0.0898 0.0383
vn -0.9956 -0.0861 0.0369
vn -0.9960 -0.0821 0.0341
vn -0.9965 -0.0780 0.0303
vn -0.9969 -0.0743 0.0259
vn -0.9972 -0.0715 0.0211
vn -0.9974 -0.0705 0.0163
vn -0.9973 -0.0722 0.0116
vn -0.9969 -0.0786 0.0071
vn -0.9960 -0.0888 0.0005
vn -0.9961 -0.0879 -0.0117
vn -0.9990 -0.0281 -0.0339
vn -0.9995 -0.0109 -0.0300
vn -0.9998 -0.0115 -0.0189
vn -0.7768 0.6287 0.0353
vn -0.9368 -0.3171 0.1477
vn -0.9637 -0.2064 0.1690
vn -0.9719 -0.1489 0.1821
vn -0.9732 -0.1286 0.1907
vn -0.9730 -0.1188 0.1979
vn -0.9729 -0.1089 0.2041
vn -0.9729 -0.0977 0.2097
vn -0.9732 -0.0830 0.2145
vn -0.9742 -0.0634 0.2168
vn -0.9758 -0.0398 0.2152
vn -0.9776 -0.0148 0.2099
vn -0.9795 0.0096 0.2014
vn -0.9811 0.0326 0.1909
vn -0.9823 0.0538 0.1794
vn -0.9830 0.0731 0.1682
vn -0.9833 0.0904 0.1582
vn -0.9830 0.1055 0.1501
vn -0.9824 0.1183 0.1443
vn -0.9817 0.1283 0.1410
vn -0.9809 0.1349 0.1400
vn -0.9805 0.1365 0.1417
vn -0.9806 0.1288 0.1477
vn -0.9818 0.1002 0.1612
vn -0.9827 0.0450 0.1796
vn -0.9803 -0.0165 0.1966
vn -0.9722 -0.0873 0.2172
vn -0.9689 -0.0808 0.2338
vn -0.7588 0.6153 0.2135
vn -0.8793 -0.3670 0.3035
vn -0.9088 -0.2522 0.3325
vn -0.9163 -0.1935 0.3507
vn -0.9155 -0.1690 0.3651
vn -0.9135 -0.1491 0.3785
vn -0.9123 -0.1245 0.3900
vn -0.9118 -0.0958 0.3993
vn -0.9121 -0.0616 0.4053
vn -0.9138 -0.0209 0.4056
vn -0.9168 0.0245 0.3986
vn -0.9204 0.0709 0.3846
vn -0.9237 0.1158 0.3652
vn -0.9261 0.1578 0.3426
vn -0.9272 0.1963 0.3191
vn -0.9265 0.2308 0.2971
vn -0.9243 0.2610 0.2786
vn -0.9207 0.2866 0.2647
vn -0.9164 0.3076 0.2561
vn -0.9119 0.3236 0.2525
vn -0.9077 0.3342 0.2536
vn -0.9047 0.3381 0.2594
vn -0.9037 0.3305 0.2722
vn -0.9074 0.2949 0.2994
vn -0.9168 0.2028 0.3439
vn -0.9188 0.0632 0.3896
vn -0.9053 -0.0672 0.4193
vn -0.8984 -0.1239 0.4214
vn -0.7143 0.6091 0.3446
vn -0.7955 -0.4140 0.4424
vn -0.8271 -0.2936 0.4793
vn -0.8332 -0.2322 0.5019
vn -0.8289 -0.2031 0.5212
vn -0.8230 -0.1736 0.5409
vn -0.8182 -0.1352 0.5588
vn -0.8146 -0.0898 0.5730
vn -0.8127 -0.0373 0.5815
vn -0.8134 0.0228 0.5813
vn -0.8167 0.0877 0.5703
vn -0.8215 0.1532 0.5492
vn -0.8262 0.2164 0.5201
vn -0.8293 0.2755 0.4861
vn -0.8297 0.3295 0.4506
vn -0.8269 0.3774 0.4170
vn -0.8210 0.4184 0.3885
vn -0.8129 0.4523 0.3670
vn -0.8036 0.4789 0.3534
vn -0.7945 0.4982 0.3473
vn -0.7866 0.5100 0.3481
vn -0.7810 0.5136 0.3553
vn -0.7793 0.5050 0.3710
vn -0.7852 0.4689 0.4046
vn -0.8053 0.3634 0.4684
vn -0.8234 0.1663 0.5425
vn -0.8118 -0.0450 0.5822
vn -0.7961 -0.1784 0.5783
vn -0.6625 0.6016 0.4463
vn -0.6881 -0.4579 0.5629
vn -0.7219 -0.3304 0.6080
vn -0.7266 -0.2648 0.6339
vn -0.7182 -0.2306 0.6566
vn -0.7065 -0.1919 0.6812
vn -0.6954 -0.1408 0.7047
vn -0.6857 -0.0805 0.7234
vn -0.6788 -0.0120 0.7343
vn -0.6763 0.0642 0.7338
vn -0.6785 0.1450 0.7201
vn -0.6839 0.2261 0.6936
vn -0.6900 0.3044 0.6567
vn -0.6941 0.3778 0.6128
vn -0.6943 0.4445 0.5660
vn -0.6897 0.5030 0.5209
vn -0.6807 0.5520 0.4816
vn -0.6686 0.5911 0.4512
vn -0.6554 0.6202 0.4311
vn -0.6430 0.6399 0.4209
vn -0.6330 0.6506 0.4196
vn -0.6271 0.6520 0.4262
vn -0.6268 0.6415 0.4422
vn -0.6356 0.6069 0.4772
vn -0.6641 0.5048 0.5515
vn -0.7038 0.2786 0.6535
vn -0.7068 -0.0057 0.7074
vn -0.6902 -0.2004 0.6954
vn -0.6921 -0.2614 0.6728
vn -0.5634 -0.4953 0.6613
vn -0.5955 -0.3620 0.7171
vn -0.6010 -0.2915 0.7442
vn -0.5899 -0.2509 0.7675
vn -0.5720 -0.2038 0.7946
vn -0.5528 -0.1416 0.8212
vn -0.5329 -0.0678 0.8435
vn -0.5179 0.0119 0.8554
vn -0.5113 0.0998 0.8536
vn -0.5116 0.1918 0.8376
vn -0.5171 0.2840 0.8075
vn -0.5245 0.3733 0.7652
vn -0.5302 0.4574 0.7139
vn -0.5315 0.5337 0.6578
vn -0.5269 0.5996 0.6024
vn -0.5171 0.6534 0.5529
vn -0.5036 0.6946 0.5138
vn -0.4891 0.7238 0.4868
vn -0.4760 0.7421 0.4720
vn -0.4665 0.7506 0.4679
vn -0.4623 0.7498 0.4734
vn -0.4647 0.7381 0.4891
vn -0.4767 0.7061 0.5236
vn -0.5095 0.6151 0.6017
vn -0.5627 0.3876 0.7301
vn -0.5901 0.0426 0.8062
vn -0.5793 -0.2126 0.7869
vn -0.5781 -0.2961 0.7604
vn -0.5916 -0.2621 0.7624
vn -0.4631 -0.3135 0.8290
vn -0.4593 -0.2642 0.8481
vn -0.4392 -0.2092 0.8737
vn -0.4089 -0.1353 0.9025
vn -0.3681 -0.0536 0.9282
vn -0.3389 0.0341 0.9402
vn -0.3308 0.1261 0.9352
vn -0.3326 0.2248 0.9159
vn -0.3377 0.3233 0.8840
vn -0.3456 0.4196 0.8393
vn -0.3527 0.5109 0.7840
vn -0.3558 0.5936 0.7218
vn -0.3534 0.6642 0.6588
vn -0.3457 0.7203 0.6013
vn -0.3344 0.7618 0.5549
vn -0.3221 0.7897 0.5222
vn -0.3113 0.8061 0.5033
vn -0.3040 0.8128 0.4969
vn -0.3018 0.8109 0.5014
vn -0.3056 0.7996 0.5170
vn -0.3182 0.7714 0.5511
vn -0.3343 0.6999 0.6312
vn -0.3925 0.4808 0.7841
vn -0.4488 0.1013 0.8879
vn -0.4583 -0.2176 0.8618
vn -0.4618 -0.3228 0.8262
vn -0.4812 -0.2894 0.8275
vn -0.5437 -0.2915 0.7870
vn -0.5569 0.5237 0.6447
vn -0.3364 -0.3332 0.8808
vn -0.2842 -0.1296 0.9499
vn -0.1867 -0.0371 0.9817
vn -0.1520 0.8336 0.5311
vn -0.1524 0.8114 0.5643
vn -0.1634 0.7494 0.6417
vn -0.1681 0.5708 0.8037
vn -0.2113 0.1260 0.9693
vn -0.2514 -0.2149 0.9437
vn -0.3124 -0.3526 0.8821
vn -0.3630 -0.3133 0.8775
vn -0.4157 -0.3573 0.8364
vn -0.4621 0.4519 0.7631
vn -0.2367 -0.3193 0.9176
vn 0.2213 -0.4111 0.8843
vn 0.4157 -0.3573 0.8364
vn 0.2163 -0.3321 0.9181
vn 0.3630 -0.3133 0.8775
vn 0.1759 -0.3775 0.9091
vn 0.3124 -0.3526 0.8821
vn 0.1145 -0.3143 0.9424
vn 0.2514 -0.2149 0.9437
vn -0.1878 -0.1317 0.9733
vn 0.0000 -0.0698 0.9976
vn -0.1145 -0.3143 0.9424
vn -0.1759 -0.3775 0.9091
vn -0.2163 -0.3321 0.9181
vn -0.2213 -0.4111 0.8843
vn -0.2648 0.4086 0.8735
vn 0.1867 -0.0371 0.9817
vn 0.1878 -0.1317 0.9733
vn 0.2842 -0.1296 0.9499
vn 0.2144 -0.2143 0.9530
vn 0.3333 -0.2088 0.9194
vn 0.2306 -0.2705 0.9347
vn 0.3563 -0.2702 0.8945
vn 0.2367 -0.3193 0.9176
vn 0.3364 -0.3332 0.8808
vn 0.5437 -0.2915 0.7870
vn 0.4812 -0.2894 0.8275
vn 0.4618 -0.3228 0.8262
vn 0.4583 -0.2176 0.8618
vn 0.2113 0.1260 0.9693
vn 0.4488 0.1013 0.8879
vn 0.1681 0.5708 0.8037
vn 0.3925 0.4808 0.7841
vn 0.1634 0.7494 0.6417
vn 0.3343 0.6999 0.6312
vn 0.1524 0.8114 0.5643
vn 0.3182 0.7714 0.5511
vn 0.1520 0.8336 0.5311
vn 0.3056 0.7996 0.5170
vn 0.1493 0.8437 0.5157
vn 0.3018 0.8109 0.5014
vn 0.1502 0.8457 0.5121
vn 0.3040 0.8128 0.4969
vn 0.1542 0.8401 0.5201
vn 0.3113 0.8061 0.5033
vn 0.1604 0.8252 0.5417
vn 0.3221 0.7897 0.5222
vn 0.1674 0.7985 0.5782
vn 0.3344 0.7618 0.5549
vn 0.1736 0.7575 0.6294
vn 0.3457 0.7203 0.6013
vn 0.1774 0.7001 0.6916
vn 0.3534 0.6642 0.6588
vn 0.1778 0.6267 0.7587
vn 0.3558 0.5936 0.7218
vn 0.1746 0.5400 0.8233
vn 0.3527 0.5109 0.7840
vn 0.1691 0.4446 0.8796
vn 0.3456 0.4196 0.8393
vn 0.1635 0.3447 0.9244
vn 0.3377 0.3233 0.8840
vn 0.1576 0.2428 0.9572
vn 0.3326 0.2248 0.9159
vn 0.1522 0.1416 0.9782
vn 0.3308 0.1261 0.9352
vn 0.1541 0.0420 0.9872
vn 0.3389 0.0341 0.9402
vn 0.3681 -0.0536 0.9282
vn 0.4089 -0.1353 0.9025
vn 0.4392 -0.2092 0.8737
vn 0.4593 -0.2642 0.8481
vn 0.4631 -0.3135 0.8290
vn 0.3079 -0.4022 0.8622
vn 0.4625 -0.3854 0.7985
vn 0.6320 -0.2343 0.7387
vn 0.5916 -0.2621 0.7624
vn 0.5781 -0.2961 0.7604
vn 0.5793 -0.2126 0.7869
vn 0.5901 0.0426 0.8062
vn 0.5627 0.3876 0.7301
vn 0.5095 0.6151 0.6017
vn 0.4768 0.7061 0.5236
vn 0.4647 0.7381 0.4891
vn 0.4623 0.7498 0.4734
vn 0.4665 0.7506 0.4679
vn 0.4760 0.7421 0.4720
vn 0.4891 0.7238 0.4868
vn 0.5036 0.6946 0.5138
vn 0.5171 0.6534 0.5529
vn 0.5270 0.5996 0.6024
vn 0.5315 0.5337 0.6578
vn 0.5302 0.4574 0.7139
vn 0.5245 0.3733 0.7652
vn 0.5171 0.2840 0.8075
vn 0.5116 0.1918 0.8376
vn 0.5113 0.0998 0.8536
vn 0.5179 0.0119 0.8554
vn 0.5329 -0.0678 0.8435
vn 0.5528 -0.1416 0.8212
vn 0.5720 -0.2038 0.7946
vn 0.5899 -0.2509 0.7675
vn 0.6010 -0.2915 0.7442
vn 0.5955 -0.3620 0.7171
vn 0.7191 -0.1913 0.6681
vn 0.7032 -0.2301 0.6727
vn 0.6921 -0.2614 0.6728
vn 0.6902 -0.2004 0.6954
vn 0.7068 -0.0057 0.7074
vn 0.7038 0.2786 0.6535
vn 0.6641 0.5048 0.5515
vn 0.6356 0.6069 0.4772
vn 0.6268 0.6415 0.4422
vn 0.6271 0.6520 0.4262
vn 0.6330 0.6506 0.4196
vn 0.6430 0.6399 0.4209
vn 0.6554 0.6202 0.4311
vn 0.6686 0.5911 0.4512
vn 0.6807 0.5520 0.4816
vn 0.6897 0.5030 0.5209
vn 0.6943 0.4445 0.5660
vn 0.6941 0.3778 0.6128
vn 0.6900 0.3044 0.6567
vn 0.6839 0.2261 0.6936
vn 0.6785 0.1450 0.7201
vn 0.6763 0.0642 0.7338
vn 0.6787 -0.0120 0.7343
vn 0.6857 -0.0805 0.7234
vn 0.6954 -0.1408 0.7047
vn 0.7065 -0.1919 0.6812
vn 0.7182 -0.2306 0.6566
vn 0.7266 -0.2648 0.6339
vn 0.7219 -0.3304 0.6080
vn 0.8119 -0.1572 0.5623
vn 0.8082 -0.1922 0.5566
vn 0.7993 -0.2176 0.5602
vn 0.7961 -0.1784 0.5783
vn 0.8118 -0.0450 0.5822
vn 0.8234 0.1663 0.5425
vn 0.8053 0.3634 0.4684
vn 0.7852 0.4689 0.4046
vn 0.7793 0.5050 0.3710
vn 0.7810 0.5136 0.3553
vn 0.7866 0.5100 0.3481
vn 0.7945 0.4982 0.3473
vn 0.8036 0.4789 0.3534
vn 0.8129 0.4523 0.3670
vn 0.8210 0.4184 0.3885
vn 0.8269 0.3774 0.4170
vn 0.8297 0.3295 0.4506
vn 0.8293 0.2755 0.4861
vn 0.8262 0.2164 0.5201
vn 0.8215 0.1532 0.5492
vn 0.8167 0.0877 0.5704
vn 0.8134 0.0228 0.5813
vn 0.8127 -0.0373 0.5815
vn 0.8146 -0.0898 0.5730
vn 0.8182 -0.1352 0.5588
vn 0.8230 -0.1736 0.5409
vn 0.8289 -0.2031 0.5212
vn 0.8332 -0.2322 0.5019
vn 0.8271 -0.2936 0.4793
vn 0.8984 -0.1239 0.4214
vn 0.9005 -0.1461 0.4097
vn 0.8958 -0.1650 0.4127
vn 0.8942 -0.1450 0.4235
vn 0.9053 -0.0672 0.4193
vn 0.9188 0.0632 0.3896
vn 0.9168 0.2028 0.3439
vn 0.9074 0.2948 0.2994
vn 0.9037 0.3305 0.2722
vn 0.9047 0.3381 0.2594
vn 0.9077 0.3342 0.2536
vn 0.9119 0.3236 0.2525
vn 0.9164 0.3076 0.2561
vn 0.9207 0.2866 0.2647
vn 0.9243 0.2610 0.2786
vn 0.9265 0.2308 0.2971
vn 0.9272 0.1963 0.3191
vn 0.9261 0.1578 0.3426
vn 0.9237 0.1158 0.3652
vn 0.9204 0.0709 0.3846
vn 0.9168 0.0245 0.3986
vn 0.9138 -0.0209 0.4056
vn 0.9121 -0.0616 0.4053
vn 0.9118 -0.0958 0.3993
vn 0.9123 -0.1245 0.3900
vn 0.9135 -0.1491 0.3785
vn 0.9155 -0.1690 0.3651
vn 0.9163 -0.1935 0.3507
vn 0.9088 -0.2522 0.3325
vn 0.9689 -0.0808 0.2338
vn 0.9722 -0.0873 0.2172
vn 0.9712 -0.1020 0.2152
vn 0.9710 -0.0976 0.2182
vn 0.9749 -0.0668 0.2125
vn 0.9803 -0.0165 0.1966
vn 0.9827 0.0450 0.1796
vn 0.9818 0.1002 0.1612
vn 0.9806 0.1288 0.1477
vn 0.9805 0.1365 0.1417
vn 0.9809 0.1349 0.1400
vn 0.9817 0.1283 0.1410
vn 0.9824 0.1183 0.1443
vn 0.9830 0.1055 0.1501
vn 0.9833 0.0904 0.1582
vn 0.9830 0.0731 0.1682
vn 0.9823 0.0538 0.1794
vn 0.9811 0.0326 0.1909
vn 0.9795 0.0096 0.2014
vn 0.9776 -0.0148 0.2099
vn 0.9758 -0.0398 0.2152
vn 0.9742 -0.0634 0.2168
vn 0.9732 -0.0830 0.2145
vn 0.9729 -0.0977 0.2097
vn 0.9729 -0.1089 0.2041
vn 0.9730 -0.1188 0.1979
vn 0.9732 -0.1286 0.1907
vn 0.9719 -0.1489 0.1821
vn 0.9637 -0.2064 0.1690
vn 0.9998 -0.0115 -0.0189
vn 0.9995 -0.0109 -0.0300
vn 0.9990 -0.0281 -0.0339
vn 0.9988 -0.0361 -0.0328
vn 0.9987 -0.0415 -0.0299
vn 0.9976 -0.0641 -0.0252
vn 0.9961 -0.0879 -0.0117
vn 0.9960 -0.0888 0.0005
vn 0.9969 -0.0786 0.0071
vn 0.9973 -0.0722 0.0116
vn 0.9974 -0.0705 0.0163
vn 0.9972 -0.0715 0.0211
vn 0.9969 -0.0743 0.0259
vn 0.9965 -0.0780 0.0303
vn 0.9960 -0.0821 0.0341
vn 0.9956 -0.0861 0.0369
vn 0.9952 -0.0898 0.0383
vn 0.9949 -0.0931 0.0381
vn 0.9947 -0.0962 0.0363
vn 0.9945 -0.0990 0.0332
vn 0.9944 -0.1013 0.0288
vn 0.9945 -0.1020 0.0235
vn 0.9948 -0.1000 0.0177
vn 0.9954 -0.0952 0.0123
vn 0.9960 -0.0890 0.0080
vn 0.9965 -0.0837 0.0051
vn 0.9966 -0.0828 0.0028
vn 0.9951 -0.0993 -0.0005
vn 0.9876 -0.1568 -0.0083
vn 0.9476 0.0888 -0.3068
vn 0.9507 0.0782 -0.3001
vn 0.9526 0.0497 -0.3002
vn 0.9548 0.0332 -0.2953
vn 0.9599 0.0043 -0.2804
vn 0.9635 -0.0792 -0.2557
vn 0.9596 -0.1847 -0.2123
vn 0.9543 -0.2483 -0.1661
vn 0.9542 -0.2670 -0.1347
vn 0.9567 -0.2663 -0.1171
vn 0.9592 -0.2624 -0.1055
vn 0.9611 -0.2588 -0.0965
vn 0.9626 -0.2555 -0.0901
vn 0.9639 -0.2516 -0.0866
vn 0.9653 -0.2462 -0.0866
vn 0.9669 -0.2385 -0.0905
vn 0.9687 -0.2277 -0.0985
vn 0.9706 -0.2139 -0.1102
vn 0.9724 -0.1972 -0.1243
vn 0.9740 -0.1783 -0.1396
vn 0.9754 -0.1576 -0.1543
vn 0.9765 -0.1355 -0.1674
vn 0.9776 -0.1123 -0.1779
vn 0.9786 -0.0888 -0.1855
vn 0.9795 -0.0659 -0.1902
vn 0.9803 -0.0456 -0.1922
vn 0.9809 -0.0337 -0.1917
vn 0.9805 -0.0462 -0.1910
vn 0.9753 -0.1045 -0.1946
vn 0.8149 0.1948 -0.5459
vn 0.8318 0.1618 -0.5309
vn 0.8392 0.1181 -0.5309
vn 0.8458 0.0983 -0.5243
vn 0.8612 0.0596 -0.5047
vn 0.8787 -0.0692 -0.4723
vn 0.8801 -0.2458 -0.4062
vn 0.8710 -0.3687 -0.3247
vn 0.8679 -0.4204 -0.2646
vn 0.8722 -0.4303 -0.2326
vn 0.8784 -0.4269 -0.2150
vn 0.8840 -0.4211 -0.2030
vn 0.8889 -0.4144 -0.1955
vn 0.8933 -0.4058 -0.1934
vn 0.8976 -0.3940 -0.1975
vn 0.9023 -0.3774 -0.2084
vn 0.9072 -0.3549 -0.2261
vn 0.9119 -0.3259 -0.2494
vn 0.9160 -0.2908 -0.2763
vn 0.9192 -0.2508 -0.3038
vn 0.9212 -0.2077 -0.3291
vn 0.9224 -0.1634 -0.3501
vn 0.9229 -0.1203 -0.3657
vn 0.9231 -0.0797 -0.3762
vn 0.9230 -0.0417 -0.3825
vn 0.9229 -0.0070 -0.3850
vn 0.9234 0.0160 -0.3836
vn 0.9245 0.0077 -0.3810
vn 0.9225 -0.0515 -0.3824
vn 0.6642 0.2777 -0.6941
vn 0.6863 0.2254 -0.6915
vn 0.6940 0.1685 -0.7000
vn 0.7010 0.1501 -0.6971
vn 0.7223 0.1128 -0.6823
vn 0.7526 -0.0449 -0.6570
vn 0.7650 -0.2786 -0.5807
vn 0.7593 -0.4529 -0.4673
vn 0.7553 -0.5363 -0.3766
vn 0.7606 -0.5596 -0.3292
vn 0.7702 -0.5591 -0.3069
vn 0.7795 -0.5535 -0.2932
vn 0.7876 -0.5460 -0.2857
vn 0.7946 -0.5357 -0.2857
vn 0.8014 -0.5208 -0.2943
vn 0.8084 -0.4988 -0.3125
vn 0.8157 -0.4678 -0.3402
vn 0.8228 -0.4265 -0.3757
vn 0.8287 -0.3750 -0.4155
vn 0.8327 -0.3155 -0.4552
vn 0.8344 -0.2512 -0.4905
vn 0.8343 -0.1865 -0.5188
vn 0.8329 -0.1253 -0.5391
vn 0.8306 -0.0698 -0.5524
vn 0.8279 -0.0184 -0.5606
vn 0.8251 0.0294 -0.5642
vn 0.8241 0.0631 -0.5629
vn 0.8262 0.0594 -0.5603
vn 0.8272 -0.0005 -0.5619
vn 0.5374 0.3287 -0.7766
vn 0.5442 0.2667 -0.7954
vn 0.5434 0.2008 -0.8151
vn 0.5458 0.1856 -0.8171
vn 0.5651 0.1559 -0.8101
vn 0.5996 -0.0166 -0.8001
vn 0.6229 -0.2920 -0.7258
vn 0.6275 -0.5089 -0.5893
vn 0.6278 -0.6205 -0.4698
vn 0.6343 -0.6575 -0.4066
vn 0.6465 -0.6613 -0.3804
vn 0.6586 -0.6574 -0.3663
vn 0.6687 -0.6508 -0.3595
vn 0.6770 -0.6409 -0.3618
vn 0.6844 -0.6253 -0.3751
vn 0.6918 -0.6009 -0.4005
vn 0.6996 -0.5644 -0.4382
vn 0.7072 -0.5137 -0.4857
vn 0.7135 -0.4485 -0.5383
vn 0.7172 -0.3717 -0.5895
vn 0.7177 -0.2885 -0.6337
vn 0.7153 -0.2056 -0.6679
vn 0.7106 -0.1288 -0.6917
vn 0.7045 -0.0607 -0.7071
vn 0.6974 0.0019 -0.7166
vn 0.6906 0.0609 -0.7207
vn 0.6866 0.1042 -0.7195
vn 0.6879 0.1053 -0.7181
vn 0.6905 0.0455 -0.7219
vn 0.4256 0.3536 -0.8330
vn 0.4072 0.2901 -0.8661
vn 0.3954 0.2190 -0.8920
vn 0.3930 0.2068 -0.8960
vn 0.4067 0.1858 -0.8945
vn 0.4370 0.0078 -0.8994
vn 0.4682 -0.2919 -0.8340
vn 0.4853 -0.5442 -0.6844
vn 0.4925 -0.6798 -0.5435
vn 0.5017 -0.7291 -0.4655
vn 0.5157 -0.7372 -0.4366
vn 0.5295 -0.7354 -0.4229
vn 0.5404 -0.7308 -0.4171
vn 0.5483 -0.7223 -0.4215
vn 0.5543 -0.7073 -0.4388
vn 0.5598 -0.6821 -0.4706
vn 0.5656 -0.6424 -0.5171
vn 0.5715 -0.5850 -0.5755
vn 0.5764 -0.5089 -0.6394
vn 0.5787 -0.4178 -0.7004
vn 0.5774 -0.3190 -0.7515
vn 0.5723 -0.2212 -0.7897
vn 0.5638 -0.1322 -0.8153
vn 0.5530 -0.0543 -0.8314
vn 0.5408 0.0169 -0.8410
vn 0.5290 0.0849 -0.8444
vn 0.5213 0.1361 -0.8425
vn 0.5203 0.1418 -0.8421
vn 0.5226 0.0827 -0.8486
vn 0.2938 0.3657 -0.8832
vn 0.2675 0.3025 -0.9148
vn 0.2527 0.2281 -0.9403
vn 0.2497 0.2175 -0.9436
vn 0.2610 0.2039 -0.9436
vn 0.2863 0.0275 -0.9577
vn 0.3282 -0.2858 -0.9003
vn 0.3609 -0.5609 -0.7451
vn 0.3657 -0.7179 -0.5923
vn 0.3735 -0.7774 -0.5061
vn 0.3890 -0.7888 -0.4759
vn 0.4032 -0.7893 -0.4630
vn 0.4136 -0.7867 -0.4582
vn 0.4199 -0.7798 -0.4643
vn 0.4234 -0.7656 -0.4843
vn 0.4256 -0.7401 -0.5206
vn 0.4280 -0.6985 -0.5735
vn 0.4309 -0.6364 -0.6398
vn 0.4336 -0.5526 -0.7118
vn 0.4344 -0.4513 -0.7795
vn 0.4319 -0.3413 -0.8349
vn 0.4250 -0.2334 -0.8746
vn 0.4136 -0.1361 -0.9002
vn 0.3986 -0.0520 -0.9157
vn 0.3817 0.0249 -0.9239
vn 0.3658 0.0989 -0.9254
vn 0.3548 0.1557 -0.9219
vn 0.3512 0.1654 -0.9216
vn 0.3519 0.1072 -0.9299
vn 0.1267 0.3765 -0.9177
vn 0.1255 0.3100 -0.9424
vn 0.1202 0.2329 -0.9651
vn 0.1229 0.2229 -0.9671
vn 0.1402 0.2162 -0.9662
vn 0.1997 0.0346 -0.9792
vn 0.2778 -0.2494 -0.9277
vn 0.3241 -0.5735 -0.7524
vn 0.2742 -0.7400 -0.6142
vn 0.2636 -0.8065 -0.5292
vn 0.2740 -0.8211 -0.5007
vn 0.2869 -0.8238 -0.4890
vn 0.2956 -0.8230 -0.4851
vn 0.3000 -0.8172 -0.4921
vn 0.3013 -0.8033 -0.5137
vn 0.3012 -0.7773 -0.5524
vn 0.3011 -0.7340 -0.6088
vn 0.3020 -0.6686 -0.6795
vn 0.3036 -0.5798 -0.7561
vn 0.3044 -0.4723 -0.8272
vn 0.3023 -0.3560 -0.8842
vn 0.2957 -0.2424 -0.9240
vn 0.2837 -0.1407 -0.9485
vn 0.2669 -0.0532 -0.9622
vn 0.2478 0.0267 -0.9684
vn 0.2299 0.1041 -0.9676
vn 0.2173 0.1644 -0.9622
vn 0.2115 0.1768 -0.9612
vn 0.2102 0.1194 -0.9703
vn 0.0000 -0.0315 -0.9995
vn 0.0000 -0.8123 0.5832
vn -0.4119 -0.2084 -0.8871
vn -0.0000 -0.6867 0.7269
vn -0.4797 -0.2880 -0.8288
vn -0.0000 -0.4358 0.9000
vn -0.0000 -0.5772 0.8166
vn 0.0000 0.8447 0.5353
vn 0.0000 0.8239 0.5668
vn 0.0000 0.7685 0.6399
vn -0.0000 0.5896 0.8077
vn -0.0000 0.2278 0.9737
vn 0.0000 -0.2736 0.9619
vn 0.0000 -0.3157 0.9489
vn 0.0000 -0.2155 0.9765
vn -0.0000 -0.1390 0.9903
vn 0.0000 -0.3906 0.9205
vn 0.0000 -0.3692 0.9294
vn -0.0000 -0.3413 0.9400
vn -0.0000 -0.4332 0.9013
vn 0.0000 -0.1379 0.9904
vn -0.0000 -0.3758 0.9267
vn -0.9822 -0.0132 0.1873
vn -0.9714 0.0013 0.2373
vn -0.9191 0.2551 0.3002
vn -0.8871 0.2084 0.4119
vn -0.9371 0.0138 0.3487
vn -0.9057 0.2813 0.3171
vn -0.8543 0.0346 0.5187
vn -0.8288 0.2880 0.4797
vn -0.7260 0.0682 0.6843
vn -0.7076 0.3068 0.6366
vn -0.5655 0.1114 0.8172
vn -0.5550 0.3359 0.7611
vn -0.3874 0.1603 0.9078
vn -0.3866 0.3731 0.8434
vn -0.2034 0.2124 0.9558
vn -0.2141 0.4165 0.8836
vn -0.0227 0.2652 0.9639
vn -0.0470 0.4638 0.8847
vn 0.1477 0.3171 0.9368
vn 0.1079 0.5131 0.8516
vn 0.3035 0.3670 0.8793
vn 0.2465 0.5625 0.7892
vn 0.4424 0.4141 0.7955
vn 0.3666 0.6107 0.7019
vn 0.5629 0.4579 0.6881
vn 0.4669 0.6560 0.5930
vn 0.6613 0.4953 0.5634
vn 0.5420 0.7037 0.4593
vn 0.7276 0.5248 0.4417
vn 0.6039 0.6943 0.3915
vn 0.7958 0.5260 0.3001
vn 0.5761 0.7074 0.4094
vn -0.5111 0.8595 -0.0000
vn -0.5195 0.8545 -0.0000
vn -0.5110 0.8428 -0.1691
vn -0.5031 0.8480 -0.1667
vn 0.9194 0.2088 -0.3333
vn 0.8945 0.2702 -0.3563
vn 0.9347 0.2705 -0.2306
vn 0.9530 0.2143 -0.2144
vn 0.7985 0.3854 -0.4625
vn 0.7276 0.5248 -0.4417
vn 0.7958 0.5260 -0.3001
vn 0.8622 0.4022 -0.3079
vn 0.5232 -0.5918 -0.6133
vn 0.6681 0.1913 -0.7191
vn 0.7387 0.2343 -0.6320
vn 0.5788 -0.5700 -0.5832
vn 0.5623 0.1572 -0.8119
vn 0.5566 0.1922 -0.8082
vn 0.6727 0.2301 -0.7032
vn 0.4097 0.1461 -0.9005
vn 0.4127 0.1650 -0.8958
vn 0.5602 0.2176 -0.7993
vn 0.2152 0.1020 -0.9712
vn 0.2182 0.0976 -0.9710
vn 0.4235 0.1450 -0.8942
vn -0.0328 0.0361 -0.9988
vn -0.0299 0.0415 -0.9987
vn 0.2125 0.0668 -0.9749
vn -0.2804 -0.0043 -0.9599
vn -0.2557 0.0792 -0.9635
vn -0.0252 0.0641 -0.9976
vn -0.4723 0.0692 -0.8787
vn -0.4062 0.2458 -0.8801
vn -0.2123 0.1847 -0.9596
vn -0.5807 0.2786 -0.7650
vn -0.4673 0.4529 -0.7593
vn -0.3247 0.3687 -0.8710
vn -0.5893 0.5089 -0.6275
vn -0.4698 0.6205 -0.6278
vn -0.3766 0.5363 -0.7553
vn -0.5435 0.6798 -0.4925
vn -0.4655 0.7291 -0.5017
vn -0.4066 0.6575 -0.6343
vn -0.5061 0.7774 -0.3735
vn -0.4759 0.7888 -0.3890
vn -0.4366 0.7372 -0.5157
vn -0.5007 0.8211 -0.2740
vn -0.4890 0.8238 -0.2869
vn -0.4630 0.7893 -0.4032
vn 0.4351 0.9004 0.0006
vn -0.1410 0.6311 0.7628
vn 0.5291 0.8485 0.0017
vn -0.5060 0.8473 -0.1614
vn -0.4851 0.8230 -0.2956
vn -1.0000 -0.0014 0.0000
vn -0.9881 0.1536 0.0000
vn -0.4836 -0.8753 -0.0000
vn 0.8578 -0.5140 -0.0000
vn 0.8735 -0.4086 0.2648
vn 0.7631 -0.4519 0.4621
vn 0.6447 -0.5237 0.5569
vn 0.5788 -0.5700 0.5832
vn 0.5232 -0.5918 0.6133
vn 0.4463 -0.6016 0.6625
vn 0.3446 -0.6091 0.7143
vn 0.2135 -0.6153 0.7588
vn 0.0353 -0.6288 0.7768
vn -0.1740 -0.6645 0.7268
vn -0.3408 -0.7199 0.6047
vn -0.4235 -0.7707 0.4761
vn -0.4552 -0.8019 0.3870
vn -0.4829 -0.8125 0.3265
vn -0.5287 -0.8106 0.2516
vn -0.5691 -0.8124 0.1267
vn 0.5121 -0.8457 -0.1502
vn 0.5201 -0.8401 -0.1542
vn 0.5256 -0.8508 -0.0000
vn 0.5169 -0.8561 -0.0000
vn 0.5417 -0.8252 -0.1604
vn 0.5782 -0.7985 -0.1674
vn 0.5860 -0.8103 -0.0000
vn 0.5481 -0.8364 0.0000
vn 0.6294 -0.7575 -0.1736
vn 0.6916 -0.7001 -0.1774
vn 0.7025 -0.7117 -0.0000
vn 0.6387 -0.7694 -0.0000
vn 0.7587 -0.6267 -0.1778
vn 0.8233 -0.5400 -0.1746
vn 0.8358 -0.5491 -0.0000
vn 0.7707 -0.6372 -0.0000
vn 0.8796 -0.4446 -0.1691
vn 0.9244 -0.3447 -0.1635
vn 0.9363 -0.3512 0.0000
vn 0.8919 -0.4522 0.0000
vn 0.9572 -0.2428 -0.1576
vn 0.9782 -0.1416 -0.1522
vn 0.9900 -0.1409 -0.0000
vn 0.9688 -0.2480 -0.0000
vn -0.8851 0.4655 -0.0000
vn -0.9916 0.1291 0.0000
vn -0.8821 0.3984 0.2514
vn -0.7514 0.6188 0.2289
vn -0.7536 0.6573 -0.0000
vn -0.6207 0.7662 0.1667
vn -0.6259 0.7799 -0.0000
vn -0.5423 0.8271 0.1476
vn -0.5476 0.8368 0.0000
vn -0.5164 0.8425 0.1532
vn -0.5230 0.8523 -0.0000
vn -0.5060 0.8473 0.1614
vn -0.5134 0.8581 -0.0000
vn -0.5031 0.8480 0.1667
vn -0.5110 0.8428 0.1691
vn -0.5334 0.8287 0.1695
vn -0.5424 0.8402 -0.0000
vn -0.5733 0.8017 0.1690
vn -0.5828 0.8126 -0.0000
vn -0.6315 0.7568 0.1687
vn -0.6417 0.7670 -0.0000
vn -0.7046 0.6891 0.1695
vn -0.7157 0.6984 -0.0000
vn -0.7835 0.5973 0.1712
vn -0.7958 0.6056 0.0000
vn -0.8565 0.4863 0.1728
vn -0.8699 0.4932 0.0000
vn -0.9143 0.3664 0.1726
vn -0.9283 0.3718 -0.0000
vn -0.9535 0.2495 0.1688
vn -0.9674 0.2534 0.0000
vn -0.9763 0.1453 0.1603
vn -0.9890 0.1478 0.0000
vn -0.9875 0.0559 0.1474
vn -0.9983 0.0574 -0.0000
vn -0.9909 -0.0256 0.1323
vn -0.9997 -0.0248 -0.0000
vn -0.9875 -0.1047 0.1181
vn -0.9945 -0.1044 0.0000
vn -0.9800 -0.1669 0.1079
vn -0.9859 -0.1673 0.0000
vn -0.9781 -0.1812 0.1026
vn -0.9832 -0.1824 0.0000
vn -0.9834 -0.1271 0.1293
vn -0.9912 -0.1323 0.0000
vn 0.5157 -0.8437 -0.1493
vn 0.5201 -0.8541 -0.0000
vn 0.9872 -0.0420 -0.1541
vn 0.9992 -0.0388 0.0000
vn 0.4669 0.6560 -0.5931
vn 0.3666 0.6107 -0.7019
vn -0.1410 0.6311 -0.7628
vn -0.5630 0.8265 0.0000
vn -0.2039 0.9790 0.0048
vn -0.2141 0.4165 -0.8836
vn -0.3866 0.3731 -0.8434
vn 0.5698 0.8218 -0.0000
vn -0.9057 0.2813 -0.3171
vn -0.9191 0.2551 -0.3002
vn 0.5761 0.7074 -0.4094
vn 0.6039 0.6943 -0.3915
vn -0.9917 0.1283 0.0000
vn -0.9479 0.3186 0.0000
vn 0.2465 0.5625 -0.7892
vn 0.1079 0.5131 -0.8516
vn 0.0980 0.9952 0.0042
vn 0.3134 0.9496 -0.0060
vn -0.5550 0.3359 -0.7611
vn -0.7076 0.3068 -0.6366
vn 0.5792 0.8152 -0.0000
vn 0.6083 0.7937 -0.0000
vn -0.9575 0.2886 -0.0000
vn -0.9957 0.0925 -0.0000
vn 0.5420 0.7037 -0.4593
vn -0.8346 0.5509 0.0000
vn -0.0470 0.4638 -0.8847
vn -0.9834 -0.1271 -0.1293
vn -0.9822 -0.0132 -0.1873
vn -0.9714 0.0013 -0.2373
vn -0.9703 -0.1194 -0.2102
vn -0.9800 -0.1669 -0.1079
vn -0.9781 -0.1812 -0.1026
vn -0.9612 -0.1768 -0.2115
vn -0.9622 -0.1644 -0.2173
vn -0.9909 -0.0256 -0.1323
vn -0.9875 -0.1047 -0.1181
vn -0.9676 -0.1041 -0.2299
vn -0.9684 -0.0267 -0.2478
vn -0.9763 0.1453 -0.1603
vn -0.9875 0.0559 -0.1474
vn -0.9622 0.0532 -0.2669
vn -0.9485 0.1407 -0.2837
vn -0.9143 0.3664 -0.1726
vn -0.9535 0.2495 -0.1688
vn -0.9240 0.2424 -0.2957
vn -0.8842 0.3560 -0.3023
vn -0.7835 0.5973 -0.1712
vn -0.8565 0.4863 -0.1728
vn -0.8272 0.4723 -0.3044
vn -0.7561 0.5798 -0.3036
vn -0.6315 0.7568 -0.1687
vn -0.7046 0.6891 -0.1695
vn -0.6795 0.6686 -0.3020
vn -0.6088 0.7340 -0.3011
vn -0.5334 0.8287 -0.1695
vn -0.5733 0.8017 -0.1690
vn -0.5524 0.7773 -0.3012
vn -0.5137 0.8033 -0.3013
vn -0.5164 0.8425 -0.1532
vn -0.5423 0.8271 -0.1476
vn -0.5292 0.8065 -0.2636
vn -0.6207 0.7662 -0.1667
vn -0.6142 0.7400 -0.2742
vn -0.7514 0.6188 -0.2289
vn -0.7524 0.5735 -0.3241
vn -0.8821 0.3984 -0.2514
vn -0.9277 0.2494 -0.2778
vn -0.9982 -0.0594 0.0000
vn -0.9792 -0.0346 -0.1997
vn -0.9750 -0.2224 0.0000
vn -0.9662 -0.2162 -0.1402
vn -0.9744 -0.2246 0.0000
vn -0.9671 -0.2229 -0.1229
vn -0.9721 -0.2347 -0.0000
vn -0.9651 -0.2329 -0.1202
vn -0.9496 -0.3133 -0.0000
vn -0.9424 -0.3100 -0.1255
vn -0.9243 -0.3817 -0.0000
vn -0.9177 -0.3765 -0.1267
vn -0.5691 -0.8124 -0.1267
vn -0.9371 0.0138 -0.3487
vn -0.9299 -0.1072 -0.3519
vn -0.9216 -0.1654 -0.3512
vn -0.9219 -0.1557 -0.3548
vn -0.9254 -0.0989 -0.3658
vn -0.9239 -0.0249 -0.3817
vn -0.9157 0.0520 -0.3986
vn -0.9002 0.1361 -0.4136
vn -0.8746 0.2334 -0.4250
vn -0.8348 0.3413 -0.4319
vn -0.7795 0.4513 -0.4344
vn -0.7118 0.5526 -0.4336
vn -0.6398 0.6364 -0.4309
vn -0.5735 0.6985 -0.4280
vn -0.5206 0.7401 -0.4256
vn -0.4843 0.7656 -0.4234
vn -0.4921 0.8172 -0.3000
vn -0.4643 0.7798 -0.4199
vn -0.4582 0.7867 -0.4136
vn -0.5923 0.7179 -0.3657
vn -0.7451 0.5609 -0.3609
vn -0.9003 0.2858 -0.3282
vn -0.9577 -0.0275 -0.2863
vn -0.9436 -0.2039 -0.2610
vn -0.9436 -0.2175 -0.2497
vn -0.9403 -0.2281 -0.2527
vn -0.9148 -0.3025 -0.2675
vn -0.8832 -0.3657 -0.2938
vn -0.5288 -0.8106 -0.2516
vn -0.8543 0.0346 -0.5187
vn -0.8486 -0.0827 -0.5226
vn -0.8421 -0.1418 -0.5203
vn -0.8425 -0.1361 -0.5213
vn -0.8444 -0.0849 -0.5290
vn -0.8410 -0.0169 -0.5408
vn -0.8314 0.0543 -0.5530
vn -0.8153 0.1322 -0.5638
vn -0.7897 0.2212 -0.5723
vn -0.7516 0.3190 -0.5774
vn -0.7004 0.4178 -0.5787
vn -0.6394 0.5089 -0.5764
vn -0.5755 0.5850 -0.5715
vn -0.5171 0.6424 -0.5656
vn -0.4706 0.6821 -0.5598
vn -0.4388 0.7073 -0.5543
vn -0.4215 0.7223 -0.5483
vn -0.4171 0.7308 -0.5404
vn -0.4229 0.7354 -0.5295
vn -0.6844 0.5442 -0.4853
vn -0.8340 0.2919 -0.4682
vn -0.8994 -0.0078 -0.4370
vn -0.8945 -0.1858 -0.4067
vn -0.8960 -0.2068 -0.3930
vn -0.8920 -0.2190 -0.3954
vn -0.8661 -0.2901 -0.4072
vn -0.8330 -0.3536 -0.4256
vn -0.4829 -0.8125 -0.3265
vn -0.7260 0.0683 -0.6843
vn -0.7219 -0.0455 -0.6905
vn -0.7181 -0.1053 -0.6879
vn -0.7195 -0.1042 -0.6866
vn -0.7207 -0.0609 -0.6906
vn -0.7166 -0.0019 -0.6974
vn -0.7071 0.0607 -0.7045
vn -0.6917 0.1288 -0.7106
vn -0.6679 0.2056 -0.7153
vn -0.6337 0.2885 -0.7177
vn -0.5895 0.3717 -0.7172
vn -0.5383 0.4485 -0.7135
vn -0.4857 0.5137 -0.7072
vn -0.4382 0.5644 -0.6996
vn -0.4005 0.6009 -0.6918
vn -0.3751 0.6253 -0.6844
vn -0.3618 0.6409 -0.6770
vn -0.3595 0.6508 -0.6687
vn -0.3663 0.6574 -0.6586
vn -0.3804 0.6613 -0.6465
vn -0.7258 0.2920 -0.6229
vn -0.8001 0.0166 -0.5996
vn -0.8101 -0.1559 -0.5651
vn -0.8171 -0.1856 -0.5458
vn -0.8151 -0.2008 -0.5434
vn -0.7954 -0.2667 -0.5442
vn -0.7766 -0.3287 -0.5374
vn -0.4552 -0.8019 -0.3870
vn -0.5655 0.1114 -0.8172
vn -0.5619 0.0005 -0.8272
vn -0.5603 -0.0594 -0.8262
vn -0.5628 -0.0631 -0.8242
vn -0.5642 -0.0294 -0.8251
vn -0.5606 0.0184 -0.8279
vn -0.5524 0.0698 -0.8306
vn -0.5391 0.1253 -0.8329
vn -0.5188 0.1865 -0.8343
vn -0.4905 0.2512 -0.8344
vn -0.4552 0.3155 -0.8327
vn -0.4155 0.3750 -0.8287
vn -0.3757 0.4265 -0.8228
vn -0.3402 0.4678 -0.8157
vn -0.3125 0.4988 -0.8084
vn -0.2943 0.5207 -0.8014
vn -0.2856 0.5357 -0.7946
vn -0.2857 0.5460 -0.7876
vn -0.2932 0.5535 -0.7795
vn -0.3069 0.5591 -0.7702
vn -0.3292 0.5596 -0.7606
vn -0.6570 0.0449 -0.7526
vn -0.6823 -0.1128 -0.7223
vn -0.6971 -0.1501 -0.7010
vn -0.7000 -0.1685 -0.6940
vn -0.6915 -0.2254 -0.6863
vn -0.6941 -0.2777 -0.6642
vn -0.4235 -0.7707 -0.4761
vn -0.3874 0.1603 -0.9078
vn -0.3825 0.0515 -0.9225
vn -0.3810 -0.0077 -0.9245
vn -0.3836 -0.0160 -0.9234
vn -0.3850 0.0070 -0.9229
vn -0.3825 0.0417 -0.9230
vn -0.3762 0.0797 -0.9231
vn -0.3657 0.1203 -0.9229
vn -0.3501 0.1634 -0.9224
vn -0.3291 0.2077 -0.9212
vn -0.3038 0.2508 -0.9192
vn -0.2763 0.2908 -0.9160
vn -0.2494 0.3259 -0.9119
vn -0.2261 0.3549 -0.9072
vn -0.2084 0.3774 -0.9023
vn -0.1975 0.3940 -0.8976
vn -0.1934 0.4058 -0.8933
vn -0.1955 0.4144 -0.8889
vn -0.2030 0.4211 -0.8840
vn -0.2150 0.4269 -0.8784
vn -0.2326 0.4303 -0.8722
vn -0.2646 0.4204 -0.8679
vn -0.5047 -0.0596 -0.8612
vn -0.5243 -0.0983 -0.8458
vn -0.5309 -0.1181 -0.8392
vn -0.5309 -0.1618 -0.8318
vn -0.5459 -0.1948 -0.8149
vn -0.3408 -0.7199 -0.6047
vn -0.2034 0.2124 -0.9558
vn -0.1946 0.1045 -0.9753
vn -0.1910 0.0462 -0.9805
vn -0.1917 0.0337 -0.9809
vn -0.1922 0.0456 -0.9803
vn -0.1902 0.0659 -0.9795
vn -0.1855 0.0888 -0.9786
vn -0.1779 0.1123 -0.9776
vn -0.1674 0.1355 -0.9765
vn -0.1543 0.1576 -0.9754
vn -0.1396 0.1783 -0.9740
vn -0.1243 0.1972 -0.9724
vn -0.1102 0.2139 -0.9706
vn -0.0985 0.2277 -0.9687
vn -0.0905 0.2385 -0.9669
vn -0.0866 0.2462 -0.9653
vn -0.0866 0.2516 -0.9639
vn -0.0901 0.2555 -0.9626
vn -0.0965 0.2588 -0.9611
vn -0.1055 0.2624 -0.9592
vn -0.1171 0.2663 -0.9567
vn -0.1347 0.2670 -0.9542
vn -0.1661 0.2483 -0.9543
vn -0.2953 -0.0332 -0.9548
vn -0.3002 -0.0497 -0.9526
vn -0.3001 -0.0782 -0.9507
vn -0.3068 -0.0888 -0.9476
vn -0.1740 -0.6645 -0.7268
vn -0.0227 0.2652 -0.9639
vn -0.0083 0.1568 -0.9876
vn -0.0005 0.0993 -0.9951
vn 0.0028 0.0828 -0.9966
vn 0.0051 0.0837 -0.9965
vn 0.0080 0.0890 -0.9960
vn 0.0123 0.0952 -0.9954
vn 0.0177 0.1000 -0.9948
vn 0.0235 0.1020 -0.9945
vn 0.0288 0.1013 -0.9944
vn 0.0332 0.0990 -0.9945
vn 0.0363 0.0962 -0.9947
vn 0.0381 0.0931 -0.9949
vn 0.0383 0.0898 -0.9952
vn 0.0369 0.0861 -0.9956
vn 0.0341 0.0821 -0.9960
vn 0.0303 0.0780 -0.9965
vn 0.0259 0.0743 -0.9969
vn 0.0211 0.0715 -0.9972
vn 0.0163 0.0705 -0.9974
vn 0.0116 0.0722 -0.9973
vn 0.0071 0.0786 -0.9969
vn 0.0005 0.0888 -0.9960
vn -0.0117 0.0879 -0.9961
vn -0.0339 0.0281 -0.9990
vn -0.0300 0.0109 -0.9995
vn -0.0189 0.0115 -0.9998
vn 0.0353 -0.6288 -0.7768
vn 0.1477 0.3171 -0.9368
vn 0.1690 0.2064 -0.9637
vn 0.1821 0.1489 -0.9719
vn 0.1907 0.1286 -0.9732
vn 0.1979 0.1188 -0.9730
vn 0.2041 0.1089 -0.9729
vn 0.2097 0.0977 -0.9729
vn 0.2145 0.0830 -0.9732
vn 0.2168 0.0634 -0.9742
vn 0.2152 0.0398 -0.9758
vn 0.2099 0.0148 -0.9776
vn 0.2014 -0.0096 -0.9795
vn 0.1909 -0.0326 -0.9811
vn 0.1794 -0.0538 -0.9823
vn 0.1682 -0.0731 -0.9830
vn 0.1582 -0.0904 -0.9833
vn 0.1501 -0.1055 -0.9830
vn 0.1443 -0.1183 -0.9824
vn 0.1410 -0.1283 -0.9817
vn 0.1400 -0.1349 -0.9809
vn 0.1417 -0.1365 -0.9805
vn 0.1477 -0.1288 -0.9806
vn 0.1612 -0.1002 -0.9818
vn 0.1796 -0.0450 -0.9827
vn 0.1966 0.0165 -0.9803
vn 0.2172 0.0873 -0.9722
vn 0.2338 0.0808 -0.9689
vn 0.2135 -0.6153 -0.7588
vn 0.3035 0.3670 -0.8793
vn 0.3325 0.2522 -0.9088
vn 0.3507 0.1935 -0.9163
vn 0.3651 0.1690 -0.9155
vn 0.3785 0.1491 -0.9135
vn 0.3900 0.1245 -0.9123
vn 0.3993 0.0958 -0.9118
vn 0.4053 0.0616 -0.9121
vn 0.4056 0.0209 -0.9138
vn 0.3986 -0.0245 -0.9168
vn 0.3846 -0.0709 -0.9204
vn 0.3652 -0.1158 -0.9237
vn 0.3426 -0.1578 -0.9261
vn 0.3191 -0.1963 -0.9272
vn 0.2971 -0.2308 -0.9265
vn 0.2786 -0.2610 -0.9243
vn 0.2647 -0.2866 -0.9207
vn 0.2561 -0.3076 -0.9164
vn 0.2525 -0.3236 -0.9119
vn 0.2536 -0.3342 -0.9077
vn 0.2594 -0.3381 -0.9047
vn 0.2722 -0.3305 -0.9037
vn 0.2994 -0.2949 -0.9074
vn 0.3439 -0.2028 -0.9168
vn 0.3896 -0.0632 -0.9188
vn 0.4193 0.0672 -0.9053
vn 0.4214 0.1239 -0.8984
vn 0.3446 -0.6091 -0.7143
vn 0.4424 0.4141 -0.7955
vn 0.4793 0.2936 -0.8271
vn 0.5019 0.2322 -0.8332
vn 0.5213 0.2031 -0.8289
vn 0.5409 0.1736 -0.8230
vn 0.5588 0.1352 -0.8182
vn 0.5730 0.0898 -0.8146
vn 0.5815 0.0373 -0.8127
vn 0.5813 -0.0228 -0.8134
vn 0.5704 -0.0877 -0.8167
vn 0.5492 -0.1532 -0.8215
vn 0.5201 -0.2164 -0.8262
vn 0.4861 -0.2755 -0.8293
vn 0.4506 -0.3295 -0.8297
vn 0.4170 -0.3774 -0.8269
vn 0.3885 -0.4184 -0.8210
vn 0.3670 -0.4523 -0.8129
vn 0.3534 -0.4789 -0.8036
vn 0.3473 -0.4982 -0.7945
vn 0.3481 -0.5100 -0.7866
vn 0.3553 -0.5136 -0.7810
vn 0.3710 -0.5050 -0.7793
vn 0.4046 -0.4689 -0.7852
vn 0.4684 -0.3634 -0.8053
vn 0.5425 -0.1663 -0.8234
vn 0.5822 0.0450 -0.8118
vn 0.5783 0.1784 -0.7961
vn 0.4463 -0.6016 -0.6625
vn 0.5629 0.4579 -0.6881
vn 0.6080 0.3304 -0.7219
vn 0.6339 0.2648 -0.7266
vn 0.6566 0.2306 -0.7182
vn 0.6812 0.1919 -0.7065
vn 0.7047 0.1408 -0.6954
vn 0.7234 0.0805 -0.6857
vn 0.7343 0.0120 -0.6787
vn 0.7338 -0.0642 -0.6763
vn 0.7201 -0.1450 -0.6785
vn 0.6936 -0.2261 -0.6839
vn 0.6567 -0.3044 -0.6900
vn 0.6128 -0.3778 -0.6941
vn 0.5660 -0.4445 -0.6943
vn 0.5209 -0.5030 -0.6897
vn 0.4816 -0.5520 -0.6807
vn 0.4512 -0.5911 -0.6686
vn 0.4311 -0.6202 -0.6554
vn 0.4209 -0.6399 -0.6430
vn 0.4196 -0.6506 -0.6330
vn 0.4262 -0.6520 -0.6271
vn 0.4422 -0.6415 -0.6268
vn 0.4772 -0.6069 -0.6356
vn 0.5515 -0.5048 -0.6641
vn 0.6535 -0.2786 -0.7038
vn 0.7074 0.0057 -0.7068
vn 0.6954 0.2004 -0.6902
vn 0.6728 0.2614 -0.6921
vn 0.6613 0.4953 -0.5634
vn 0.7171 0.3620 -0.5955
vn 0.7442 0.2915 -0.6010
vn 0.7675 0.2509 -0.5899
vn 0.7946 0.2038 -0.5720
vn 0.8212 0.1416 -0.5528
vn 0.8435 0.0678 -0.5329
vn 0.8554 -0.0119 -0.5179
vn 0.8536 -0.0998 -0.5113
vn 0.8376 -0.1918 -0.5116
vn 0.8075 -0.2840 -0.5171
vn 0.7652 -0.3733 -0.5245
vn 0.7139 -0.4574 -0.5302
vn 0.6578 -0.5337 -0.5315
vn 0.6024 -0.5996 -0.5269
vn 0.5529 -0.6534 -0.5171
vn 0.5138 -0.6946 -0.5036
vn 0.4868 -0.7238 -0.4891
vn 0.4720 -0.7421 -0.4760
vn 0.4679 -0.7506 -0.4665
vn 0.4734 -0.7498 -0.4623
vn 0.4891 -0.7381 -0.4647
vn 0.5236 -0.7061 -0.4768
vn 0.6017 -0.6151 -0.5095
vn 0.7301 -0.3876 -0.5627
vn 0.8062 -0.0426 -0.5901
vn 0.7869 0.2126 -0.5793
vn 0.7604 0.2961 -0.5781
vn 0.7624 0.2621 -0.5916
vn 0.8290 0.3135 -0.4631
vn 0.8481 0.2642 -0.4593
vn 0.8737 0.2092 -0.4392
vn 0.9025 0.1353 -0.4089
vn 0.9282 0.0536 -0.3681
vn 0.9402 -0.0341 -0.3389
vn 0.9352 -0.1261 -0.3308
vn 0.9159 -0.2248 -0.3326
vn 0.8840 -0.3233 -0.3377
vn 0.8393 -0.4196 -0.3456
vn 0.7840 -0.5109 -0.3527
vn 0.7218 -0.5936 -0.3558
vn 0.6588 -0.6642 -0.3534
vn 0.6013 -0.7203 -0.3457
vn 0.5549 -0.7618 -0.3344
vn 0.5222 -0.7897 -0.3221
vn 0.5033 -0.8061 -0.3113
vn 0.4969 -0.8128 -0.3040
vn 0.5014 -0.8109 -0.3018
vn 0.5170 -0.7996 -0.3056
vn 0.5511 -0.7714 -0.3182
vn 0.6312 -0.6999 -0.3343
vn 0.7841 -0.4808 -0.3925
vn 0.8879 -0.1013 -0.4488
vn 0.8618 0.2176 -0.4583
vn 0.8262 0.3228 -0.4618
vn 0.8275 0.2894 -0.4812
vn 0.7870 0.2915 -0.5437
vn 0.6447 -0.5237 -0.5569
vn 0.8808 0.3332 -0.3364
vn 0.9500 0.1296 -0.2842
vn 0.9817 0.0371 -0.1867
vn 0.5311 -0.8336 -0.1520
vn 0.5643 -0.8114 -0.1524
vn 0.6417 -0.7494 -0.1634
vn 0.8037 -0.5708 -0.1681
vn 0.9693 -0.1260 -0.2113
vn 0.9437 0.2149 -0.2514
vn 0.8821 0.3526 -0.3124
vn 0.8775 0.3133 -0.3630
vn 0.8364 0.3573 -0.4157
vn 0.7631 -0.4519 -0.4621
vn 0.9176 0.3193 -0.2367
vn 0.8843 0.4111 0.2213
vn 0.8364 0.3573 0.4157
vn 0.9181 0.3321 0.2163
vn 0.8775 0.3133 0.3630
vn 0.9091 0.3775 0.1759
vn 0.8821 0.3526 0.3124
vn 0.9424 0.3143 0.1145
vn 0.9437 0.2149 0.2514
vn 0.9733 0.1317 -0.1879
vn 0.9976 0.0698 -0.0000
vn 0.9424 0.3143 -0.1145
vn 0.9091 0.3775 -0.1759
vn 0.9181 0.3321 -0.2163
vn 0.8843 0.4111 -0.2213
vn 0.8735 -0.4086 -0.2648
vn 0.9817 0.0371 0.1867
vn 0.9733 0.1317 0.1879
vn 0.9499 0.1296 0.2842
vn 0.9530 0.2143 0.2144
vn 0.9194 0.2088 0.3333
vn 0.9347 0.2705 0.2307
vn 0.8945 0.2702 0.3563
vn 0.9176 0.3193 0.2367
vn 0.8808 0.3332 0.3364
vn 0.7870 0.2915 0.5437
vn 0.8275 0.2894 0.4812
vn 0.8262 0.3228 0.4618
vn 0.8618 0.2176 0.4583
vn 0.9693 -0.1260 0.2113
vn 0.8879 -0.1013 0.4488
vn 0.8037 -0.5708 0.1681
vn 0.7841 -0.4808 0.3925
vn 0.6417 -0.7494 0.1634
vn 0.6312 -0.6999 0.3343
vn 0.5643 -0.8114 0.1524
vn 0.5511 -0.7714 0.3182
vn 0.5311 -0.8336 0.1520
vn 0.5170 -0.7996 0.3056
vn 0.5157 -0.8437 0.1493
vn 0.5014 -0.8109 0.3018
vn 0.5121 -0.8457 0.1502
vn 0.4969 -0.8128 0.3040
vn 0.5201 -0.8401 0.1542
vn 0.5033 -0.8061 0.3113
vn 0.5417 -0.8252 0.1604
vn 0.5222 -0.7897 0.3221
vn 0.5782 -0.7985 0.1674
vn 0.5549 -0.7618 0.3344
vn 0.6294 -0.7575 0.1736
vn 0.6013 -0.7203 0.3457
vn 0.6916 -0.7001 0.1774
vn 0.6588 -0.6642 0.3534
vn 0.7587 -0.6267 0.1778
vn 0.7218 -0.5936 0.3558
vn 0.8233 -0.5400 0.1746
vn 0.7840 -0.5109 0.3527
vn 0.8796 -0.4446 0.1691
vn 0.8393 -0.4196 0.3456
vn 0.9244 -0.3447 0.1635
vn 0.8840 -0.3233 0.3377
vn 0.9572 -0.2428 0.1576
vn 0.9159 -0.2248 0.3326
vn 0.9782 -0.1416 0.1522
vn 0.9352 -0.1261 0.3308
vn 0.9872 -0.0420 0.1541
vn 0.9402 -0.0341 0.3389
vn 0.9282 0.0536 0.3681
vn 0.9025 0.1353 0.4089
vn 0.8737 0.2092 0.4392
vn 0.8481 0.2642 0.4593
vn 0.8290 0.3135 0.4631
vn 0.8622 0.4022 0.3079
vn 0.7985 0.3854 0.4625
vn 0.7387 0.2343 0.6320
vn 0.7624 0.2621 0.5916
vn 0.7604 0.2961 0.5781
vn 0.7869 0.2126 0.5793
vn 0.8062 -0.0426 0.5901
vn 0.7301 -0.3876 0.5627
vn 0.6017 -0.6151 0.5095
vn 0.5236 -0.7061 0.4768
vn 0.4891 -0.7381 0.4647
vn 0.4734 -0.7498 0.4623
vn 0.4679 -0.7506 0.4665
vn 0.4720 -0.7421 0.4760
vn 0.4868 -0.7238 0.4891
vn 0.5138 -0.6946 0.5036
vn 0.5529 -0.6534 0.5171
vn 0.6024 -0.5996 0.5270
vn 0.6578 -0.5337 0.5315
vn 0.7139 -0.4574 0.5302
vn 0.7652 -0.3733 0.5245
vn 0.8075 -0.2840 0.5171
vn 0.8376 -0.1918 0.5116
vn 0.8536 -0.0998 0.5113
vn 0.8554 -0.0119 0.5179
vn 0.8435 0.0678 0.5329
vn 0.8212 0.1416 0.5528
vn 0.7946 0.2038 0.5720
vn 0.7675 0.2509 0.5899
vn 0.7442 0.2915 0.6010
vn 0.7171 0.3620 0.5955
vn 0.6681 0.1913 0.7191
vn 0.6727 0.2301 0.7032
vn 0.6728 0.2614 0.6921
vn 0.6954 0.2004 0.6902
vn 0.7074 0.0057 0.7068
vn 0.6535 -0.2786 0.7038
vn 0.5515 -0.5048 0.6641
vn 0.4772 -0.6069 0.6356
vn 0.4422 -0.6415 0.6268
vn 0.4262 -0.6520 0.6271
vn 0.4196 -0.6506 0.6330
vn 0.4209 -0.6399 0.6430
vn 0.4311 -0.6202 0.6554
vn 0.4512 -0.5911 0.6686
vn 0.4816 -0.5520 0.6807
vn 0.5209 -0.5030 0.6897
vn 0.5660 -0.4445 0.6943
vn 0.6128 -0.3778 0.6941
vn 0.6567 -0.3044 0.6900
vn 0.6936 -0.2261 0.6839
vn 0.7201 -0.1450 0.6785
vn 0.7338 -0.0642 0.6763
vn 0.7343 0.0120 0.6787
vn 0.7234 0.0805 0.6857
vn 0.7047 0.1408 0.6954
vn 0.6812 0.1919 0.7065
vn 0.6566 0.2306 0.7182
vn 0.6339 0.2648 0.7266
vn 0.6080 0.3304 0.7219
vn 0.5623 0.1572 0.8119
vn 0.5566 0.1922 0.8082
vn 0.5602 0.2176 0.7993
vn 0.5783 0.1784 0.7961
vn 0.5822 0.0450 0.8118
vn 0.5425 -0.1663 0.8234
vn 0.4684 -0.3634 0.8053
vn 0.4046 -0.4689 0.7852
vn 0.3710 -0.5050 0.7793
vn 0.3553 -0.5136 0.7810
vn 0.3481 -0.5100 0.7866
vn 0.3473 -0.4982 0.7945
vn 0.3534 -0.4789 0.8036
vn 0.3670 -0.4523 0.8129
vn 0.3885 -0.4184 0.8210
vn 0.4170 -0.3774 0.8269
vn 0.4506 -0.3295 0.8297
vn 0.4861 -0.2755 0.8293
vn 0.5201 -0.2164 0.8262
vn 0.5492 -0.1532 0.8215
vn 0.5703 -0.0877 0.8167
vn 0.5813 -0.0228 0.8134
vn 0.5815 0.0373 0.8127
vn 0.5730 0.0898 0.8146
vn 0.5588 0.1352 0.8182
vn 0.5409 0.1736 0.8230
vn 0.5212 0.2031 0.8289
vn 0.5019 0.2322 0.8332
vn 0.4793 0.2936 0.8271
vn 0.4214 0.1239 0.8984
vn 0.4097 0.1461 0.9005
vn 0.4127 0.1650 0.8958
vn 0.4235 0.1450 0.8942
vn 0.4193 0.0672 0.9053
vn 0.3896 -0.0632 0.9188
vn 0.3439 -0.2028 0.9168
vn 0.2994 -0.2948 0.9074
vn 0.2722 -0.3305 0.9037
vn 0.2594 -0.3381 0.9047
vn 0.2536 -0.3342 0.9077
vn 0.2525 -0.3236 0.9119
vn 0.2561 -0.3076 0.9164
vn 0.2647 -0.2866 0.9207
vn 0.2786 -0.2610 0.9243
vn 0.2971 -0.2308 0.9265
vn 0.3191 -0.1963 0.9272
vn 0.3426 -0.1578 0.9261
vn 0.3652 -0.1158 0.9237
vn 0.3846 -0.0709 0.9204
vn 0.3986 -0.0245 0.9168
vn 0.4056 0.0209 0.9138
vn 0.4053 0.0616 0.9121
vn 0.3993 0.0958 0.9118
vn 0.3900 0.1245 0.9123
vn 0.3785 0.1491 0.9135
vn 0.3651 0.1690 0.9155
vn 0.3507 0.1935 0.9163
vn 0.3325 0.2522 0.9088
vn 0.2338 0.0808 0.9689
vn 0.2172 0.0873 0.9722
vn 0.2152 0.1020 0.9712
vn 0.2182 0.0976 0.9710
vn 0.2125 0.0668 0.9749
vn 0.1966 0.0165 0.9803
vn 0.1796 -0.0450 0.9827
vn 0.1612 -0.1002 0.9818
vn 0.1477 -0.1288 0.9806
vn 0.1417 -0.1365 0.9805
vn 0.1400 -0.1349 0.9809
vn 0.1410 -0.1283 0.9817
vn 0.1443 -0.1183 0.9824
vn 0.1501 -0.1055 0.9830
vn 0.1582 -0.0904 0.9833
vn 0.1682 -0.0731 0.9830
vn 0.1794 -0.0538 0.9823
vn 0.1909 -0.0326 0.9811
vn 0.2014 -0.0096 0.9795
vn 0.2099 0.0148 0.9776
vn 0.2152 0.0398 0.9758
vn 0.2168 0.0634 0.9742
vn 0.2145 0.0830 0.9732
vn 0.2097 0.0977 0.9729
vn 0.2041 0.1089 0.9729
vn 0.1979 0.1188 0.9730
vn 0.1907 0.1286 0.9732
vn 0.1821 0.1489 0.9719
vn 0.1690 0.2064 0.9637
vn -0.0189 0.0115 0.9998
vn -0.0300 0.0109 0.9995
vn -0.0339 0.0281 0.9990
vn -0.0328 0.0361 0.9988
vn -0.0299 0.0415 0.9987
vn -0.0252 0.0641 0.9976
vn -0.0117 0.0879 0.9961
vn 0.0005 0.0888 0.9960
vn 0.0071 0.0786 0.9969
vn 0.0116 0.0722 0.9973
vn 0.0163 0.0705 0.9974
vn 0.0211 0.0715 0.9972
vn 0.0259 0.0743 0.9969
vn 0.0303 0.0780 0.9965
vn 0.0341 0.0821 0.9960
vn 0.0369 0.0861 0.9956
vn 0.0383 0.0898 0.9952
vn 0.0381 0.0931 0.9949
vn 0.0363 0.0962 0.9947
vn 0.0332 0.0990 0.9945
vn 0.0288 0.1013 0.9944
vn 0.0235 0.1020 0.9945
vn 0.0177 0.1000 0.9948
vn 0.0123 0.0952 0.9954
vn 0.0080 0.0890 0.9960
vn 0.0051 0.0837 0.9965
vn 0.0028 0.0828 0.9966
vn -0.0005 0.0993 0.9951
vn -0.0083 0.1568 0.9876
vn -0.3068 -0.0888 0.9476
vn -0.3001 -0.0782 0.9507
vn -0.3002 -0.0497 0.9526
vn -0.2953 -0.0332 0.9548
vn -0.2804 -0.0043 0.9599
vn -0.2557 0.0792 0.9635
vn -0.2123 0.1847 0.9596
vn -0.1661 0.2483 0.9543
vn -0.1347 0.2670 0.9542
vn -0.1171 0.2663 0.9567
vn -0.1055 0.2624 0.9592
vn -0.0965 0.2588 0.9611
vn -0.0901 0.2555 0.9626
vn -0.0866 0.2516 0.9639
vn -0.0866 0.2462 0.9653
vn -0.0905 0.2385 0.9669
vn -0.0985 0.2277 0.9687
vn -0.1102 0.2139 0.9706
vn -0.1243 0.1972 0.9724
vn -0.1396 0.1783 0.9740
vn -0.1543 0.1576 0.9754
vn -0.1674 0.1355 0.9765
vn -0.1779 0.1123 0.9776
vn -0.1855 0.0888 0.9786
vn -0.1902 0.0659 0.9795
vn -0.1922 0.0456 0.9803
vn -0.1917 0.0337 0.9809
vn -0.1910 0.0462 0.9805
vn -0.1946 0.1045 0.9753
vn -0.5459 -0.1948 0.8149
vn -0.5309 -0.1618 0.8318
vn -0.5309 -0.1181 0.8392
vn -0.5243 -0.0983 0.8458
vn -0.5047 -0.0596 0.8612
vn -0.4723 0.0692 0.8787
vn -0.4062 0.2458 0.8801
vn -0.3247 0.3687 0.8710
vn -0.2646 0.4204 0.8679
vn -0.2326 0.4303 0.8722
vn -0.2150 0.4269 0.8784
vn -0.2030 0.4211 0.8840
vn -0.1955 0.4144 0.8889
vn -0.1934 0.4058 0.8933
vn -0.1975 0.3940 0.8976
vn -0.2084 0.3774 0.9023
vn -0.2261 0.3549 0.9072
vn -0.2494 0.3259 0.9119
vn -0.2763 0.2908 0.9160
vn -0.3038 0.2508 0.9192
vn -0.3291 0.2077 0.9212
vn -0.3501 0.1634 0.9224
vn -0.3657 0.1203 0.9229
vn -0.3762 0.0797 0.9231
vn -0.3825 0.0417 0.9230
vn -0.3850 0.0070 0.9229
vn -0.3836 -0.0160 0.9234
vn -0.3810 -0.0077 0.9245
vn -0.3825 0.0515 0.9225
vn -0.6941 -0.2777 0.6642
vn -0.6915 -0.2254 0.6863
vn -0.7000 -0.1685 0.6940
vn -0.6971 -0.1501 0.7010
vn -0.6823 -0.1128 0.7223
vn -0.6570 0.0449 0.7526
vn -0.5807 0.2786 0.7650
vn -0.4673 0.4529 0.7593
vn -0.3766 0.5363 0.7553
vn -0.3292 0.5596 0.7606
vn -0.3069 0.5591 0.7702
vn -0.2932 0.5535 0.7795
vn -0.2857 0.5460 0.7876
vn -0.2857 0.5357 0.7946
vn -0.2943 0.5207 0.8014
vn -0.3125 0.4988 0.8084
vn -0.3402 0.4678 0.8157
vn -0.3757 0.4265 0.8228
vn -0.4155 0.3750 0.8287
vn -0.4552 0.3155 0.8327
vn -0.4905 0.2512 0.8344
vn -0.5188 0.1865 0.8343
vn -0.5391 0.1253 0.8329
vn -0.5524 0.0698 0.8306
vn -0.5606 0.0184 0.8279
vn -0.5642 -0.0294 0.8251
vn -0.5629 -0.0631 0.8241
vn -0.5603 -0.0594 0.8262
vn -0.5619 0.0005 0.8272
vn -0.7766 -0.3287 0.5374
vn -0.7954 -0.2667 0.5442
vn -0.8151 -0.2008 0.5434
vn -0.8171 -0.1856 0.5458
vn -0.8101 -0.1559 0.5651
vn -0.8001 0.0166 0.5996
vn -0.7258 0.2920 0.6229
vn -0.5893 0.5089 0.6275
vn -0.4698 0.6205 0.6278
vn -0.4066 0.6575 0.6343
vn -0.3804 0.6613 0.6465
vn -0.3663 0.6574 0.6586
vn -0.3595 0.6508 0.6687
vn -0.3618 0.6409 0.6770
vn -0.3751 0.6253 0.6844
vn -0.4005 0.6009 0.6918
vn -0.4382 0.5644 0.6996
vn -0.4857 0.5137 0.7072
vn -0.5383 0.4485 0.7135
vn -0.5895 0.3717 0.7172
vn -0.6337 0.2885 0.7177
vn -0.6679 0.2056 0.7153
vn -0.6917 0.1288 0.7106
vn -0.7071 0.0607 0.7045
vn -0.7166 -0.0019 0.6974
vn -0.7207 -0.0609 0.6906
vn -0.7195 -0.1042 0.6866
vn -0.7181 -0.1053 0.6879
vn -0.7219 -0.0455 0.6905
vn -0.8330 -0.3536 0.4256
vn -0.8661 -0.2901 0.4072
vn -0.8920 -0.2190 0.3954
vn -0.8960 -0.2068 0.3930
vn -0.8945 -0.1858 0.4067
vn -0.8994 -0.0078 0.4370
vn -0.8340 0.2919 0.4682
vn -0.6844 0.5442 0.4853
vn -0.5435 0.6798 0.4925
vn -0.4655 0.7291 0.5017
vn -0.4366 0.7372 0.5157
vn -0.4229 0.7354 0.5295
vn -0.4171 0.7308 0.5404
vn -0.4215 0.7223 0.5483
vn -0.4388 0.7073 0.5543
vn -0.4706 0.6821 0.5598
vn -0.5171 0.6424 0.5656
vn -0.5755 0.5850 0.5715
vn -0.6394 0.5089 0.5764
vn -0.7004 0.4178 0.5787
vn -0.7516 0.3190 0.5774
vn -0.7897 0.2212 0.5723
vn -0.8153 0.1322 0.5638
vn -0.8314 0.0543 0.5530
vn -0.8410 -0.0169 0.5408
vn -0.8444 -0.0849 0.5290
vn -0.8425 -0.1361 0.5213
vn -0.8421 -0.1418 0.5203
vn -0.8486 -0.0827 0.5226
vn -0.8832 -0.3657 0.2938
vn -0.9148 -0.3025 0.2675
vn -0.9403 -0.2281 0.2527
vn -0.9436 -0.2175 0.2497
vn -0.9436 -0.2039 0.2610
vn -0.9577 -0.0275 0.2863
vn -0.9003 0.2858 0.3282
vn -0.7451 0.5609 0.3609
vn -0.5923 0.7179 0.3657
vn -0.5061 0.7774 0.3735
vn -0.4759 0.7888 0.3890
vn -0.4630 0.7893 0.4032
vn -0.4582 0.7867 0.4136
vn -0.4643 0.7798 0.4199
vn -0.4843 0.7656 0.4234
vn -0.5206 0.7401 0.4256
vn -0.5735 0.6985 0.4280
vn -0.6398 0.6364 0.4309
vn -0.7118 0.5526 0.4336
vn -0.7795 0.4513 0.4344
vn -0.8348 0.3413 0.4319
vn -0.8746 0.2334 0.4250
vn -0.9002 0.1361 0.4136
vn -0.9157 0.0520 0.3986
vn -0.9239 -0.0249 0.3817
vn -0.9254 -0.0989 0.3658
vn -0.9219 -0.1557 0.3548
vn -0.9216 -0.1654 0.3512
vn -0.9299 -0.1072 0.3519
vn -0.9177 -0.3765 0.1267
vn -0.9424 -0.3100 0.1255
vn -0.9651 -0.2329 0.1202
vn -0.9671 -0.2229 0.1229
vn -0.9662 -0.2162 0.1402
vn -0.9792 -0.0346 0.1997
vn -0.9277 0.2494 0.2778
vn -0.7524 0.5735 0.3241
vn -0.6142 0.7400 0.2742
vn -0.5292 0.8065 0.2636
vn -0.5007 0.8211 0.2740
vn -0.4890 0.8238 0.2869
vn -0.4851 0.8230 0.2956
vn -0.4921 0.8172 0.3000
vn -0.5137 0.8033 0.3013
vn -0.5524 0.7773 0.3012
vn -0.6088 0.7340 0.3011
vn -0.6795 0.6686 0.3020
vn -0.7561 0.5798 0.3036
vn -0.8272 0.4723 0.3044
vn -0.8842 0.3560 0.3023
vn -0.9240 0.2424 0.2957
vn -0.9485 0.1407 0.2837
vn -0.9622 0.0532 0.2669
vn -0.9684 -0.0267 0.2478
vn -0.9676 -0.1041 0.2299
vn -0.9622 -0.1644 0.2173
vn -0.9612 -0.1768 0.2115
vn -0.9703 -0.1194 0.2102
vn -0.9995 0.0315 -0.0000
vn 0.5832 0.8123 -0.0000
vn -0.8871 0.2084 -0.4119
vn 0.7269 0.6867 -0.0000
vn -0.8288 0.2880 -0.4797
vn 0.9000 0.4358 -0.0000
vn 0.8166 0.5772 -0.0000
vn 0.5353 -0.8447 0.0000
vn 0.5668 -0.8239 0.0000
vn 0.6399 -0.7685 0.0000
vn 0.8077 -0.5896 -0.0000
vn 0.9737 -0.2278 -0.0000
vn 0.9619 0.2736 0.0000
vn 0.9489 0.3157 0.0000
vn 0.9765 0.2155 0.0000
vn 0.9903 0.1390 0.0000
vn 0.9205 0.3906 0.0000
vn 0.9294 0.3692 0.0000
vn 0.9400 0.3413 -0.0000
vn 0.9013 0.4332 -0.0000
vn 0.9904 0.1379 0.0000
vn 0.9267 0.3758 0.0000
vn 0.9822 -0.0132 0.1873
vn 0.8871 0.2084 0.4119
vn 0.9191 0.2551 0.3002
vn 0.9714 0.0013 0.2373
vn 0.9057 0.2813 0.3171
vn 0.9371 0.0138 0.3487
vn 0.8288 0.2880 0.4797
vn 0.8543 0.0346 0.5187
vn 0.7076 0.3068 0.6366
vn 0.7260 0.0683 0.6843
vn 0.5550 0.3359 0.7611
vn 0.5655 0.1114 0.8172
vn 0.3866 0.3731 0.8434
vn 0.3874 0.1603 0.9078
vn 0.2141 0.4165 0.8836
vn 0.2034 0.2124 0.9558
vn 0.0470 0.4638 0.8847
vn 0.0227 0.2652 0.9639
vn -0.1079 0.5131 0.8516
vn -0.1477 0.3171 0.9368
vn -0.2465 0.5625 0.7892
vn -0.3035 0.3670 0.8793
vn -0.3666 0.6107 0.7019
vn -0.4424 0.4141 0.7955
vn -0.4669 0.6560 0.5931
vn -0.5629 0.4579 0.6881
vn -0.5420 0.7037 0.4593
vn -0.6613 0.4953 0.5634
vn -0.6039 0.6943 0.3915
vn -0.7276 0.5248 0.4417
vn -0.5761 0.7074 0.4094
vn -0.7958 0.5260 0.3001
vn 0.5111 0.8595 -0.0000
vn 0.5031 0.8480 -0.1667
vn 0.5110 0.8428 -0.1691
vn 0.5195 0.8545 -0.0000
vn -0.9194 0.2088 -0.3333
vn -0.9530 0.2143 -0.2144
vn -0.9347 0.2705 -0.2306
vn -0.8945 0.2702 -0.3563
vn -0.7985 0.3854 -0.4625
vn -0.8622 0.4022 -0.3079
vn -0.7958 0.5260 -0.3001
vn -0.7276 0.5248 -0.4417
vn -0.5232 -0.5918 -0.6133
vn -0.5788 -0.5700 -0.5832
vn -0.7387 0.2343 -0.6320
vn -0.6681 0.1913 -0.7191
vn -0.5623 0.1572 -0.8119
vn -0.6727 0.2301 -0.7032
vn -0.5566 0.1922 -0.8082
vn -0.4097 0.1461 -0.9005
vn -0.5602 0.2176 -0.7993
vn -0.4127 0.1650 -0.8958
vn -0.2152 0.1020 -0.9712
vn -0.4235 0.1450 -0.8942
vn -0.2182 0.0976 -0.9710
vn 0.0328 0.0361 -0.9988
vn -0.2125 0.0668 -0.9749
vn 0.0299 0.0415 -0.9987
vn 0.2804 -0.0043 -0.9599
vn 0.0252 0.0641 -0.9976
vn 0.2557 0.0792 -0.9635
vn 0.4723 0.0692 -0.8787
vn 0.2123 0.1847 -0.9596
vn 0.4062 0.2458 -0.8801
vn 0.5807 0.2786 -0.7650
vn 0.3247 0.3687 -0.8710
vn 0.4673 0.4529 -0.7593
vn 0.5893 0.5089 -0.6275
vn 0.3766 0.5363 -0.7553
vn 0.4698 0.6205 -0.6278
vn 0.5435 0.6798 -0.4925
vn 0.4066 0.6575 -0.6343
vn 0.4655 0.7291 -0.5017
vn 0.5061 0.7774 -0.3735
vn 0.4366 0.7372 -0.5157
vn 0.4759 0.7888 -0.3890
vn 0.5007 0.8211 -0.2740
vn 0.4630 0.7893 -0.4032
vn 0.4890 0.8238 -0.2869
vn -0.4357 0.9001 0.0000
vn -0.5309 0.8474 0.0000
vn 0.1410 0.6311 0.7628
vn 0.5060 0.8473 -0.1614
vn 0.4851 0.8230 -0.2956
vn 1.0000 -0.0014 0.0000
vn 0.9881 0.1536 0.0000
vn 0.4836 -0.8753 -0.0000
vn 0.5691 -0.8124 0.1267
vn 0.5287 -0.8106 0.2516
vn 0.4829 -0.8125 0.3265
vn 0.4552 -0.8019 0.3870
vn 0.4235 -0.7707 0.4761
vn 0.3408 -0.7199 0.6047
vn 0.1740 -0.6645 0.7268
vn -0.0353 -0.6288 0.7768
vn -0.2135 -0.6153 0.7588
vn -0.3446 -0.6091 0.7143
vn -0.4463 -0.6016 0.6625
vn -0.5232 -0.5918 0.6133
vn -0.5788 -0.5700 0.5832
vn -0.6447 -0.5237 0.5569
vn -0.7631 -0.4519 0.4621
vn -0.8735 -0.4086 0.2648
vn -0.8578 -0.5140 -0.0000
vn -0.5121 -0.8457 -0.1502
vn -0.5169 -0.8561 -0.0000
vn -0.5256 -0.8507 -0.0000
vn -0.5201 -0.8401 -0.1542
vn -0.5417 -0.8252 -0.1604
vn -0.5481 -0.8364 0.0000
vn -0.5860 -0.8103 -0.0000
vn -0.5782 -0.7985 -0.1674
vn -0.6294 -0.7575 -0.1736
vn -0.6387 -0.7694 -0.0000
vn -0.7025 -0.7117 -0.0000
vn -0.6916 -0.7001 -0.1774
vn -0.7587 -0.6267 -0.1778
vn -0.7707 -0.6372 -0.0000
vn -0.8358 -0.5491 -0.0000
vn -0.8233 -0.5400 -0.1746
vn -0.8796 -0.4446 -0.1691
vn -0.8919 -0.4522 0.0000
vn -0.9363 -0.3512 0.0000
vn -0.9244 -0.3447 -0.1635
vn -0.9572 -0.2428 -0.1576
vn -0.9688 -0.2480 -0.0000
vn -0.9900 -0.1409 -0.0000
vn -0.9782 -0.1416 -0.1522
vn 0.8851 0.4655 -0.0000
vn 0.8821 0.3984 0.2514
vn 0.9916 0.1291 0.0000
vn 0.7536 0.6573 -0.0000
vn 0.7514 0.6188 0.2289
vn 0.6259 0.7799 -0.0000
vn 0.6207 0.7662 0.1667
vn 0.5476 0.8368 0.0000
vn 0.5423 0.8271 0.1476
vn 0.5230 0.8523 -0.0000
vn 0.5164 0.8425 0.1532
vn 0.5134 0.8581 -0.0000
vn 0.5060 0.8473 0.1614
vn 0.5031 0.8480 0.1667
vn 0.5110 0.8428 0.1691
vn 0.5424 0.8402 -0.0000
vn 0.5334 0.8287 0.1695
vn 0.5828 0.8126 -0.0000
vn 0.5733 0.8017 0.1690
vn 0.6417 0.7670 -0.0000
vn 0.6315 0.7568 0.1687
vn 0.7157 0.6984 -0.0000
vn 0.7046 0.6891 0.1695
vn 0.7958 0.6056 0.0000
vn 0.7835 0.5973 0.1712
vn 0.8699 0.4932 0.0000
vn 0.8565 0.4863 0.1728
vn 0.9283 0.3718 -0.0000
vn 0.9143 0.3664 0.1726
vn 0.9674 0.2534 0.0000
vn 0.9535 0.2495 0.1688
vn 0.9890 0.1478 0.0000
vn 0.9763 0.1453 0.1603
vn 0.9983 0.0574 -0.0000
vn 0.9875 0.0559 0.1474
vn 0.9997 -0.0248 -0.0000
vn 0.9909 -0.0256 0.1323
vn 0.9945 -0.1044 0.0000
vn 0.9875 -0.1047 0.1181
vn 0.9859 -0.1673 0.0000
vn 0.9800 -0.1669 0.1079
vn 0.9832 -0.1824 0.0000
vn 0.9781 -0.1812 0.1026
vn 0.9912 -0.1323 0.0000
vn 0.9834 -0.1271 0.1293
vn -0.5157 -0.8437 -0.1493
vn -0.5201 -0.8541 -0.0000
vn -0.9992 -0.0388 -0.0000
vn -0.9872 -0.0420 -0.1541
vn -0.4669 0.6560 -0.5931
vn 0.1410 0.6311 -0.7628
vn -0.3666 0.6107 -0.7019
vn 0.5629 0.8265 0.0000
vn 0.2055 0.9786 0.0000
vn 0.2141 0.4165 -0.8836
vn 0.3866 0.3731 -0.8434
vn -0.5697 0.8218 -0.0000
vn 0.9057 0.2813 -0.3171
vn 0.9191 0.2551 -0.3002
vn -0.5761 0.7074 -0.4094
vn -0.6039 0.6943 -0.3915
vn 0.9917 0.1283 0.0000
vn 0.9479 0.3186 0.0000
vn -0.2465 0.5625 -0.7892
vn -0.1079 0.5131 -0.8516
vn -0.0982 0.9952 0.0000
vn -0.3096 0.9509 0.0000
vn 0.5550 0.3359 -0.7611
vn 0.7076 0.3068 -0.6366
vn -0.5793 0.8151 -0.0000
vn -0.6083 0.7937 0.0000
vn 0.9575 0.2886 0.0000
vn 0.9957 0.0925 -0.0000
vn -0.5420 0.7037 -0.4593
vn 0.8346 0.5509 0.0000
vn 0.0470 0.4638 -0.8847
vn 0.9834 -0.1271 -0.1293
vn 0.9703 -0.1194 -0.2102
vn 0.9714 0.0013 -0.2373
vn 0.9822 -0.0132 -0.1873
vn 0.9800 -0.1669 -0.1079
vn 0.9622 -0.1644 -0.2173
vn 0.9612 -0.1768 -0.2115
vn 0.9781 -0.1812 -0.1026
vn 0.9909 -0.0256 -0.1323
vn 0.9684 -0.0267 -0.2478
vn 0.9676 -0.1041 -0.2299
vn 0.9875 -0.1047 -0.1181
vn 0.9763 0.1453 -0.1603
vn 0.9485 0.1407 -0.2837
vn 0.9622 0.0532 -0.2669
vn 0.9875 0.0559 -0.1474
vn 0.9143 0.3664 -0.1726
vn 0.8842 0.3560 -0.3023
vn 0.9240 0.2424 -0.2957
vn 0.9535 0.2495 -0.1688
vn 0.7835 0.5973 -0.1712
vn 0.7561 0.5798 -0.3036
vn 0.8272 0.4723 -0.3044
vn 0.8565 0.4863 -0.1728
vn 0.6315 0.7568 -0.1687
vn 0.6088 0.7340 -0.3011
vn 0.6795 0.6686 -0.3020
vn 0.7046 0.6891 -0.1695
vn 0.5334 0.8287 -0.1695
vn 0.5137 0.8033 -0.3013
vn 0.5524 0.7773 -0.3012
vn 0.5733 0.8017 -0.1690
vn 0.5164 0.8425 -0.1532
vn 0.5423 0.8271 -0.1476
vn 0.5292 0.8065 -0.2636
vn 0.6207 0.7662 -0.1667
vn 0.6142 0.7400 -0.2742
vn 0.7514 0.6188 -0.2289
vn 0.7524 0.5735 -0.3241
vn 0.8821 0.3984 -0.2514
vn 0.9277 0.2494 -0.2778
vn 0.9982 -0.0594 0.0000
vn 0.9792 -0.0346 -0.1997
vn 0.9750 -0.2224 0.0000
vn 0.9662 -0.2162 -0.1402
vn 0.9744 -0.2246 0.0000
vn 0.9671 -0.2229 -0.1229
vn 0.9721 -0.2347 0.0000
vn 0.9651 -0.2329 -0.1202
vn 0.9496 -0.3133 -0.0000
vn 0.9424 -0.3100 -0.1255
vn 0.9243 -0.3817 -0.0000
vn 0.9177 -0.3765 -0.1267
vn 0.5691 -0.8124 -0.1267
vn 0.9299 -0.1072 -0.3519
vn 0.9371 0.0138 -0.3488
vn 0.9216 -0.1654 -0.3512
vn 0.9219 -0.1557 -0.3548
vn 0.9254 -0.0989 -0.3658
vn 0.9239 -0.0249 -0.3817
vn 0.9157 0.0520 -0.3986
vn 0.9002 0.1361 -0.4136
vn 0.8746 0.2334 -0.4250
vn 0.8348 0.3413 -0.4319
vn 0.7795 0.4513 -0.4344
vn 0.7118 0.5526 -0.4336
vn 0.6398 0.6364 -0.4309
vn 0.5735 0.6985 -0.4280
vn 0.5206 0.7402 -0.4256
vn 0.4843 0.7656 -0.4234
vn 0.4921 0.8172 -0.3000
vn 0.4643 0.7798 -0.4199
vn 0.4582 0.7867 -0.4136
vn 0.5923 0.7179 -0.3657
vn 0.7451 0.5609 -0.3609
vn 0.9003 0.2858 -0.3282
vn 0.9577 -0.0275 -0.2863
vn 0.9436 -0.2039 -0.2610
vn 0.9436 -0.2175 -0.2497
vn 0.9403 -0.2281 -0.2527
vn 0.9148 -0.3025 -0.2675
vn 0.8832 -0.3657 -0.2938
vn 0.5288 -0.8106 -0.2515
vn 0.8486 -0.0827 -0.5226
vn 0.8543 0.0346 -0.5187
vn 0.8421 -0.1418 -0.5203
vn 0.8425 -0.1361 -0.5213
vn 0.8444 -0.0849 -0.5290
vn 0.8410 -0.0169 -0.5408
vn 0.8314 0.0543 -0.5530
vn 0.8153 0.1322 -0.5638
vn 0.7897 0.2212 -0.5723
vn 0.7516 0.3190 -0.5774
vn 0.7004 0.4178 -0.5787
vn 0.6394 0.5089 -0.5764
vn 0.5755 0.5850 -0.5715
vn 0.5171 0.6424 -0.5656
vn 0.4706 0.6821 -0.5598
vn 0.4388 0.7073 -0.5543
vn 0.4215 0.7223 -0.5483
vn 0.4171 0.7308 -0.5404
vn 0.4229 0.7354 -0.5295
vn 0.6844 0.5442 -0.4853
vn 0.8340 0.2919 -0.4682
vn 0.8994 -0.0078 -0.4370
vn 0.8945 -0.1858 -0.4067
vn 0.8960 -0.2068 -0.3930
vn 0.8920 -0.2190 -0.3954
vn 0.8661 -0.2901 -0.4072
vn 0.8330 -0.3536 -0.4256
vn 0.4829 -0.8125 -0.3265
vn 0.7219 -0.0455 -0.6905
vn 0.7260 0.0682 -0.6843
vn 0.7181 -0.1053 -0.6879
vn 0.7195 -0.1042 -0.6866
vn 0.7207 -0.0609 -0.6906
vn 0.7166 -0.0019 -0.6974
vn 0.7071 0.0607 -0.7045
vn 0.6917 0.1288 -0.7106
vn 0.6679 0.2056 -0.7153
vn 0.6337 0.2885 -0.7177
vn 0.5895 0.3717 -0.7172
vn 0.5383 0.4485 -0.7135
vn 0.4857 0.5137 -0.7072
vn 0.4382 0.5644 -0.6996
vn 0.4005 0.6009 -0.6918
vn 0.3751 0.6253 -0.6844
vn 0.3618 0.6409 -0.6770
vn 0.3595 0.6508 -0.6687
vn 0.3663 0.6574 -0.6586
vn 0.3804 0.6613 -0.6465
vn 0.7258 0.2920 -0.6229
vn 0.8001 0.0166 -0.5996
vn 0.8101 -0.1559 -0.5651
vn 0.8171 -0.1856 -0.5458
vn 0.8151 -0.2008 -0.5434
vn 0.7954 -0.2667 -0.5442
vn 0.7766 -0.3287 -0.5374
vn 0.4552 -0.8019 -0.3870
vn 0.5619 0.0005 -0.8272
vn 0.5655 0.1114 -0.8172
vn 0.5603 -0.0594 -0.8262
vn 0.5628 -0.0631 -0.8242
vn 0.5642 -0.0294 -0.8251
vn 0.5606 0.0184 -0.8279
vn 0.5524 0.0698 -0.8306
vn 0.5391 0.1253 -0.8329
vn 0.5188 0.1865 -0.8343
vn 0.4905 0.2512 -0.8344
vn 0.4552 0.3155 -0.8327
vn 0.4155 0.3750 -0.8287
vn 0.3757 0.4265 -0.8228
vn 0.3402 0.4678 -0.8157
vn 0.3125 0.4988 -0.8084
vn 0.2943 0.5207 -0.8014
vn 0.2856 0.5357 -0.7946
vn 0.2857 0.5460 -0.7876
vn 0.2932 0.5535 -0.7795
vn 0.3069 0.5591 -0.7702
vn 0.3292 0.5596 -0.7606
vn 0.6570 0.0449 -0.7526
vn 0.6823 -0.1128 -0.7223
vn 0.6971 -0.1501 -0.7010
vn 0.7000 -0.1685 -0.6940
vn 0.6915 -0.2254 -0.6863
vn 0.6941 -0.2777 -0.6642
vn 0.4235 -0.7707 -0.4761
vn 0.3825 0.0515 -0.9225
vn 0.3874 0.1603 -0.9078
vn 0.3810 -0.0077 -0.9245
vn 0.3836 -0.0160 -0.9234
vn 0.3850 0.0070 -0.9229
vn 0.3825 0.0417 -0.9230
vn 0.3762 0.0797 -0.9231
vn 0.3657 0.1203 -0.9229
vn 0.3501 0.1634 -0.9224
vn 0.3291 0.2077 -0.9212
vn 0.3038 0.2508 -0.9192
vn 0.2763 0.2908 -0.9160
vn 0.2494 0.3259 -0.9119
vn 0.2261 0.3549 -0.9072
vn 0.2084 0.3774 -0.9023
vn 0.1975 0.3940 -0.8976
vn 0.1934 0.4058 -0.8933
vn 0.1955 0.4144 -0.8889
vn 0.2030 0.4211 -0.8840
vn 0.2150 0.4269 -0.8784
vn 0.2326 0.4303 -0.8722
vn 0.2646 0.4204 -0.8679
vn 0.5047 -0.0596 -0.8612
vn 0.5243 -0.0983 -0.8458
vn 0.5309 -0.1181 -0.8392
vn 0.5309 -0.1618 -0.8318
vn 0.5459 -0.1948 -0.8149
vn 0.3408 -0.7199 -0.6047
vn 0.1946 0.1045 -0.9753
vn 0.2034 0.2124 -0.9558
vn 0.1910 0.0462 -0.9805
vn 0.1917 0.0337 -0.9809
vn 0.1922 0.0456 -0.9803
vn 0.1902 0.0659 -0.9795
vn 0.1855 0.0888 -0.9786
vn 0.1779 0.1123 -0.9776
vn 0.1674 0.1355 -0.9765
vn 0.1543 0.1576 -0.9754
vn 0.1396 0.1783 -0.9740
vn 0.1243 0.1972 -0.9724
vn 0.1102 0.2139 -0.9706
vn 0.0985 0.2277 -0.9687
vn 0.0905 0.2385 -0.9669
vn 0.0866 0.2462 -0.9653
vn 0.0866 0.2516 -0.9639
vn 0.0901 0.2555 -0.9626
vn 0.0965 0.2588 -0.9611
vn 0.1055 0.2624 -0.9592
vn 0.1171 0.2663 -0.9567
vn 0.1347 0.2670 -0.9542
vn 0.1661 0.2483 -0.9543
vn 0.2953 -0.0332 -0.9548
vn 0.3002 -0.0497 -0.9526
vn 0.3001 -0.0782 -0.9507
vn 0.3068 -0.0888 -0.9476
vn 0.1740 -0.6645 -0.7268
vn 0.0083 0.1568 -0.9876
vn 0.0227 0.2652 -0.9639
vn 0.0005 0.0993 -0.9951
vn -0.0028 0.0828 -0.9966
vn -0.0051 0.0837 -0.9965
vn -0.0080 0.0890 -0.9960
vn -0.0123 0.0952 -0.9954
vn -0.0177 0.1000 -0.9948
vn -0.0235 0.1020 -0.9945
vn -0.0288 0.1013 -0.9944
vn -0.0332 0.0990 -0.9945
vn -0.0363 0.0962 -0.9947
vn -0.0381 0.0931 -0.9949
vn -0.0383 0.0898 -0.9952
vn -0.0369 0.0861 -0.9956
vn -0.0341 0.0821 -0.9960
vn -0.0303 0.0780 -0.9965
vn -0.0259 0.0743 -0.9969
vn -0.0211 0.0715 -0.9972
vn -0.0163 0.0705 -0.9974
vn -0.0116 0.0722 -0.9973
vn -0.0071 0.0786 -0.9969
vn -0.0005 0.0888 -0.9960
vn 0.0117 0.0879 -0.9961
vn 0.0339 0.0281 -0.9990
vn 0.0300 0.0109 -0.9995
vn 0.0189 0.0115 -0.9998
vn -0.0353 -0.6287 -0.7768
vn -0.1690 0.2064 -0.9637
vn -0.1477 0.3171 -0.9368
vn -0.1821 0.1489 -0.9719
vn -0.1907 0.1286 -0.9732
vn -0.1979 0.1188 -0.9730
vn -0.2041 0.1089 -0.9729
vn -0.2097 0.0977 -0.9729
vn -0.2145 0.0830 -0.9732
vn -0.2168 0.0634 -0.9742
vn -0.2152 0.0398 -0.9758
vn -0.2099 0.0148 -0.9776
vn -0.2014 -0.0096 -0.9795
vn -0.1909 -0.0326 -0.9811
vn -0.1794 -0.0538 -0.9823
vn -0.1682 -0.0731 -0.9830
vn -0.1582 -0.0904 -0.9833
vn -0.1501 -0.1055 -0.9830
vn -0.1443 -0.1183 -0.9824
vn -0.1410 -0.1283 -0.9817
vn -0.1400 -0.1349 -0.9809
vn -0.1417 -0.1365 -0.9805
vn -0.1477 -0.1288 -0.9806
vn -0.1612 -0.1002 -0.9818
vn -0.1796 -0.0450 -0.9827
vn -0.1966 0.0165 -0.9803
vn -0.2172 0.0873 -0.9722
vn -0.2338 0.0808 -0.9689
vn -0.2135 -0.6153 -0.7588
vn -0.3325 0.2522 -0.9088
vn -0.3035 0.3670 -0.8793
vn -0.3507 0.1935 -0.9163
vn -0.3651 0.1690 -0.9155
vn -0.3785 0.1491 -0.9135
vn -0.3900 0.1245 -0.9123
vn -0.3993 0.0958 -0.9118
vn -0.4053 0.0616 -0.9121
vn -0.4056 0.0209 -0.9138
vn -0.3986 -0.0245 -0.9168
vn -0.3846 -0.0709 -0.9204
vn -0.3652 -0.1158 -0.9237
vn -0.3426 -0.1578 -0.9261
vn -0.3191 -0.1963 -0.9272
vn -0.2971 -0.2308 -0.9265
vn -0.2786 -0.2610 -0.9243
vn -0.2647 -0.2866 -0.9207
vn -0.2561 -0.3076 -0.9164
vn -0.2525 -0.3236 -0.9119
vn -0.2536 -0.3342 -0.9077
vn -0.2594 -0.3381 -0.9047
vn -0.2722 -0.3305 -0.9037
vn -0.2994 -0.2948 -0.9074
vn -0.3439 -0.2028 -0.9168
vn -0.3896 -0.0632 -0.9188
vn -0.4193 0.0672 -0.9053
vn -0.4214 0.1239 -0.8984
vn -0.3446 -0.6091 -0.7143
vn -0.4793 0.2936 -0.8271
vn -0.4424 0.4141 -0.7955
vn -0.5019 0.2322 -0.8332
vn -0.5213 0.2031 -0.8289
vn -0.5409 0.1736 -0.8230
vn -0.5588 0.1352 -0.8182
vn -0.5730 0.0898 -0.8146
vn -0.5815 0.0373 -0.8127
vn -0.5813 -0.0228 -0.8134
vn -0.5703 -0.0877 -0.8167
vn -0.5492 -0.1532 -0.8215
vn -0.5201 -0.2164 -0.8262
vn -0.4861 -0.2755 -0.8293
vn -0.4506 -0.3295 -0.8297
vn -0.4170 -0.3774 -0.8269
vn -0.3885 -0.4184 -0.8210
vn -0.3670 -0.4523 -0.8129
vn -0.3534 -0.4789 -0.8036
vn -0.3473 -0.4982 -0.7945
vn -0.3481 -0.5100 -0.7866
vn -0.3553 -0.5136 -0.7810
vn -0.3710 -0.5050 -0.7793
vn -0.4046 -0.4689 -0.7852
vn -0.4684 -0.3634 -0.8053
vn -0.5425 -0.1663 -0.8234
vn -0.5822 0.0450 -0.8118
vn -0.5783 0.1784 -0.7961
vn -0.4463 -0.6016 -0.6625
vn -0.6080 0.3304 -0.7219
vn -0.5629 0.4579 -0.6881
vn -0.6339 0.2648 -0.7267
vn -0.6566 0.2306 -0.7182
vn -0.6812 0.1919 -0.7065
vn -0.7047 0.1408 -0.6954
vn -0.7234 0.0805 -0.6857
vn -0.7343 0.0120 -0.6788
vn -0.7338 -0.0642 -0.6763
vn -0.7201 -0.1450 -0.6785
vn -0.6936 -0.2261 -0.6839
vn -0.6567 -0.3044 -0.6900
vn -0.6128 -0.3778 -0.6941
vn -0.5660 -0.4445 -0.6943
vn -0.5209 -0.5030 -0.6897
vn -0.4816 -0.5520 -0.6807
vn -0.4512 -0.5911 -0.6686
vn -0.4311 -0.6202 -0.6554
vn -0.4209 -0.6399 -0.6430
vn -0.4196 -0.6506 -0.6330
vn -0.4262 -0.6520 -0.6271
vn -0.4422 -0.6415 -0.6268
vn -0.4772 -0.6069 -0.6356
vn -0.5515 -0.5048 -0.6641
vn -0.6535 -0.2786 -0.7038
vn -0.7074 0.0057 -0.7068
vn -0.6954 0.2004 -0.6902
vn -0.6728 0.2614 -0.6921
vn -0.7171 0.3620 -0.5955
vn -0.6613 0.4953 -0.5634
vn -0.7442 0.2915 -0.6010
vn -0.7675 0.2509 -0.5899
vn -0.7946 0.2038 -0.5720
vn -0.8212 0.1416 -0.5528
vn -0.8435 0.0678 -0.5329
vn -0.8554 -0.0119 -0.5179
vn -0.8536 -0.0998 -0.5113
vn -0.8376 -0.1918 -0.5116
vn -0.8075 -0.2840 -0.5171
vn -0.7652 -0.3733 -0.5245
vn -0.7139 -0.4574 -0.5302
vn -0.6578 -0.5337 -0.5315
vn -0.6024 -0.5996 -0.5269
vn -0.5529 -0.6534 -0.5171
vn -0.5138 -0.6946 -0.5036
vn -0.4868 -0.7238 -0.4891
vn -0.4720 -0.7421 -0.4760
vn -0.4679 -0.7506 -0.4665
vn -0.4734 -0.7498 -0.4623
vn -0.4891 -0.7381 -0.4647
vn -0.5236 -0.7061 -0.4768
vn -0.6017 -0.6151 -0.5095
vn -0.7301 -0.3876 -0.5627
vn -0.8062 -0.0426 -0.5901
vn -0.7869 0.2126 -0.5793
vn -0.7604 0.2961 -0.5781
vn -0.7624 0.2621 -0.5916
vn -0.8290 0.3135 -0.4631
vn -0.8481 0.2642 -0.4593
vn -0.8737 0.2092 -0.4392
vn -0.9025 0.1353 -0.4089
vn -0.9282 0.0536 -0.3681
vn -0.9402 -0.0341 -0.3389
vn -0.9352 -0.1261 -0.3308
vn -0.9159 -0.2248 -0.3326
vn -0.8840 -0.3233 -0.3377
vn -0.8393 -0.4196 -0.3456
vn -0.7840 -0.5109 -0.3527
vn -0.7218 -0.5936 -0.3558
vn -0.6588 -0.6642 -0.3534
vn -0.6013 -0.7203 -0.3457
vn -0.5549 -0.7618 -0.3344
vn -0.5222 -0.7897 -0.3221
vn -0.5033 -0.8061 -0.3113
vn -0.4969 -0.8128 -0.3040
vn -0.5014 -0.8109 -0.3018
vn -0.5170 -0.7996 -0.3056
vn -0.5511 -0.7714 -0.3182
vn -0.6312 -0.6999 -0.3343
vn -0.7841 -0.4808 -0.3925
vn -0.8879 -0.1013 -0.4488
vn -0.8618 0.2176 -0.4583
vn -0.8262 0.3228 -0.4618
vn -0.8275 0.2894 -0.4812
vn -0.7870 0.2915 -0.5437
vn -0.6447 -0.5237 -0.5569
vn -0.8808 0.3332 -0.3364
vn -0.9499 0.1296 -0.2842
vn -0.9817 0.0371 -0.1867
vn -0.5311 -0.8336 -0.1520
vn -0.5643 -0.8114 -0.1524
vn -0.6417 -0.7494 -0.1634
vn -0.8037 -0.5708 -0.1681
vn -0.9693 -0.1260 -0.2113
vn -0.9437 0.2149 -0.2514
vn -0.8821 0.3526 -0.3124
vn -0.8775 0.3133 -0.3630
vn -0.8364 0.3573 -0.4157
vn -0.7631 -0.4519 -0.4621
vn -0.9176 0.3193 -0.2367
vn -0.8364 0.3573 0.4157
vn -0.8843 0.4111 0.2213
vn -0.8775 0.3133 0.3630
vn -0.9181 0.3321 0.2163
vn -0.8821 0.3526 0.3124
vn -0.9091 0.3775 0.1759
vn -0.9437 0.2149 0.2514
vn -0.9424 0.3143 0.1145
vn -0.9976 0.0698 -0.0000
vn -0.9733 0.1317 -0.1879
vn -0.9091 0.3775 -0.1759
vn -0.9424 0.3143 -0.1145
vn -0.9181 0.3321 -0.2163
vn -0.8843 0.4111 -0.2213
vn -0.8735 -0.4086 -0.2648
vn -0.9817 0.0371 0.1867
vn -0.9499 0.1296 0.2842
vn -0.9733 0.1317 0.1879
vn -0.9194 0.2088 0.3333
vn -0.9530 0.2143 0.2144
vn -0.8945 0.2702 0.3563
vn -0.9347 0.2705 0.2306
vn -0.8808 0.3332 0.3364
vn -0.9176 0.3193 0.2367
vn -0.7870 0.2915 0.5437
vn -0.8275 0.2894 0.4812
vn -0.8262 0.3228 0.4618
vn -0.8618 0.2176 0.4583
vn -0.8879 -0.1013 0.4488
vn -0.9693 -0.1260 0.2113
vn -0.7841 -0.4808 0.3925
vn -0.8037 -0.5708 0.1681
vn -0.6312 -0.6999 0.3343
vn -0.6417 -0.7494 0.1634
vn -0.5511 -0.7714 0.3182
vn -0.5643 -0.8114 0.1524
vn -0.5170 -0.7996 0.3056
vn -0.5311 -0.8336 0.1520
vn -0.5014 -0.8109 0.3018
vn -0.5157 -0.8437 0.1493
vn -0.4969 -0.8128 0.3040
vn -0.5121 -0.8457 0.1502
vn -0.5033 -0.8061 0.3113
vn -0.5201 -0.8401 0.1542
vn -0.5222 -0.7897 0.3221
vn -0.5417 -0.8252 0.1604
vn -0.5549 -0.7618 0.3344
vn -0.5782 -0.7985 0.1674
vn -0.6013 -0.7203 0.3457
vn -0.6294 -0.7575 0.1736
vn -0.6588 -0.6642 0.3534
vn -0.6916 -0.7001 0.1774
vn -0.7218 -0.5936 0.3558
vn -0.7587 -0.6267 0.1778
vn -0.7840 -0.5109 0.3527
vn -0.8233 -0.5400 0.1746
vn -0.8393 -0.4196 0.3456
vn -0.8796 -0.4446 0.1691
vn -0.8840 -0.3233 0.3377
vn -0.9244 -0.3447 0.1635
vn -0.9159 -0.2248 0.3326
vn -0.9572 -0.2428 0.1576
vn -0.9352 -0.1261 0.3308
vn -0.9782 -0.1416 0.1522
vn -0.9402 -0.0341 0.3389
vn -0.9872 -0.0420 0.1541
vn -0.9282 0.0536 0.3681
vn -0.9025 0.1353 0.4089
vn -0.8737 0.2092 0.4392
vn -0.8481 0.2642 0.4593
vn -0.8290 0.3135 0.4631
vn -0.7985 0.3854 0.4625
vn -0.8622 0.4022 0.3079
vn -0.7387 0.2343 0.6320
vn -0.7624 0.2621 0.5916
vn -0.7604 0.2961 0.5781
vn -0.7869 0.2126 0.5793
vn -0.8062 -0.0426 0.5901
vn -0.7301 -0.3876 0.5627
vn -0.6017 -0.6151 0.5095
vn -0.5236 -0.7061 0.4768
vn -0.4891 -0.7381 0.4647
vn -0.4734 -0.7498 0.4623
vn -0.4679 -0.7506 0.4665
vn -0.4720 -0.7421 0.4760
vn -0.4868 -0.7238 0.4891
vn -0.5138 -0.6946 0.5036
vn -0.5529 -0.6534 0.5171
vn -0.6024 -0.5996 0.5270
vn -0.6578 -0.5337 0.5315
vn -0.7139 -0.4574 0.5302
vn -0.7652 -0.3733 0.5245
vn -0.8075 -0.2840 0.5171
vn -0.8376 -0.1918 0.5116
vn -0.8536 -0.0998 0.5113
vn -0.8554 -0.0119 0.5179
vn -0.8435 0.0678 0.5329
vn -0.8212 0.1416 0.5528
vn -0.7946 0.2038 0.5720
vn -0.7675 0.2509 0.5899
vn -0.7442 0.2915 0.6010
vn -0.7171 0.3620 0.5955
vn -0.6681 0.1913 0.7191
vn -0.6727 0.2301 0.7032
vn -0.6728 0.2614 0.6921
vn -0.6954 0.2004 0.6902
vn -0.7074 0.0057 0.7068
vn -0.6535 -0.2786 0.7038
vn -0.5515 -0.5048 0.6641
vn -0.4772 -0.6069 0.6356
vn -0.4422 -0.6415 0.6268
vn -0.4262 -0.6520 0.6271
vn -0.4196 -0.6506 0.6330
vn -0.4209 -0.6399 0.6430
vn -0.4311 -0.6202 0.6554
vn -0.4512 -0.5911 0.6686
vn -0.4816 -0.5520 0.6807
vn -0.5209 -0.5030 0.6897
vn -0.5660 -0.4445 0.6943
vn -0.6128 -0.3778 0.6941
vn -0.6567 -0.3044 0.6900
vn -0.6936 -0.2261 0.6839
vn -0.7201 -0.1450 0.6785
vn -0.7338 -0.0642 0.6763
vn -0.7343 0.0120 0.6787
vn -0.7234 0.0805 0.6857
vn -0.7047 0.1408 0.6954
vn -0.6812 0.1919 0.7065
vn -0.6566 0.2306 0.7182
vn -0.6339 0.2648 0.7266
vn -0.6080 0.3304 0.7219
vn -0.5623 0.1572 0.8119
vn -0.5566 0.1922 0.8082
vn -0.5602 0.2176 0.7993
vn -0.5783 0.1784 0.7961
vn -0.5822 0.0450 0.8118
vn -0.5425 -0.1663 0.8234
vn -0.4684 -0.3634 0.8053
vn -0.4046 -0.4689 0.7852
vn -0.3710 -0.5050 0.7793
vn -0.3553 -0.5136 0.7810
vn -0.3481 -0.5100 0.7866
vn -0.3473 -0.4982 0.7945
vn -0.3534 -0.4789 0.8036
vn -0.3670 -0.4523 0.8129
vn -0.3885 -0.4184 0.8210
vn -0.4170 -0.3774 0.8269
vn -0.4506 -0.3295 0.8297
vn -0.4861 -0.2755 0.8293
vn -0.5201 -0.2164 0.8262
vn -0.5492 -0.1532 0.8215
vn -0.5704 -0.0877 0.8167
vn -0.5813 -0.0228 0.8134
vn -0.5815 0.0373 0.8127
vn -0.5730 0.0898 0.8146
vn -0.5588 0.1352 0.8182
vn -0.5409 0.1736 0.8230
vn -0.5213 0.2031 0.8289
vn -0.5019 0.2322 0.8332
vn -0.4793 0.2936 0.8271
vn -0.4214 0.1239 0.8984
vn -0.4097 0.1461 0.9005
vn -0.4127 0.1650 0.8958
vn -0.4235 0.1450 0.8942
vn -0.4193 0.0672 0.9053
vn -0.3896 -0.0632 0.9188
vn -0.3439 -0.2028 0.9168
vn -0.2994 -0.2948 0.9074
vn -0.2722 -0.3305 0.9037
vn -0.2594 -0.3381 0.9047
vn -0.2536 -0.3342 0.9077
vn -0.2525 -0.3236 0.9119
vn -0.2561 -0.3076 0.9164
vn -0.2647 -0.2866 0.9207
vn -0.2786 -0.2610 0.9243
vn -0.2971 -0.2308 0.9265
vn -0.3191 -0.1963 0.9272
vn -0.3426 -0.1578 0.9261
vn -0.3652 -0.1158 0.9237
vn -0.3846 -0.0709 0.9204
vn -0.3986 -0.0245 0.9168
vn -0.4056 0.0209 0.9138
vn -0.4053 0.0616 0.9121
vn -0.3993 0.0958 0.9118
vn -0.3900 0.1245 0.9123
vn -0.3785 0.1491 0.9135
vn -0.3651 0.1690 0.9155
vn -0.3507 0.1935 0.9163
vn -0.3325 0.2522 0.9088
vn -0.2338 0.0808 0.9689
vn -0.2172 0.0873 0.9722
vn -0.2152 0.1020 0.9712
vn -0.2182 0.0976 0.9710
vn -0.2125 0.0668 0.9749
vn -0.1966 0.0165 0.9803
vn -0.1796 -0.0450 0.9827
vn -0.1612 -0.1002 0.9818
vn -0.1477 -0.1288 0.9806
vn -0.1417 -0.1365 0.9805
vn -0.1400 -0.1349 0.9809
vn -0.1410 -0.1283 0.9817
vn -0.1443 -0.1183 0.9824
vn -0.1501 -0.1055 0.9830
vn -0.1582 -0.0904 0.9833
vn -0.1682 -0.0731 0.9830
vn -0.1794 -0.0538 0.9823
vn -0.1909 -0.0326 0.9811
vn -0.2014 -0.0096 0.9795
vn -0.2099 0.0148 0.9776
vn -0.2152 0.0398 0.9758
vn -0.2168 0.0634 0.9742
vn -0.2145 0.0830 0.9732
vn -0.2097 0.0977 0.9729
vn -0.2041 0.1089 0.9729
vn -0.1979 0.1188 0.9730
vn -0.1907 0.1286 0.9732
vn -0.1821 0.1489 0.9719
vn -0.1690 0.2064 0.9637
vn 0.0189 0.0115 0.9998
vn 0.0300 0.0109 0.9995
vn 0.0339 0.0281 0.9990
vn 0.0328 0.0361 0.9988
vn 0.0299 0.0415 0.9987
vn 0.0252 0.0641 0.9976
vn 0.0117 0.0879 0.9961
vn -0.0005 0.0888 0.9960
vn -0.0071 0.0786 0.9969
vn -0.0116 0.0722 0.9973
vn -0.0163 0.0705 0.9974
vn -0.0211 0.0715 0.9972
vn -0.0259 0.0743 0.9969
vn -0.0303 0.0780 0.9965
vn -0.0341 0.0821 0.9960
vn -0.0369 0.0861 0.9956
vn -0.0383 0.0898 0.9952
vn -0.0381 0.0931 0.9949
vn -0.0363 0.0962 0.9947
vn -0.0332 0.0990 0.9945
vn -0.0288 0.1013 0.9944
vn -0.0235 0.1020 0.9945
vn -0.0177 0.1000 0.9948
vn -0.0123 0.0952 0.9954
vn -0.0080 0.0890 0.9960
vn -0.0051 0.0837 0.9965
vn -0.0028 0.0828 0.9966
vn 0.0005 0.0993 0.9951
vn 0.0083 0.1568 0.9876
vn 0.3068 -0.0888 0.9476
vn 0.3001 -0.0782 0.9507
vn 0.3002 -0.0497 0.9526
vn 0.2953 -0.0332 0.9548
vn 0.2804 -0.0043 0.9599
vn 0.2557 0.0792 0.9635
vn 0.2123 0.1847 0.9596
vn 0.1661 0.2483 0.9543
vn 0.1347 0.2670 0.9542
vn 0.1171 0.2663 0.9567
vn 0.1055 0.2624 0.9592
vn 0.0965 0.2588 0.9611
vn 0.0901 0.2555 0.9626
vn 0.0866 0.2516 0.9639
vn 0.0866 0.2462 0.9653
vn 0.0905 0.2385 0.9669
vn 0.0985 0.2277 0.9687
vn 0.1102 0.2139 0.9706
vn 0.1243 0.1972 0.9724
vn 0.1396 0.1783 0.9740
vn 0.1543 0.1576 0.9754
vn 0.1674 0.1355 0.9765
vn 0.1779 0.1123 0.9776
vn 0.1855 0.0888 0.9786
vn 0.1902 0.0659 0.9795
vn 0.1922 0.0456 0.9803
vn 0.1917 0.0337 0.9809
vn 0.1910 0.0462 0.9805
vn 0.1946 0.1045 0.9753
vn 0.5459 -0.1948 0.8149
vn 0.5309 -0.1618 0.8318
vn 0.5309 -0.1181 0.8392
vn 0.5243 -0.0983 0.8458
vn 0.5047 -0.0596 0.8612
vn 0.4723 0.0692 0.8787
vn 0.4062 0.2458 0.8801
vn 0.3247 0.3687 0.8710
vn 0.2646 0.4204 0.8679
vn 0.2326 0.4303 0.8722
vn 0.2150 0.4269 0.8784
vn 0.2030 0.4211 0.8840
vn 0.1955 0.4144 0.8889
vn 0.1934 0.4058 0.8933
vn 0.1975 0.3940 0.8976
vn 0.2084 0.3774 0.9023
vn 0.2261 0.3549 0.9072
vn 0.2494 0.3259 0.9119
vn 0.2763 0.2908 0.9160
vn 0.3038 0.2508 0.9192
vn 0.3290 0.2077 0.9212
vn 0.3501 0.1634 0.9224
vn 0.3657 0.1203 0.9229
vn 0.3762 0.0797 0.9231
vn 0.3825 0.0417 0.9230
vn 0.3850 0.0070 0.9229
vn 0.3836 -0.0160 0.9234
vn 0.3810 -0.0077 0.9245
vn 0.3825 0.0515 0.9225
vn 0.6941 -0.2777 0.6642
vn 0.6915 -0.2254 0.6863
vn 0.7000 -0.1685 0.6940
vn 0.6971 -0.1501 0.7010
vn 0.6823 -0.1128 0.7223
vn 0.6570 0.0449 0.7526
vn 0.5807 0.2786 0.7650
vn 0.4673 0.4529 0.7593
vn 0.3766 0.5363 0.7553
vn 0.3292 0.5596 0.7606
vn 0.3069 0.5591 0.7702
vn 0.2932 0.5535 0.7795
vn 0.2857 0.5460 0.7876
vn 0.2857 0.5357 0.7946
vn 0.2943 0.5208 0.8014
vn 0.3125 0.4988 0.8084
vn 0.3402 0.4678 0.8157
vn 0.3757 0.4265 0.8228
vn 0.4155 0.3750 0.8287
vn 0.4552 0.3155 0.8327
vn 0.4905 0.2512 0.8344
vn 0.5188 0.1865 0.8343
vn 0.5391 0.1253 0.8329
vn 0.5524 0.0698 0.8306
vn 0.5606 0.0184 0.8279
vn 0.5642 -0.0294 0.8251
vn 0.5629 -0.0631 0.8241
vn 0.5603 -0.0594 0.8262
vn 0.5619 0.0005 0.8272
vn 0.7766 -0.3287 0.5374
vn 0.7954 -0.2667 0.5442
vn 0.8151 -0.2008 0.5434
vn 0.8171 -0.1856 0.5458
vn 0.8101 -0.1559 0.5651
vn 0.8001 0.0166 0.5996
vn 0.7258 0.2920 0.6229
vn 0.5893 0.5089 0.6275
vn 0.4698 0.6205 0.6278
vn 0.4066 0.6575 0.6343
vn 0.3804 0.6613 0.6465
vn 0.3663 0.6574 0.6586
vn 0.3595 0.6508 0.6687
vn 0.3618 0.6409 0.6770
vn 0.3751 0.6253 0.6844
vn 0.4005 0.6009 0.6918
vn 0.4382 0.5644 0.6996
vn 0.4857 0.5137 0.7072
vn 0.5383 0.4485 0.7135
vn 0.5895 0.3717 0.7172
vn 0.6337 0.2885 0.7177
vn 0.6679 0.2056 0.7153
vn 0.6917 0.1288 0.7106
vn 0.7071 0.0607 0.7045
vn 0.7166 -0.0019 0.6974
vn 0.7207 -0.0609 0.6906
vn 0.7195 -0.1042 0.6866
vn 0.7181 -0.1053 0.6879
vn 0.7219 -0.0455 0.6905
vn 0.8330 -0.3536 0.4256
vn 0.8661 -0.2901 0.4072
vn 0.8920 -0.2190 0.3954
vn 0.8960 -0.2068 0.3930
vn 0.8945 -0.1858 0.4067
vn 0.8994 -0.0078 0.4370
vn 0.8340 0.2919 0.4682
vn 0.6844 0.5442 0.4853
vn 0.5435 0.6798 0.4925
vn 0.4655 0.7291 0.5017
vn 0.4366 0.7372 0.5157
vn 0.4229 0.7354 0.5295
vn 0.4171 0.7308 0.5404
vn 0.4215 0.7223 0.5483
vn 0.4388 0.7073 0.5543
vn 0.4706 0.6821 0.5598
vn 0.5171 0.6424 0.5656
vn 0.5755 0.5850 0.5715
vn 0.6394 0.5089 0.5764
vn 0.7004 0.4178 0.5787
vn 0.7516 0.3190 0.5774
vn 0.7897 0.2212 0.5723
vn 0.8153 0.1322 0.5638
vn 0.8314 0.0543 0.5530
vn 0.8410 -0.0169 0.5408
vn 0.8444 -0.0849 0.5290
vn 0.8425 -0.1361 0.5213
vn 0.8421 -0.1418 0.5203
vn 0.8486 -0.0827 0.5226
vn 0.8832 -0.3657 0.2938
vn 0.9148 -0.3025 0.2675
vn 0.9403 -0.2281 0.2527
vn 0.9436 -0.2175 0.2497
vn 0.9436 -0.2039 0.2610
vn 0.9577 -0.0275 0.2863
vn 0.9003 0.2858 0.3282
vn 0.7451 0.5609 0.3609
vn 0.5923 0.7179 0.3657
vn 0.5061 0.7774 0.3735
vn 0.4759 0.7888 0.3890
vn 0.4630 0.7893 0.4032
vn 0.4582 0.7867 0.4136
vn 0.4643 0.7798 0.4199
vn 0.4843 0.7656 0.4234
vn 0.5206 0.7401 0.4256
vn 0.5735 0.6985 0.4280
vn 0.6398 0.6364 0.4309
vn 0.7118 0.5526 0.4336
vn 0.7795 0.4513 0.4344
vn 0.8348 0.3413 0.4319
vn 0.8746 0.2334 0.4250
vn 0.9002 0.1361 0.4136
vn 0.9157 0.0520 0.3986
vn 0.9239 -0.0249 0.3817
vn 0.9254 -0.0989 0.3658
vn 0.9219 -0.1557 0.3548
vn 0.9216 -0.1654 0.3512
vn 0.9299 -0.1072 0.3519
vn 0.9177 -0.3765 0.1267
vn 0.9424 -0.3100 0.1255
vn 0.9651 -0.2329 0.1202
vn 0.9671 -0.2229 0.1229
vn 0.9662 -0.2162 0.1402
vn 0.9792 -0.0346 0.1997
vn 0.9277 0.2494 0.2778
vn 0.7524 0.5735 0.3241
vn 0.6142 0.7400 0.2742
vn 0.5292 0.8065 0.2636
vn 0.5007 0.8211 0.2740
vn 0.4890 0.8238 0.2869
vn 0.4851 0.8230 0.2956
vn 0.4921 0.8172 0.3000
vn 0.5137 0.8033 0.3013
vn 0.5524 0.7773 0.3012
vn 0.6088 0.7340 0.3011
vn 0.6795 0.6686 0.3020
vn 0.7561 0.5798 0.3036
vn 0.8272 0.4723 0.3044
vn 0.8842 0.3560 0.3023
vn 0.9240 0.2424 0.2957
vn 0.9485 0.1407 0.2837
vn 0.9622 0.0532 0.2669
vn 0.9684 -0.0267 0.2478
vn 0.9676 -0.1041 0.2299
vn 0.9622 -0.1644 0.2173
vn 0.9612 -0.1768 0.2115
vn 0.9703 -0.1194 0.2102
vn 0.9995 0.0316 0.0000
vn -0.5832 0.8123 -0.0000
vn 0.8871 0.2084 -0.4119
vn -0.7269 0.6867 -0.0000
vn 0.8288 0.2880 -0.4797
vn -0.8166 0.5772 -0.0000
vn -0.9000 0.4358 -0.0000
vn -0.5353 -0.8447 0.0000
vn -0.5668 -0.8239 0.0000
vn -0.6399 -0.7685 0.0000
vn -0.8077 -0.5896 -0.0000
vn -0.9737 -0.2278 -0.0000
vn -0.9489 0.3157 0.0000
vn -0.9619 0.2736 0.0000
vn -0.9765 0.2155 0.0000
vn -0.9903 0.1390 0.0000
vn -0.9294 0.3692 0.0000
vn -0.9205 0.3906 0.0000
vn -0.9400 0.3413 -0.0000
vn -0.9013 0.4332 -0.0000
vn -0.9904 0.1379 0.0000
vn -0.9267 0.3758 0.0000
usemtl Black
s 1
f 94/1/1 2/2/2 4/3/3 95/4/4
f 95/4/4 4/3/3 6/5/5 125/6/6
f 125/6/6 6/5/5 8/7/7 155/8/8
f 155/8/8 8/7/7 10/9/9 185/10/10
f 185/10/10 10/9/9 12/11/11 215/12/12
f 215/12/12 12/11/11 14/13/13 245/14/14
f 245/14/14 14/13/13 16/15/15 275/16/16
f 275/16/16 16/15/15 18/17/17 305/18/18
f 305/18/18 18/17/17 20/19/19 335/20/20
f 335/20/20 20/19/19 22/21/21 365/22/22
f 365/22/22 22/21/21 24/23/23 395/24/24
f 395/24/24 24/23/23 26/25/25 425/26/26
f 425/26/26 26/25/25 28/27/27 455/28/28
f 455/28/28 28/27/27 30/29/29 485/30/30
f 485/30/30 30/29/29 32/31/31 515/32/32
f 1039/33/33 545/34/34 546/35/35 1040/36/36
f 996/37/37 1024/38/38 1023/39/39 995/40/40
f 963/41/41 993/42/42 992/43/43 962/44/44
f 56/45/45 58/46/46 961/47/47 931/48/48
f 901/49/49 931/48/48 930/50/50 900/51/51
f 870/52/52 900/51/51 899/53/53 869/54/54
f 839/55/55 869/54/54 868/56/56 838/57/57
f 808/58/58 838/57/57 837/59/59 807/60/60
f 777/61/61 807/60/60 806/62/62 776/63/63
f 746/64/64 776/63/63 775/65/65 745/66/66
f 715/67/67 745/66/66 744/68/68 714/69/69
f 684/70/70 714/69/69 713/71/71 683/72/72
f 653/73/73 683/72/72 682/74/74 652/75/75
f 622/76/76 652/75/75 651/77/77 621/78/78
f 591/79/79 621/78/78 620/80/80 590/81/81
f 1093/82/82 1092/83/83 1025/84/84
f 70/85/85 590/81/81 589/86/86 545/87/34
f 1056/88/87 1029/89/88 2/90/2 94/91/1
f 1026/92/89 3/93/90 5/94/91 7/95/92 9/96/93 11/97/94 13/98/95 15/99/96 17/100/97 19/101/98 21/102/99 23/103/100 25/104/101 27/105/102 29/106/103 31/107/104 33/108/105 1028/109/106
f 1011/110/107 1071/111/108 1072/112/109 1010/113/110
f 1009/114/111 1073/115/112 1074/116/113 1008/117/114
f 1007/118/115 1075/119/116 1076/120/117 1006/121/118
f 1005/122/119 1077/123/120 1078/124/121 1004/125/122
f 1003/126/123 1079/127/124 1080/128/125 1002/129/126
f 1001/130/127 1081/131/128 1082/132/129 1000/133/130
f 1033/134/131 71/135/132 1030/136/133
f 1033/134/131 1034/137/134 72/138/135 71/135/132
f 1034/137/134 1035/139/136 73/140/137 72/138/135
f 1035/139/136 1036/141/138 74/142/139 73/140/137
f 1036/141/138 1037/143/140 75/144/141 74/142/139
f 1037/143/140 1038/145/142 76/146/143 75/144/141
f 1038/145/142 1039/33/33 77/147/144 76/146/143
f 1039/33/33 1040/36/36 78/148/145 77/147/144
f 1040/36/36 1041/149/146 79/150/147 78/148/145
f 1041/149/146 1042/151/148 80/152/149 79/150/147
f 1042/151/148 1043/153/150 81/154/151 80/152/149
f 1043/153/150 1044/155/152 82/156/153 81/154/151
f 1044/155/152 1045/157/154 83/158/155 82/156/153
f 1045/157/154 1046/159/156 84/160/157 83/158/155
f 1046/159/156 1047/161/158 85/162/159 84/160/157
f 1047/161/158 1048/163/160 86/164/161 85/162/159
f 1048/163/160 1049/165/162 87/166/163 86/164/161
f 1049/165/162 1050/167/164 88/168/165 87/166/163
f 1050/167/164 1051/169/166 89/170/167 88/168/165
f 1051/169/166 1052/171/168 90/172/169 89/170/167
f 1052/171/168 1053/173/170 91/174/171 90/172/169
f 1053/173/170 1054/175/172 92/176/173 91/174/171
f 1054/175/172 1055/177/174 93/178/175 92/176/173
f 1055/177/174 1056/88/87 94/91/1 93/178/175
f 1012/179/176 1070/180/177 1071/111/108 1011/110/107
f 1010/113/110 1072/112/109 1073/115/112 1009/114/111
f 1008/117/114 1074/116/113 1075/119/116 1007/118/115
f 1006/121/118 1076/120/117 1077/123/120 1005/122/119
f 1004/125/122 1078/124/121 1079/127/124 1003/126/123
f 1002/129/126 1080/128/125 1081/131/128 1001/130/127
f 1000/133/130 1082/132/129 1083/181/178 999/182/179
f 57/183/180 1113/184/181 55/185/182
f 1098/186/183 1113/187/181 1107/188/184
f 47/189/185 1113/190/181 45/191/186
f 1092/192/83 1113/193/181 1105/194/187
f 37/195/188 1113/196/181 35/197/189
f 63/198/190 1113/199/181 61/200/191
f 1106/201/192 1113/202/181 1103/203/193
f 53/204/194 1113/205/181 51/206/195
f 1104/207/196 1113/208/181 1100/209/197
f 43/210/198 1113/211/181 41/212/199
f 1102/213/200 1113/214/181 1097/215/201
f 1101/216/202 1113/217/181 1095/218/203
f 59/219/204 1113/220/181 57/183/180
f 1099/221/205 1113/222/181 1098/223/183
f 49/224/206 1113/225/181 47/189/185
f 566/226/207 569/227/208 568/228/209 567/229/210
f 564/230/211 575/231/212 570/232/213 565/233/214
f 562/234/215 577/235/216 576/236/217 563/237/218
f 560/238/219 579/239/220 578/240/221 561/241/222
f 558/242/223 581/243/224 580/244/225 559/245/226
f 556/246/227 583/247/228 582/248/229 557/249/230
f 554/250/231 585/251/232 584/252/233 555/253/234
f 552/254/235 587/255/236 586/256/237 553/257/238
f 69/258/239 591/79/79 590/81/81 70/85/85
f 68/259/240 592/260/241 591/79/79 69/258/239
f 67/261/242 593/262/243 592/260/241 68/259/240
f 66/263/244 594/264/245 593/262/243 67/261/242
f 65/265/246 595/266/247 594/264/245 66/263/244
f 1091/267/248 596/268/249 595/266/247 65/265/246 1030/269/133
f 1090/270/250 597/271/251 596/268/249 1091/267/248
f 1089/272/252 598/273/253 597/271/251 1090/270/250
f 1088/274/254 599/275/255 598/273/253 1089/272/252
f 1087/276/256 600/277/257 599/275/255 1088/274/254
f 1086/278/258 601/279/259 600/277/257 1087/276/256
f 1026/280/89 34/281/260 601/279/259 1086/278/258
f 569/227/208 603/282/261 602/283/262 568/228/209
f 570/232/213 604/284/263 603/282/261 569/227/208
f 575/231/212 605/285/264 604/284/263 570/232/213
f 576/236/217 606/286/265 605/285/264 575/231/212
f 577/235/216 607/287/266 606/286/265 576/236/217
f 578/240/221 608/288/267 607/287/266 577/235/216
f 579/239/220 609/289/268 608/288/267 578/240/221
f 580/244/225 610/290/269 609/289/268 579/239/220
f 581/243/224 611/291/270 610/290/269 580/244/225
f 582/248/229 612/292/271 611/291/270 581/243/224
f 583/247/228 613/293/272 612/292/271 582/248/229
f 584/252/233 614/294/273 613/293/272 583/247/228
f 585/251/232 615/295/274 614/294/273 584/252/233
f 586/256/237 616/296/275 615/295/274 585/251/232
f 587/255/236 617/297/276 616/296/275 586/256/237
f 588/298/277 618/299/278 617/297/276 587/255/236
f 589/86/86 619/300/279 618/299/278 588/298/277
f 590/81/81 620/80/80 619/300/279 589/86/86
f 592/260/241 622/76/76 621/78/78 591/79/79
f 593/262/243 623/301/280 622/76/76 592/260/241
f 594/264/245 624/302/281 623/301/280 593/262/243
f 595/266/247 625/303/282 624/302/281 594/264/245
f 596/268/249 626/304/283 625/303/282 595/266/247
f 597/271/251 627/305/284 626/304/283 596/268/249
f 598/273/253 628/306/285 627/305/284 597/271/251
f 599/275/255 629/307/286 628/306/285 598/273/253
f 600/277/257 630/308/287 629/307/286 599/275/255
f 601/279/259 631/309/288 630/308/287 600/277/257
f 34/281/260 36/310/289 631/309/288 601/279/259
f 603/282/261 633/311/290 632/312/291 602/283/262
f 604/284/263 634/313/292 633/311/290 603/282/261
f 605/285/264 635/314/293 634/313/292 604/284/263
f 606/286/265 636/315/294 635/314/293 605/285/264
f 607/287/266 637/316/295 636/315/294 606/286/265
f 608/288/267 638/317/296 637/316/295 607/287/266
f 609/289/268 639/318/297 638/317/296 608/288/267
f 610/290/269 640/319/298 639/318/297 609/289/268
f 611/291/270 641/320/299 640/319/298 610/290/269
f 612/292/271 642/321/300 641/320/299 611/291/270
f 613/293/272 643/322/301 642/321/300 612/292/271
f 614/294/273 644/323/302 643/322/301 613/293/272
f 615/295/274 645/324/303 644/323/302 614/294/273
f 616/296/275 646/325/304 645/324/303 615/295/274
f 617/297/276 647/326/305 646/325/304 616/296/275
f 618/299/278 648/327/306 647/326/305 617/297/276
f 619/300/279 649/328/307 648/327/306 618/299/278
f 620/80/80 650/329/308 649/328/307 619/300/279
f 621/78/78 651/77/77 650/329/308 620/80/80
f 623/301/280 653/73/73 652/75/75 622/76/76
f 624/302/281 654/330/309 653/73/73 623/301/280
f 625/303/282 655/331/310 654/330/309 624/302/281
f 626/304/283 656/332/311 655/331/310 625/303/282
f 627/305/284 657/333/312 656/332/311 626/304/283
f 628/306/285 658/334/313 657/333/312 627/305/284
f 629/307/286 659/335/314 658/334/313 628/306/285
f 630/308/287 660/336/315 659/335/314 629/307/286
f 631/309/288 661/337/316 660/336/315 630/308/287
f 36/310/289 38/338/317 661/337/316 631/309/288
f 633/311/290 663/339/318 662/340/319 632/312/291
f 634/313/292 664/341/320 663/339/318 633/311/290
f 635/314/293 665/342/321 664/341/320 634/313/292
f 636/315/294 666/343/322 665/342/321 635/314/293
f 637/316/295 667/344/323 666/343/322 636/315/294
f 638/317/296 668/345/324 667/344/323 637/316/295
f 639/318/297 669/346/325 668/345/324 638/317/296
f 640/319/298 670/347/326 669/346/325 639/318/297
f 641/320/299 671/348/327 670/347/326 640/319/298
f 642/321/300 672/349/328 671/348/327 641/320/299
f 643/322/301 673/350/329 672/349/328 642/321/300
f 644/323/302 674/351/330 673/350/329 643/322/301
f 645/324/303 675/352/331 674/351/330 644/323/302
f 646/325/304 676/353/332 675/352/331 645/324/303
f 647/326/305 677/354/333 676/353/332 646/325/304
f 648/327/306 678/355/334 677/354/333 647/326/305
f 649/328/307 679/356/335 678/355/334 648/327/306
f 650/329/308 680/357/336 679/356/335 649/328/307
f 651/77/77 681/358/337 680/357/336 650/329/308
f 652/75/75 682/74/74 681/358/337 651/77/77
f 654/330/309 684/70/70 683/72/72 653/73/73
f 655/331/310 685/359/338 684/70/70 654/330/309
f 656/332/311 686/360/339 685/359/338 655/331/310
f 657/333/312 687/361/340 686/360/339 656/332/311
f 658/334/313 688/362/341 687/361/340 657/333/312
f 659/335/314 689/363/342 688/362/341 658/334/313
f 660/336/315 690/364/343 689/363/342 659/335/314
f 661/337/316 691/365/344 690/364/343 660/336/315
f 38/338/317 40/366/345 691/365/344 661/337/316
f 663/339/318 693/367/346 692/368/347 662/340/319
f 664/341/320 694/369/348 693/367/346 663/339/318
f 665/342/321 695/370/349 694/369/348 664/341/320
f 666/343/322 696/371/350 695/370/349 665/342/321
f 667/344/323 697/372/351 696/371/350 666/343/322
f 668/345/324 698/373/352 697/372/351 667/344/323
f 669/346/325 699/374/353 698/373/352 668/345/324
f 670/347/326 700/375/354 699/374/353 669/346/325
f 671/348/327 701/376/355 700/375/354 670/347/326
f 672/349/328 702/377/356 701/376/355 671/348/327
f 673/350/329 703/378/357 702/377/356 672/349/328
f 674/351/330 704/379/358 703/378/357 673/350/329
f 675/352/331 705/380/359 704/379/358 674/351/330
f 676/353/332 706/381/360 705/380/359 675/352/331
f 677/354/333 707/382/361 706/381/360 676/353/332
f 678/355/334 708/383/362 707/382/361 677/354/333
f 679/356/335 709/384/363 708/383/362 678/355/334
f 680/357/336 710/385/364 709/384/363 679/356/335
f 681/358/337 711/386/365 710/385/364 680/357/336
f 682/74/74 712/387/366 711/386/365 681/358/337
f 683/72/72 713/71/71 712/387/366 682/74/74
f 685/359/338 715/67/67 714/69/69 684/70/70
f 686/360/339 716/388/367 715/67/67 685/359/338
f 687/361/340 717/389/368 716/388/367 686/360/339
f 688/362/341 718/390/369 717/389/368 687/361/340
f 689/363/342 719/391/370 718/390/369 688/362/341
f 690/364/343 720/392/371 719/391/370 689/363/342
f 691/365/344 721/393/372 720/392/371 690/364/343
f 40/366/345 42/394/373 721/393/372 691/365/344
f 693/367/346 723/395/374 722/396/375 692/368/347
f 694/369/348 724/397/376 723/395/374 693/367/346
f 695/370/349 725/398/377 724/397/376 694/369/348
f 696/371/350 726/399/378 725/398/377 695/370/349
f 697/372/351 727/400/379 726/399/378 696/371/350
f 698/373/352 728/401/380 727/400/379 697/372/351
f 699/374/353 729/402/381 728/401/380 698/373/352
f 700/375/354 730/403/382 729/402/381 699/374/353
f 701/376/355 731/404/383 730/403/382 700/375/354
f 702/377/356 732/405/384 731/404/383 701/376/355
f 703/378/357 733/406/385 732/405/384 702/377/356
f 704/379/358 734/407/386 733/406/385 703/378/357
f 705/380/359 735/408/387 734/407/386 704/379/358
f 706/381/360 736/409/388 735/408/387 705/380/359
f 707/382/361 737/410/389 736/409/388 706/381/360
f 708/383/362 738/411/390 737/410/389 707/382/361
f 709/384/363 739/412/391 738/411/390 708/383/362
f 710/385/364 740/413/392 739/412/391 709/384/363
f 711/386/365 741/414/393 740/413/392 710/385/364
f 712/387/366 742/415/394 741/414/393 711/386/365
f 713/71/71 743/416/395 742/415/394 712/387/366
f 714/69/69 744/68/68 743/416/395 713/71/71
f 716/388/367 746/64/64 745/66/66 715/67/67
f 717/389/368 747/417/396 746/64/64 716/388/367
f 718/390/369 748/418/397 747/417/396 717/389/368
f 719/391/370 749/419/398 748/418/397 718/390/369
f 720/392/371 750/420/399 749/419/398 719/391/370
f 721/393/372 751/421/400 750/420/399 720/392/371
f 42/394/373 44/422/401 751/421/400 721/393/372
f 723/395/374 753/423/402 752/424/403 722/396/375
f 724/397/376 754/425/404 753/423/402 723/395/374
f 725/398/377 755/426/405 754/425/404 724/397/376
f 726/399/378 756/427/406 755/426/405 725/398/377
f 727/400/379 757/428/407 756/427/406 726/399/378
f 728/401/380 758/429/408 757/428/407 727/400/379
f 729/402/381 759/430/409 758/429/408 728/401/380
f 730/403/382 760/431/410 759/430/409 729/402/381
f 731/404/383 761/432/411 760/431/410 730/403/382
f 732/405/384 762/433/412 761/432/411 731/404/383
f 733/406/385 763/434/413 762/433/412 732/405/384
f 734/407/386 764/435/414 763/434/413 733/406/385
f 735/408/387 765/436/415 764/435/414 734/407/386
f 736/409/388 766/437/416 765/436/415 735/408/387
f 737/410/389 767/438/417 766/437/416 736/409/388
f 738/411/390 768/439/418 767/438/417 737/410/389
f 739/412/391 769/440/419 768/439/418 738/411/390
f 740/413/392 770/441/420 769/440/419 739/412/391
f 741/414/393 771/442/421 770/441/420 740/413/392
f 742/415/394 772/443/422 771/442/421 741/414/393
f 743/416/395 773/444/423 772/443/422 742/415/394
f 744/68/68 774/445/424 773/444/423 743/416/395
f 745/66/66 775/65/65 774/445/424 744/68/68
f 747/417/396 777/61/61 776/63/63 746/64/64
f 748/418/397 778/446/425 777/61/61 747/417/396
f 749/419/398 779/447/426 778/446/425 748/418/397
f 750/420/399 780/448/427 779/447/426 749/419/398
f 751/421/400 781/449/428 780/448/427 750/420/399
f 44/422/401 46/450/429 781/449/428 751/421/400
f 753/423/402 783/451/430 782/452/431 752/424/403
f 754/425/404 784/453/432 783/451/430 753/423/402
f 755/426/405 785/454/433 784/453/432 754/425/404
f 756/427/406 786/455/434 785/454/433 755/426/405
f 757/428/407 787/456/435 786/455/434 756/427/406
f 758/429/408 788/457/436 787/456/435 757/428/407
f 759/430/409 789/458/437 788/457/436 758/429/408
f 760/431/410 790/459/438 789/458/437 759/430/409
f 761/432/411 791/460/439 790/459/438 760/431/410
f 762/433/412 792/461/440 791/460/439 761/432/411
f 763/434/413 793/462/441 792/461/440 762/433/412
f 764/435/414 794/463/442 793/462/441 763/434/413
f 765/436/415 795/464/443 794/463/442 764/435/414
f 766/437/416 796/465/444 795/464/443 765/436/415
f 767/438/417 797/466/445 796/465/444 766/437/416
f 768/439/418 798/467/446 797/466/445 767/438/417
f 769/440/419 799/468/447 798/467/446 768/439/418
f 770/441/420 800/469/448 799/468/447 769/440/419
f 771/442/421 801/470/449 800/469/448 770/441/420
f 772/443/422 802/471/450 801/470/449 771/442/421
f 773/444/423 803/472/451 802/471/450 772/443/422
f 774/445/424 804/473/452 803/472/451 773/444/423
f 775/65/65 805/474/453 804/473/452 774/445/424
f 776/63/63 806/62/62 805/474/453 775/65/65
f 778/446/425 808/58/58 807/60/60 777/61/61
f 779/447/426 809/475/454 808/58/58 778/446/425
f 780/448/427 810/476/455 809/475/454 779/447/426
f 781/449/428 811/477/456 810/476/455 780/448/427
f 46/450/429 48/478/457 811/477/456 781/449/428
f 783/451/430 813/479/458 812/480/459 782/452/431
f 784/453/432 814/481/460 813/479/458 783/451/430
f 785/454/433 815/482/461 814/481/460 784/453/432
f 786/455/434 816/483/462 815/482/461 785/454/433
f 787/456/435 817/484/463 816/483/462 786/455/434
f 788/457/436 818/485/464 817/484/463 787/456/435
f 789/458/437 819/486/465 818/485/464 788/457/436
f 790/459/438 820/487/466 819/486/465 789/458/437
f 791/460/439 821/488/467 820/487/466 790/459/438
f 792/461/440 822/489/468 821/488/467 791/460/439
f 793/462/441 823/490/469 822/489/468 792/461/440
f 794/463/442 824/491/470 823/490/469 793/462/441
f 795/464/443 825/492/471 824/491/470 794/463/442
f 796/465/444 826/493/472 825/492/471 795/464/443
f 797/466/445 827/494/473 826/493/472 796/465/444
f 798/467/446 828/495/474 827/494/473 797/466/445
f 799/468/447 829/496/475 828/495/474 798/467/446
f 800/469/448 830/497/476 829/496/475 799/468/447
f 801/470/449 831/498/477 830/497/476 800/469/448
f 802/471/450 832/499/478 831/498/477 801/470/449
f 803/472/451 833/500/479 832/499/478 802/471/450
f 804/473/452 834/501/480 833/500/479 803/472/451
f 805/474/453 835/502/481 834/501/480 804/473/452
f 806/62/62 836/503/482 835/502/481 805/474/453
f 807/60/60 837/59/59 836/503/482 806/62/62
f 809/475/454 839/55/55 838/57/57 808/58/58
f 810/476/455 840/504/483 839/55/55 809/475/454
f 811/477/456 841/505/484 840/504/483 810/476/455
f 48/478/457 50/506/485 841/505/484 811/477/456
f 813/479/458 843/507/486 842/508/487 812/480/459
f 814/481/460 844/509/488 843/507/486 813/479/458
f 815/482/461 845/510/489 844/509/488 814/481/460
f 816/483/462 846/511/490 845/510/489 815/482/461
f 817/484/463 847/512/491 846/511/490 816/483/462
f 818/485/464 848/513/492 847/512/491 817/484/463
f 819/486/465 849/514/493 848/513/492 818/485/464
f 820/487/466 850/515/494 849/514/493 819/486/465
f 821/488/467 851/516/495 850/515/494 820/487/466
f 822/489/468 852/517/496 851/516/495 821/488/467
f 823/490/469 853/518/497 852/517/496 822/489/468
f 824/491/470 854/519/498 853/518/497 823/490/469
f 825/492/471 855/520/499 854/519/498 824/491/470
f 826/493/472 856/521/500 855/520/499 825/492/471
f 827/494/473 857/522/501 856/521/500 826/493/472
f 828/495/474 858/523/502 857/522/501 827/494/473
f 829/496/475 859/524/503 858/523/502 828/495/474
f 830/497/476 860/525/504 859/524/503 829/496/475
f 831/498/477 861/526/505 860/525/504 830/497/476
f 832/499/478 862/527/506 861/526/505 831/498/477
f 833/500/479 863/528/507 862/527/506 832/499/478
f 834/501/480 864/529/508 863/528/507 833/500/479
f 835/502/481 865/530/509 864/529/508 834/501/480
f 836/503/482 866/531/510 865/530/509 835/502/481
f 837/59/59 867/532/511 866/531/510 836/503/482
f 838/57/57 868/56/56 867/532/511 837/59/59
f 840/504/483 870/52/52 869/54/54 839/55/55
f 841/505/484 871/533/512 870/52/52 840/504/483
f 50/506/485 52/534/513 871/533/512 841/505/484
f 843/507/486 873/535/514 872/536/515 842/508/487
f 844/509/488 874/537/516 873/535/514 843/507/486
f 845/510/489 875/538/517 874/537/516 844/509/488
f 846/511/490 876/539/518 875/538/517 845/510/489
f 847/512/491 877/540/519 876/539/518 846/511/490
f 848/513/492 878/541/520 877/540/519 847/512/491
f 849/514/493 879/542/521 878/541/520 848/513/492
f 850/515/494 880/543/522 879/542/521 849/514/493
f 851/516/495 881/544/523 880/543/522 850/515/494
f 852/517/496 882/545/524 881/544/523 851/516/495
f 853/518/497 883/546/525 882/545/524 852/517/496
f 854/519/498 884/547/526 883/546/525 853/518/497
f 855/520/499 885/548/527 884/547/526 854/519/498
f 856/521/500 886/549/528 885/548/527 855/520/499
f 857/522/501 887/550/529 886/549/528 856/521/500
f 858/523/502 888/551/530 887/550/529 857/522/501
f 859/524/503 889/552/531 888/551/530 858/523/502
f 860/525/504 890/553/532 889/552/531 859/524/503
f 861/526/505 891/554/533 890/553/532 860/525/504
f 862/527/506 892/555/534 891/554/533 861/526/505
f 863/528/507 893/556/535 892/555/534 862/527/506
f 864/529/508 894/557/536 893/556/535 863/528/507
f 865/530/509 895/558/537 894/557/536 864/529/508
f 866/531/510 896/559/538 895/558/537 865/530/509
f 867/532/511 897/560/539 896/559/538 866/531/510
f 868/56/56 898/561/540 897/560/539 867/532/511
f 869/54/54 899/53/53 898/561/540 868/56/56
f 871/533/512 901/49/49 900/51/51 870/52/52
f 52/534/513 54/562/541 901/49/49 871/533/512
f 873/535/514 903/563/542 902/564/543 872/536/515
f 874/537/516 904/565/544 903/563/542 873/535/514
f 875/538/517 905/566/545 904/565/544 874/537/516
f 876/539/518 906/567/546 905/566/545 875/538/517
f 877/540/519 907/568/547 906/567/546 876/539/518
f 878/541/520 908/569/548 907/568/547 877/540/519
f 879/542/521 909/570/549 908/569/548 878/541/520
f 880/543/522 910/571/550 909/570/549 879/542/521
f 881/544/523 911/572/551 910/571/550 880/543/522
f 882/545/524 912/573/552 911/572/551 881/544/523
f 883/546/525 913/574/553 912/573/552 882/545/524
f 884/547/526 914/575/554 913/574/553 883/546/525
f 885/548/527 915/576/555 914/575/554 884/547/526
f 886/549/528 916/577/556 915/576/555 885/548/527
f 887/550/529 917/578/557 916/577/556 886/549/528
f 888/551/530 918/579/558 917/578/557 887/550/529
f 889/552/531 919/580/559 918/579/558 888/551/530
f 890/553/532 920/581/560 919/580/559 889/552/531
f 891/554/533 921/582/561 920/581/560 890/553/532
f 892/555/534 922/583/562 921/582/561 891/554/533
f 893/556/535 923/584/563 922/583/562 892/555/534
f 894/557/536 924/585/564 923/584/563 893/556/535
f 895/558/537 925/586/565 924/585/564 894/557/536
f 896/559/538 926/587/566 925/586/565 895/558/537
f 897/560/539 927/588/567 926/587/566 896/559/538
f 898/561/540 928/589/568 927/588/567 897/560/539
f 899/53/53 929/590/569 928/589/568 898/561/540
f 900/51/51 930/50/50 929/590/569 899/53/53
f 54/562/541 56/45/45 931/48/48 901/49/49
f 903/563/542 933/591/570 932/592/571 902/564/543
f 904/565/544 934/593/572 933/591/570 903/563/542
f 905/566/545 935/594/573 934/593/572 904/565/544
f 906/567/546 936/595/574 935/594/573 905/566/545
f 907/568/547 937/596/575 936/595/574 906/567/546
f 908/569/548 938/597/576 937/596/575 907/568/547
f 909/570/549 939/598/577 938/597/576 908/569/548
f 910/571/550 940/599/578 939/598/577 909/570/549
f 911/572/551 941/600/579 940/599/578 910/571/550
f 912/573/552 942/601/580 941/600/579 911/572/551
f 913/574/553 943/602/581 942/601/580 912/573/552
f 914/575/554 944/603/582 943/602/581 913/574/553
f 915/576/555 945/604/583 944/603/582 914/575/554
f 916/577/556 946/605/584 945/604/583 915/576/555
f 917/578/557 947/606/585 946/605/584 916/577/556
f 918/579/558 948/607/586 947/606/585 917/578/557
f 919/580/559 949/608/587 948/607/586 918/579/558
f 920/581/560 950/609/588 949/608/587 919/580/559
f 921/582/561 951/610/589 950/609/588 920/581/560
f 922/583/562 952/611/590 951/610/589 921/582/561
f 923/584/563 953/612/591 952/611/590 922/583/562
f 924/585/564 954/613/592 953/612/591 923/584/563
f 925/586/565 955/614/593 954/613/592 924/585/564
f 926/587/566 956/615/594 955/614/593 925/586/565
f 927/588/567 957/616/595 956/615/594 926/587/566
f 928/589/568 958/617/596 957/616/595 927/588/567
f 929/590/569 959/618/597 958/617/596 928/589/568
f 930/50/50 960/619/598 959/618/597 929/590/569
f 931/48/48 961/47/47 960/619/598 930/50/50
f 933/591/570 963/41/41 962/44/44 932/592/571
f 934/593/572 964/620/599 963/41/41 933/591/570
f 935/594/573 965/621/600 964/620/599 934/593/572
f 936/595/574 966/622/601 965/621/600 935/594/573
f 937/596/575 967/623/602 966/622/601 936/595/574
f 938/597/576 968/624/603 967/623/602 937/596/575
f 939/598/577 969/625/604 968/624/603 938/597/576
f 940/599/578 970/626/605 969/625/604 939/598/577
f 941/600/579 971/627/606 970/626/605 940/599/578
f 942/601/580 972/628/607 971/627/606 941/600/579
f 943/602/581 973/629/608 972/628/607 942/601/580
f 944/603/582 974/630/609 973/629/608 943/602/581
f 945/604/583 975/631/610 974/630/609 944/603/582
f 946/605/584 976/632/611 975/631/610 945/604/583
f 947/606/585 977/633/612 976/632/611 946/605/584
f 948/607/586 978/634/613 977/633/612 947/606/585
f 949/608/587 979/635/614 978/634/613 948/607/586
f 950/609/588 980/636/615 979/635/614 949/608/587
f 951/610/589 981/637/616 980/636/615 950/609/588
f 952/611/590 982/638/617 981/637/616 951/610/589
f 953/612/591 983/639/618 982/638/617 952/611/590
f 954/613/592 984/640/619 983/639/618 953/612/591
f 955/614/593 985/641/620 984/640/619 954/613/592
f 956/615/594 986/642/621 985/641/620 955/614/593
f 957/616/595 987/643/622 986/642/621 956/615/594
f 958/617/596 988/644/623 987/643/622 957/616/595
f 959/618/597 989/645/624 988/644/623 958/617/596
f 960/619/598 990/646/625 989/645/624 959/618/597
f 961/47/47 991/647/626 990/646/625 960/619/598
f 58/46/46 60/648/627 991/647/626 961/47/47
f 964/620/599 994/649/628 993/42/42 963/41/41
f 965/621/600 995/40/40 994/649/628 964/620/599
f 966/622/601 996/37/37 995/40/40 965/621/600
f 967/623/602 997/650/629 996/37/37 966/622/601
f 968/624/603 998/651/630 997/650/629 967/623/602
f 969/625/604 999/182/179 998/651/630 968/624/603
f 970/626/605 1000/133/130 999/182/179 969/625/604
f 971/627/606 1001/130/127 1000/133/130 970/626/605
f 972/628/607 1002/129/126 1001/130/127 971/627/606
f 973/629/608 1003/126/123 1002/129/126 972/628/607
f 974/630/609 1004/125/122 1003/126/123 973/629/608
f 975/631/610 1005/122/119 1004/125/122 974/630/609
f 976/632/611 1006/121/118 1005/122/119 975/631/610
f 977/633/612 1007/118/115 1006/121/118 976/632/611
f 978/634/613 1008/117/114 1007/118/115 977/633/612
f 979/635/614 1009/114/111 1008/117/114 978/634/613
f 980/636/615 1010/113/110 1009/114/111 979/635/614
f 981/637/616 1011/110/107 1010/113/110 980/636/615
f 982/638/617 1012/179/176 1011/110/107 981/637/616
f 983/639/618 1013/652/631 1012/179/176 982/638/617
f 984/640/619 1014/653/632 1013/652/631 983/639/618
f 985/641/620 1015/654/633 1014/653/632 984/640/619
f 986/642/621 1016/655/634 1015/654/633 985/641/620
f 987/643/622 1017/656/635 1016/655/634 986/642/621
f 988/644/623 1018/657/636 1017/656/635 987/643/622
f 989/645/624 1019/658/637 1018/657/636 988/644/623
f 990/646/625 1020/659/638 1019/658/637 989/645/624
f 991/647/626 1021/660/639 1020/659/638 990/646/625
f 60/648/627 62/661/640 1021/660/639 991/647/626
f 995/40/40 1023/39/39 1022/662/641 994/649/628
f 31/663/104 544/664/642 574/665/643 33/666/105
f 544/664/642 543/667/644 573/668/645 574/665/643
f 543/667/644 542/669/646 572/670/647 573/668/645
f 542/669/646 541/671/648 571/672/649 572/670/647
f 998/651/630 551/673/650 1108/674/651 997/650/629
f 997/650/629 1108/674/651 1024/38/38 996/37/37
f 1019/658/637 1110/675/652 1109/676/653 1018/657/636
f 1020/659/638 1111/677/654 1110/675/652 1019/658/637
f 1021/660/639 1112/678/655 1111/677/654 1020/659/638
f 62/661/640 64/679/656 1112/678/655 1021/660/639
f 1055/177/174 566/680/207 567/681/210 1056/88/87
f 1054/175/172 565/682/214 566/680/207 1055/177/174
f 1053/173/170 564/683/211 565/682/214 1054/175/172
f 1052/171/168 563/684/218 564/683/211 1053/173/170
f 1051/169/166 562/685/215 563/684/218 1052/171/168
f 1050/167/164 561/686/222 562/685/215 1051/169/166
f 1049/165/162 560/687/219 561/686/222 1050/167/164
f 1048/163/160 559/688/226 560/687/219 1049/165/162
f 1047/161/158 558/689/223 559/688/226 1048/163/160
f 1046/159/156 557/690/230 558/689/223 1047/161/158
f 1045/157/154 556/691/227 557/690/230 1046/159/156
f 1044/155/152 555/692/234 556/691/227 1045/157/154
f 1043/153/150 554/693/231 555/692/234 1044/155/152
f 1042/151/148 553/694/238 554/693/231 1043/153/150
f 521/695/657 520/696/658 550/697/659 551/673/650
f 520/696/658 519/698/660 549/699/661 550/697/659
f 519/698/660 518/700/662 548/701/663 549/699/661
f 518/700/662 517/702/664 547/703/665 548/701/663
f 1040/36/36 546/35/35 552/704/235 1041/149/146
f 1041/149/146 552/704/235 553/694/238 1042/151/148
f 29/705/103 514/706/666 544/664/642 31/663/104
f 514/706/666 513/707/667 543/667/644 544/664/642
f 513/707/667 512/708/668 542/669/646 543/667/644
f 512/708/668 511/709/669 541/671/648 542/669/646
f 511/709/669 510/710/670 540/711/671 541/671/648
f 510/710/670 509/712/672 539/713/673 540/711/671
f 509/712/672 508/714/674 538/715/675 539/713/673
f 508/714/674 507/716/676 537/717/677 538/715/675
f 507/716/676 506/718/678 536/719/679 537/717/677
f 506/718/678 505/720/680 535/721/681 536/719/679
f 505/720/680 504/722/682 534/723/683 535/721/681
f 504/722/682 503/724/684 533/725/685 534/723/683
f 503/724/684 502/726/686 532/727/687 533/725/685
f 502/726/686 501/728/688 531/729/689 532/727/687
f 501/728/688 500/730/690 530/731/691 531/729/689
f 500/730/690 499/732/692 529/733/693 530/731/691
f 499/732/692 498/734/694 528/735/695 529/733/693
f 498/734/694 497/736/696 527/737/697 528/735/695
f 497/736/696 496/738/698 526/739/699 527/737/697
f 496/738/698 495/740/700 525/741/701 526/739/699
f 495/740/700 494/742/702 524/743/703 525/741/701
f 494/742/702 493/744/704 523/745/705 524/743/703
f 493/744/704 492/746/706 522/747/707 523/745/705
f 492/746/706 491/748/708 521/695/657 522/747/707
f 491/748/708 490/749/709 520/696/658 521/695/657
f 490/749/709 489/750/710 519/698/660 520/696/658
f 489/750/710 488/751/711 518/700/662 519/698/660
f 488/751/711 487/752/712 517/702/664 518/700/662
f 487/752/712 486/753/713 516/754/714 517/702/664
f 486/753/713 485/30/30 515/32/32 516/754/714
f 27/755/102 484/756/715 514/706/666 29/705/103
f 484/756/715 483/757/716 513/707/667 514/706/666
f 483/757/716 482/758/717 512/708/668 513/707/667
f 482/758/717 481/759/718 511/709/669 512/708/668
f 481/759/718 480/760/719 510/710/670 511/709/669
f 480/760/719 479/761/720 509/712/672 510/710/670
f 479/761/720 478/762/721 508/714/674 509/712/672
f 478/762/721 477/763/722 507/716/676 508/714/674
f 477/763/722 476/764/723 506/718/678 507/716/676
f 476/764/723 475/765/724 505/720/680 506/718/678
f 475/765/724 474/766/725 504/722/682 505/720/680
f 474/766/725 473/767/726 503/724/684 504/722/682
f 473/767/726 472/768/727 502/726/686 503/724/684
f 472/768/727 471/769/728 501/728/688 502/726/686
f 471/769/728 470/770/729 500/730/690 501/728/688
f 470/770/729 469/771/730 499/732/692 500/730/690
f 469/771/730 468/772/731 498/734/694 499/732/692
f 468/772/731 467/773/732 497/736/696 498/734/694
f 467/773/732 466/774/733 496/738/698 497/736/696
f 466/774/733 465/775/734 495/740/700 496/738/698
f 465/775/734 464/776/735 494/742/702 495/740/700
f 464/776/735 463/777/736 493/744/704 494/742/702
f 463/777/736 462/778/737 492/746/706 493/744/704
f 462/778/737 461/779/738 491/748/708 492/746/706
f 461/779/738 460/780/739 490/749/709 491/748/708
f 460/780/739 459/781/740 489/750/710 490/749/709
f 459/781/740 458/782/741 488/751/711 489/750/710
f 458/782/741 457/783/742 487/752/712 488/751/711
f 457/783/742 456/784/743 486/753/713 487/752/712
f 456/784/743 455/28/28 485/30/30 486/753/713
f 25/785/101 454/786/744 484/756/715 27/755/102
f 454/786/744 453/787/745 483/757/716 484/756/715
f 453/787/745 452/788/746 482/758/717 483/757/716
f 452/788/746 451/789/747 481/759/718 482/758/717
f 451/789/747 450/790/748 480/760/719 481/759/718
f 450/790/748 449/791/749 479/761/720 480/760/719
f 449/791/749 448/792/750 478/762/721 479/761/720
f 448/792/750 447/793/751 477/763/722 478/762/721
f 447/793/751 446/794/752 476/764/723 477/763/722
f 446/794/752 445/795/753 475/765/724 476/764/723
f 445/795/753 444/796/754 474/766/725 475/765/724
f 444/796/754 443/797/755 473/767/726 474/766/725
f 443/797/755 442/798/756 472/768/727 473/767/726
f 442/798/756 441/799/757 471/769/728 472/768/727
f 441/799/757 440/800/758 470/770/729 471/769/728
f 440/800/758 439/801/759 469/771/730 470/770/729
f 439/801/759 438/802/760 468/772/731 469/771/730
f 438/802/760 437/803/761 467/773/732 468/772/731
f 437/803/761 436/804/762 466/774/733 467/773/732
f 436/804/762 435/805/763 465/775/734 466/774/733
f 435/805/763 434/806/764 464/776/735 465/775/734
f 434/806/764 433/807/765 463/777/736 464/776/735
f 433/807/765 432/808/766 462/778/737 463/777/736
f 432/808/766 431/809/767 461/779/738 462/778/737
f 431/809/767 430/810/768 460/780/739 461/779/738
f 430/810/768 429/811/769 459/781/740 460/780/739
f 429/811/769 428/812/770 458/782/741 459/781/740
f 428/812/770 427/813/771 457/783/742 458/782/741
f 427/813/771 426/814/772 456/784/743 457/783/742
f 426/814/772 425/26/26 455/28/28 456/784/743
f 23/815/100 424/816/773 454/786/744 25/785/101
f 424/816/773 423/817/774 453/787/745 454/786/744
f 423/817/774 422/818/775 452/788/746 453/787/745
f 422/818/775 421/819/776 451/789/747 452/788/746
f 421/819/776 420/820/777 450/790/748 451/789/747
f 420/820/777 419/821/778 449/791/749 450/790/748
f 419/821/778 418/822/779 448/792/750 449/791/749
f 418/822/779 417/823/780 447/793/751 448/792/750
f 417/823/780 416/824/781 446/794/752 447/793/751
f 416/824/781 415/825/782 445/795/753 446/794/752
f 415/825/782 414/826/783 444/796/754 445/795/753
f 414/826/783 413/827/784 443/797/755 444/796/754
f 413/827/784 412/828/785 442/798/756 443/797/755
f 412/828/785 411/829/786 441/799/757 442/798/756
f 411/829/786 410/830/787 440/800/758 441/799/757
f 410/830/787 409/831/788 439/801/759 440/800/758
f 409/831/788 408/832/789 438/802/760 439/801/759
f 408/832/789 407/833/790 437/803/761 438/802/760
f 407/833/790 406/834/791 436/804/762 437/803/761
f 406/834/791 405/835/792 435/805/763 436/804/762
f 405/835/792 404/836/793 434/806/764 435/805/763
f 404/836/793 403/837/794 433/807/765 434/806/764
f 403/837/794 402/838/795 432/808/766 433/807/765
f 402/838/795 401/839/796 431/809/767 432/808/766
f 401/839/796 400/840/797 430/810/768 431/809/767
f 400/840/797 399/841/798 429/811/769 430/810/768
f 399/841/798 398/842/799 428/812/770 429/811/769
f 398/842/799 397/843/800 427/813/771 428/812/770
f 397/843/800 396/844/801 426/814/772 427/813/771
f 396/844/801 395/24/24 425/26/26 426/814/772
f 21/845/99 394/846/802 424/816/773 23/815/100
f 394/846/802 393/847/803 423/817/774 424/816/773
f 393/847/803 392/848/804 422/818/775 423/817/774
f 392/848/804 391/849/805 421/819/776 422/818/775
f 391/849/805 390/850/806 420/820/777 421/819/776
f 390/850/806 389/851/807 419/821/778 420/820/777
f 389/851/807 388/852/808 418/822/779 419/821/778
f 388/852/808 387/853/809 417/823/780 418/822/779
f 387/853/809 386/854/810 416/824/781 417/823/780
f 386/854/810 385/855/811 415/825/782 416/824/781
f 385/855/811 384/856/812 414/826/783 415/825/782
f 384/856/812 383/857/813 413/827/784 414/826/783
f 383/857/813 382/858/814 412/828/785 413/827/784
f 382/858/814 381/859/815 411/829/786 412/828/785
f 381/859/815 380/860/816 410/830/787 411/829/786
f 380/860/816 379/861/817 409/831/788 410/830/787
f 379/861/817 378/862/818 408/832/789 409/831/788
f 378/862/818 377/863/819 407/833/790 408/832/789
f 377/863/819 376/864/820 406/834/791 407/833/790
f 376/864/820 375/865/821 405/835/792 406/834/791
f 375/865/821 374/866/822 404/836/793 405/835/792
f 374/866/822 373/867/823 403/837/794 404/836/793
f 373/867/823 372/868/824 402/838/795 403/837/794
f 372/868/824 371/869/825 401/839/796 402/838/795
f 371/869/825 370/870/826 400/840/797 401/839/796
f 370/870/826 369/871/827 399/841/798 400/840/797
f 369/871/827 368/872/828 398/842/799 399/841/798
f 368/872/828 367/873/829 397/843/800 398/842/799
f 367/873/829 366/874/830 396/844/801 397/843/800
f 366/874/830 365/22/22 395/24/24 396/844/801
f 19/875/98 364/876/831 394/846/802 21/845/99
f 364/876/831 363/877/832 393/847/803 394/846/802
f 363/877/832 362/878/833 392/848/804 393/847/803
f 362/878/833 361/879/834 391/849/805 392/848/804
f 361/879/834 360/880/835 390/850/806 391/849/805
f 360/880/835 359/881/836 389/851/807 390/850/806
f 359/881/836 358/882/837 388/852/808 389/851/807
f 358/882/837 357/883/838 387/853/809 388/852/808
f 357/883/838 356/884/839 386/854/810 387/853/809
f 356/884/839 355/885/840 385/855/811 386/854/810
f 355/885/840 354/886/841 384/856/812 385/855/811
f 354/886/841 353/887/842 383/857/813 384/856/812
f 353/887/842 352/888/843 382/858/814 383/857/813
f 352/888/843 351/889/844 381/859/815 382/858/814
f 351/889/844 350/890/845 380/860/816 381/859/815
f 350/890/845 349/891/846 379/861/817 380/860/816
f 349/891/846 348/892/847 378/862/818 379/861/817
f 348/892/847 347/893/848 377/863/819 378/862/818
f 347/893/848 346/894/849 376/864/820 377/863/819
f 346/894/849 345/895/850 375/865/821 376/864/820
f 345/895/850 344/896/851 374/866/822 375/865/821
f 344/896/851 343/897/852 373/867/823 374/866/822
f 343/897/852 342/898/853 372/868/824 373/867/823
f 342/898/853 341/899/854 371/869/825 372/868/824
f 341/899/854 340/900/855 370/870/826 371/869/825
f 340/900/855 339/901/856 369/871/827 370/870/826
f 339/901/856 338/902/857 368/872/828 369/871/827
f 338/902/857 337/903/858 367/873/829 368/872/828
f 337/903/858 336/904/859 366/874/830 367/873/829
f 336/904/859 335/20/20 365/22/22 366/874/830
f 17/905/97 334/906/860 364/876/831 19/875/98
f 334/906/860 333/907/861 363/877/832 364/876/831
f 333/907/861 332/908/862 362/878/833 363/877/832
f 332/908/862 331/909/863 361/879/834 362/878/833
f 331/909/863 330/910/864 360/880/835 361/879/834
f 330/910/864 329/911/865 359/881/836 360/880/835
f 329/911/865 328/912/866 358/882/837 359/881/836
f 328/912/866 327/913/867 357/883/838 358/882/837
f 327/913/867 326/914/868 356/884/839 357/883/838
f 326/914/868 325/915/869 355/885/840 356/884/839
f 325/915/869 324/916/870 354/886/841 355/885/840
f 324/916/870 323/917/871 353/887/842 354/886/841
f 323/917/871 322/918/872 352/888/843 353/887/842
f 322/918/872 321/919/873 351/889/844 352/888/843
f 321/919/873 320/920/874 350/890/845 351/889/844
f 320/920/874 319/921/875 349/891/846 350/890/845
f 319/921/875 318/922/876 348/892/847 349/891/846
f 318/922/876 317/923/877 347/893/848 348/892/847
f 317/923/877 316/924/878 346/894/849 347/893/848
f 316/924/878 315/925/879 345/895/850 346/894/849
f 315/925/879 314/926/880 344/896/851 345/895/850
f 314/926/880 313/927/881 343/897/852 344/896/851
f 313/927/881 312/928/882 342/898/853 343/897/852
f 312/928/882 311/929/883 341/899/854 342/898/853
f 311/929/883 310/930/884 340/900/855 341/899/854
f 310/930/884 309/931/885 339/901/856 340/900/855
f 309/931/885 308/932/886 338/902/857 339/901/856
f 308/932/886 307/933/887 337/903/858 338/902/857
f 307/933/887 306/934/888 336/904/859 337/903/858
f 306/934/888 305/18/18 335/20/20 336/904/859
f 15/935/96 304/936/889 334/906/860 17/905/97
f 304/936/889 303/937/890 333/907/861 334/906/860
f 303/937/890 302/938/891 332/908/862 333/907/861
f 302/938/891 301/939/892 331/909/863 332/908/862
f 301/939/892 300/940/893 330/910/864 331/909/863
f 300/940/893 299/941/894 329/911/865 330/910/864
f 299/941/894 298/942/895 328/912/866 329/911/865
f 298/942/895 297/943/896 327/913/867 328/912/866
f 297/943/896 296/944/897 326/914/868 327/913/867
f 296/944/897 295/945/898 325/915/869 326/914/868
f 295/945/898 294/946/899 324/916/870 325/915/869
f 294/946/899 293/947/900 323/917/871 324/916/870
f 293/947/900 292/948/901 322/918/872 323/917/871
f 292/948/901 291/949/902 321/919/873 322/918/872
f 291/949/902 290/950/903 320/920/874 321/919/873
f 290/950/903 289/951/904 319/921/875 320/920/874
f 289/951/904 288/952/905 318/922/876 319/921/875
f 288/952/905 287/953/906 317/923/877 318/922/876
f 287/953/906 286/954/907 316/924/878 317/923/877
f 286/954/907 285/955/908 315/925/879 316/924/878
f 285/955/908 284/956/909 314/926/880 315/925/879
f 284/956/909 283/957/910 313/927/881 314/926/880
f 283/957/910 282/958/911 312/928/882 313/927/881
f 282/958/911 281/959/912 311/929/883 312/928/882
f 281/959/912 280/960/913 310/930/884 311/929/883
f 280/960/913 279/961/914 309/931/885 310/930/884
f 279/961/914 278/962/915 308/932/886 309/931/885
f 278/962/915 277/963/916 307/933/887 308/932/886
f 277/963/916 276/964/917 306/934/888 307/933/887
f 276/964/917 275/16/16 305/18/18 306/934/888
f 13/965/95 274/966/918 304/936/889 15/935/96
f 274/966/918 273/967/919 303/937/890 304/936/889
f 273/967/919 272/968/920 302/938/891 303/937/890
f 272/968/920 271/969/921 301/939/892 302/938/891
f 271/969/921 270/970/922 300/940/893 301/939/892
f 270/970/922 269/971/923 299/941/894 300/940/893
f 269/971/923 268/972/924 298/942/895 299/941/894
f 268/972/924 267/973/925 297/943/896 298/942/895
f 267/973/925 266/974/926 296/944/897 297/943/896
f 266/974/926 265/975/927 295/945/898 296/944/897
f 265/975/927 264/976/928 294/946/899 295/945/898
f 264/976/928 263/977/929 293/947/900 294/946/899
f 263/977/929 262/978/930 292/948/901 293/947/900
f 262/978/930 261/979/931 291/949/902 292/948/901
f 261/979/931 260/980/932 290/950/903 291/949/902
f 260/980/932 259/981/933 289/951/904 290/950/903
f 259/981/933 258/982/934 288/952/905 289/951/904
f 258/982/934 257/983/935 287/953/906 288/952/905
f 257/983/935 256/984/936 286/954/907 287/953/906
f 256/984/936 255/985/937 285/955/908 286/954/907
f 255/985/937 254/986/938 284/956/909 285/955/908
f 254/986/938 253/987/939 283/957/910 284/956/909
f 253/987/939 252/988/940 282/958/911 283/957/910
f 252/988/940 251/989/941 281/959/912 282/958/911
f 251/989/941 250/990/942 280/960/913 281/959/912
f 250/990/942 249/991/943 279/961/914 280/960/913
f 249/991/943 248/992/944 278/962/915 279/961/914
f 248/992/944 247/993/945 277/963/916 278/962/915
f 247/993/945 246/994/946 276/964/917 277/963/916
f 246/994/946 245/14/14 275/16/16 276/964/917
f 11/995/94 244/996/947 274/966/918 13/965/95
f 244/996/947 243/997/948 273/967/919 274/966/918
f 243/997/948 242/998/949 272/968/920 273/967/919
f 242/998/949 241/999/950 271/969/921 272/968/920
f 241/999/950 240/1000/951 270/970/922 271/969/921
f 240/1000/951 239/1001/952 269/971/923 270/970/922
f 239/1001/952 238/1002/953 268/972/924 269/971/923
f 238/1002/953 237/1003/954 267/973/925 268/972/924
f 237/1003/954 236/1004/955 266/974/926 267/973/925
f 236/1004/955 235/1005/956 265/975/927 266/974/926
f 235/1005/956 234/1006/957 264/976/928 265/975/927
f 234/1006/957 233/1007/958 263/977/929 264/976/928
f 233/1007/958 232/1008/959 262/978/930 263/977/929
f 232/1008/959 231/1009/960 261/979/931 262/978/930
f 231/1009/960 230/1010/961 260/980/932 261/979/931
f 230/1010/961 229/1011/962 259/981/933 260/980/932
f 229/1011/962 228/1012/963 258/982/934 259/981/933
f 228/1012/963 227/1013/964 257/983/935 258/982/934
f 227/1013/964 226/1014/965 256/984/936 257/983/935
f 226/1014/965 225/1015/966 255/985/937 256/984/936
f 225/1015/966 224/1016/967 254/986/938 255/985/937
f 224/1016/967 223/1017/968 253/987/939 254/986/938
f 223/1017/968 222/1018/969 252/988/940 253/987/939
f 222/1018/969 221/1019/970 251/989/941 252/988/940
f 221/1019/970 220/1020/971 250/990/942 251/989/941
f 220/1020/971 219/1021/972 249/991/943 250/990/942
f 219/1021/972 218/1022/973 248/992/944 249/991/943
f 218/1022/973 217/1023/974 247/993/945 248/992/944
f 217/1023/974 216/1024/975 246/994/946 247/993/945
f 216/1024/975 215/12/12 245/14/14 246/994/946
f 9/1025/93 214/1026/976 244/996/947 11/995/94
f 214/1026/976 213/1027/977 243/997/948 244/996/947
f 213/1027/977 212/1028/978 242/998/949 243/997/948
f 212/1028/978 211/1029/979 241/999/950 242/998/949
f 211/1029/979 210/1030/980 240/1000/951 241/999/950
f 210/1030/980 209/1031/981 239/1001/952 240/1000/951
f 209/1031/981 208/1032/982 238/1002/953 239/1001/952
f 208/1032/982 207/1033/983 237/1003/954 238/1002/953
f 207/1033/983 206/1034/984 236/1004/955 237/1003/954
f 206/1034/984 205/1035/985 235/1005/956 236/1004/955
f 205/1035/985 204/1036/986 234/1006/957 235/1005/956
f 204/1036/986 203/1037/987 233/1007/958 234/1006/957
f 203/1037/987 202/1038/988 232/1008/959 233/1007/958
f 202/1038/988 201/1039/989 231/1009/960 232/1008/959
f 201/1039/989 200/1040/990 230/1010/961 231/1009/960
f 200/1040/990 199/1041/991 229/1011/962 230/1010/961
f 199/1041/991 198/1042/992 228/1012/963 229/1011/962
f 198/1042/992 197/1043/993 227/1013/964 228/1012/963
f 197/1043/993 196/1044/994 226/1014/965 227/1013/964
f 196/1044/994 195/1045/995 225/1015/966 226/1014/965
f 195/1045/995 194/1046/996 224/1016/967 225/1015/966
f 194/1046/996 193/1047/997 223/1017/968 224/1016/967
f 193/1047/997 192/1048/998 222/1018/969 223/1017/968
f 192/1048/998 191/1049/999 221/1019/970 222/1018/969
f 191/1049/999 190/1050/1000 220/1020/971 221/1019/970
f 190/1050/1000 189/1051/1001 219/1021/972 220/1020/971
f 189/1051/1001 188/1052/1002 218/1022/973 219/1021/972
f 188/1052/1002 187/1053/1003 217/1023/974 218/1022/973
f 187/1053/1003 186/1054/1004 216/1024/975 217/1023/974
f 186/1054/1004 185/10/10 215/12/12 216/1024/975
f 7/1055/92 184/1056/1005 214/1026/976 9/1025/93
f 184/1056/1005 183/1057/1006 213/1027/977 214/1026/976
f 183/1057/1006 182/1058/1007 212/1028/978 213/1027/977
f 182/1058/1007 181/1059/1008 211/1029/979 212/1028/978
f 181/1059/1008 180/1060/1009 210/1030/980 211/1029/979
f 180/1060/1009 179/1061/1010 209/1031/981 210/1030/980
f 179/1061/1010 178/1062/1011 208/1032/982 209/1031/981
f 178/1062/1011 177/1063/1012 207/1033/983 208/1032/982
f 177/1063/1012 176/1064/1013 206/1034/984 207/1033/983
f 176/1064/1013 175/1065/1014 205/1035/985 206/1034/984
f 175/1065/1014 174/1066/1015 204/1036/986 205/1035/985
f 174/1066/1015 173/1067/1016 203/1037/987 204/1036/986
f 173/1067/1016 172/1068/1017 202/1038/988 203/1037/987
f 172/1068/1017 171/1069/1018 201/1039/989 202/1038/988
f 171/1069/1018 170/1070/1019 200/1040/990 201/1039/989
f 170/1070/1019 169/1071/1020 199/1041/991 200/1040/990
f 169/1071/1020 168/1072/1021 198/1042/992 199/1041/991
f 168/1072/1021 167/1073/1022 197/1043/993 198/1042/992
f 167/1073/1022 166/1074/1023 196/1044/994 197/1043/993
f 166/1074/1023 165/1075/1024 195/1045/995 196/1044/994
f 165/1075/1024 164/1076/1025 194/1046/996 195/1045/995
f 164/1076/1025 163/1077/1026 193/1047/997 194/1046/996
f 163/1077/1026 162/1078/1027 192/1048/998 193/1047/997
f 162/1078/1027 161/1079/1028 191/1049/999 192/1048/998
f 161/1079/1028 160/1080/1029 190/1050/1000 191/1049/999
f 160/1080/1029 159/1081/1030 189/1051/1001 190/1050/1000
f 159/1081/1030 158/1082/1031 188/1052/1002 189/1051/1001
f 158/1082/1031 157/1083/1032 187/1053/1003 188/1052/1002
f 157/1083/1032 156/1084/1033 186/1054/1004 187/1053/1003
f 156/1084/1033 155/8/8 185/10/10 186/1054/1004
f 5/1085/91 154/1086/1034 184/1056/1005 7/1055/92
f 154/1086/1034 153/1087/1035 183/1057/1006 184/1056/1005
f 153/1087/1035 152/1088/1036 182/1058/1007 183/1057/1006
f 152/1088/1036 151/1089/1037 181/1059/1008 182/1058/1007
f 151/1089/1037 150/1090/1038 180/1060/1009 181/1059/1008
f 150/1090/1038 149/1091/1039 179/1061/1010 180/1060/1009
f 149/1091/1039 148/1092/1040 178/1062/1011 179/1061/1010
f 148/1092/1040 147/1093/1041 177/1063/1012 178/1062/1011
f 147/1093/1041 146/1094/1042 176/1064/1013 177/1063/1012
f 146/1094/1042 145/1095/1043 175/1065/1014 176/1064/1013
f 145/1095/1043 144/1096/1044 174/1066/1015 175/1065/1014
f 144/1096/1044 143/1097/1045 173/1067/1016 174/1066/1015
f 143/1097/1045 142/1098/1046 172/1068/1017 173/1067/1016
f 142/1098/1046 141/1099/1047 171/1069/1018 172/1068/1017
f 141/1099/1047 140/1100/1048 170/1070/1019 171/1069/1018
f 140/1100/1048 139/1101/1049 169/1071/1020 170/1070/1019
f 139/1101/1049 138/1102/1050 168/1072/1021 169/1071/1020
f 138/1102/1050 137/1103/1051 167/1073/1022 168/1072/1021
f 137/1103/1051 136/1104/1052 166/1074/1023 167/1073/1022
f 136/1104/1052 135/1105/1053 165/1075/1024 166/1074/1023
f 135/1105/1053 134/1106/1054 164/1076/1025 165/1075/1024
f 134/1106/1054 133/1107/1055 163/1077/1026 164/1076/1025
f 133/1107/1055 132/1108/1056 162/1078/1027 163/1077/1026
f 132/1108/1056 131/1109/1057 161/1079/1028 162/1078/1027
f 131/1109/1057 130/1110/1058 160/1080/1029 161/1079/1028
f 130/1110/1058 129/1111/1059 159/1081/1030 160/1080/1029
f 129/1111/1059 128/1112/1060 158/1082/1031 159/1081/1030
f 128/1112/1060 127/1113/1061 157/1083/1032 158/1082/1031
f 127/1113/1061 126/1114/1062 156/1084/1033 157/1083/1032
f 126/1114/1062 125/6/6 155/8/8 156/1084/1033
f 3/1115/90 124/1116/1063 154/1086/1034 5/1085/91
f 124/1116/1063 123/1117/1064 153/1087/1035 154/1086/1034
f 123/1117/1064 122/1118/1065 152/1088/1036 153/1087/1035
f 122/1118/1065 121/1119/1066 151/1089/1037 152/1088/1036
f 121/1119/1066 120/1120/1067 150/1090/1038 151/1089/1037
f 120/1120/1067 119/1121/1068 149/1091/1039 150/1090/1038
f 119/1121/1068 118/1122/1069 148/1092/1040 149/1091/1039
f 118/1122/1069 117/1123/1070 147/1093/1041 148/1092/1040
f 117/1123/1070 116/1124/1071 146/1094/1042 147/1093/1041
f 116/1124/1071 115/1125/1072 145/1095/1043 146/1094/1042
f 115/1125/1072 114/1126/1073 144/1096/1044 145/1095/1043
f 114/1126/1073 113/1127/1074 143/1097/1045 144/1096/1044
f 113/1127/1074 112/1128/1075 142/1098/1046 143/1097/1045
f 112/1128/1075 111/1129/1076 141/1099/1047 142/1098/1046
f 111/1129/1076 110/1130/1077 140/1100/1048 141/1099/1047
f 110/1130/1077 109/1131/1078 139/1101/1049 140/1100/1048
f 109/1131/1078 108/1132/1079 138/1102/1050 139/1101/1049
f 108/1132/1079 107/1133/1080 137/1103/1051 138/1102/1050
f 107/1133/1080 106/1134/1081 136/1104/1052 137/1103/1051
f 106/1134/1081 105/1135/1082 135/1105/1053 136/1104/1052
f 105/1135/1082 104/1136/1083 134/1106/1054 135/1105/1053
f 104/1136/1083 103/1137/1084 133/1107/1055 134/1106/1054
f 103/1137/1084 102/1138/1085 132/1108/1056 133/1107/1055
f 102/1138/1085 101/1139/1086 131/1109/1057 132/1108/1056
f 101/1139/1086 100/1140/1087 130/1110/1058 131/1109/1057
f 100/1140/1087 99/1141/1088 129/1111/1059 130/1110/1058
f 99/1141/1088 98/1142/1089 128/1112/1060 129/1111/1059
f 98/1142/1089 97/1143/1090 127/1113/1061 128/1112/1060
f 97/1143/1090 96/1144/1091 126/1114/1062 127/1113/1061
f 96/1144/1091 95/4/4 125/6/6 126/1114/1062
f 1026/280/89 1086/278/258 124/1116/1063 3/1115/90
f 1086/278/258 1087/276/256 123/1117/1064 124/1116/1063
f 1087/276/256 1088/274/254 122/1118/1065 123/1117/1064
f 1088/274/254 1089/272/252 121/1119/1066 122/1118/1065
f 1089/272/252 1090/270/250 120/1120/1067 121/1119/1066
f 1090/270/250 1091/267/248 119/1121/1068 120/1120/1067
f 1091/267/248 1030/269/133 71/1145/132 118/1122/1069 119/1121/1068
f 71/1145/132 72/1146/135 117/1123/1070 118/1122/1069
f 72/1146/135 73/1147/137 116/1124/1071 117/1123/1070
f 73/1147/137 74/1148/139 115/1125/1072 116/1124/1071
f 74/1148/139 75/1149/141 114/1126/1073 115/1125/1072
f 75/1149/141 76/1150/143 113/1127/1074 114/1126/1073
f 76/1150/143 77/1151/144 112/1128/1075 113/1127/1074
f 77/1151/144 78/1152/145 111/1129/1076 112/1128/1075
f 78/1152/145 79/1153/147 110/1130/1077 111/1129/1076
f 79/1153/147 80/1154/149 109/1131/1078 110/1130/1077
f 80/1154/149 81/1155/151 108/1132/1079 109/1131/1078
f 81/1155/151 82/1156/153 107/1133/1080 108/1132/1079
f 82/1156/153 83/1157/155 106/1134/1081 107/1133/1080
f 83/1157/155 84/1158/157 105/1135/1082 106/1134/1081
f 84/1158/157 85/1159/159 104/1136/1083 105/1135/1082
f 85/1159/159 86/1160/161 103/1137/1084 104/1136/1083
f 86/1160/161 87/1161/163 102/1138/1085 103/1137/1084
f 87/1161/163 88/1162/165 101/1139/1086 102/1138/1085
f 88/1162/165 89/1163/167 100/1140/1087 101/1139/1086
f 89/1163/167 90/1164/169 99/1141/1088 100/1140/1087
f 90/1164/169 91/1165/171 98/1142/1089 99/1141/1088
f 91/1165/171 92/1166/173 97/1143/1090 98/1142/1089
f 92/1166/173 93/1167/175 96/1144/1091 97/1143/1090
f 93/1167/175 94/1/1 95/4/4 96/1144/1091
f 1095/1168/203 1094/1169/1092 1025/1170/84
f 18/17/17 16/15/15 1025/1171/84
f 1097/1172/201 1096/1173/1093 1025/1174/84
f 1099/221/205 1098/223/183 1025/1175/84
f 10/9/9 8/7/7 1025/1176/84
f 28/27/27 26/25/25 1025/1177/84
f 1100/1178/197 1093/1179/82 1025/1180/84
f 1101/216/202 1095/218/203 1025/1181/84
f 20/19/19 18/17/17 1025/1182/84
f 1102/213/200 1097/215/201 1025/1183/84
f 1103/1184/193 1099/1185/205 1025/1186/84
f 12/11/11 10/9/9 1025/1187/84
f 30/29/29 28/27/27 1025/1188/84
f 1104/207/196 1100/209/197 1025/1189/84
f 4/3/3 2/2/2 1025/1190/84
f 1056/88/87 567/681/210 1/1191/1094 1029/89/88
f 22/21/21 20/19/19 1025/1192/84
f 1105/1193/187 1102/1194/200 1025/1195/84
f 1106/201/192 1103/203/193 1025/1196/84
f 14/13/13 12/11/11 1025/1197/84
f 32/31/31 30/29/29 1025/1198/84
f 1107/1199/184 1104/1200/196 1025/1201/84
f 6/5/5 4/3/3 1025/1202/84
f 24/23/23 22/21/21 1025/1203/84
f 1092/192/83 1105/194/187 1025/1204/84
f 1094/1205/1092 1106/1206/192 1025/1207/84
f 16/15/15 14/13/13 1025/1208/84
f 1096/1209/1093 1027/1210/1095 32/31/31 1025/1211/84
f 1098/186/183 1107/188/184 1025/1212/84
f 8/7/7 6/5/5 1025/1213/84
f 26/25/25 24/23/23 1025/1214/84
f 782/452/431 812/480/459 51/206/195 49/224/206
f 902/564/543 932/592/571 59/219/204 57/183/180
f 632/312/291 662/340/319 41/212/199 39/1215/1096
f 752/424/403 782/452/431 49/224/206 47/189/185
f 872/536/515 902/564/543 57/183/180 55/185/182
f 842/508/487 872/536/515 55/185/182 53/204/194
f 812/480/459 842/508/487 53/204/194 51/206/195
f 602/283/262 632/312/291 39/1215/1096 37/195/188
f 568/228/209 602/283/262 37/195/188 35/197/189
f 1026/92/89 1028/109/106 64/1216/656 62/1217/640 60/1218/627 58/1219/46 56/1220/45 54/1221/541 52/1222/513 50/1223/485 48/1224/457 46/1225/429 44/1226/401 42/1227/373 40/1228/345 38/1229/317 36/1230/289 34/1231/260
f 962/44/44 992/43/43 63/198/190 61/200/191
f 932/592/571 962/44/44 61/200/191 59/219/204
f 722/396/375 752/424/403 47/189/185 45/191/186
f 692/368/347 722/396/375 45/191/186 43/210/198
f 662/340/319 692/368/347 43/210/198 41/212/199
f 1038/145/142 70/1232/85 545/34/34 1039/33/33
f 1036/141/138 68/1233/240 69/1234/239 1037/143/140
f 1035/139/136 67/1235/242 68/1233/240 1036/141/138
f 1034/137/134 66/1236/244 67/1235/242 1035/139/136
f 1033/134/131 65/1237/246 66/1236/244 1034/137/134
f 516/754/714 515/32/32 1085/1238/1097 1084/1239/1098
f 523/745/705 522/747/707 1083/181/178 1082/132/129
f 524/743/703 523/745/705 1082/132/129 1081/131/128
f 525/741/701 524/743/703 1081/131/128 1080/128/125
f 526/739/699 525/741/701 1080/128/125 1079/127/124
f 527/737/697 526/739/699 1079/127/124 1078/124/121
f 528/735/695 527/737/697 1078/124/121 1077/123/120
f 529/733/693 528/735/695 1077/123/120 1076/120/117
f 530/731/691 529/733/693 1076/120/117 1075/119/116
f 531/729/689 530/731/691 1075/119/116 1074/116/113
f 532/727/687 531/729/689 1074/116/113 1073/115/112
f 533/725/685 532/727/687 1073/115/112 1072/112/109
f 534/723/683 533/725/685 1072/112/109 1071/111/108
f 535/721/681 534/723/683 1071/111/108 1070/180/177
f 536/719/679 535/721/681 1070/180/177 1069/1240/1099
f 537/717/677 536/719/679 1069/1240/1099 1068/1241/1100
f 538/715/675 537/717/677 1068/1241/1100 1067/1242/1101
f 539/713/673 538/715/675 1067/1242/1101 1066/1243/1102
f 540/711/671 539/713/673 1066/1243/1102 1065/1244/1103
f 548/701/663 547/703/665 1064/1245/1104 1063/1246/1105
f 549/699/661 548/701/663 1063/1246/1105 1062/1247/1106
f 550/697/659 549/699/661 1062/1247/1106 1061/1248/1107
f 572/670/647 571/672/649 1060/1249/1108 1059/1250/1109
f 573/668/645 572/670/647 1059/1250/1109 1058/1251/1110
f 574/665/643 573/668/645 1058/1251/1110 1057/1252/1111
f 546/1253/35 588/298/277 587/255/236 552/254/235
f 553/257/238 586/256/237 585/251/232 554/250/231
f 555/253/234 584/252/233 583/247/228 556/246/227
f 557/249/230 582/248/229 581/243/224 558/242/223
f 559/245/226 580/244/225 579/239/220 560/238/219
f 561/241/222 578/240/221 577/235/216 562/234/215
f 563/237/218 576/236/217 575/231/212 564/230/211
f 565/233/214 570/232/213 569/227/208 566/226/207
f 1095/1168/203 1113/1254/181 1094/1169/1092
f 1097/1172/201 1113/1255/181 1096/1173/1093
f 41/212/199 1113/1256/181 39/1215/1096
f 1100/1178/197 1113/1257/181 1093/1179/82
f 51/206/195 1113/1258/181 49/224/206
f 1103/1184/193 1113/1259/181 1099/1185/205
f 61/200/191 1113/1260/181 59/219/204
f 35/197/189 1113/1261/181 1/1262/1094
f 1105/1193/187 1113/1263/181 1102/1194/200
f 45/191/186 1113/1264/181 43/210/198
f 1107/1199/184 1113/1265/181 1104/1200/196
f 55/185/182 1113/1266/181 53/204/194
f 1094/1205/1092 1113/1267/181 1106/1206/192
f 1096/1209/1093 1113/1268/181 63/198/190 1027/1210/1095
f 39/1215/1096 1113/1269/181 37/195/188
f 571/672/649 1032/1270/1112 1060/1249/1108
f 541/671/648 540/711/671 1065/1244/1103 1032/1270/1112 571/672/649
f 522/747/707 521/695/657 551/673/650 1083/181/178
f 550/697/659 1061/1248/1107 551/673/650
f 547/703/665 1031/1271/1113 1064/1245/1104
f 517/702/664 516/754/714 1084/1239/1098 1031/1271/1113 547/703/665
f 993/42/42 1084/1239/1098 1085/1238/1097 992/43/43
f 1037/143/140 69/1234/239 70/1232/85 1038/145/142
f 545/87/34 589/86/86 588/298/277 546/1253/35
f 2/90/2 1029/89/88 1101/1272/202 1025/1273/84
f 33/666/105 574/665/643 1057/1252/1111 1028/1274/106
f 515/32/32 32/31/31 1027/1210/1095 1085/1238/1097
f 567/229/210 568/228/209 35/197/189 1/1262/1094
f 1093/82/82 1113/1275/181 1092/83/83
f 1033/134/131 1030/136/133 65/1237/246
f 1013/652/631 1069/1240/1099 1070/180/177 1012/179/176
f 1014/653/632 1068/1241/1100 1069/1240/1099 1013/652/631
f 1015/654/633 1067/1242/1101 1068/1241/1100 1014/653/632
f 1016/655/634 1066/1243/1102 1067/1242/1101 1015/654/633
f 1017/656/635 1065/1244/1103 1066/1243/1102 1016/655/634
f 1023/39/39 1063/1246/1105 1064/1245/1104 1022/662/641
f 1024/38/38 1062/1247/1106 1063/1246/1105 1023/39/39
f 1108/674/651 1061/1248/1107 1062/1247/1106 1024/38/38
f 1110/675/652 1059/1250/1109 1060/1249/1108 1109/676/653
f 1111/677/654 1058/1251/1110 1059/1250/1109 1110/675/652
f 1112/678/655 1057/1252/1111 1058/1251/1110 1111/677/654
f 1109/676/653 1060/1249/1108 1032/1270/1112
f 1018/657/636 1109/676/653 1032/1270/1112 1065/1244/1103 1017/656/635
f 999/182/179 1083/181/178 551/673/650 998/651/630
f 1108/674/651 551/673/650 1061/1248/1107
f 1022/662/641 1064/1245/1104 1031/1271/1113
f 994/649/628 1022/662/641 1031/1271/1113 1084/1239/1098 993/42/42
f 1/1191/1094 1113/1276/181 1101/1272/202 1029/89/88
f 64/679/656 1028/1274/106 1057/1252/1111 1112/678/655
f 992/43/43 1085/1238/1097 1027/1210/1095 63/198/190
f 1207/1277/1114 1208/1278/1115 1117/1279/1116 1115/1280/1117
f 1208/1278/1115 1238/1281/1118 1119/1282/1119 1117/1279/1116
f 1238/1281/1118 1268/1283/1120 1121/1284/1121 1119/1282/1119
f 1268/1283/1120 1298/1285/1122 1123/1286/1123 1121/1284/1121
f 1298/1285/1122 1328/1287/1124 1125/1288/1125 1123/1286/1123
f 1328/1287/1124 1358/1289/1126 1127/1290/1127 1125/1288/1125
f 1358/1289/1126 1388/1291/1128 1129/1292/1129 1127/1290/1127
f 1388/1291/1128 1418/1293/1130 1131/1294/1131 1129/1292/1129
f 1418/1293/1130 1448/1295/1132 1133/1296/1133 1131/1294/1131
f 1448/1295/1132 1478/1297/1134 1135/1298/1135 1133/1296/1133
f 1478/1297/1134 1508/1299/1136 1137/1300/1137 1135/1298/1135
f 1508/1299/1136 1538/1301/1138 1139/1302/1139 1137/1300/1137
f 1538/1301/1138 1568/1303/1140 1141/1304/1141 1139/1302/1139
f 1568/1303/1140 1598/1305/1142 1143/1306/1143 1141/1304/1141
f 1598/1305/1142 1628/1307/1144 1145/1308/1145 1143/1306/1143
f 2152/1309/1146 2153/1310/1147 1659/1311/1148 1658/1312/1149
f 2109/1313/1150 2108/1314/1151 2136/1315/1152 2137/1316/1153
f 2076/1317/1154 2075/1318/1155 2105/1319/1156 2106/1320/1157
f 1169/1321/1158 2044/1322/1159 2074/1323/1160 1171/1324/1161
f 2014/1325/1162 2013/1326/1163 2043/1327/1164 2044/1322/1159
f 1983/1328/1165 1982/1329/1166 2012/1330/1167 2013/1326/1163
f 1952/1331/1168 1951/1332/1169 1981/1333/1170 1982/1329/1166
f 1921/1334/1171 1920/1335/1172 1950/1336/1173 1951/1332/1169
f 1890/1337/1174 1889/1338/1175 1919/1339/1176 1920/1335/1172
f 1859/1340/1177 1858/1341/1178 1888/1342/1179 1889/1338/1175
f 1828/1343/1180 1827/1344/1181 1857/1345/1182 1858/1341/1178
f 1797/1346/1183 1796/1347/1184 1826/1348/1185 1827/1344/1181
f 1766/1349/1186 1765/1350/1187 1795/1351/1188 1796/1347/1184
f 1735/1352/1189 1734/1353/1190 1764/1354/1191 1765/1350/1187
f 1704/1355/1192 1703/1356/1193 1733/1357/1194 1734/1353/1190
f 2206/1358/1195 2138/1359/1196 2205/1360/1197
f 1183/1361/1198 1658/1362/1149 1702/1363/1199 1703/1356/1193
f 2169/1364/1200 1207/1365/1114 1115/1366/1117 2142/1367/1201
f 2139/1368/1202 2141/1369/1203 1146/1370/1204 1144/1371/1205 1142/1372/1206 1140/1373/1207 1138/1374/1208 1136/1375/1209 1134/1376/1210 1132/1377/1211 1130/1378/1212 1128/1379/1213 1126/1380/1214 1124/1381/1215 1122/1382/1216 1120/1383/1217 1118/1384/1218 1116/1385/1219
f 2124/1386/1220 2123/1387/1221 2185/1388/1222 2184/1389/1223
f 2122/1390/1224 2121/1391/1225 2187/1392/1226 2186/1393/1227
f 2120/1394/1228 2119/1395/1229 2189/1396/1230 2188/1397/1231
f 2118/1398/1232 2117/1399/1233 2191/1400/1234 2190/1401/1235
f 2116/1402/1236 2115/1403/1237 2193/1404/1238 2192/1405/1239
f 2114/1406/1240 2113/1407/1241 2195/1408/1242 2194/1409/1243
f 2146/1410/1244 2143/1411/1245 1184/1412/1246
f 2146/1410/1244 1184/1412/1246 1185/1413/1247 2147/1414/1248
f 2147/1414/1248 1185/1413/1247 1186/1415/1249 2148/1416/1250
f 2148/1416/1250 1186/1415/1249 1187/1417/1251 2149/1418/1252
f 2149/1418/1252 1187/1417/1251 1188/1419/1253 2150/1420/1254
f 2150/1420/1254 1188/1419/1253 1189/1421/1255 2151/1422/1256
f 2151/1422/1256 1189/1421/1255 1190/1423/1257 2152/1309/1146
f 2152/1309/1146 1190/1423/1257 1191/1424/1258 2153/1310/1147
f 2153/1310/1147 1191/1424/1258 1192/1425/1259 2154/1426/1260
f 2154/1426/1260 1192/1425/1259 1193/1427/1261 2155/1428/1262
f 2155/1428/1262 1193/1427/1261 1194/1429/1263 2156/1430/1264
f 2156/1430/1264 1194/1429/1263 1195/1431/1265 2157/1432/1266
f 2157/1432/1266 1195/1431/1265 1196/1433/1267 2158/1434/1268
f 2158/1434/1268 1196/1433/1267 1197/1435/1269 2159/1436/1270
f 2159/1436/1270 1197/1435/1269 1198/1437/1271 2160/1438/1272
f 2160/1438/1272 1198/1437/1271 1199/1439/1273 2161/1440/1274
f 2161/1440/1274 1199/1439/1273 1200/1441/1275 2162/1442/1276
f 2162/1442/1276 1200/1441/1275 1201/1443/1277 2163/1444/1278
f 2163/1444/1278 1201/1443/1277 1202/1445/1279 2164/1446/1280
f 2164/1446/1280 1202/1445/1279 1203/1447/1281 2165/1448/1282
f 2165/1448/1282 1203/1447/1281 1204/1449/1283 2166/1450/1284
f 2166/1450/1284 1204/1449/1283 1205/1451/1285 2167/1452/1286
f 2167/1452/1286 1205/1451/1285 1206/1453/1287 2168/1454/1288
f 2168/1454/1288 1206/1453/1287 1207/1365/1114 2169/1364/1200
f 2125/1455/1289 2124/1386/1220 2184/1389/1223 2183/1456/1290
f 2123/1387/1221 2122/1390/1224 2186/1393/1227 2185/1388/1222
f 2121/1391/1225 2120/1394/1228 2188/1397/1231 2187/1392/1226
f 2119/1395/1229 2118/1398/1232 2190/1401/1235 2189/1396/1230
f 2117/1399/1233 2116/1402/1236 2192/1405/1239 2191/1400/1234
f 2115/1403/1237 2114/1406/1240 2194/1409/1243 2193/1404/1238
f 2113/1407/1241 2112/1457/1291 2196/1458/1292 2195/1408/1242
f 1170/1459/1293 1168/1460/1294 2226/1461/1295
f 2211/1462/1296 2220/1463/1297 2226/1464/1295
f 1160/1465/1298 1158/1466/1299 2226/1467/1295
f 2205/1468/1197 2218/1469/1300 2226/1470/1295
f 1150/1471/1301 1148/1472/1302 2226/1473/1295
f 1176/1474/1303 1174/1475/1304 2226/1476/1295
f 2219/1477/1305 2216/1478/1306 2226/1479/1295
f 1166/1480/1307 1164/1481/1308 2226/1482/1295
f 2217/1483/1309 2213/1484/1310 2226/1485/1295
f 1156/1486/1311 1154/1487/1312 2226/1488/1295
f 2215/1489/1313 2210/1490/1314 2226/1491/1295
f 2214/1492/1315 2208/1493/1316 2226/1494/1295
f 1172/1495/1317 1170/1459/1293 2226/1496/1295
f 2212/1497/1318 2211/1498/1296 2226/1499/1295
f 1162/1500/1319 1160/1465/1298 2226/1501/1295
f 1679/1502/1320 1680/1503/1321 1681/1504/1322 1682/1505/1323
f 1677/1506/1324 1678/1507/1325 1683/1508/1326 1688/1509/1327
f 1675/1510/1328 1676/1511/1329 1689/1512/1330 1690/1513/1331
f 1673/1514/1332 1674/1515/1333 1691/1516/1334 1692/1517/1335
f 1671/1518/1336 1672/1519/1337 1693/1520/1338 1694/1521/1339
f 1669/1522/1340 1670/1523/1341 1695/1524/1342 1696/1525/1343
f 1667/1526/1344 1668/1527/1345 1697/1528/1346 1698/1529/1347
f 1665/1530/1348 1666/1531/1349 1699/1532/1350 1700/1533/1351
f 1182/1534/1352 1183/1361/1198 1703/1356/1193 1704/1355/1192
f 1181/1535/1353 1182/1534/1352 1704/1355/1192 1705/1536/1354
f 1180/1537/1355 1181/1535/1353 1705/1536/1354 1706/1538/1356
f 1179/1539/1357 1180/1537/1355 1706/1538/1356 1707/1540/1358
f 1178/1541/1359 1179/1539/1357 1707/1540/1358 1708/1542/1360
f 2204/1543/1361 2143/1544/1245 1178/1541/1359 1708/1542/1360 1709/1545/1362
f 2203/1546/1363 2204/1543/1361 1709/1545/1362 1710/1547/1364
f 2202/1548/1365 2203/1546/1363 1710/1547/1364 1711/1549/1366
f 2201/1550/1367 2202/1548/1365 1711/1549/1366 1712/1551/1368
f 2200/1552/1369 2201/1550/1367 1712/1551/1368 1713/1553/1370
f 2199/1554/1371 2200/1552/1369 1713/1553/1370 1714/1555/1372
f 2139/1556/1202 2199/1554/1371 1714/1555/1372 1147/1557/1373
f 1682/1505/1323 1681/1504/1322 1715/1558/1374 1716/1559/1375
f 1683/1508/1326 1682/1505/1323 1716/1559/1375 1717/1560/1376
f 1688/1509/1327 1683/1508/1326 1717/1560/1376 1718/1561/1377
f 1689/1512/1330 1688/1509/1327 1718/1561/1377 1719/1562/1378
f 1690/1513/1331 1689/1512/1330 1719/1562/1378 1720/1563/1379
f 1691/1516/1334 1690/1513/1331 1720/1563/1379 1721/1564/1380
f 1692/1517/1335 1691/1516/1334 1721/1564/1380 1722/1565/1381
f 1693/1520/1338 1692/1517/1335 1722/1565/1381 1723/1566/1382
f 1694/1521/1339 1693/1520/1338 1723/1566/1382 1724/1567/1383
f 1695/1524/1342 1694/1521/1339 1724/1567/1383 1725/1568/1384
f 1696/1525/1343 1695/1524/1342 1725/1568/1384 1726/1569/1385
f 1697/1528/1346 1696/1525/1343 1726/1569/1385 1727/1570/1386
f 1698/1529/1347 1697/1528/1346 1727/1570/1386 1728/1571/1387
f 1699/1532/1350 1698/1529/1347 1728/1571/1387 1729/1572/1388
f 1700/1533/1351 1699/1532/1350 1729/1572/1388 1730/1573/1389
f 1701/1574/1390 1700/1533/1351 1730/1573/1389 1731/1575/1391
f 1702/1363/1199 1701/1574/1390 1731/1575/1391 1732/1576/1392
f 1703/1356/1193 1702/1363/1199 1732/1576/1392 1733/1357/1194
f 1705/1536/1354 1704/1355/1192 1734/1353/1190 1735/1352/1189
f 1706/1538/1356 1705/1536/1354 1735/1352/1189 1736/1577/1393
f 1707/1540/1358 1706/1538/1356 1736/1577/1393 1737/1578/1394
f 1708/1542/1360 1707/1540/1358 1737/1578/1394 1738/1579/1395
f 1709/1545/1362 1708/1542/1360 1738/1579/1395 1739/1580/1396
f 1710/1547/1364 1709/1545/1362 1739/1580/1396 1740/1581/1397
f 1711/1549/1366 1710/1547/1364 1740/1581/1397 1741/1582/1398
f 1712/1551/1368 1711/1549/1366 1741/1582/1398 1742/1583/1399
f 1713/1553/1370 1712/1551/1368 1742/1583/1399 1743/1584/1400
f 1714/1555/1372 1713/1553/1370 1743/1584/1400 1744/1585/1401
f 1147/1557/1373 1714/1555/1372 1744/1585/1401 1149/1586/1402
f 1716/1559/1375 1715/1558/1374 1745/1587/1403 1746/1588/1404
f 1717/1560/1376 1716/1559/1375 1746/1588/1404 1747/1589/1405
f 1718/1561/1377 1717/1560/1376 1747/1589/1405 1748/1590/1406
f 1719/1562/1378 1718/1561/1377 1748/1590/1406 1749/1591/1407
f 1720/1563/1379 1719/1562/1378 1749/1591/1407 1750/1592/1408
f 1721/1564/1380 1720/1563/1379 1750/1592/1408 1751/1593/1409
f 1722/1565/1381 1721/1564/1380 1751/1593/1409 1752/1594/1410
f 1723/1566/1382 1722/1565/1381 1752/1594/1410 1753/1595/1411
f 1724/1567/1383 1723/1566/1382 1753/1595/1411 1754/1596/1412
f 1725/1568/1384 1724/1567/1383 1754/1596/1412 1755/1597/1413
f 1726/1569/1385 1725/1568/1384 1755/1597/1413 1756/1598/1414
f 1727/1570/1386 1726/1569/1385 1756/1598/1414 1757/1599/1415
f 1728/1571/1387 1727/1570/1386 1757/1599/1415 1758/1600/1416
f 1729/1572/1388 1728/1571/1387 1758/1600/1416 1759/1601/1417
f 1730/1573/1389 1729/1572/1388 1759/1601/1417 1760/1602/1418
f 1731/1575/1391 1730/1573/1389 1760/1602/1418 1761/1603/1419
f 1732/1576/1392 1731/1575/1391 1761/1603/1419 1762/1604/1420
f 1733/1357/1194 1732/1576/1392 1762/1604/1420 1763/1605/1421
f 1734/1353/1190 1733/1357/1194 1763/1605/1421 1764/1354/1191
f 1736/1577/1393 1735/1352/1189 1765/1350/1187 1766/1349/1186
f 1737/1578/1394 1736/1577/1393 1766/1349/1186 1767/1606/1422
f 1738/1579/1395 1737/1578/1394 1767/1606/1422 1768/1607/1423
f 1739/1580/1396 1738/1579/1395 1768/1607/1423 1769/1608/1424
f 1740/1581/1397 1739/1580/1396 1769/1608/1424 1770/1609/1425
f 1741/1582/1398 1740/1581/1397 1770/1609/1425 1771/1610/1426
f 1742/1583/1399 1741/1582/1398 1771/1610/1426 1772/1611/1427
f 1743/1584/1400 1742/1583/1399 1772/1611/1427 1773/1612/1428
f 1744/1585/1401 1743/1584/1400 1773/1612/1428 1774/1613/1429
f 1149/1586/1402 1744/1585/1401 1774/1613/1429 1151/1614/1430
f 1746/1588/1404 1745/1587/1403 1775/1615/1431 1776/1616/1432
f 1747/1589/1405 1746/1588/1404 1776/1616/1432 1777/1617/1433
f 1748/1590/1406 1747/1589/1405 1777/1617/1433 1778/1618/1434
f 1749/1591/1407 1748/1590/1406 1778/1618/1434 1779/1619/1435
f 1750/1592/1408 1749/1591/1407 1779/1619/1435 1780/1620/1436
f 1751/1593/1409 1750/1592/1408 1780/1620/1436 1781/1621/1437
f 1752/1594/1410 1751/1593/1409 1781/1621/1437 1782/1622/1438
f 1753/1595/1411 1752/1594/1410 1782/1622/1438 1783/1623/1439
f 1754/1596/1412 1753/1595/1411 1783/1623/1439 1784/1624/1440
f 1755/1597/1413 1754/1596/1412 1784/1624/1440 1785/1625/1441
f 1756/1598/1414 1755/1597/1413 1785/1625/1441 1786/1626/1442
f 1757/1599/1415 1756/1598/1414 1786/1626/1442 1787/1627/1443
f 1758/1600/1416 1757/1599/1415 1787/1627/1443 1788/1628/1444
f 1759/1601/1417 1758/1600/1416 1788/1628/1444 1789/1629/1445
f 1760/1602/1418 1759/1601/1417 1789/1629/1445 1790/1630/1446
f 1761/1603/1419 1760/1602/1418 1790/1630/1446 1791/1631/1447
f 1762/1604/1420 1761/1603/1419 1791/1631/1447 1792/1632/1448
f 1763/1605/1421 1762/1604/1420 1792/1632/1448 1793/1633/1449
f 1764/1354/1191 1763/1605/1421 1793/1633/1449 1794/1634/1450
f 1765/1350/1187 1764/1354/1191 1794/1634/1450 1795/1351/1188
f 1767/1606/1422 1766/1349/1186 1796/1347/1184 1797/1346/1183
f 1768/1607/1423 1767/1606/1422 1797/1346/1183 1798/1635/1451
f 1769/1608/1424 1768/1607/1423 1798/1635/1451 1799/1636/1452
f 1770/1609/1425 1769/1608/1424 1799/1636/1452 1800/1637/1453
f 1771/1610/1426 1770/1609/1425 1800/1637/1453 1801/1638/1454
f 1772/1611/1427 1771/1610/1426 1801/1638/1454 1802/1639/1455
f 1773/1612/1428 1772/1611/1427 1802/1639/1455 1803/1640/1456
f 1774/1613/1429 1773/1612/1428 1803/1640/1456 1804/1641/1457
f 1151/1614/1430 1774/1613/1429 1804/1641/1457 1153/1642/1458
f 1776/1616/1432 1775/1615/1431 1805/1643/1459 1806/1644/1460
f 1777/1617/1433 1776/1616/1432 1806/1644/1460 1807/1645/1461
f 1778/1618/1434 1777/1617/1433 1807/1645/1461 1808/1646/1462
f 1779/1619/1435 1778/1618/1434 1808/1646/1462 1809/1647/1463
f 1780/1620/1436 1779/1619/1435 1809/1647/1463 1810/1648/1464
f 1781/1621/1437 1780/1620/1436 1810/1648/1464 1811/1649/1465
f 1782/1622/1438 1781/1621/1437 1811/1649/1465 1812/1650/1466
f 1783/1623/1439 1782/1622/1438 1812/1650/1466 1813/1651/1467
f 1784/1624/1440 1783/1623/1439 1813/1651/1467 1814/1652/1468
f 1785/1625/1441 1784/1624/1440 1814/1652/1468 1815/1653/1469
f 1786/1626/1442 1785/1625/1441 1815/1653/1469 1816/1654/1470
f 1787/1627/1443 1786/1626/1442 1816/1654/1470 1817/1655/1471
f 1788/1628/1444 1787/1627/1443 1817/1655/1471 1818/1656/1472
f 1789/1629/1445 1788/1628/1444 1818/1656/1472 1819/1657/1473
f 1790/1630/1446 1789/1629/1445 1819/1657/1473 1820/1658/1474
f 1791/1631/1447 1790/1630/1446 1820/1658/1474 1821/1659/1475
f 1792/1632/1448 1791/1631/1447 1821/1659/1475 1822/1660/1476
f 1793/1633/1449 1792/1632/1448 1822/1660/1476 1823/1661/1477
f 1794/1634/1450 1793/1633/1449 1823/1661/1477 1824/1662/1478
f 1795/1351/1188 1794/1634/1450 1824/1662/1478 1825/1663/1479
f 1796/1347/1184 1795/1351/1188 1825/1663/1479 1826/1348/1185
f 1798/1635/1451 1797/1346/1183 1827/1344/1181 1828/1343/1180
f 1799/1636/1452 1798/1635/1451 1828/1343/1180 1829/1664/1480
f 1800/1637/1453 1799/1636/1452 1829/1664/1480 1830/1665/1481
f 1801/1638/1454 1800/1637/1453 1830/1665/1481 1831/1666/1482
f 1802/1639/1455 1801/1638/1454 1831/1666/1482 1832/1667/1483
f 1803/1640/1456 1802/1639/1455 1832/1667/1483 1833/1668/1484
f 1804/1641/1457 1803/1640/1456 1833/1668/1484 1834/1669/1485
f 1153/1642/1458 1804/1641/1457 1834/1669/1485 1155/1670/1486
f 1806/1644/1460 1805/1643/1459 1835/1671/1487 1836/1672/1488
f 1807/1645/1461 1806/1644/1460 1836/1672/1488 1837/1673/1489
f 1808/1646/1462 1807/1645/1461 1837/1673/1489 1838/1674/1490
f 1809/1647/1463 1808/1646/1462 1838/1674/1490 1839/1675/1491
f 1810/1648/1464 1809/1647/1463 1839/1675/1491 1840/1676/1492
f 1811/1649/1465 1810/1648/1464 1840/1676/1492 1841/1677/1493
f 1812/1650/1466 1811/1649/1465 1841/1677/1493 1842/1678/1494
f 1813/1651/1467 1812/1650/1466 1842/1678/1494 1843/1679/1495
f 1814/1652/1468 1813/1651/1467 1843/1679/1495 1844/1680/1496
f 1815/1653/1469 1814/1652/1468 1844/1680/1496 1845/1681/1497
f 1816/1654/1470 1815/1653/1469 1845/1681/1497 1846/1682/1498
f 1817/1655/1471 1816/1654/1470 1846/1682/1498 1847/1683/1499
f 1818/1656/1472 1817/1655/1471 1847/1683/1499 1848/1684/1500
f 1819/1657/1473 1818/1656/1472 1848/1684/1500 1849/1685/1501
f 1820/1658/1474 1819/1657/1473 1849/1685/1501 1850/1686/1502
f 1821/1659/1475 1820/1658/1474 1850/1686/1502 1851/1687/1503
f 1822/1660/1476 1821/1659/1475 1851/1687/1503 1852/1688/1504
f 1823/1661/1477 1822/1660/1476 1852/1688/1504 1853/1689/1505
f 1824/1662/1478 1823/1661/1477 1853/1689/1505 1854/1690/1506
f 1825/1663/1479 1824/1662/1478 1854/1690/1506 1855/1691/1507
f 1826/1348/1185 1825/1663/1479 1855/1691/1507 1856/1692/1508
f 1827/1344/1181 1826/1348/1185 1856/1692/1508 1857/1345/1182
f 1829/1664/1480 1828/1343/1180 1858/1341/1178 1859/1340/1177
f 1830/1665/1481 1829/1664/1480 1859/1340/1177 1860/1693/1509
f 1831/1666/1482 1830/1665/1481 1860/1693/1509 1861/1694/1510
f 1832/1667/1483 1831/1666/1482 1861/1694/1510 1862/1695/1511
f 1833/1668/1484 1832/1667/1483 1862/1695/1511 1863/1696/1512
f 1834/1669/1485 1833/1668/1484 1863/1696/1512 1864/1697/1513
f 1155/1670/1486 1834/1669/1485 1864/1697/1513 1157/1698/1514
f 1836/1672/1488 1835/1671/1487 1865/1699/1515 1866/1700/1516
f 1837/1673/1489 1836/1672/1488 1866/1700/1516 1867/1701/1517
f 1838/1674/1490 1837/1673/1489 1867/1701/1517 1868/1702/1518
f 1839/1675/1491 1838/1674/1490 1868/1702/1518 1869/1703/1519
f 1840/1676/1492 1839/1675/1491 1869/1703/1519 1870/1704/1520
f 1841/1677/1493 1840/1676/1492 1870/1704/1520 1871/1705/1521
f 1842/1678/1494 1841/1677/1493 1871/1705/1521 1872/1706/1522
f 1843/1679/1495 1842/1678/1494 1872/1706/1522 1873/1707/1523
f 1844/1680/1496 1843/1679/1495 1873/1707/1523 1874/1708/1524
f 1845/1681/1497 1844/1680/1496 1874/1708/1524 1875/1709/1525
f 1846/1682/1498 1845/1681/1497 1875/1709/1525 1876/1710/1526
f 1847/1683/1499 1846/1682/1498 1876/1710/1526 1877/1711/1527
f 1848/1684/1500 1847/1683/1499 1877/1711/1527 1878/1712/1528
f 1849/1685/1501 1848/1684/1500 1878/1712/1528 1879/1713/1529
f 1850/1686/1502 1849/1685/1501 1879/1713/1529 1880/1714/1530
f 1851/1687/1503 1850/1686/1502 1880/1714/1530 1881/1715/1531
f 1852/1688/1504 1851/1687/1503 1881/1715/1531 1882/1716/1532
f 1853/1689/1505 1852/1688/1504 1882/1716/1532 1883/1717/1533
f 1854/1690/1506 1853/1689/1505 1883/1717/1533 1884/1718/1534
f 1855/1691/1507 1854/1690/1506 1884/1718/1534 1885/1719/1535
f 1856/1692/1508 1855/1691/1507 1885/1719/1535 1886/1720/1536
f 1857/1345/1182 1856/1692/1508 1886/1720/1536 1887/1721/1537
f 1858/1341/1178 1857/1345/1182 1887/1721/1537 1888/1342/1179
f 1860/1693/1509 1859/1340/1177 1889/1338/1175 1890/1337/1174
f 1861/1694/1510 1860/1693/1509 1890/1337/1174 1891/1722/1538
f 1862/1695/1511 1861/1694/1510 1891/1722/1538 1892/1723/1539
f 1863/1696/1512 1862/1695/1511 1892/1723/1539 1893/1724/1540
f 1864/1697/1513 1863/1696/1512 1893/1724/1540 1894/1725/1541
f 1157/1698/1514 1864/1697/1513 1894/1725/1541 1159/1726/1542
f 1866/1700/1516 1865/1699/1515 1895/1727/1543 1896/1728/1544
f 1867/1701/1517 1866/1700/1516 1896/1728/1544 1897/1729/1545
f 1868/1702/1518 1867/1701/1517 1897/1729/1545 1898/1730/1546
f 1869/1703/1519 1868/1702/1518 1898/1730/1546 1899/1731/1547
f 1870/1704/1520 1869/1703/1519 1899/1731/1547 1900/1732/1548
f 1871/1705/1521 1870/1704/1520 1900/1732/1548 1901/1733/1549
f 1872/1706/1522 1871/1705/1521 1901/1733/1549 1902/1734/1550
f 1873/1707/1523 1872/1706/1522 1902/1734/1550 1903/1735/1551
f 1874/1708/1524 1873/1707/1523 1903/1735/1551 1904/1736/1552
f 1875/1709/1525 1874/1708/1524 1904/1736/1552 1905/1737/1553
f 1876/1710/1526 1875/1709/1525 1905/1737/1553 1906/1738/1554
f 1877/1711/1527 1876/1710/1526 1906/1738/1554 1907/1739/1555
f 1878/1712/1528 1877/1711/1527 1907/1739/1555 1908/1740/1556
f 1879/1713/1529 1878/1712/1528 1908/1740/1556 1909/1741/1557
f 1880/1714/1530 1879/1713/1529 1909/1741/1557 1910/1742/1558
f 1881/1715/1531 1880/1714/1530 1910/1742/1558 1911/1743/1559
f 1882/1716/1532 1881/1715/1531 1911/1743/1559 1912/1744/1560
f 1883/1717/1533 1882/1716/1532 1912/1744/1560 1913/1745/1561
f 1884/1718/1534 1883/1717/1533 1913/1745/1561 1914/1746/1562
f 1885/1719/1535 1884/1718/1534 1914/1746/1562 1915/1747/1563
f 1886/1720/1536 1885/1719/1535 1915/1747/1563 1916/1748/1564
f 1887/1721/1537 1886/1720/1536 1916/1748/1564 1917/1749/1565
f 1888/1342/1179 1887/1721/1537 1917/1749/1565 1918/1750/1566
f 1889/1338/1175 1888/1342/1179 1918/1750/1566 1919/1339/1176
f 1891/1722/1538 1890/1337/1174 1920/1335/1172 1921/1334/1171
f 1892/1723/1539 1891/1722/1538 1921/1334/1171 1922/1751/1567
f 1893/1724/1540 1892/1723/1539 1922/1751/1567 1923/1752/1568
f 1894/1725/1541 1893/1724/1540 1923/1752/1568 1924/1753/1569
f 1159/1726/1542 1894/1725/1541 1924/1753/1569 1161/1754/1570
f 1896/1728/1544 1895/1727/1543 1925/1755/1571 1926/1756/1572
f 1897/1729/1545 1896/1728/1544 1926/1756/1572 1927/1757/1573
f 1898/1730/1546 1897/1729/1545 1927/1757/1573 1928/1758/1574
f 1899/1731/1547 1898/1730/1546 1928/1758/1574 1929/1759/1575
f 1900/1732/1548 1899/1731/1547 1929/1759/1575 1930/1760/1576
f 1901/1733/1549 1900/1732/1548 1930/1760/1576 1931/1761/1577
f 1902/1734/1550 1901/1733/1549 1931/1761/1577 1932/1762/1578
f 1903/1735/1551 1902/1734/1550 1932/1762/1578 1933/1763/1579
f 1904/1736/1552 1903/1735/1551 1933/1763/1579 1934/1764/1580
f 1905/1737/1553 1904/1736/1552 1934/1764/1580 1935/1765/1581
f 1906/1738/1554 1905/1737/1553 1935/1765/1581 1936/1766/1582
f 1907/1739/1555 1906/1738/1554 1936/1766/1582 1937/1767/1583
f 1908/1740/1556 1907/1739/1555 1937/1767/1583 1938/1768/1584
f 1909/1741/1557 1908/1740/1556 1938/1768/1584 1939/1769/1585
f 1910/1742/1558 1909/1741/1557 1939/1769/1585 1940/1770/1586
f 1911/1743/1559 1910/1742/1558 1940/1770/1586 1941/1771/1587
f 1912/1744/1560 1911/1743/1559 1941/1771/1587 1942/1772/1588
f 1913/1745/1561 1912/1744/1560 1942/1772/1588 1943/1773/1589
f 1914/1746/1562 1913/1745/1561 1943/1773/1589 1944/1774/1590
f 1915/1747/1563 1914/1746/1562 1944/1774/1590 1945/1775/1591
f 1916/1748/1564 1915/1747/1563 1945/1775/1591 1946/1776/1592
f 1917/1749/1565 1916/1748/1564 1946/1776/1592 1947/1777/1593
f 1918/1750/1566 1917/1749/1565 1947/1777/1593 1948/1778/1594
f 1919/1339/1176 1918/1750/1566 1948/1778/1594 1949/1779/1595
f 1920/1335/1172 1919/1339/1176 1949/1779/1595 1950/1336/1173
f 1922/1751/1567 1921/1334/1171 1951/1332/1169 1952/1331/1168
f 1923/1752/1568 1922/1751/1567 1952/1331/1168 1953/1780/1596
f 1924/1753/1569 1923/1752/1568 1953/1780/1596 1954/1781/1597
f 1161/1754/1570 1924/1753/1569 1954/1781/1597 1163/1782/1598
f 1926/1756/1572 1925/1755/1571 1955/1783/1599 1956/1784/1600
f 1927/1757/1573 1926/1756/1572 1956/1784/1600 1957/1785/1601
f 1928/1758/1574 1927/1757/1573 1957/1785/1601 1958/1786/1602
f 1929/1759/1575 1928/1758/1574 1958/1786/1602 1959/1787/1603
f 1930/1760/1576 1929/1759/1575 1959/1787/1603 1960/1788/1604
f 1931/1761/1577 1930/1760/1576 1960/1788/1604 1961/1789/1605
f 1932/1762/1578 1931/1761/1577 1961/1789/1605 1962/1790/1606
f 1933/1763/1579 1932/1762/1578 1962/1790/1606 1963/1791/1607
f 1934/1764/1580 1933/1763/1579 1963/1791/1607 1964/1792/1608
f 1935/1765/1581 1934/1764/1580 1964/1792/1608 1965/1793/1609
f 1936/1766/1582 1935/1765/1581 1965/1793/1609 1966/1794/1610
f 1937/1767/1583 1936/1766/1582 1966/1794/1610 1967/1795/1611
f 1938/1768/1584 1937/1767/1583 1967/1795/1611 1968/1796/1612
f 1939/1769/1585 1938/1768/1584 1968/1796/1612 1969/1797/1613
f 1940/1770/1586 1939/1769/1585 1969/1797/1613 1970/1798/1614
f 1941/1771/1587 1940/1770/1586 1970/1798/1614 1971/1799/1615
f 1942/1772/1588 1941/1771/1587 1971/1799/1615 1972/1800/1616
f 1943/1773/1589 1942/1772/1588 1972/1800/1616 1973/1801/1617
f 1944/1774/1590 1943/1773/1589 1973/1801/1617 1974/1802/1618
f 1945/1775/1591 1944/1774/1590 1974/1802/1618 1975/1803/1619
f 1946/1776/1592 1945/1775/1591 1975/1803/1619 1976/1804/1620
f 1947/1777/1593 1946/1776/1592 1976/1804/1620 1977/1805/1621
f 1948/1778/1594 1947/1777/1593 1977/1805/1621 1978/1806/1622
f 1949/1779/1595 1948/1778/1594 1978/1806/1622 1979/1807/1623
f 1950/1336/1173 1949/1779/1595 1979/1807/1623 1980/1808/1624
f 1951/1332/1169 1950/1336/1173 1980/1808/1624 1981/1333/1170
f 1953/1780/1596 1952/1331/1168 1982/1329/1166 1983/1328/1165
f 1954/1781/1597 1953/1780/1596 1983/1328/1165 1984/1809/1625
f 1163/1782/1598 1954/1781/1597 1984/1809/1625 1165/1810/1626
f 1956/1784/1600 1955/1783/1599 1985/1811/1627 1986/1812/1628
f 1957/1785/1601 1956/1784/1600 1986/1812/1628 1987/1813/1629
f 1958/1786/1602 1957/1785/1601 1987/1813/1629 1988/1814/1630
f 1959/1787/1603 1958/1786/1602 1988/1814/1630 1989/1815/1631
f 1960/1788/1604 1959/1787/1603 1989/1815/1631 1990/1816/1632
f 1961/1789/1605 1960/1788/1604 1990/1816/1632 1991/1817/1633
f 1962/1790/1606 1961/1789/1605 1991/1817/1633 1992/1818/1634
f 1963/1791/1607 1962/1790/1606 1992/1818/1634 1993/1819/1635
f 1964/1792/1608 1963/1791/1607 1993/1819/1635 1994/1820/1636
f 1965/1793/1609 1964/1792/1608 1994/1820/1636 1995/1821/1637
f 1966/1794/1610 1965/1793/1609 1995/1821/1637 1996/1822/1638
f 1967/1795/1611 1966/1794/1610 1996/1822/1638 1997/1823/1639
f 1968/1796/1612 1967/1795/1611 1997/1823/1639 1998/1824/1640
f 1969/1797/1613 1968/1796/1612 1998/1824/1640 1999/1825/1641
f 1970/1798/1614 1969/1797/1613 1999/1825/1641 2000/1826/1642
f 1971/1799/1615 1970/1798/1614 2000/1826/1642 2001/1827/1643
f 1972/1800/1616 1971/1799/1615 2001/1827/1643 2002/1828/1644
f 1973/1801/1617 1972/1800/1616 2002/1828/1644 2003/1829/1645
f 1974/1802/1618 1973/1801/1617 2003/1829/1645 2004/1830/1646
f 1975/1803/1619 1974/1802/1618 2004/1830/1646 2005/1831/1647
f 1976/1804/1620 1975/1803/1619 2005/1831/1647 2006/1832/1648
f 1977/1805/1621 1976/1804/1620 2006/1832/1648 2007/1833/1649
f 1978/1806/1622 1977/1805/1621 2007/1833/1649 2008/1834/1650
f 1979/1807/1623 1978/1806/1622 2008/1834/1650 2009/1835/1651
f 1980/1808/1624 1979/1807/1623 2009/1835/1651 2010/1836/1652
f 1981/1333/1170 1980/1808/1624 2010/1836/1652 2011/1837/1653
f 1982/1329/1166 1981/1333/1170 2011/1837/1653 2012/1330/1167
f 1984/1809/1625 1983/1328/1165 2013/1326/1163 2014/1325/1162
f 1165/1810/1626 1984/1809/1625 2014/1325/1162 1167/1838/1654
f 1986/1812/1628 1985/1811/1627 2015/1839/1655 2016/1840/1656
f 1987/1813/1629 1986/1812/1628 2016/1840/1656 2017/1841/1657
f 1988/1814/1630 1987/1813/1629 2017/1841/1657 2018/1842/1658
f 1989/1815/1631 1988/1814/1630 2018/1842/1658 2019/1843/1659
f 1990/1816/1632 1989/1815/1631 2019/1843/1659 2020/1844/1660
f 1991/1817/1633 1990/1816/1632 2020/1844/1660 2021/1845/1661
f 1992/1818/1634 1991/1817/1633 2021/1845/1661 2022/1846/1662
f 1993/1819/1635 1992/1818/1634 2022/1846/1662 2023/1847/1663
f 1994/1820/1636 1993/1819/1635 2023/1847/1663 2024/1848/1664
f 1995/1821/1637 1994/1820/1636 2024/1848/1664 2025/1849/1665
f 1996/1822/1638 1995/1821/1637 2025/1849/1665 2026/1850/1666
f 1997/1823/1639 1996/1822/1638 2026/1850/1666 2027/1851/1667
f 1998/1824/1640 1997/1823/1639 2027/1851/1667 2028/1852/1668
f 1999/1825/1641 1998/1824/1640 2028/1852/1668 2029/1853/1669
f 2000/1826/1642 1999/1825/1641 2029/1853/1669 2030/1854/1670
f 2001/1827/1643 2000/1826/1642 2030/1854/1670 2031/1855/1671
f 2002/1828/1644 2001/1827/1643 2031/1855/1671 2032/1856/1672
f 2003/1829/1645 2002/1828/1644 2032/1856/1672 2033/1857/1673
f 2004/1830/1646 2003/1829/1645 2033/1857/1673 2034/1858/1674
f 2005/1831/1647 2004/1830/1646 2034/1858/1674 2035/1859/1675
f 2006/1832/1648 2005/1831/1647 2035/1859/1675 2036/1860/1676
f 2007/1833/1649 2006/1832/1648 2036/1860/1676 2037/1861/1677
f 2008/1834/1650 2007/1833/1649 2037/1861/1677 2038/1862/1678
f 2009/1835/1651 2008/1834/1650 2038/1862/1678 2039/1863/1679
f 2010/1836/1652 2009/1835/1651 2039/1863/1679 2040/1864/1680
f 2011/1837/1653 2010/1836/1652 2040/1864/1680 2041/1865/1681
f 2012/1330/1167 2011/1837/1653 2041/1865/1681 2042/1866/1682
f 2013/1326/1163 2012/1330/1167 2042/1866/1682 2043/1327/1164
f 1167/1838/1654 2014/1325/1162 2044/1322/1159 1169/1321/1158
f 2016/1840/1656 2015/1839/1655 2045/1867/1683 2046/1868/1684
f 2017/1841/1657 2016/1840/1656 2046/1868/1684 2047/1869/1685
f 2018/1842/1658 2017/1841/1657 2047/1869/1685 2048/1870/1686
f 2019/1843/1659 2018/1842/1658 2048/1870/1686 2049/1871/1687
f 2020/1844/1660 2019/1843/1659 2049/1871/1687 2050/1872/1688
f 2021/1845/1661 2020/1844/1660 2050/1872/1688 2051/1873/1689
f 2022/1846/1662 2021/1845/1661 2051/1873/1689 2052/1874/1690
f 2023/1847/1663 2022/1846/1662 2052/1874/1690 2053/1875/1691
f 2024/1848/1664 2023/1847/1663 2053/1875/1691 2054/1876/1692
f 2025/1849/1665 2024/1848/1664 2054/1876/1692 2055/1877/1693
f 2026/1850/1666 2025/1849/1665 2055/1877/1693 2056/1878/1694
f 2027/1851/1667 2026/1850/1666 2056/1878/1694 2057/1879/1695
f 2028/1852/1668 2027/1851/1667 2057/1879/1695 2058/1880/1696
f 2029/1853/1669 2028/1852/1668 2058/1880/1696 2059/1881/1697
f 2030/1854/1670 2029/1853/1669 2059/1881/1697 2060/1882/1698
f 2031/1855/1671 2030/1854/1670 2060/1882/1698 2061/1883/1699
f 2032/1856/1672 2031/1855/1671 2061/1883/1699 2062/1884/1700
f 2033/1857/1673 2032/1856/1672 2062/1884/1700 2063/1885/1701
f 2034/1858/1674 2033/1857/1673 2063/1885/1701 2064/1886/1702
f 2035/1859/1675 2034/1858/1674 2064/1886/1702 2065/1887/1703
f 2036/1860/1676 2035/1859/1675 2065/1887/1703 2066/1888/1704
f 2037/1861/1677 2036/1860/1676 2066/1888/1704 2067/1889/1705
f 2038/1862/1678 2037/1861/1677 2067/1889/1705 2068/1890/1706
f 2039/1863/1679 2038/1862/1678 2068/1890/1706 2069/1891/1707
f 2040/1864/1680 2039/1863/1679 2069/1891/1707 2070/1892/1708
f 2041/1865/1681 2040/1864/1680 2070/1892/1708 2071/1893/1709
f 2042/1866/1682 2041/1865/1681 2071/1893/1709 2072/1894/1710
f 2043/1327/1164 2042/1866/1682 2072/1894/1710 2073/1895/1711
f 2044/1322/1159 2043/1327/1164 2073/1895/1711 2074/1323/1160
f 2046/1868/1684 2045/1867/1683 2075/1318/1155 2076/1317/1154
f 2047/1869/1685 2046/1868/1684 2076/1317/1154 2077/1896/1712
f 2048/1870/1686 2047/1869/1685 2077/1896/1712 2078/1897/1713
f 2049/1871/1687 2048/1870/1686 2078/1897/1713 2079/1898/1714
f 2050/1872/1688 2049/1871/1687 2079/1898/1714 2080/1899/1715
f 2051/1873/1689 2050/1872/1688 2080/1899/1715 2081/1900/1716
f 2052/1874/1690 2051/1873/1689 2081/1900/1716 2082/1901/1717
f 2053/1875/1691 2052/1874/1690 2082/1901/1717 2083/1902/1718
f 2054/1876/1692 2053/1875/1691 2083/1902/1718 2084/1903/1719
f 2055/1877/1693 2054/1876/1692 2084/1903/1719 2085/1904/1720
f 2056/1878/1694 2055/1877/1693 2085/1904/1720 2086/1905/1721
f 2057/1879/1695 2056/1878/1694 2086/1905/1721 2087/1906/1722
f 2058/1880/1696 2057/1879/1695 2087/1906/1722 2088/1907/1723
f 2059/1881/1697 2058/1880/1696 2088/1907/1723 2089/1908/1724
f 2060/1882/1698 2059/1881/1697 2089/1908/1724 2090/1909/1725
f 2061/1883/1699 2060/1882/1698 2090/1909/1725 2091/1910/1726
f 2062/1884/1700 2061/1883/1699 2091/1910/1726 2092/1911/1727
f 2063/1885/1701 2062/1884/1700 2092/1911/1727 2093/1912/1728
f 2064/1886/1702 2063/1885/1701 2093/1912/1728 2094/1913/1729
f 2065/1887/1703 2064/1886/1702 2094/1913/1729 2095/1914/1730
f 2066/1888/1704 2065/1887/1703 2095/1914/1730 2096/1915/1731
f 2067/1889/1705 2066/1888/1704 2096/1915/1731 2097/1916/1732
f 2068/1890/1706 2067/1889/1705 2097/1916/1732 2098/1917/1733
f 2069/1891/1707 2068/1890/1706 2098/1917/1733 2099/1918/1734
f 2070/1892/1708 2069/1891/1707 2099/1918/1734 2100/1919/1735
f 2071/1893/1709 2070/1892/1708 2100/1919/1735 2101/1920/1736
f 2072/1894/1710 2071/1893/1709 2101/1920/1736 2102/1921/1737
f 2073/1895/1711 2072/1894/1710 2102/1921/1737 2103/1922/1738
f 2074/1323/1160 2073/1895/1711 2103/1922/1738 2104/1923/1739
f 1171/1324/1161 2074/1323/1160 2104/1923/1739 1173/1924/1740
f 2077/1896/1712 2076/1317/1154 2106/1320/1157 2107/1925/1741
f 2078/1897/1713 2077/1896/1712 2107/1925/1741 2108/1314/1151
f 2079/1898/1714 2078/1897/1713 2108/1314/1151 2109/1313/1150
f 2080/1899/1715 2079/1898/1714 2109/1313/1150 2110/1926/1742
f 2081/1900/1716 2080/1899/1715 2110/1926/1742 2111/1927/1743
f 2082/1901/1717 2081/1900/1716 2111/1927/1743 2112/1457/1291
f 2083/1902/1718 2082/1901/1717 2112/1457/1291 2113/1407/1241
f 2084/1903/1719 2083/1902/1718 2113/1407/1241 2114/1406/1240
f 2085/1904/1720 2084/1903/1719 2114/1406/1240 2115/1403/1237
f 2086/1905/1721 2085/1904/1720 2115/1403/1237 2116/1402/1236
f 2087/1906/1722 2086/1905/1721 2116/1402/1236 2117/1399/1233
f 2088/1907/1723 2087/1906/1722 2117/1399/1233 2118/1398/1232
f 2089/1908/1724 2088/1907/1723 2118/1398/1232 2119/1395/1229
f 2090/1909/1725 2089/1908/1724 2119/1395/1229 2120/1394/1228
f 2091/1910/1726 2090/1909/1725 2120/1394/1228 2121/1391/1225
f 2092/1911/1727 2091/1910/1726 2121/1391/1225 2122/1390/1224
f 2093/1912/1728 2092/1911/1727 2122/1390/1224 2123/1387/1221
f 2094/1913/1729 2093/1912/1728 2123/1387/1221 2124/1386/1220
f 2095/1914/1730 2094/1913/1729 2124/1386/1220 2125/1455/1289
f 2096/1915/1731 2095/1914/1730 2125/1455/1289 2126/1928/1744
f 2097/1916/1732 2096/1915/1731 2126/1928/1744 2127/1929/1745
f 2098/1917/1733 2097/1916/1732 2127/1929/1745 2128/1930/1746
f 2099/1918/1734 2098/1917/1733 2128/1930/1746 2129/1931/1747
f 2100/1919/1735 2099/1918/1734 2129/1931/1747 2130/1932/1748
f 2101/1920/1736 2100/1919/1735 2130/1932/1748 2131/1933/1749
f 2102/1921/1737 2101/1920/1736 2131/1933/1749 2132/1934/1750
f 2103/1922/1738 2102/1921/1737 2132/1934/1750 2133/1935/1751
f 2104/1923/1739 2103/1922/1738 2133/1935/1751 2134/1936/1752
f 1173/1924/1740 2104/1923/1739 2134/1936/1752 1175/1937/1753
f 2108/1314/1151 2107/1925/1741 2135/1938/1754 2136/1315/1152
f 1144/1939/1205 1146/1940/1204 1687/1941/1755 1657/1942/1756
f 1657/1942/1756 1687/1941/1755 1686/1943/1757 1656/1944/1758
f 1656/1944/1758 1686/1943/1757 1685/1945/1759 1655/1946/1760
f 1655/1946/1760 1685/1945/1759 1684/1947/1761 1654/1948/1762
f 2111/1927/1743 2110/1926/1742 2221/1949/1763 1664/1950/1764
f 2110/1926/1742 2109/1313/1150 2137/1316/1153 2221/1949/1763
f 2132/1934/1750 2131/1933/1749 2222/1951/1765 2223/1952/1766
f 2133/1935/1751 2132/1934/1750 2223/1952/1766 2224/1953/1767
f 2134/1936/1752 2133/1935/1751 2224/1953/1767 2225/1954/1768
f 1175/1937/1753 2134/1936/1752 2225/1954/1768 1177/1955/1769
f 2168/1454/1288 2169/1364/1200 1680/1956/1321 1679/1957/1320
f 2167/1452/1286 2168/1454/1288 1679/1957/1320 1678/1958/1325
f 2166/1450/1284 2167/1452/1286 1678/1958/1325 1677/1959/1324
f 2165/1448/1282 2166/1450/1284 1677/1959/1324 1676/1960/1329
f 2164/1446/1280 2165/1448/1282 1676/1960/1329 1675/1961/1328
f 2163/1444/1278 2164/1446/1280 1675/1961/1328 1674/1962/1333
f 2162/1442/1276 2163/1444/1278 1674/1962/1333 1673/1963/1332
f 2161/1440/1274 2162/1442/1276 1673/1963/1332 1672/1964/1337
f 2160/1438/1272 2161/1440/1274 1672/1964/1337 1671/1965/1336
f 2159/1436/1270 2160/1438/1272 1671/1965/1336 1670/1966/1341
f 2158/1434/1268 2159/1436/1270 1670/1966/1341 1669/1967/1340
f 2157/1432/1266 2158/1434/1268 1669/1967/1340 1668/1968/1345
f 2156/1430/1264 2157/1432/1266 1668/1968/1345 1667/1969/1344
f 2155/1428/1262 2156/1430/1264 1667/1969/1344 1666/1970/1349
f 1634/1971/1770 1664/1950/1764 1663/1972/1771 1633/1973/1772
f 1633/1973/1772 1663/1972/1771 1662/1974/1773 1632/1975/1774
f 1632/1975/1774 1662/1974/1773 1661/1976/1775 1631/1977/1776
f 1631/1977/1776 1661/1976/1775 1660/1978/1777 1630/1979/1778
f 2153/1310/1147 2154/1426/1260 1665/1980/1348 1659/1311/1148
f 2154/1426/1260 2155/1428/1262 1666/1970/1349 1665/1980/1348
f 1142/1981/1206 1144/1939/1205 1657/1942/1756 1627/1982/1779
f 1627/1982/1779 1657/1942/1756 1656/1944/1758 1626/1983/1780
f 1626/1983/1780 1656/1944/1758 1655/1946/1760 1625/1984/1781
f 1625/1984/1781 1655/1946/1760 1654/1948/1762 1624/1985/1782
f 1624/1985/1782 1654/1948/1762 1653/1986/1783 1623/1987/1784
f 1623/1987/1784 1653/1986/1783 1652/1988/1785 1622/1989/1786
f 1622/1989/1786 1652/1988/1785 1651/1990/1787 1621/1991/1788
f 1621/1991/1788 1651/1990/1787 1650/1992/1789 1620/1993/1790
f 1620/1993/1790 1650/1992/1789 1649/1994/1791 1619/1995/1792
f 1619/1995/1792 1649/1994/1791 1648/1996/1793 1618/1997/1794
f 1618/1997/1794 1648/1996/1793 1647/1998/1795 1617/1999/1796
f 1617/1999/1796 1647/1998/1795 1646/2000/1797 1616/2001/1798
f 1616/2001/1798 1646/2000/1797 1645/2002/1799 1615/2003/1800
f 1615/2003/1800 1645/2002/1799 1644/2004/1801 1614/2005/1802
f 1614/2005/1802 1644/2004/1801 1643/2006/1803 1613/2007/1804
f 1613/2007/1804 1643/2006/1803 1642/2008/1805 1612/2009/1806
f 1612/2009/1806 1642/2008/1805 1641/2010/1807 1611/2011/1808
f 1611/2011/1808 1641/2010/1807 1640/2012/1809 1610/2013/1810
f 1610/2013/1810 1640/2012/1809 1639/2014/1811 1609/2015/1812
f 1609/2015/1812 1639/2014/1811 1638/2016/1813 1608/2017/1814
f 1608/2017/1814 1638/2016/1813 1637/2018/1815 1607/2019/1816
f 1607/2019/1816 1637/2018/1815 1636/2020/1817 1606/2021/1818
f 1606/2021/1818 1636/2020/1817 1635/2022/1819 1605/2023/1820
f 1605/2023/1820 1635/2022/1819 1634/1971/1770 1604/2024/1821
f 1604/2024/1821 1634/1971/1770 1633/1973/1772 1603/2025/1822
f 1603/2025/1822 1633/1973/1772 1632/1975/1774 1602/2026/1823
f 1602/2026/1823 1632/1975/1774 1631/1977/1776 1601/2027/1824
f 1601/2027/1824 1631/1977/1776 1630/1979/1778 1600/2028/1825
f 1600/2028/1825 1630/1979/1778 1629/2029/1826 1599/2030/1827
f 1599/2030/1827 1629/2029/1826 1628/1307/1144 1598/1305/1142
f 1140/2031/1207 1142/1981/1206 1627/1982/1779 1597/2032/1828
f 1597/2032/1828 1627/1982/1779 1626/1983/1780 1596/2033/1829
f 1596/2033/1829 1626/1983/1780 1625/1984/1781 1595/2034/1830
f 1595/2034/1830 1625/1984/1781 1624/1985/1782 1594/2035/1831
f 1594/2035/1831 1624/1985/1782 1623/1987/1784 1593/2036/1832
f 1593/2036/1832 1623/1987/1784 1622/1989/1786 1592/2037/1833
f 1592/2037/1833 1622/1989/1786 1621/1991/1788 1591/2038/1834
f 1591/2038/1834 1621/1991/1788 1620/1993/1790 1590/2039/1835
f 1590/2039/1835 1620/1993/1790 1619/1995/1792 1589/2040/1836
f 1589/2040/1836 1619/1995/1792 1618/1997/1794 1588/2041/1837
f 1588/2041/1837 1618/1997/1794 1617/1999/1796 1587/2042/1838
f 1587/2042/1838 1617/1999/1796 1616/2001/1798 1586/2043/1839
f 1586/2043/1839 1616/2001/1798 1615/2003/1800 1585/2044/1840
f 1585/2044/1840 1615/2003/1800 1614/2005/1802 1584/2045/1841
f 1584/2045/1841 1614/2005/1802 1613/2007/1804 1583/2046/1842
f 1583/2046/1842 1613/2007/1804 1612/2009/1806 1582/2047/1843
f 1582/2047/1843 1612/2009/1806 1611/2011/1808 1581/2048/1844
f 1581/2048/1844 1611/2011/1808 1610/2013/1810 1580/2049/1845
f 1580/2049/1845 1610/2013/1810 1609/2015/1812 1579/2050/1846
f 1579/2050/1846 1609/2015/1812 1608/2017/1814 1578/2051/1847
f 1578/2051/1847 1608/2017/1814 1607/2019/1816 1577/2052/1848
f 1577/2052/1848 1607/2019/1816 1606/2021/1818 1576/2053/1849
f 1576/2053/1849 1606/2021/1818 1605/2023/1820 1575/2054/1850
f 1575/2054/1850 1605/2023/1820 1604/2024/1821 1574/2055/1851
f 1574/2055/1851 1604/2024/1821 1603/2025/1822 1573/2056/1852
f 1573/2056/1852 1603/2025/1822 1602/2026/1823 1572/2057/1853
f 1572/2057/1853 1602/2026/1823 1601/2027/1824 1571/2058/1854
f 1571/2058/1854 1601/2027/1824 1600/2028/1825 1570/2059/1855
f 1570/2059/1855 1600/2028/1825 1599/2030/1827 1569/2060/1856
f 1569/2060/1856 1599/2030/1827 1598/1305/1142 1568/1303/1140
f 1138/2061/1208 1140/2031/1207 1597/2032/1828 1567/2062/1857
f 1567/2062/1857 1597/2032/1828 1596/2033/1829 1566/2063/1858
f 1566/2063/1858 1596/2033/1829 1595/2034/1830 1565/2064/1859
f 1565/2064/1859 1595/2034/1830 1594/2035/1831 1564/2065/1860
f 1564/2065/1860 1594/2035/1831 1593/2036/1832 1563/2066/1861
f 1563/2066/1861 1593/2036/1832 1592/2037/1833 1562/2067/1862
f 1562/2067/1862 1592/2037/1833 1591/2038/1834 1561/2068/1863
f 1561/2068/1863 1591/2038/1834 1590/2039/1835 1560/2069/1864
f 1560/2069/1864 1590/2039/1835 1589/2040/1836 1559/2070/1865
f 1559/2070/1865 1589/2040/1836 1588/2041/1837 1558/2071/1866
f 1558/2071/1866 1588/2041/1837 1587/2042/1838 1557/2072/1867
f 1557/2072/1867 1587/2042/1838 1586/2043/1839 1556/2073/1868
f 1556/2073/1868 1586/2043/1839 1585/2044/1840 1555/2074/1869
f 1555/2074/1869 1585/2044/1840 1584/2045/1841 1554/2075/1870
f 1554/2075/1870 1584/2045/1841 1583/2046/1842 1553/2076/1871
f 1553/2076/1871 1583/2046/1842 1582/2047/1843 1552/2077/1872
f 1552/2077/1872 1582/2047/1843 1581/2048/1844 1551/2078/1873
f 1551/2078/1873 1581/2048/1844 1580/2049/1845 1550/2079/1874
f 1550/2079/1874 1580/2049/1845 1579/2050/1846 1549/2080/1875
f 1549/2080/1875 1579/2050/1846 1578/2051/1847 1548/2081/1876
f 1548/2081/1876 1578/2051/1847 1577/2052/1848 1547/2082/1877
f 1547/2082/1877 1577/2052/1848 1576/2053/1849 1546/2083/1878
f 1546/2083/1878 1576/2053/1849 1575/2054/1850 1545/2084/1879
f 1545/2084/1879 1575/2054/1850 1574/2055/1851 1544/2085/1880
f 1544/2085/1880 1574/2055/1851 1573/2056/1852 1543/2086/1881
f 1543/2086/1881 1573/2056/1852 1572/2057/1853 1542/2087/1882
f 1542/2087/1882 1572/2057/1853 1571/2058/1854 1541/2088/1883
f 1541/2088/1883 1571/2058/1854 1570/2059/1855 1540/2089/1884
f 1540/2089/1884 1570/2059/1855 1569/2060/1856 1539/2090/1885
f 1539/2090/1885 1569/2060/1856 1568/1303/1140 1538/1301/1138
f 1136/2091/1209 1138/2061/1208 1567/2062/1857 1537/2092/1886
f 1537/2092/1886 1567/2062/1857 1566/2063/1858 1536/2093/1887
f 1536/2093/1887 1566/2063/1858 1565/2064/1859 1535/2094/1888
f 1535/2094/1888 1565/2064/1859 1564/2065/1860 1534/2095/1889
f 1534/2095/1889 1564/2065/1860 1563/2066/1861 1533/2096/1890
f 1533/2096/1890 1563/2066/1861 1562/2067/1862 1532/2097/1891
f 1532/2097/1891 1562/2067/1862 1561/2068/1863 1531/2098/1892
f 1531/2098/1892 1561/2068/1863 1560/2069/1864 1530/2099/1893
f 1530/2099/1893 1560/2069/1864 1559/2070/1865 1529/2100/1894
f 1529/2100/1894 1559/2070/1865 1558/2071/1866 1528/2101/1895
f 1528/2101/1895 1558/2071/1866 1557/2072/1867 1527/2102/1896
f 1527/2102/1896 1557/2072/1867 1556/2073/1868 1526/2103/1897
f 1526/2103/1897 1556/2073/1868 1555/2074/1869 1525/2104/1898
f 1525/2104/1898 1555/2074/1869 1554/2075/1870 1524/2105/1899
f 1524/2105/1899 1554/2075/1870 1553/2076/1871 1523/2106/1900
f 1523/2106/1900 1553/2076/1871 1552/2077/1872 1522/2107/1901
f 1522/2107/1901 1552/2077/1872 1551/2078/1873 1521/2108/1902
f 1521/2108/1902 1551/2078/1873 1550/2079/1874 1520/2109/1903
f 1520/2109/1903 1550/2079/1874 1549/2080/1875 1519/2110/1904
f 1519/2110/1904 1549/2080/1875 1548/2081/1876 1518/2111/1905
f 1518/2111/1905 1548/2081/1876 1547/2082/1877 1517/2112/1906
f 1517/2112/1906 1547/2082/1877 1546/2083/1878 1516/2113/1907
f 1516/2113/1907 1546/2083/1878 1545/2084/1879 1515/2114/1908
f 1515/2114/1908 1545/2084/1879 1544/2085/1880 1514/2115/1909
f 1514/2115/1909 1544/2085/1880 1543/2086/1881 1513/2116/1910
f 1513/2116/1910 1543/2086/1881 1542/2087/1882 1512/2117/1911
f 1512/2117/1911 1542/2087/1882 1541/2088/1883 1511/2118/1912
f 1511/2118/1912 1541/2088/1883 1540/2089/1884 1510/2119/1913
f 1510/2119/1913 1540/2089/1884 1539/2090/1885 1509/2120/1914
f 1509/2120/1914 1539/2090/1885 1538/1301/1138 1508/1299/1136
f 1134/2121/1210 1136/2091/1209 1537/2092/1886 1507/2122/1915
f 1507/2122/1915 1537/2092/1886 1536/2093/1887 1506/2123/1916
f 1506/2123/1916 1536/2093/1887 1535/2094/1888 1505/2124/1917
f 1505/2124/1917 1535/2094/1888 1534/2095/1889 1504/2125/1918
f 1504/2125/1918 1534/2095/1889 1533/2096/1890 1503/2126/1919
f 1503/2126/1919 1533/2096/1890 1532/2097/1891 1502/2127/1920
f 1502/2127/1920 1532/2097/1891 1531/2098/1892 1501/2128/1921
f 1501/2128/1921 1531/2098/1892 1530/2099/1893 1500/2129/1922
f 1500/2129/1922 1530/2099/1893 1529/2100/1894 1499/2130/1923
f 1499/2130/1923 1529/2100/1894 1528/2101/1895 1498/2131/1924
f 1498/2131/1924 1528/2101/1895 1527/2102/1896 1497/2132/1925
f 1497/2132/1925 1527/2102/1896 1526/2103/1897 1496/2133/1926
f 1496/2133/1926 1526/2103/1897 1525/2104/1898 1495/2134/1927
f 1495/2134/1927 1525/2104/1898 1524/2105/1899 1494/2135/1928
f 1494/2135/1928 1524/2105/1899 1523/2106/1900 1493/2136/1929
f 1493/2136/1929 1523/2106/1900 1522/2107/1901 1492/2137/1930
f 1492/2137/1930 1522/2107/1901 1521/2108/1902 1491/2138/1931
f 1491/2138/1931 1521/2108/1902 1520/2109/1903 1490/2139/1932
f 1490/2139/1932 1520/2109/1903 1519/2110/1904 1489/2140/1933
f 1489/2140/1933 1519/2110/1904 1518/2111/1905 1488/2141/1934
f 1488/2141/1934 1518/2111/1905 1517/2112/1906 1487/2142/1935
f 1487/2142/1935 1517/2112/1906 1516/2113/1907 1486/2143/1936
f 1486/2143/1936 1516/2113/1907 1515/2114/1908 1485/2144/1937
f 1485/2144/1937 1515/2114/1908 1514/2115/1909 1484/2145/1938
f 1484/2145/1938 1514/2115/1909 1513/2116/1910 1483/2146/1939
f 1483/2146/1939 1513/2116/1910 1512/2117/1911 1482/2147/1940
f 1482/2147/1940 1512/2117/1911 1511/2118/1912 1481/2148/1941
f 1481/2148/1941 1511/2118/1912 1510/2119/1913 1480/2149/1942
f 1480/2149/1942 1510/2119/1913 1509/2120/1914 1479/2150/1943
f 1479/2150/1943 1509/2120/1914 1508/1299/1136 1478/1297/1134
f 1132/2151/1211 1134/2121/1210 1507/2122/1915 1477/2152/1944
f 1477/2152/1944 1507/2122/1915 1506/2123/1916 1476/2153/1945
f 1476/2153/1945 1506/2123/1916 1505/2124/1917 1475/2154/1946
f 1475/2154/1946 1505/2124/1917 1504/2125/1918 1474/2155/1947
f 1474/2155/1947 1504/2125/1918 1503/2126/1919 1473/2156/1948
f 1473/2156/1948 1503/2126/1919 1502/2127/1920 1472/2157/1949
f 1472/2157/1949 1502/2127/1920 1501/2128/1921 1471/2158/1950
f 1471/2158/1950 1501/2128/1921 1500/2129/1922 1470/2159/1951
f 1470/2159/1951 1500/2129/1922 1499/2130/1923 1469/2160/1952
f 1469/2160/1952 1499/2130/1923 1498/2131/1924 1468/2161/1953
f 1468/2161/1953 1498/2131/1924 1497/2132/1925 1467/2162/1954
f 1467/2162/1954 1497/2132/1925 1496/2133/1926 1466/2163/1955
f 1466/2163/1955 1496/2133/1926 1495/2134/1927 1465/2164/1956
f 1465/2164/1956 1495/2134/1927 1494/2135/1928 1464/2165/1957
f 1464/2165/1957 1494/2135/1928 1493/2136/1929 1463/2166/1958
f 1463/2166/1958 1493/2136/1929 1492/2137/1930 1462/2167/1959
f 1462/2167/1959 1492/2137/1930 1491/2138/1931 1461/2168/1960
f 1461/2168/1960 1491/2138/1931 1490/2139/1932 1460/2169/1961
f 1460/2169/1961 1490/2139/1932 1489/2140/1933 1459/2170/1962
f 1459/2170/1962 1489/2140/1933 1488/2141/1934 1458/2171/1963
f 1458/2171/1963 1488/2141/1934 1487/2142/1935 1457/2172/1964
f 1457/2172/1964 1487/2142/1935 1486/2143/1936 1456/2173/1965
f 1456/2173/1965 1486/2143/1936 1485/2144/1937 1455/2174/1966
f 1455/2174/1966 1485/2144/1937 1484/2145/1938 1454/2175/1967
f 1454/2175/1967 1484/2145/1938 1483/2146/1939 1453/2176/1968
f 1453/2176/1968 1483/2146/1939 1482/2147/1940 1452/2177/1969
f 1452/2177/1969 1482/2147/1940 1481/2148/1941 1451/2178/1970
f 1451/2178/1970 1481/2148/1941 1480/2149/1942 1450/2179/1971
f 1450/2179/1971 1480/2149/1942 1479/2150/1943 1449/2180/1972
f 1449/2180/1972 1479/2150/1943 1478/1297/1134 1448/1295/1132
f 1130/2181/1212 1132/2151/1211 1477/2152/1944 1447/2182/1973
f 1447/2182/1973 1477/2152/1944 1476/2153/1945 1446/2183/1974
f 1446/2183/1974 1476/2153/1945 1475/2154/1946 1445/2184/1975
f 1445/2184/1975 1475/2154/1946 1474/2155/1947 1444/2185/1976
f 1444/2185/1976 1474/2155/1947 1473/2156/1948 1443/2186/1977
f 1443/2186/1977 1473/2156/1948 1472/2157/1949 1442/2187/1978
f 1442/2187/1978 1472/2157/1949 1471/2158/1950 1441/2188/1979
f 1441/2188/1979 1471/2158/1950 1470/2159/1951 1440/2189/1980
f 1440/2189/1980 1470/2159/1951 1469/2160/1952 1439/2190/1981
f 1439/2190/1981 1469/2160/1952 1468/2161/1953 1438/2191/1982
f 1438/2191/1982 1468/2161/1953 1467/2162/1954 1437/2192/1983
f 1437/2192/1983 1467/2162/1954 1466/2163/1955 1436/2193/1984
f 1436/2193/1984 1466/2163/1955 1465/2164/1956 1435/2194/1985
f 1435/2194/1985 1465/2164/1956 1464/2165/1957 1434/2195/1986
f 1434/2195/1986 1464/2165/1957 1463/2166/1958 1433/2196/1987
f 1433/2196/1987 1463/2166/1958 1462/2167/1959 1432/2197/1988
f 1432/2197/1988 1462/2167/1959 1461/2168/1960 1431/2198/1989
f 1431/2198/1989 1461/2168/1960 1460/2169/1961 1430/2199/1990
f 1430/2199/1990 1460/2169/1961 1459/2170/1962 1429/2200/1991
f 1429/2200/1991 1459/2170/1962 1458/2171/1963 1428/2201/1992
f 1428/2201/1992 1458/2171/1963 1457/2172/1964 1427/2202/1993
f 1427/2202/1993 1457/2172/1964 1456/2173/1965 1426/2203/1994
f 1426/2203/1994 1456/2173/1965 1455/2174/1966 1425/2204/1995
f 1425/2204/1995 1455/2174/1966 1454/2175/1967 1424/2205/1996
f 1424/2205/1996 1454/2175/1967 1453/2176/1968 1423/2206/1997
f 1423/2206/1997 1453/2176/1968 1452/2177/1969 1422/2207/1998
f 1422/2207/1998 1452/2177/1969 1451/2178/1970 1421/2208/1999
f 1421/2208/1999 1451/2178/1970 1450/2179/1971 1420/2209/2000
f 1420/2209/2000 1450/2179/1971 1449/2180/1972 1419/2210/2001
f 1419/2210/2001 1449/2180/1972 1448/1295/1132 1418/1293/1130
f 1128/2211/1213 1130/2181/1212 1447/2182/1973 1417/2212/2002
f 1417/2212/2002 1447/2182/1973 1446/2183/1974 1416/2213/2003
f 1416/2213/2003 1446/2183/1974 1445/2184/1975 1415/2214/2004
f 1415/2214/2004 1445/2184/1975 1444/2185/1976 1414/2215/2005
f 1414/2215/2005 1444/2185/1976 1443/2186/1977 1413/2216/2006
f 1413/2216/2006 1443/2186/1977 1442/2187/1978 1412/2217/2007
f 1412/2217/2007 1442/2187/1978 1441/2188/1979 1411/2218/2008
f 1411/2218/2008 1441/2188/1979 1440/2189/1980 1410/2219/2009
f 1410/2219/2009 1440/2189/1980 1439/2190/1981 1409/2220/2010
f 1409/2220/2010 1439/2190/1981 1438/2191/1982 1408/2221/2011
f 1408/2221/2011 1438/2191/1982 1437/2192/1983 1407/2222/2012
f 1407/2222/2012 1437/2192/1983 1436/2193/1984 1406/2223/2013
f 1406/2223/2013 1436/2193/1984 1435/2194/1985 1405/2224/2014
f 1405/2224/2014 1435/2194/1985 1434/2195/1986 1404/2225/2015
f 1404/2225/2015 1434/2195/1986 1433/2196/1987 1403/2226/2016
f 1403/2226/2016 1433/2196/1987 1432/2197/1988 1402/2227/2017
f 1402/2227/2017 1432/2197/1988 1431/2198/1989 1401/2228/2018
f 1401/2228/2018 1431/2198/1989 1430/2199/1990 1400/2229/2019
f 1400/2229/2019 1430/2199/1990 1429/2200/1991 1399/2230/2020
f 1399/2230/2020 1429/2200/1991 1428/2201/1992 1398/2231/2021
f 1398/2231/2021 1428/2201/1992 1427/2202/1993 1397/2232/2022
f 1397/2232/2022 1427/2202/1993 1426/2203/1994 1396/2233/2023
f 1396/2233/2023 1426/2203/1994 1425/2204/1995 1395/2234/2024
f 1395/2234/2024 1425/2204/1995 1424/2205/1996 1394/2235/2025
f 1394/2235/2025 1424/2205/1996 1423/2206/1997 1393/2236/2026
f 1393/2236/2026 1423/2206/1997 1422/2207/1998 1392/2237/2027
f 1392/2237/2027 1422/2207/1998 1421/2208/1999 1391/2238/2028
f 1391/2238/2028 1421/2208/1999 1420/2209/2000 1390/2239/2029
f 1390/2239/2029 1420/2209/2000 1419/2210/2001 1389/2240/2030
f 1389/2240/2030 1419/2210/2001 1418/1293/1130 1388/1291/1128
f 1126/2241/1214 1128/2211/1213 1417/2212/2002 1387/2242/2031
f 1387/2242/2031 1417/2212/2002 1416/2213/2003 1386/2243/2032
f 1386/2243/2032 1416/2213/2003 1415/2214/2004 1385/2244/2033
f 1385/2244/2033 1415/2214/2004 1414/2215/2005 1384/2245/2034
f 1384/2245/2034 1414/2215/2005 1413/2216/2006 1383/2246/2035
f 1383/2246/2035 1413/2216/2006 1412/2217/2007 1382/2247/2036
f 1382/2247/2036 1412/2217/2007 1411/2218/2008 1381/2248/2037
f 1381/2248/2037 1411/2218/2008 1410/2219/2009 1380/2249/2038
f 1380/2249/2038 1410/2219/2009 1409/2220/2010 1379/2250/2039
f 1379/2250/2039 1409/2220/2010 1408/2221/2011 1378/2251/2040
f 1378/2251/2040 1408/2221/2011 1407/2222/2012 1377/2252/2041
f 1377/2252/2041 1407/2222/2012 1406/2223/2013 1376/2253/2042
f 1376/2253/2042 1406/2223/2013 1405/2224/2014 1375/2254/2043
f 1375/2254/2043 1405/2224/2014 1404/2225/2015 1374/2255/2044
f 1374/2255/2044 1404/2225/2015 1403/2226/2016 1373/2256/2045
f 1373/2256/2045 1403/2226/2016 1402/2227/2017 1372/2257/2046
f 1372/2257/2046 1402/2227/2017 1401/2228/2018 1371/2258/2047
f 1371/2258/2047 1401/2228/2018 1400/2229/2019 1370/2259/2048
f 1370/2259/2048 1400/2229/2019 1399/2230/2020 1369/2260/2049
f 1369/2260/2049 1399/2230/2020 1398/2231/2021 1368/2261/2050
f 1368/2261/2050 1398/2231/2021 1397/2232/2022 1367/2262/2051
f 1367/2262/2051 1397/2232/2022 1396/2233/2023 1366/2263/2052
f 1366/2263/2052 1396/2233/2023 1395/2234/2024 1365/2264/2053
f 1365/2264/2053 1395/2234/2024 1394/2235/2025 1364/2265/2054
f 1364/2265/2054 1394/2235/2025 1393/2236/2026 1363/2266/2055
f 1363/2266/2055 1393/2236/2026 1392/2237/2027 1362/2267/2056
f 1362/2267/2056 1392/2237/2027 1391/2238/2028 1361/2268/2057
f 1361/2268/2057 1391/2238/2028 1390/2239/2029 1360/2269/2058
f 1360/2269/2058 1390/2239/2029 1389/2240/2030 1359/2270/2059
f 1359/2270/2059 1389/2240/2030 1388/1291/1128 1358/1289/1126
f 1124/2271/1215 1126/2241/1214 1387/2242/2031 1357/2272/2060
f 1357/2272/2060 1387/2242/2031 1386/2243/2032 1356/2273/2061
f 1356/2273/2061 1386/2243/2032 1385/2244/2033 1355/2274/2062
f 1355/2274/2062 1385/2244/2033 1384/2245/2034 1354/2275/2063
f 1354/2275/2063 1384/2245/2034 1383/2246/2035 1353/2276/2064
f 1353/2276/2064 1383/2246/2035 1382/2247/2036 1352/2277/2065
f 1352/2277/2065 1382/2247/2036 1381/2248/2037 1351/2278/2066
f 1351/2278/2066 1381/2248/2037 1380/2249/2038 1350/2279/2067
f 1350/2279/2067 1380/2249/2038 1379/2250/2039 1349/2280/2068
f 1349/2280/2068 1379/2250/2039 1378/2251/2040 1348/2281/2069
f 1348/2281/2069 1378/2251/2040 1377/2252/2041 1347/2282/2070
f 1347/2282/2070 1377/2252/2041 1376/2253/2042 1346/2283/2071
f 1346/2283/2071 1376/2253/2042 1375/2254/2043 1345/2284/2072
f 1345/2284/2072 1375/2254/2043 1374/2255/2044 1344/2285/2073
f 1344/2285/2073 1374/2255/2044 1373/2256/2045 1343/2286/2074
f 1343/2286/2074 1373/2256/2045 1372/2257/2046 1342/2287/2075
f 1342/2287/2075 1372/2257/2046 1371/2258/2047 1341/2288/2076
f 1341/2288/2076 1371/2258/2047 1370/2259/2048 1340/2289/2077
f 1340/2289/2077 1370/2259/2048 1369/2260/2049 1339/2290/2078
f 1339/2290/2078 1369/2260/2049 1368/2261/2050 1338/2291/2079
f 1338/2291/2079 1368/2261/2050 1367/2262/2051 1337/2292/2080
f 1337/2292/2080 1367/2262/2051 1366/2263/2052 1336/2293/2081
f 1336/2293/2081 1366/2263/2052 1365/2264/2053 1335/2294/2082
f 1335/2294/2082 1365/2264/2053 1364/2265/2054 1334/2295/2083
f 1334/2295/2083 1364/2265/2054 1363/2266/2055 1333/2296/2084
f 1333/2296/2084 1363/2266/2055 1362/2267/2056 1332/2297/2085
f 1332/2297/2085 1362/2267/2056 1361/2268/2057 1331/2298/2086
f 1331/2298/2086 1361/2268/2057 1360/2269/2058 1330/2299/2087
f 1330/2299/2087 1360/2269/2058 1359/2270/2059 1329/2300/2088
f 1329/2300/2088 1359/2270/2059 1358/1289/1126 1328/1287/1124
f 1122/2301/1216 1124/2271/1215 1357/2272/2060 1327/2302/2089
f 1327/2302/2089 1357/2272/2060 1356/2273/2061 1326/2303/2090
f 1326/2303/2090 1356/2273/2061 1355/2274/2062 1325/2304/2091
f 1325/2304/2091 1355/2274/2062 1354/2275/2063 1324/2305/2092
f 1324/2305/2092 1354/2275/2063 1353/2276/2064 1323/2306/2093
f 1323/2306/2093 1353/2276/2064 1352/2277/2065 1322/2307/2094
f 1322/2307/2094 1352/2277/2065 1351/2278/2066 1321/2308/2095
f 1321/2308/2095 1351/2278/2066 1350/2279/2067 1320/2309/2096
f 1320/2309/2096 1350/2279/2067 1349/2280/2068 1319/2310/2097
f 1319/2310/2097 1349/2280/2068 1348/2281/2069 1318/2311/2098
f 1318/2311/2098 1348/2281/2069 1347/2282/2070 1317/2312/2099
f 1317/2312/2099 1347/2282/2070 1346/2283/2071 1316/2313/2100
f 1316/2313/2100 1346/2283/2071 1345/2284/2072 1315/2314/2101
f 1315/2314/2101 1345/2284/2072 1344/2285/2073 1314/2315/2102
f 1314/2315/2102 1344/2285/2073 1343/2286/2074 1313/2316/2103
f 1313/2316/2103 1343/2286/2074 1342/2287/2075 1312/2317/2104
f 1312/2317/2104 1342/2287/2075 1341/2288/2076 1311/2318/2105
f 1311/2318/2105 1341/2288/2076 1340/2289/2077 1310/2319/2106
f 1310/2319/2106 1340/2289/2077 1339/2290/2078 1309/2320/2107
f 1309/2320/2107 1339/2290/2078 1338/2291/2079 1308/2321/2108
f 1308/2321/2108 1338/2291/2079 1337/2292/2080 1307/2322/2109
f 1307/2322/2109 1337/2292/2080 1336/2293/2081 1306/2323/2110
f 1306/2323/2110 1336/2293/2081 1335/2294/2082 1305/2324/2111
f 1305/2324/2111 1335/2294/2082 1334/2295/2083 1304/2325/2112
f 1304/2325/2112 1334/2295/2083 1333/2296/2084 1303/2326/2113
f 1303/2326/2113 1333/2296/2084 1332/2297/2085 1302/2327/2114
f 1302/2327/2114 1332/2297/2085 1331/2298/2086 1301/2328/2115
f 1301/2328/2115 1331/2298/2086 1330/2299/2087 1300/2329/2116
f 1300/2329/2116 1330/2299/2087 1329/2300/2088 1299/2330/2117
f 1299/2330/2117 1329/2300/2088 1328/1287/1124 1298/1285/1122
f 1120/2331/1217 1122/2301/1216 1327/2302/2089 1297/2332/2118
f 1297/2332/2118 1327/2302/2089 1326/2303/2090 1296/2333/2119
f 1296/2333/2119 1326/2303/2090 1325/2304/2091 1295/2334/2120
f 1295/2334/2120 1325/2304/2091 1324/2305/2092 1294/2335/2121
f 1294/2335/2121 1324/2305/2092 1323/2306/2093 1293/2336/2122
f 1293/2336/2122 1323/2306/2093 1322/2307/2094 1292/2337/2123
f 1292/2337/2123 1322/2307/2094 1321/2308/2095 1291/2338/2124
f 1291/2338/2124 1321/2308/2095 1320/2309/2096 1290/2339/2125
f 1290/2339/2125 1320/2309/2096 1319/2310/2097 1289/2340/2126
f 1289/2340/2126 1319/2310/2097 1318/2311/2098 1288/2341/2127
f 1288/2341/2127 1318/2311/2098 1317/2312/2099 1287/2342/2128
f 1287/2342/2128 1317/2312/2099 1316/2313/2100 1286/2343/2129
f 1286/2343/2129 1316/2313/2100 1315/2314/2101 1285/2344/2130
f 1285/2344/2130 1315/2314/2101 1314/2315/2102 1284/2345/2131
f 1284/2345/2131 1314/2315/2102 1313/2316/2103 1283/2346/2132
f 1283/2346/2132 1313/2316/2103 1312/2317/2104 1282/2347/2133
f 1282/2347/2133 1312/2317/2104 1311/2318/2105 1281/2348/2134
f 1281/2348/2134 1311/2318/2105 1310/2319/2106 1280/2349/2135
f 1280/2349/2135 1310/2319/2106 1309/2320/2107 1279/2350/2136
f 1279/2350/2136 1309/2320/2107 1308/2321/2108 1278/2351/2137
f 1278/2351/2137 1308/2321/2108 1307/2322/2109 1277/2352/2138
f 1277/2352/2138 1307/2322/2109 1306/2323/2110 1276/2353/2139
f 1276/2353/2139 1306/2323/2110 1305/2324/2111 1275/2354/2140
f 1275/2354/2140 1305/2324/2111 1304/2325/2112 1274/2355/2141
f 1274/2355/2141 1304/2325/2112 1303/2326/2113 1273/2356/2142
f 1273/2356/2142 1303/2326/2113 1302/2327/2114 1272/2357/2143
f 1272/2357/2143 1302/2327/2114 1301/2328/2115 1271/2358/2144
f 1271/2358/2144 1301/2328/2115 1300/2329/2116 1270/2359/2145
f 1270/2359/2145 1300/2329/2116 1299/2330/2117 1269/2360/2146
f 1269/2360/2146 1299/2330/2117 1298/1285/1122 1268/1283/1120
f 1118/2361/1218 1120/2331/1217 1297/2332/2118 1267/2362/2147
f 1267/2362/2147 1297/2332/2118 1296/2333/2119 1266/2363/2148
f 1266/2363/2148 1296/2333/2119 1295/2334/2120 1265/2364/2149
f 1265/2364/2149 1295/2334/2120 1294/2335/2121 1264/2365/2150
f 1264/2365/2150 1294/2335/2121 1293/2336/2122 1263/2366/2151
f 1263/2366/2151 1293/2336/2122 1292/2337/2123 1262/2367/2152
f 1262/2367/2152 1292/2337/2123 1291/2338/2124 1261/2368/2153
f 1261/2368/2153 1291/2338/2124 1290/2339/2125 1260/2369/2154
f 1260/2369/2154 1290/2339/2125 1289/2340/2126 1259/2370/2155
f 1259/2370/2155 1289/2340/2126 1288/2341/2127 1258/2371/2156
f 1258/2371/2156 1288/2341/2127 1287/2342/2128 1257/2372/2157
f 1257/2372/2157 1287/2342/2128 1286/2343/2129 1256/2373/2158
f 1256/2373/2158 1286/2343/2129 1285/2344/2130 1255/2374/2159
f 1255/2374/2159 1285/2344/2130 1284/2345/2131 1254/2375/2160
f 1254/2375/2160 1284/2345/2131 1283/2346/2132 1253/2376/2161
f 1253/2376/2161 1283/2346/2132 1282/2347/2133 1252/2377/2162
f 1252/2377/2162 1282/2347/2133 1281/2348/2134 1251/2378/2163
f 1251/2378/2163 1281/2348/2134 1280/2349/2135 1250/2379/2164
f 1250/2379/2164 1280/2349/2135 1279/2350/2136 1249/2380/2165
f 1249/2380/2165 1279/2350/2136 1278/2351/2137 1248/2381/2166
f 1248/2381/2166 1278/2351/2137 1277/2352/2138 1247/2382/2167
f 1247/2382/2167 1277/2352/2138 1276/2353/2139 1246/2383/2168
f 1246/2383/2168 1276/2353/2139 1275/2354/2140 1245/2384/2169
f 1245/2384/2169 1275/2354/2140 1274/2355/2141 1244/2385/2170
f 1244/2385/2170 1274/2355/2141 1273/2356/2142 1243/2386/2171
f 1243/2386/2171 1273/2356/2142 1272/2357/2143 1242/2387/2172
f 1242/2387/2172 1272/2357/2143 1271/2358/2144 1241/2388/2173
f 1241/2388/2173 1271/2358/2144 1270/2359/2145 1240/2389/2174
f 1240/2389/2174 1270/2359/2145 1269/2360/2146 1239/2390/2175
f 1239/2390/2175 1269/2360/2146 1268/1283/1120 1238/1281/1118
f 1116/2391/1219 1118/2361/1218 1267/2362/2147 1237/2392/2176
f 1237/2392/2176 1267/2362/2147 1266/2363/2148 1236/2393/2177
f 1236/2393/2177 1266/2363/2148 1265/2364/2149 1235/2394/2178
f 1235/2394/2178 1265/2364/2149 1264/2365/2150 1234/2395/2179
f 1234/2395/2179 1264/2365/2150 1263/2366/2151 1233/2396/2180
f 1233/2396/2180 1263/2366/2151 1262/2367/2152 1232/2397/2181
f 1232/2397/2181 1262/2367/2152 1261/2368/2153 1231/2398/2182
f 1231/2398/2182 1261/2368/2153 1260/2369/2154 1230/2399/2183
f 1230/2399/2183 1260/2369/2154 1259/2370/2155 1229/2400/2184
f 1229/2400/2184 1259/2370/2155 1258/2371/2156 1228/2401/2185
f 1228/2401/2185 1258/2371/2156 1257/2372/2157 1227/2402/2186
f 1227/2402/2186 1257/2372/2157 1256/2373/2158 1226/2403/2187
f 1226/2403/2187 1256/2373/2158 1255/2374/2159 1225/2404/2188
f 1225/2404/2188 1255/2374/2159 1254/2375/2160 1224/2405/2189
f 1224/2405/2189 1254/2375/2160 1253/2376/2161 1223/2406/2190
f 1223/2406/2190 1253/2376/2161 1252/2377/2162 1222/2407/2191
f 1222/2407/2191 1252/2377/2162 1251/2378/2163 1221/2408/2192
f 1221/2408/2192 1251/2378/2163 1250/2379/2164 1220/2409/2193
f 1220/2409/2193 1250/2379/2164 1249/2380/2165 1219/2410/2194
f 1219/2410/2194 1249/2380/2165 1248/2381/2166 1218/2411/2195
f 1218/2411/2195 1248/2381/2166 1247/2382/2167 1217/2412/2196
f 1217/2412/2196 1247/2382/2167 1246/2383/2168 1216/2413/2197
f 1216/2413/2197 1246/2383/2168 1245/2384/2169 1215/2414/2198
f 1215/2414/2198 1245/2384/2169 1244/2385/2170 1214/2415/2199
f 1214/2415/2199 1244/2385/2170 1243/2386/2171 1213/2416/2200
f 1213/2416/2200 1243/2386/2171 1242/2387/2172 1212/2417/2201
f 1212/2417/2201 1242/2387/2172 1241/2388/2173 1211/2418/2202
f 1211/2418/2202 1241/2388/2173 1240/2389/2174 1210/2419/2203
f 1210/2419/2203 1240/2389/2174 1239/2390/2175 1209/2420/2204
f 1209/2420/2204 1239/2390/2175 1238/1281/1118 1208/1278/1115
f 2139/1556/1202 1116/2391/1219 1237/2392/2176 2199/1554/1371
f 2199/1554/1371 1237/2392/2176 1236/2393/2177 2200/1552/1369
f 2200/1552/1369 1236/2393/2177 1235/2394/2178 2201/1550/1367
f 2201/1550/1367 1235/2394/2178 1234/2395/2179 2202/1548/1365
f 2202/1548/1365 1234/2395/2179 1233/2396/2180 2203/1546/1363
f 2203/1546/1363 1233/2396/2180 1232/2397/2181 2204/1543/1361
f 2204/1543/1361 1232/2397/2181 1231/2398/2182 1184/2421/1246 2143/1544/1245
f 1184/2421/1246 1231/2398/2182 1230/2399/2183 1185/2422/1247
f 1185/2422/1247 1230/2399/2183 1229/2400/2184 1186/2423/1249
f 1186/2423/1249 1229/2400/2184 1228/2401/2185 1187/2424/1251
f 1187/2424/1251 1228/2401/2185 1227/2402/2186 1188/2425/1253
f 1188/2425/1253 1227/2402/2186 1226/2403/2187 1189/2426/1255
f 1189/2426/1255 1226/2403/2187 1225/2404/2188 1190/2427/1257
f 1190/2427/1257 1225/2404/2188 1224/2405/2189 1191/2428/1258
f 1191/2428/1258 1224/2405/2189 1223/2406/2190 1192/2429/1259
f 1192/2429/1259 1223/2406/2190 1222/2407/2191 1193/2430/1261
f 1193/2430/1261 1222/2407/2191 1221/2408/2192 1194/2431/1263
f 1194/2431/1263 1221/2408/2192 1220/2409/2193 1195/2432/1265
f 1195/2432/1265 1220/2409/2193 1219/2410/2194 1196/2433/1267
f 1196/2433/1267 1219/2410/2194 1218/2411/2195 1197/2434/1269
f 1197/2434/1269 1218/2411/2195 1217/2412/2196 1198/2435/1271
f 1198/2435/1271 1217/2412/2196 1216/2413/2197 1199/2436/1273
f 1199/2436/1273 1216/2413/2197 1215/2414/2198 1200/2437/1275
f 1200/2437/1275 1215/2414/2198 1214/2415/2199 1201/2438/1277
f 1201/2438/1277 1214/2415/2199 1213/2416/2200 1202/2439/1279
f 1202/2439/1279 1213/2416/2200 1212/2417/2201 1203/2440/1281
f 1203/2440/1281 1212/2417/2201 1211/2418/2202 1204/2441/1283
f 1204/2441/1283 1211/2418/2202 1210/2419/2203 1205/2442/1285
f 1205/2442/1285 1210/2419/2203 1209/2420/2204 1206/2443/1287
f 1206/2443/1287 1209/2420/2204 1208/1278/1115 1207/1277/1114
f 2208/2444/1316 2138/2445/1196 2207/2446/2205
f 1131/1294/1131 2138/2447/1196 1129/1292/1129
f 2210/2448/1314 2138/2449/1196 2209/2450/2206
f 2212/1497/1318 2138/2451/1196 2211/1498/1296
f 1123/1286/1123 2138/2452/1196 1121/1284/1121
f 1141/1304/1141 2138/2453/1196 1139/1302/1139
f 2213/2454/1310 2138/2455/1196 2206/2456/1195
f 2214/1492/1315 2138/2457/1196 2208/1493/1316
f 1133/1296/1133 2138/2458/1196 1131/1294/1131
f 2215/1489/1313 2138/2459/1196 2210/1490/1314
f 2216/2460/1306 2138/2461/1196 2212/2462/1318
f 1125/1288/1125 2138/2463/1196 1123/1286/1123
f 1143/1306/1143 2138/2464/1196 1141/1304/1141
f 2217/1483/1309 2138/2465/1196 2213/1484/1310
f 1117/1279/1116 2138/2466/1196 1115/1280/1117
f 2169/1364/1200 2142/1367/1201 1114/2467/2207 1680/1956/1321
f 1135/1298/1135 2138/2468/1196 1133/1296/1133
f 2218/2469/1300 2138/2470/1196 2215/2471/1313
f 2219/1477/1305 2138/2472/1196 2216/1478/1306
f 1127/1290/1127 2138/2473/1196 1125/1288/1125
f 1145/1308/1145 2138/2474/1196 1143/1306/1143
f 2220/2475/1297 2138/2476/1196 2217/2477/1309
f 1119/1282/1119 2138/2478/1196 1117/1279/1116
f 1137/1300/1137 2138/2479/1196 1135/1298/1135
f 2205/1468/1197 2138/2480/1196 2218/1469/1300
f 2207/2481/2205 2138/2482/1196 2219/2483/1305
f 1129/1292/1129 2138/2484/1196 1127/1290/1127
f 2209/2485/2206 2138/2486/1196 1145/1308/1145 2140/2487/2208
f 2211/1462/1296 2138/2488/1196 2220/1463/1297
f 1121/1284/1121 2138/2489/1196 1119/1282/1119
f 1139/1302/1139 2138/2490/1196 1137/1300/1137
f 1895/1727/1543 1162/1500/1319 1164/1481/1308 1925/1755/1571
f 2015/1839/1655 1170/1459/1293 1172/1495/1317 2045/1867/1683
f 1745/1587/1403 1152/2491/2209 1154/1487/1312 1775/1615/1431
f 1865/1699/1515 1160/1465/1298 1162/1500/1319 1895/1727/1543
f 1985/1811/1627 1168/1460/1294 1170/1459/1293 2015/1839/1655
f 1955/1783/1599 1166/1480/1307 1168/1460/1294 1985/1811/1627
f 1925/1755/1571 1164/1481/1308 1166/1480/1307 1955/1783/1599
f 1715/1558/1374 1150/1471/1301 1152/2491/2209 1745/1587/1403
f 1681/1504/1322 1148/1472/1302 1150/1471/1301 1715/1558/1374
f 2139/1368/1202 1147/2492/1373 1149/2493/1402 1151/2494/1430 1153/2495/1458 1155/2496/1486 1157/2497/1514 1159/2498/1542 1161/2499/1570 1163/2500/1598 1165/2501/1626 1167/2502/1654 1169/2503/1158 1171/2504/1161 1173/2505/1740 1175/2506/1753 1177/2507/1769 2141/1369/1203
f 2075/1318/1155 1174/1475/1304 1176/1474/1303 2105/1319/1156
f 2045/1867/1683 1172/1495/1317 1174/1475/1304 2075/1318/1155
f 1835/1671/1487 1158/1466/1299 1160/1465/1298 1865/1699/1515
f 1805/1643/1459 1156/1486/1311 1158/1466/1299 1835/1671/1487
f 1775/1615/1431 1154/1487/1312 1156/1486/1311 1805/1643/1459
f 2151/1422/1256 2152/1309/1146 1658/1312/1149 1183/2508/1198
f 2149/1418/1252 2150/1420/1254 1182/2509/1352 1181/2510/1353
f 2148/1416/1250 2149/1418/1252 1181/2510/1353 1180/2511/1355
f 2147/1414/1248 2148/1416/1250 1180/2511/1355 1179/2512/1357
f 2146/1410/1244 2147/1414/1248 1179/2512/1357 1178/2513/1359
f 1629/2029/1826 2197/2514/2210 2198/2515/2211 1628/1307/1144
f 1636/2020/1817 2195/1408/1242 2196/1458/1292 1635/2022/1819
f 1637/2018/1815 2194/1409/1243 2195/1408/1242 1636/2020/1817
f 1638/2016/1813 2193/1404/1238 2194/1409/1243 1637/2018/1815
f 1639/2014/1811 2192/1405/1239 2193/1404/1238 1638/2016/1813
f 1640/2012/1809 2191/1400/1234 2192/1405/1239 1639/2014/1811
f 1641/2010/1807 2190/1401/1235 2191/1400/1234 1640/2012/1809
f 1642/2008/1805 2189/1396/1230 2190/1401/1235 1641/2010/1807
f 1643/2006/1803 2188/1397/1231 2189/1396/1230 1642/2008/1805
f 1644/2004/1801 2187/1392/1226 2188/1397/1231 1643/2006/1803
f 1645/2002/1799 2186/1393/1227 2187/1392/1226 1644/2004/1801
f 1646/2000/1797 2185/1388/1222 2186/1393/1227 1645/2002/1799
f 1647/1998/1795 2184/1389/1223 2185/1388/1222 1646/2000/1797
f 1648/1996/1793 2183/1456/1290 2184/1389/1223 1647/1998/1795
f 1649/1994/1791 2182/2516/2212 2183/1456/1290 1648/1996/1793
f 1650/1992/1789 2181/2517/2213 2182/2516/2212 1649/1994/1791
f 1651/1990/1787 2180/2518/2214 2181/2517/2213 1650/1992/1789
f 1652/1988/1785 2179/2519/2215 2180/2518/2214 1651/1990/1787
f 1653/1986/1783 2178/2520/2216 2179/2519/2215 1652/1988/1785
f 1661/1976/1775 2176/2521/2217 2177/2522/2218 1660/1978/1777
f 1662/1974/1773 2175/2523/2219 2176/2521/2217 1661/1976/1775
f 1663/1972/1771 2174/2524/2220 2175/2523/2219 1662/1974/1773
f 1685/1945/1759 2172/2525/2221 2173/2526/2222 1684/1947/1761
f 1686/1943/1757 2171/2527/2223 2172/2525/2221 1685/1945/1759
f 1687/1941/1755 2170/2528/2224 2171/2527/2223 1686/1943/1757
f 1659/2529/1148 1665/1530/1348 1700/1533/1351 1701/1574/1390
f 1666/1531/1349 1667/1526/1344 1698/1529/1347 1699/1532/1350
f 1668/1527/1345 1669/1522/1340 1696/1525/1343 1697/1528/1346
f 1670/1523/1341 1671/1518/1336 1694/1521/1339 1695/1524/1342
f 1672/1519/1337 1673/1514/1332 1692/1517/1335 1693/1520/1338
f 1674/1515/1333 1675/1510/1328 1690/1513/1331 1691/1516/1334
f 1676/1511/1329 1677/1506/1324 1688/1509/1327 1689/1512/1330
f 1678/1507/1325 1679/1502/1320 1682/1505/1323 1683/1508/1326
f 2208/2444/1316 2207/2446/2205 2226/2530/1295
f 2210/2448/1314 2209/2450/2206 2226/2531/1295
f 1154/1487/1312 1152/2491/2209 2226/2532/1295
f 2213/2454/1310 2206/2456/1195 2226/2533/1295
f 1164/1481/1308 1162/1500/1319 2226/2534/1295
f 2216/2460/1306 2212/2462/1318 2226/2535/1295
f 1174/1475/1304 1172/1495/1317 2226/2536/1295
f 1148/1472/1302 1114/2537/2207 2226/2538/1295
f 2218/2469/1300 2215/2471/1313 2226/2539/1295
f 1158/1466/1299 1156/1486/1311 2226/2540/1295
f 2220/2475/1297 2217/2477/1309 2226/2541/1295
f 1168/1460/1294 1166/1480/1307 2226/2542/1295
f 2207/2481/2205 2219/2483/1305 2226/2543/1295
f 2209/2485/2206 2140/2487/2208 1176/1474/1303 2226/2544/1295
f 1152/2491/2209 1150/1471/1301 2226/2545/1295
f 1684/1947/1761 2173/2526/2222 2145/2546/2225
f 1654/1948/1762 1684/1947/1761 2145/2546/2225 2178/2520/2216 1653/1986/1783
f 1635/2022/1819 2196/1458/1292 1664/1950/1764 1634/1971/1770
f 1663/1972/1771 1664/1950/1764 2174/2524/2220
f 1660/1978/1777 2177/2522/2218 2144/2547/2226
f 1630/1979/1778 1660/1978/1777 2144/2547/2226 2197/2514/2210 1629/2029/1826
f 2106/1320/1157 2105/1319/1156 2198/2515/2211 2197/2514/2210
f 2150/1420/1254 2151/1422/1256 1183/2508/1198 1182/2509/1352
f 1658/1362/1149 1659/2529/1148 1701/1574/1390 1702/1363/1199
f 1115/1366/1117 2138/2548/1196 2214/2549/1315 2142/1367/1201
f 1146/1940/1204 2141/2550/1203 2170/2528/2224 1687/1941/1755
f 1628/1307/1144 2198/2515/2211 2140/2487/2208 1145/1308/1145
f 1680/1503/1321 1114/2537/2207 1148/1472/1302 1681/1504/1322
f 2206/1358/1195 2205/1360/1197 2226/2551/1295
f 2146/1410/1244 1178/2513/1359 2143/1411/1245
f 2126/1928/1744 2125/1455/1289 2183/1456/1290 2182/2516/2212
f 2127/1929/1745 2126/1928/1744 2182/2516/2212 2181/2517/2213
f 2128/1930/1746 2127/1929/1745 2181/2517/2213 2180/2518/2214
f 2129/1931/1747 2128/1930/1746 2180/2518/2214 2179/2519/2215
f 2130/1932/1748 2129/1931/1747 2179/2519/2215 2178/2520/2216
f 2136/1315/1152 2135/1938/1754 2177/2522/2218 2176/2521/2217
f 2137/1316/1153 2136/1315/1152 2176/2521/2217 2175/2523/2219
f 2221/1949/1763 2137/1316/1153 2175/2523/2219 2174/2524/2220
f 2223/1952/1766 2222/1951/1765 2173/2526/2222 2172/2525/2221
f 2224/1953/1767 2223/1952/1766 2172/2525/2221 2171/2527/2223
f 2225/1954/1768 2224/1953/1767 2171/2527/2223 2170/2528/2224
f 2222/1951/1765 2145/2546/2225 2173/2526/2222
f 2131/1933/1749 2130/1932/1748 2178/2520/2216 2145/2546/2225 2222/1951/1765
f 2112/1457/1291 2111/1927/1743 1664/1950/1764 2196/1458/1292
f 2221/1949/1763 2174/2524/2220 1664/1950/1764
f 2135/1938/1754 2144/2547/2226 2177/2522/2218
f 2107/1925/1741 2106/1320/1157 2197/2514/2210 2144/2547/2226 2135/1938/1754
f 1114/2467/2207 2142/1367/1201 2214/2549/1315 2226/2552/1295
f 1177/1955/1769 2225/1954/1768 2170/2528/2224 2141/2550/1203
f 2105/1319/1156 1176/1474/1303 2140/2487/2208 2198/2515/2211
f 2320/2553/2227 2321/2554/2228 2230/2555/2229 2228/2556/2230
f 2321/2554/2228 2351/2557/2231 2232/2558/2232 2230/2555/2229
f 2351/2557/2231 2381/2559/2233 2234/2560/2234 2232/2558/2232
f 2381/2559/2233 2411/2561/2235 2236/2562/2236 2234/2560/2234
f 2411/2561/2235 2441/2563/2237 2238/2564/2238 2236/2562/2236
f 2441/2563/2237 2471/2565/2239 2240/2566/2240 2238/2564/2238
f 2471/2565/2239 2501/2567/2241 2242/2568/2242 2240/2566/2240
f 2501/2567/2241 2531/2569/2243 2244/2570/2244 2242/2568/2242
f 2531/2569/2243 2561/2571/2245 2246/2572/2246 2244/2570/2244
f 2561/2571/2245 2591/2573/2247 2248/2574/2248 2246/2572/2246
f 2591/2573/2247 2621/2575/2249 2250/2576/2250 2248/2574/2248
f 2621/2575/2249 2651/2577/2251 2252/2578/2252 2250/2576/2250
f 2651/2577/2251 2681/2579/2253 2254/2580/2254 2252/2578/2252
f 2681/2579/2253 2711/2581/2255 2256/2582/2256 2254/2580/2254
f 2711/2581/2255 2741/2583/2257 2258/2584/2258 2256/2582/2256
f 3265/2585/2259 3266/2586/2260 2772/2587/2261 2771/2588/2262
f 3222/2589/2263 3221/2590/2264 3249/2591/2265 3250/2592/2266
f 3189/2593/2267 3188/2594/2268 3218/2595/2269 3219/2596/2270
f 2282/2597/2271 3157/2598/2272 3187/2599/2273 2284/2600/2274
f 3127/2601/2275 3126/2602/2276 3156/2603/2277 3157/2598/2272
f 3096/2604/2278 3095/2605/2279 3125/2606/2280 3126/2602/2276
f 3065/2607/2281 3064/2608/2282 3094/2609/2283 3095/2605/2279
f 3034/2610/2284 3033/2611/2285 3063/2612/2286 3064/2608/2282
f 3003/2613/2287 3002/2614/2288 3032/2615/2289 3033/2611/2285
f 2972/2616/2290 2971/2617/2291 3001/2618/2292 3002/2614/2288
f 2941/2619/2293 2940/2620/2294 2970/2621/2295 2971/2617/2291
f 2910/2622/2296 2909/2623/2297 2939/2624/2298 2940/2620/2294
f 2879/2625/2299 2878/2626/2300 2908/2627/2301 2909/2623/2297
f 2848/2628/2302 2847/2629/2303 2877/2630/2304 2878/2626/2300
f 2817/2631/2305 2816/2632/2306 2846/2633/2307 2847/2629/2303
f 3319/2634/2308 3251/2635/2309 3318/2636/2310
f 2296/2637/2311 2771/2638/2262 2815/2639/2312 2816/2632/2306
f 3282/2640/2313 2320/2641/2227 2228/2642/2230 3255/2643/2314
f 3252/2644/2315 3254/2645/2316 2259/2646/2317 2257/2647/2318 2255/2648/2319 2253/2649/2320 2251/2650/2321 2249/2651/2322 2247/2652/2323 2245/2653/2324 2243/2654/2325 2241/2655/2326 2239/2656/2327 2237/2657/2328 2235/2658/2329 2233/2659/2330 2231/2660/2331 2229/2661/2332
f 3237/2662/2333 3236/2663/2334 3298/2664/2335 3297/2665/2336
f 3235/2666/2337 3234/2667/2338 3300/2668/2339 3299/2669/2340
f 3233/2670/2341 3232/2671/2342 3302/2672/2343 3301/2673/2344
f 3231/2674/2345 3230/2675/2346 3304/2676/2347 3303/2677/2348
f 3229/2678/2349 3228/2679/2350 3306/2680/2351 3305/2681/2352
f 3227/2682/2353 3226/2683/2354 3308/2684/2355 3307/2685/2356
f 3259/2686/2357 3256/2687/2358 2297/2688/2359
f 3259/2686/2357 2297/2688/2359 2298/2689/2360 3260/2690/2361
f 3260/2690/2361 2298/2689/2360 2299/2691/2362 3261/2692/2363
f 3261/2692/2363 2299/2691/2362 2300/2693/2364 3262/2694/2365
f 3262/2694/2365 2300/2693/2364 2301/2695/2366 3263/2696/2367
f 3263/2696/2367 2301/2695/2366 2302/2697/2368 3264/2698/2369
f 3264/2698/2369 2302/2697/2368 2303/2699/2370 3265/2585/2259
f 3265/2585/2259 2303/2699/2370 2304/2700/2371 3266/2586/2260
f 3266/2586/2260 2304/2700/2371 2305/2701/2372 3267/2702/2373
f 3267/2702/2373 2305/2701/2372 2306/2703/2374 3268/2704/2375
f 3268/2704/2375 2306/2703/2374 2307/2705/2376 3269/2706/2377
f 3269/2706/2377 2307/2705/2376 2308/2707/2378 3270/2708/2379
f 3270/2708/2379 2308/2707/2378 2309/2709/2380 3271/2710/2381
f 3271/2710/2381 2309/2709/2380 2310/2711/2382 3272/2712/2383
f 3272/2712/2383 2310/2711/2382 2311/2713/2384 3273/2714/2385
f 3273/2714/2385 2311/2713/2384 2312/2715/2386 3274/2716/2387
f 3274/2716/2387 2312/2715/2386 2313/2717/2388 3275/2718/2389
f 3275/2718/2389 2313/2717/2388 2314/2719/2390 3276/2720/2391
f 3276/2720/2391 2314/2719/2390 2315/2721/2392 3277/2722/2393
f 3277/2722/2393 2315/2721/2392 2316/2723/2394 3278/2724/2395
f 3278/2724/2395 2316/2723/2394 2317/2725/2396 3279/2726/2397
f 3279/2726/2397 2317/2725/2396 2318/2727/2398 3280/2728/2399
f 3280/2728/2399 2318/2727/2398 2319/2729/2400 3281/2730/2401
f 3281/2730/2401 2319/2729/2400 2320/2641/2227 3282/2640/2313
f 3238/2731/2402 3237/2662/2333 3297/2665/2336 3296/2732/2403
f 3236/2663/2334 3235/2666/2337 3299/2669/2340 3298/2664/2335
f 3234/2667/2338 3233/2670/2341 3301/2673/2344 3300/2668/2339
f 3232/2671/2342 3231/2674/2345 3303/2677/2348 3302/2672/2343
f 3230/2675/2346 3229/2678/2349 3305/2681/2352 3304/2676/2347
f 3228/2679/2350 3227/2682/2353 3307/2685/2356 3306/2680/2351
f 3226/2683/2354 3225/2733/2404 3309/2734/2405 3308/2684/2355
f 2283/2735/2406 2281/2736/2407 3339/2737/2408
f 3324/2738/2409 3333/2739/2410 3339/2740/2408
f 2273/2741/2411 2271/2742/2412 3339/2743/2408
f 3318/2744/2310 3331/2745/2413 3339/2746/2408
f 2263/2747/2414 2261/2748/2415 3339/2749/2408
f 2289/2750/2416 2287/2751/2417 3339/2752/2408
f 3332/2753/2418 3329/2754/2419 3339/2755/2408
f 2279/2756/2420 2277/2757/2421 3339/2758/2408
f 3330/2759/2422 3326/2760/2423 3339/2761/2408
f 2269/2762/2424 2267/2763/2425 3339/2764/2408
f 3328/2765/2426 3323/2766/2427 3339/2767/2408
f 3327/2768/2428 3321/2769/2429 3339/2770/2408
f 2285/2771/2430 2283/2735/2406 3339/2772/2408
f 3325/2773/2431 3324/2774/2409 3339/2775/2408
f 2275/2776/2432 2273/2741/2411 3339/2777/2408
f 2792/2778/2433 2793/2779/2434 2794/2780/2435 2795/2781/2436
f 2790/2782/2437 2791/2783/2438 2796/2784/2439 2801/2785/2440
f 2788/2786/2441 2789/2787/2442 2802/2788/2443 2803/2789/2444
f 2786/2790/2445 2787/2791/2446 2804/2792/2447 2805/2793/2448
f 2784/2794/2449 2785/2795/2450 2806/2796/2451 2807/2797/2452
f 2782/2798/2453 2783/2799/2454 2808/2800/2455 2809/2801/2456
f 2780/2802/2457 2781/2803/2458 2810/2804/2459 2811/2805/2460
f 2778/2806/2461 2779/2807/2462 2812/2808/2463 2813/2809/2464
f 2295/2810/2465 2296/2637/2311 2816/2632/2306 2817/2631/2305
f 2294/2811/2466 2295/2810/2465 2817/2631/2305 2818/2812/2467
f 2293/2813/2468 2294/2811/2466 2818/2812/2467 2819/2814/2469
f 2292/2815/2470 2293/2813/2468 2819/2814/2469 2820/2816/2471
f 2291/2817/2472 2292/2815/2470 2820/2816/2471 2821/2818/2473
f 3317/2819/2474 3256/2820/2358 2291/2817/2472 2821/2818/2473 2822/2821/2475
f 3316/2822/2476 3317/2819/2474 2822/2821/2475 2823/2823/2477
f 3315/2824/2478 3316/2822/2476 2823/2823/2477 2824/2825/2479
f 3314/2826/2480 3315/2824/2478 2824/2825/2479 2825/2827/2481
f 3313/2828/2482 3314/2826/2480 2825/2827/2481 2826/2829/2483
f 3312/2830/2484 3313/2828/2482 2826/2829/2483 2827/2831/2485
f 3252/2832/2315 3312/2830/2484 2827/2831/2485 2260/2833/2486
f 2795/2781/2436 2794/2780/2435 2828/2834/2487 2829/2835/2488
f 2796/2784/2439 2795/2781/2436 2829/2835/2488 2830/2836/2489
f 2801/2785/2440 2796/2784/2439 2830/2836/2489 2831/2837/2490
f 2802/2788/2443 2801/2785/2440 2831/2837/2490 2832/2838/2491
f 2803/2789/2444 2802/2788/2443 2832/2838/2491 2833/2839/2492
f 2804/2792/2447 2803/2789/2444 2833/2839/2492 2834/2840/2493
f 2805/2793/2448 2804/2792/2447 2834/2840/2493 2835/2841/2494
f 2806/2796/2451 2805/2793/2448 2835/2841/2494 2836/2842/2495
f 2807/2797/2452 2806/2796/2451 2836/2842/2495 2837/2843/2496
f 2808/2800/2455 2807/2797/2452 2837/2843/2496 2838/2844/2497
f 2809/2801/2456 2808/2800/2455 2838/2844/2497 2839/2845/2498
f 2810/2804/2459 2809/2801/2456 2839/2845/2498 2840/2846/2499
f 2811/2805/2460 2810/2804/2459 2840/2846/2499 2841/2847/2500
f 2812/2808/2463 2811/2805/2460 2841/2847/2500 2842/2848/2501
f 2813/2809/2464 2812/2808/2463 2842/2848/2501 2843/2849/2502
f 2814/2850/2503 2813/2809/2464 2843/2849/2502 2844/2851/2504
f 2815/2639/2312 2814/2850/2503 2844/2851/2504 2845/2852/2505
f 2816/2632/2306 2815/2639/2312 2845/2852/2505 2846/2633/2307
f 2818/2812/2467 2817/2631/2305 2847/2629/2303 2848/2628/2302
f 2819/2814/2469 2818/2812/2467 2848/2628/2302 2849/2853/2506
f 2820/2816/2471 2819/2814/2469 2849/2853/2506 2850/2854/2507
f 2821/2818/2473 2820/2816/2471 2850/2854/2507 2851/2855/2508
f 2822/2821/2475 2821/2818/2473 2851/2855/2508 2852/2856/2509
f 2823/2823/2477 2822/2821/2475 2852/2856/2509 2853/2857/2510
f 2824/2825/2479 2823/2823/2477 2853/2857/2510 2854/2858/2511
f 2825/2827/2481 2824/2825/2479 2854/2858/2511 2855/2859/2512
f 2826/2829/2483 2825/2827/2481 2855/2859/2512 2856/2860/2513
f 2827/2831/2485 2826/2829/2483 2856/2860/2513 2857/2861/2514
f 2260/2833/2486 2827/2831/2485 2857/2861/2514 2262/2862/2515
f 2829/2835/2488 2828/2834/2487 2858/2863/2516 2859/2864/2517
f 2830/2836/2489 2829/2835/2488 2859/2864/2517 2860/2865/2518
f 2831/2837/2490 2830/2836/2489 2860/2865/2518 2861/2866/2519
f 2832/2838/2491 2831/2837/2490 2861/2866/2519 2862/2867/2520
f 2833/2839/2492 2832/2838/2491 2862/2867/2520 2863/2868/2521
f 2834/2840/2493 2833/2839/2492 2863/2868/2521 2864/2869/2522
f 2835/2841/2494 2834/2840/2493 2864/2869/2522 2865/2870/2523
f 2836/2842/2495 2835/2841/2494 2865/2870/2523 2866/2871/2524
f 2837/2843/2496 2836/2842/2495 2866/2871/2524 2867/2872/2525
f 2838/2844/2497 2837/2843/2496 2867/2872/2525 2868/2873/2526
f 2839/2845/2498 2838/2844/2497 2868/2873/2526 2869/2874/2527
f 2840/2846/2499 2839/2845/2498 2869/2874/2527 2870/2875/2528
f 2841/2847/2500 2840/2846/2499 2870/2875/2528 2871/2876/2529
f 2842/2848/2501 2841/2847/2500 2871/2876/2529 2872/2877/2530
f 2843/2849/2502 2842/2848/2501 2872/2877/2530 2873/2878/2531
f 2844/2851/2504 2843/2849/2502 2873/2878/2531 2874/2879/2532
f 2845/2852/2505 2844/2851/2504 2874/2879/2532 2875/2880/2533
f 2846/2633/2307 2845/2852/2505 2875/2880/2533 2876/2881/2534
f 2847/2629/2303 2846/2633/2307 2876/2881/2534 2877/2630/2304
f 2849/2853/2506 2848/2628/2302 2878/2626/2300 2879/2625/2299
f 2850/2854/2507 2849/2853/2506 2879/2625/2299 2880/2882/2535
f 2851/2855/2508 2850/2854/2507 2880/2882/2535 2881/2883/2536
f 2852/2856/2509 2851/2855/2508 2881/2883/2536 2882/2884/2537
f 2853/2857/2510 2852/2856/2509 2882/2884/2537 2883/2885/2538
f 2854/2858/2511 2853/2857/2510 2883/2885/2538 2884/2886/2539
f 2855/2859/2512 2854/2858/2511 2884/2886/2539 2885/2887/2540
f 2856/2860/2513 2855/2859/2512 2885/2887/2540 2886/2888/2541
f 2857/2861/2514 2856/2860/2513 2886/2888/2541 2887/2889/2542
f 2262/2862/2515 2857/2861/2514 2887/2889/2542 2264/2890/2543
f 2859/2864/2517 2858/2863/2516 2888/2891/2544 2889/2892/2545
f 2860/2865/2518 2859/2864/2517 2889/2892/2545 2890/2893/2546
f 2861/2866/2519 2860/2865/2518 2890/2893/2546 2891/2894/2547
f 2862/2867/2520 2861/2866/2519 2891/2894/2547 2892/2895/2548
f 2863/2868/2521 2862/2867/2520 2892/2895/2548 2893/2896/2549
f 2864/2869/2522 2863/2868/2521 2893/2896/2549 2894/2897/2550
f 2865/2870/2523 2864/2869/2522 2894/2897/2550 2895/2898/2551
f 2866/2871/2524 2865/2870/2523 2895/2898/2551 2896/2899/2552
f 2867/2872/2525 2866/2871/2524 2896/2899/2552 2897/2900/2553
f 2868/2873/2526 2867/2872/2525 2897/2900/2553 2898/2901/2554
f 2869/2874/2527 2868/2873/2526 2898/2901/2554 2899/2902/2555
f 2870/2875/2528 2869/2874/2527 2899/2902/2555 2900/2903/2556
f 2871/2876/2529 2870/2875/2528 2900/2903/2556 2901/2904/2557
f 2872/2877/2530 2871/2876/2529 2901/2904/2557 2902/2905/2558
f 2873/2878/2531 2872/2877/2530 2902/2905/2558 2903/2906/2559
f 2874/2879/2532 2873/2878/2531 2903/2906/2559 2904/2907/2560
f 2875/2880/2533 2874/2879/2532 2904/2907/2560 2905/2908/2561
f 2876/2881/2534 2875/2880/2533 2905/2908/2561 2906/2909/2562
f 2877/2630/2304 2876/2881/2534 2906/2909/2562 2907/2910/2563
f 2878/2626/2300 2877/2630/2304 2907/2910/2563 2908/2627/2301
f 2880/2882/2535 2879/2625/2299 2909/2623/2297 2910/2622/2296
f 2881/2883/2536 2880/2882/2535 2910/2622/2296 2911/2911/2564
f 2882/2884/2537 2881/2883/2536 2911/2911/2564 2912/2912/2565
f 2883/2885/2538 2882/2884/2537 2912/2912/2565 2913/2913/2566
f 2884/2886/2539 2883/2885/2538 2913/2913/2566 2914/2914/2567
f 2885/2887/2540 2884/2886/2539 2914/2914/2567 2915/2915/2568
f 2886/2888/2541 2885/2887/2540 2915/2915/2568 2916/2916/2569
f 2887/2889/2542 2886/2888/2541 2916/2916/2569 2917/2917/2570
f 2264/2890/2543 2887/2889/2542 2917/2917/2570 2266/2918/2571
f 2889/2892/2545 2888/2891/2544 2918/2919/2572 2919/2920/2573
f 2890/2893/2546 2889/2892/2545 2919/2920/2573 2920/2921/2574
f 2891/2894/2547 2890/2893/2546 2920/2921/2574 2921/2922/2575
f 2892/2895/2548 2891/2894/2547 2921/2922/2575 2922/2923/2576
f 2893/2896/2549 2892/2895/2548 2922/2923/2576 2923/2924/2577
f 2894/2897/2550 2893/2896/2549 2923/2924/2577 2924/2925/2578
f 2895/2898/2551 2894/2897/2550 2924/2925/2578 2925/2926/2579
f 2896/2899/2552 2895/2898/2551 2925/2926/2579 2926/2927/2580
f 2897/2900/2553 2896/2899/2552 2926/2927/2580 2927/2928/2581
f 2898/2901/2554 2897/2900/2553 2927/2928/2581 2928/2929/2582
f 2899/2902/2555 2898/2901/2554 2928/2929/2582 2929/2930/2583
f 2900/2903/2556 2899/2902/2555 2929/2930/2583 2930/2931/2584
f 2901/2904/2557 2900/2903/2556 2930/2931/2584 2931/2932/2585
f 2902/2905/2558 2901/2904/2557 2931/2932/2585 2932/2933/2586
f 2903/2906/2559 2902/2905/2558 2932/2933/2586 2933/2934/2587
f 2904/2907/2560 2903/2906/2559 2933/2934/2587 2934/2935/2588
f 2905/2908/2561 2904/2907/2560 2934/2935/2588 2935/2936/2589
f 2906/2909/2562 2905/2908/2561 2935/2936/2589 2936/2937/2590
f 2907/2910/2563 2906/2909/2562 2936/2937/2590 2937/2938/2591
f 2908/2627/2301 2907/2910/2563 2937/2938/2591 2938/2939/2592
f 2909/2623/2297 2908/2627/2301 2938/2939/2592 2939/2624/2298
f 2911/2911/2564 2910/2622/2296 2940/2620/2294 2941/2619/2293
f 2912/2912/2565 2911/2911/2564 2941/2619/2293 2942/2940/2593
f 2913/2913/2566 2912/2912/2565 2942/2940/2593 2943/2941/2594
f 2914/2914/2567 2913/2913/2566 2943/2941/2594 2944/2942/2595
f 2915/2915/2568 2914/2914/2567 2944/2942/2595 2945/2943/2596
f 2916/2916/2569 2915/2915/2568 2945/2943/2596 2946/2944/2597
f 2917/2917/2570 2916/2916/2569 2946/2944/2597 2947/2945/2598
f 2266/2918/2571 2917/2917/2570 2947/2945/2598 2268/2946/2599
f 2919/2920/2573 2918/2919/2572 2948/2947/2600 2949/2948/2601
f 2920/2921/2574 2919/2920/2573 2949/2948/2601 2950/2949/2602
f 2921/2922/2575 2920/2921/2574 2950/2949/2602 2951/2950/2603
f 2922/2923/2576 2921/2922/2575 2951/2950/2603 2952/2951/2604
f 2923/2924/2577 2922/2923/2576 2952/2951/2604 2953/2952/2605
f 2924/2925/2578 2923/2924/2577 2953/2952/2605 2954/2953/2606
f 2925/2926/2579 2924/2925/2578 2954/2953/2606 2955/2954/2607
f 2926/2927/2580 2925/2926/2579 2955/2954/2607 2956/2955/2608
f 2927/2928/2581 2926/2927/2580 2956/2955/2608 2957/2956/2609
f 2928/2929/2582 2927/2928/2581 2957/2956/2609 2958/2957/2610
f 2929/2930/2583 2928/2929/2582 2958/2957/2610 2959/2958/2611
f 2930/2931/2584 2929/2930/2583 2959/2958/2611 2960/2959/2612
f 2931/2932/2585 2930/2931/2584 2960/2959/2612 2961/2960/2613
f 2932/2933/2586 2931/2932/2585 2961/2960/2613 2962/2961/2614
f 2933/2934/2587 2932/2933/2586 2962/2961/2614 2963/2962/2615
f 2934/2935/2588 2933/2934/2587 2963/2962/2615 2964/2963/2616
f 2935/2936/2589 2934/2935/2588 2964/2963/2616 2965/2964/2617
f 2936/2937/2590 2935/2936/2589 2965/2964/2617 2966/2965/2618
f 2937/2938/2591 2936/2937/2590 2966/2965/2618 2967/2966/2619
f 2938/2939/2592 2937/2938/2591 2967/2966/2619 2968/2967/2620
f 2939/2624/2298 2938/2939/2592 2968/2967/2620 2969/2968/2621
f 2940/2620/2294 2939/2624/2298 2969/2968/2621 2970/2621/2295
f 2942/2940/2593 2941/2619/2293 2971/2617/2291 2972/2616/2290
f 2943/2941/2594 2942/2940/2593 2972/2616/2290 2973/2969/2622
f 2944/2942/2595 2943/2941/2594 2973/2969/2622 2974/2970/2623
f 2945/2943/2596 2944/2942/2595 2974/2970/2623 2975/2971/2624
f 2946/2944/2597 2945/2943/2596 2975/2971/2624 2976/2972/2625
f 2947/2945/2598 2946/2944/2597 2976/2972/2625 2977/2973/2626
f 2268/2946/2599 2947/2945/2598 2977/2973/2626 2270/2974/2627
f 2949/2948/2601 2948/2947/2600 2978/2975/2628 2979/2976/2629
f 2950/2949/2602 2949/2948/2601 2979/2976/2629 2980/2977/2630
f 2951/2950/2603 2950/2949/2602 2980/2977/2630 2981/2978/2631
f 2952/2951/2604 2951/2950/2603 2981/2978/2631 2982/2979/2632
f 2953/2952/2605 2952/2951/2604 2982/2979/2632 2983/2980/2633
f 2954/2953/2606 2953/2952/2605 2983/2980/2633 2984/2981/2634
f 2955/2954/2607 2954/2953/2606 2984/2981/2634 2985/2982/2635
f 2956/2955/2608 2955/2954/2607 2985/2982/2635 2986/2983/2636
f 2957/2956/2609 2956/2955/2608 2986/2983/2636 2987/2984/2637
f 2958/2957/2610 2957/2956/2609 2987/2984/2637 2988/2985/2638
f 2959/2958/2611 2958/2957/2610 2988/2985/2638 2989/2986/2639
f 2960/2959/2612 2959/2958/2611 2989/2986/2639 2990/2987/2640
f 2961/2960/2613 2960/2959/2612 2990/2987/2640 2991/2988/2641
f 2962/2961/2614 2961/2960/2613 2991/2988/2641 2992/2989/2642
f 2963/2962/2615 2962/2961/2614 2992/2989/2642 2993/2990/2643
f 2964/2963/2616 2963/2962/2615 2993/2990/2643 2994/2991/2644
f 2965/2964/2617 2964/2963/2616 2994/2991/2644 2995/2992/2645
f 2966/2965/2618 2965/2964/2617 2995/2992/2645 2996/2993/2646
f 2967/2966/2619 2966/2965/2618 2996/2993/2646 2997/2994/2647
f 2968/2967/2620 2967/2966/2619 2997/2994/2647 2998/2995/2648
f 2969/2968/2621 2968/2967/2620 2998/2995/2648 2999/2996/2649
f 2970/2621/2295 2969/2968/2621 2999/2996/2649 3000/2997/2650
f 2971/2617/2291 2970/2621/2295 3000/2997/2650 3001/2618/2292
f 2973/2969/2622 2972/2616/2290 3002/2614/2288 3003/2613/2287
f 2974/2970/2623 2973/2969/2622 3003/2613/2287 3004/2998/2651
f 2975/2971/2624 2974/2970/2623 3004/2998/2651 3005/2999/2652
f 2976/2972/2625 2975/2971/2624 3005/2999/2652 3006/3000/2653
f 2977/2973/2626 2976/2972/2625 3006/3000/2653 3007/3001/2654
f 2270/2974/2627 2977/2973/2626 3007/3001/2654 2272/3002/2655
f 2979/2976/2629 2978/2975/2628 3008/3003/2656 3009/3004/2657
f 2980/2977/2630 2979/2976/2629 3009/3004/2657 3010/3005/2658
f 2981/2978/2631 2980/2977/2630 3010/3005/2658 3011/3006/2659
f 2982/2979/2632 2981/2978/2631 3011/3006/2659 3012/3007/2660
f 2983/2980/2633 2982/2979/2632 3012/3007/2660 3013/3008/2661
f 2984/2981/2634 2983/2980/2633 3013/3008/2661 3014/3009/2662
f 2985/2982/2635 2984/2981/2634 3014/3009/2662 3015/3010/2663
f 2986/2983/2636 2985/2982/2635 3015/3010/2663 3016/3011/2664
f 2987/2984/2637 2986/2983/2636 3016/3011/2664 3017/3012/2665
f 2988/2985/2638 2987/2984/2637 3017/3012/2665 3018/3013/2666
f 2989/2986/2639 2988/2985/2638 3018/3013/2666 3019/3014/2667
f 2990/2987/2640 2989/2986/2639 3019/3014/2667 3020/3015/2668
f 2991/2988/2641 2990/2987/2640 3020/3015/2668 3021/3016/2669
f 2992/2989/2642 2991/2988/2641 3021/3016/2669 3022/3017/2670
f 2993/2990/2643 2992/2989/2642 3022/3017/2670 3023/3018/2671
f 2994/2991/2644 2993/2990/2643 3023/3018/2671 3024/3019/2672
f 2995/2992/2645 2994/2991/2644 3024/3019/2672 3025/3020/2673
f 2996/2993/2646 2995/2992/2645 3025/3020/2673 3026/3021/2674
f 2997/2994/2647 2996/2993/2646 3026/3021/2674 3027/3022/2675
f 2998/2995/2648 2997/2994/2647 3027/3022/2675 3028/3023/2676
f 2999/2996/2649 2998/2995/2648 3028/3023/2676 3029/3024/2677
f 3000/2997/2650 2999/2996/2649 3029/3024/2677 3030/3025/2678
f 3001/2618/2292 3000/2997/2650 3030/3025/2678 3031/3026/2679
f 3002/2614/2288 3001/2618/2292 3031/3026/2679 3032/2615/2289
f 3004/2998/2651 3003/2613/2287 3033/2611/2285 3034/2610/2284
f 3005/2999/2652 3004/2998/2651 3034/2610/2284 3035/3027/2680
f 3006/3000/2653 3005/2999/2652 3035/3027/2680 3036/3028/2681
f 3007/3001/2654 3006/3000/2653 3036/3028/2681 3037/3029/2682
f 2272/3002/2655 3007/3001/2654 3037/3029/2682 2274/3030/2683
f 3009/3004/2657 3008/3003/2656 3038/3031/2684 3039/3032/2685
f 3010/3005/2658 3009/3004/2657 3039/3032/2685 3040/3033/2686
f 3011/3006/2659 3010/3005/2658 3040/3033/2686 3041/3034/2687
f 3012/3007/2660 3011/3006/2659 3041/3034/2687 3042/3035/2688
f 3013/3008/2661 3012/3007/2660 3042/3035/2688 3043/3036/2689
f 3014/3009/2662 3013/3008/2661 3043/3036/2689 3044/3037/2690
f 3015/3010/2663 3014/3009/2662 3044/3037/2690 3045/3038/2691
f 3016/3011/2664 3015/3010/2663 3045/3038/2691 3046/3039/2692
f 3017/3012/2665 3016/3011/2664 3046/3039/2692 3047/3040/2693
f 3018/3013/2666 3017/3012/2665 3047/3040/2693 3048/3041/2694
f 3019/3014/2667 3018/3013/2666 3048/3041/2694 3049/3042/2695
f 3020/3015/2668 3019/3014/2667 3049/3042/2695 3050/3043/2696
f 3021/3016/2669 3020/3015/2668 3050/3043/2696 3051/3044/2697
f 3022/3017/2670 3021/3016/2669 3051/3044/2697 3052/3045/2698
f 3023/3018/2671 3022/3017/2670 3052/3045/2698 3053/3046/2699
f 3024/3019/2672 3023/3018/2671 3053/3046/2699 3054/3047/2700
f 3025/3020/2673 3024/3019/2672 3054/3047/2700 3055/3048/2701
f 3026/3021/2674 3025/3020/2673 3055/3048/2701 3056/3049/2702
f 3027/3022/2675 3026/3021/2674 3056/3049/2702 3057/3050/2703
f 3028/3023/2676 3027/3022/2675 3057/3050/2703 3058/3051/2704
f 3029/3024/2677 3028/3023/2676 3058/3051/2704 3059/3052/2705
f 3030/3025/2678 3029/3024/2677 3059/3052/2705 3060/3053/2706
f 3031/3026/2679 3030/3025/2678 3060/3053/2706 3061/3054/2707
f 3032/2615/2289 3031/3026/2679 3061/3054/2707 3062/3055/2708
f 3033/2611/2285 3032/2615/2289 3062/3055/2708 3063/2612/2286
f 3035/3027/2680 3034/2610/2284 3064/2608/2282 3065/2607/2281
f 3036/3028/2681 3035/3027/2680 3065/2607/2281 3066/3056/2709
f 3037/3029/2682 3036/3028/2681 3066/3056/2709 3067/3057/2710
f 2274/3030/2683 3037/3029/2682 3067/3057/2710 2276/3058/2711
f 3039/3032/2685 3038/3031/2684 3068/3059/2712 3069/3060/2713
f 3040/3033/2686 3039/3032/2685 3069/3060/2713 3070/3061/2714
f 3041/3034/2687 3040/3033/2686 3070/3061/2714 3071/3062/2715
f 3042/3035/2688 3041/3034/2687 3071/3062/2715 3072/3063/2716
f 3043/3036/2689 3042/3035/2688 3072/3063/2716 3073/3064/2717
f 3044/3037/2690 3043/3036/2689 3073/3064/2717 3074/3065/2718
f 3045/3038/2691 3044/3037/2690 3074/3065/2718 3075/3066/2719
f 3046/3039/2692 3045/3038/2691 3075/3066/2719 3076/3067/2720
f 3047/3040/2693 3046/3039/2692 3076/3067/2720 3077/3068/2721
f 3048/3041/2694 3047/3040/2693 3077/3068/2721 3078/3069/2722
f 3049/3042/2695 3048/3041/2694 3078/3069/2722 3079/3070/2723
f 3050/3043/2696 3049/3042/2695 3079/3070/2723 3080/3071/2724
f 3051/3044/2697 3050/3043/2696 3080/3071/2724 3081/3072/2725
f 3052/3045/2698 3051/3044/2697 3081/3072/2725 3082/3073/2726
f 3053/3046/2699 3052/3045/2698 3082/3073/2726 3083/3074/2727
f 3054/3047/2700 3053/3046/2699 3083/3074/2727 3084/3075/2728
f 3055/3048/2701 3054/3047/2700 3084/3075/2728 3085/3076/2729
f 3056/3049/2702 3055/3048/2701 3085/3076/2729 3086/3077/2730
f 3057/3050/2703 3056/3049/2702 3086/3077/2730 3087/3078/2731
f 3058/3051/2704 3057/3050/2703 3087/3078/2731 3088/3079/2732
f 3059/3052/2705 3058/3051/2704 3088/3079/2732 3089/3080/2733
f 3060/3053/2706 3059/3052/2705 3089/3080/2733 3090/3081/2734
f 3061/3054/2707 3060/3053/2706 3090/3081/2734 3091/3082/2735
f 3062/3055/2708 3061/3054/2707 3091/3082/2735 3092/3083/2736
f 3063/2612/2286 3062/3055/2708 3092/3083/2736 3093/3084/2737
f 3064/2608/2282 3063/2612/2286 3093/3084/2737 3094/2609/2283
f 3066/3056/2709 3065/2607/2281 3095/2605/2279 3096/2604/2278
f 3067/3057/2710 3066/3056/2709 3096/2604/2278 3097/3085/2738
f 2276/3058/2711 3067/3057/2710 3097/3085/2738 2278/3086/2739
f 3069/3060/2713 3068/3059/2712 3098/3087/2740 3099/3088/2741
f 3070/3061/2714 3069/3060/2713 3099/3088/2741 3100/3089/2742
f 3071/3062/2715 3070/3061/2714 3100/3089/2742 3101/3090/2743
f 3072/3063/2716 3071/3062/2715 3101/3090/2743 3102/3091/2744
f 3073/3064/2717 3072/3063/2716 3102/3091/2744 3103/3092/2745
f 3074/3065/2718 3073/3064/2717 3103/3092/2745 3104/3093/2746
f 3075/3066/2719 3074/3065/2718 3104/3093/2746 3105/3094/2747
f 3076/3067/2720 3075/3066/2719 3105/3094/2747 3106/3095/2748
f 3077/3068/2721 3076/3067/2720 3106/3095/2748 3107/3096/2749
f 3078/3069/2722 3077/3068/2721 3107/3096/2749 3108/3097/2750
f 3079/3070/2723 3078/3069/2722 3108/3097/2750 3109/3098/2751
f 3080/3071/2724 3079/3070/2723 3109/3098/2751 3110/3099/2752
f 3081/3072/2725 3080/3071/2724 3110/3099/2752 3111/3100/2753
f 3082/3073/2726 3081/3072/2725 3111/3100/2753 3112/3101/2754
f 3083/3074/2727 3082/3073/2726 3112/3101/2754 3113/3102/2755
f 3084/3075/2728 3083/3074/2727 3113/3102/2755 3114/3103/2756
f 3085/3076/2729 3084/3075/2728 3114/3103/2756 3115/3104/2757
f 3086/3077/2730 3085/3076/2729 3115/3104/2757 3116/3105/2758
f 3087/3078/2731 3086/3077/2730 3116/3105/2758 3117/3106/2759
f 3088/3079/2732 3087/3078/2731 3117/3106/2759 3118/3107/2760
f 3089/3080/2733 3088/3079/2732 3118/3107/2760 3119/3108/2761
f 3090/3081/2734 3089/3080/2733 3119/3108/2761 3120/3109/2762
f 3091/3082/2735 3090/3081/2734 3120/3109/2762 3121/3110/2763
f 3092/3083/2736 3091/3082/2735 3121/3110/2763 3122/3111/2764
f 3093/3084/2737 3092/3083/2736 3122/3111/2764 3123/3112/2765
f 3094/2609/2283 3093/3084/2737 3123/3112/2765 3124/3113/2766
f 3095/2605/2279 3094/2609/2283 3124/3113/2766 3125/2606/2280
f 3097/3085/2738 3096/2604/2278 3126/2602/2276 3127/2601/2275
f 2278/3086/2739 3097/3085/2738 3127/2601/2275 2280/3114/2767
f 3099/3088/2741 3098/3087/2740 3128/3115/2768 3129/3116/2769
f 3100/3089/2742 3099/3088/2741 3129/3116/2769 3130/3117/2770
f 3101/3090/2743 3100/3089/2742 3130/3117/2770 3131/3118/2771
f 3102/3091/2744 3101/3090/2743 3131/3118/2771 3132/3119/2772
f 3103/3092/2745 3102/3091/2744 3132/3119/2772 3133/3120/2773
f 3104/3093/2746 3103/3092/2745 3133/3120/2773 3134/3121/2774
f 3105/3094/2747 3104/3093/2746 3134/3121/2774 3135/3122/2775
f 3106/3095/2748 3105/3094/2747 3135/3122/2775 3136/3123/2776
f 3107/3096/2749 3106/3095/2748 3136/3123/2776 3137/3124/2777
f 3108/3097/2750 3107/3096/2749 3137/3124/2777 3138/3125/2778
f 3109/3098/2751 3108/3097/2750 3138/3125/2778 3139/3126/2779
f 3110/3099/2752 3109/3098/2751 3139/3126/2779 3140/3127/2780
f 3111/3100/2753 3110/3099/2752 3140/3127/2780 3141/3128/2781
f 3112/3101/2754 3111/3100/2753 3141/3128/2781 3142/3129/2782
f 3113/3102/2755 3112/3101/2754 3142/3129/2782 3143/3130/2783
f 3114/3103/2756 3113/3102/2755 3143/3130/2783 3144/3131/2784
f 3115/3104/2757 3114/3103/2756 3144/3131/2784 3145/3132/2785
f 3116/3105/2758 3115/3104/2757 3145/3132/2785 3146/3133/2786
f 3117/3106/2759 3116/3105/2758 3146/3133/2786 3147/3134/2787
f 3118/3107/2760 3117/3106/2759 3147/3134/2787 3148/3135/2788
f 3119/3108/2761 3118/3107/2760 3148/3135/2788 3149/3136/2789
f 3120/3109/2762 3119/3108/2761 3149/3136/2789 3150/3137/2790
f 3121/3110/2763 3120/3109/2762 3150/3137/2790 3151/3138/2791
f 3122/3111/2764 3121/3110/2763 3151/3138/2791 3152/3139/2792
f 3123/3112/2765 3122/3111/2764 3152/3139/2792 3153/3140/2793
f 3124/3113/2766 3123/3112/2765 3153/3140/2793 3154/3141/2794
f 3125/2606/2280 3124/3113/2766 3154/3141/2794 3155/3142/2795
f 3126/2602/2276 3125/2606/2280 3155/3142/2795 3156/2603/2277
f 2280/3114/2767 3127/2601/2275 3157/2598/2272 2282/2597/2271
f 3129/3116/2769 3128/3115/2768 3158/3143/2796 3159/3144/2797
f 3130/3117/2770 3129/3116/2769 3159/3144/2797 3160/3145/2798
f 3131/3118/2771 3130/3117/2770 3160/3145/2798 3161/3146/2799
f 3132/3119/2772 3131/3118/2771 3161/3146/2799 3162/3147/2800
f 3133/3120/2773 3132/3119/2772 3162/3147/2800 3163/3148/2801
f 3134/3121/2774 3133/3120/2773 3163/3148/2801 3164/3149/2802
f 3135/3122/2775 3134/3121/2774 3164/3149/2802 3165/3150/2803
f 3136/3123/2776 3135/3122/2775 3165/3150/2803 3166/3151/2804
f 3137/3124/2777 3136/3123/2776 3166/3151/2804 3167/3152/2805
f 3138/3125/2778 3137/3124/2777 3167/3152/2805 3168/3153/2806
f 3139/3126/2779 3138/3125/2778 3168/3153/2806 3169/3154/2807
f 3140/3127/2780 3139/3126/2779 3169/3154/2807 3170/3155/2808
f 3141/3128/2781 3140/3127/2780 3170/3155/2808 3171/3156/2809
f 3142/3129/2782 3141/3128/2781 3171/3156/2809 3172/3157/2810
f 3143/3130/2783 3142/3129/2782 3172/3157/2810 3173/3158/2811
f 3144/3131/2784 3143/3130/2783 3173/3158/2811 3174/3159/2812
f 3145/3132/2785 3144/3131/2784 3174/3159/2812 3175/3160/2813
f 3146/3133/2786 3145/3132/2785 3175/3160/2813 3176/3161/2814
f 3147/3134/2787 3146/3133/2786 3176/3161/2814 3177/3162/2815
f 3148/3135/2788 3147/3134/2787 3177/3162/2815 3178/3163/2816
f 3149/3136/2789 3148/3135/2788 3178/3163/2816 3179/3164/2817
f 3150/3137/2790 3149/3136/2789 3179/3164/2817 3180/3165/2818
f 3151/3138/2791 3150/3137/2790 3180/3165/2818 3181/3166/2819
f 3152/3139/2792 3151/3138/2791 3181/3166/2819 3182/3167/2820
f 3153/3140/2793 3152/3139/2792 3182/3167/2820 3183/3168/2821
f 3154/3141/2794 3153/3140/2793 3183/3168/2821 3184/3169/2822
f 3155/3142/2795 3154/3141/2794 3184/3169/2822 3185/3170/2823
f 3156/2603/2277 3155/3142/2795 3185/3170/2823 3186/3171/2824
f 3157/2598/2272 3156/2603/2277 3186/3171/2824 3187/2599/2273
f 3159/3144/2797 3158/3143/2796 3188/2594/2268 3189/2593/2267
f 3160/3145/2798 3159/3144/2797 3189/2593/2267 3190/3172/2825
f 3161/3146/2799 3160/3145/2798 3190/3172/2825 3191/3173/2826
f 3162/3147/2800 3161/3146/2799 3191/3173/2826 3192/3174/2827
f 3163/3148/2801 3162/3147/2800 3192/3174/2827 3193/3175/2828
f 3164/3149/2802 3163/3148/2801 3193/3175/2828 3194/3176/2829
f 3165/3150/2803 3164/3149/2802 3194/3176/2829 3195/3177/2830
f 3166/3151/2804 3165/3150/2803 3195/3177/2830 3196/3178/2831
f 3167/3152/2805 3166/3151/2804 3196/3178/2831 3197/3179/2832
f 3168/3153/2806 3167/3152/2805 3197/3179/2832 3198/3180/2833
f 3169/3154/2807 3168/3153/2806 3198/3180/2833 3199/3181/2834
f 3170/3155/2808 3169/3154/2807 3199/3181/2834 3200/3182/2835
f 3171/3156/2809 3170/3155/2808 3200/3182/2835 3201/3183/2836
f 3172/3157/2810 3171/3156/2809 3201/3183/2836 3202/3184/2837
f 3173/3158/2811 3172/3157/2810 3202/3184/2837 3203/3185/2838
f 3174/3159/2812 3173/3158/2811 3203/3185/2838 3204/3186/2839
f 3175/3160/2813 3174/3159/2812 3204/3186/2839 3205/3187/2840
f 3176/3161/2814 3175/3160/2813 3205/3187/2840 3206/3188/2841
f 3177/3162/2815 3176/3161/2814 3206/3188/2841 3207/3189/2842
f 3178/3163/2816 3177/3162/2815 3207/3189/2842 3208/3190/2843
f 3179/3164/2817 3178/3163/2816 3208/3190/2843 3209/3191/2844
f 3180/3165/2818 3179/3164/2817 3209/3191/2844 3210/3192/2845
f 3181/3166/2819 3180/3165/2818 3210/3192/2845 3211/3193/2846
f 3182/3167/2820 3181/3166/2819 3211/3193/2846 3212/3194/2847
f 3183/3168/2821 3182/3167/2820 3212/3194/2847 3213/3195/2848
f 3184/3169/2822 3183/3168/2821 3213/3195/2848 3214/3196/2849
f 3185/3170/2823 3184/3169/2822 3214/3196/2849 3215/3197/2850
f 3186/3171/2824 3185/3170/2823 3215/3197/2850 3216/3198/2851
f 3187/2599/2273 3186/3171/2824 3216/3198/2851 3217/3199/2852
f 2284/2600/2274 3187/2599/2273 3217/3199/2852 2286/3200/2853
f 3190/3172/2825 3189/2593/2267 3219/2596/2270 3220/3201/2854
f 3191/3173/2826 3190/3172/2825 3220/3201/2854 3221/2590/2264
f 3192/3174/2827 3191/3173/2826 3221/2590/2264 3222/2589/2263
f 3193/3175/2828 3192/3174/2827 3222/2589/2263 3223/3202/2855
f 3194/3176/2829 3193/3175/2828 3223/3202/2855 3224/3203/2856
f 3195/3177/2830 3194/3176/2829 3224/3203/2856 3225/2733/2404
f 3196/3178/2831 3195/3177/2830 3225/2733/2404 3226/2683/2354
f 3197/3179/2832 3196/3178/2831 3226/2683/2354 3227/2682/2353
f 3198/3180/2833 3197/3179/2832 3227/2682/2353 3228/2679/2350
f 3199/3181/2834 3198/3180/2833 3228/2679/2350 3229/2678/2349
f 3200/3182/2835 3199/3181/2834 3229/2678/2349 3230/2675/2346
f 3201/3183/2836 3200/3182/2835 3230/2675/2346 3231/2674/2345
f 3202/3184/2837 3201/3183/2836 3231/2674/2345 3232/2671/2342
f 3203/3185/2838 3202/3184/2837 3232/2671/2342 3233/2670/2341
f 3204/3186/2839 3203/3185/2838 3233/2670/2341 3234/2667/2338
f 3205/3187/2840 3204/3186/2839 3234/2667/2338 3235/2666/2337
f 3206/3188/2841 3205/3187/2840 3235/2666/2337 3236/2663/2334
f 3207/3189/2842 3206/3188/2841 3236/2663/2334 3237/2662/2333
f 3208/3190/2843 3207/3189/2842 3237/2662/2333 3238/2731/2402
f 3209/3191/2844 3208/3190/2843 3238/2731/2402 3239/3204/2857
f 3210/3192/2845 3209/3191/2844 3239/3204/2857 3240/3205/2858
f 3211/3193/2846 3210/3192/2845 3240/3205/2858 3241/3206/2859
f 3212/3194/2847 3211/3193/2846 3241/3206/2859 3242/3207/2860
f 3213/3195/2848 3212/3194/2847 3242/3207/2860 3243/3208/2861
f 3214/3196/2849 3213/3195/2848 3243/3208/2861 3244/3209/2862
f 3215/3197/2850 3214/3196/2849 3244/3209/2862 3245/3210/2863
f 3216/3198/2851 3215/3197/2850 3245/3210/2863 3246/3211/2864
f 3217/3199/2852 3216/3198/2851 3246/3211/2864 3247/3212/2865
f 2286/3200/2853 3217/3199/2852 3247/3212/2865 2288/3213/2866
f 3221/2590/2264 3220/3201/2854 3248/3214/2867 3249/2591/2265
f 2257/3215/2318 2259/3216/2317 2800/3217/2868 2770/3218/2869
f 2770/3218/2869 2800/3217/2868 2799/3219/2870 2769/3220/2871
f 2769/3220/2871 2799/3219/2870 2798/3221/2872 2768/3222/2873
f 2768/3222/2873 2798/3221/2872 2797/3223/2874 2767/3224/2875
f 3224/3203/2856 3223/3202/2855 3334/3225/2876 2777/3226/2877
f 3223/3202/2855 3222/2589/2263 3250/2592/2266 3334/3225/2876
f 3245/3210/2863 3244/3209/2862 3335/3227/2878 3336/3228/2879
f 3246/3211/2864 3245/3210/2863 3336/3228/2879 3337/3229/2880
f 3247/3212/2865 3246/3211/2864 3337/3229/2880 3338/3230/2881
f 2288/3213/2866 3247/3212/2865 3338/3230/2881 2290/3231/2882
f 3281/2730/2401 3282/2640/2313 2793/3232/2434 2792/3233/2433
f 3280/2728/2399 3281/2730/2401 2792/3233/2433 2791/3234/2438
f 3279/2726/2397 3280/2728/2399 2791/3234/2438 2790/3235/2437
f 3278/2724/2395 3279/2726/2397 2790/3235/2437 2789/3236/2442
f 3277/2722/2393 3278/2724/2395 2789/3236/2442 2788/3237/2441
f 3276/2720/2391 3277/2722/2393 2788/3237/2441 2787/3238/2446
f 3275/2718/2389 3276/2720/2391 2787/3238/2446 2786/3239/2445
f 3274/2716/2387 3275/2718/2389 2786/3239/2445 2785/3240/2450
f 3273/2714/2385 3274/2716/2387 2785/3240/2450 2784/3241/2449
f 3272/2712/2383 3273/2714/2385 2784/3241/2449 2783/3242/2454
f 3271/2710/2381 3272/2712/2383 2783/3242/2454 2782/3243/2453
f 3270/2708/2379 3271/2710/2381 2782/3243/2453 2781/3244/2458
f 3269/2706/2377 3270/2708/2379 2781/3244/2458 2780/3245/2457
f 3268/2704/2375 3269/2706/2377 2780/3245/2457 2779/3246/2462
f 2747/3247/2883 2777/3226/2877 2776/3248/2884 2746/3249/2885
f 2746/3249/2885 2776/3248/2884 2775/3250/2886 2745/3251/2887
f 2745/3251/2887 2775/3250/2886 2774/3252/2888 2744/3253/2889
f 2744/3253/2889 2774/3252/2888 2773/3254/2890 2743/3255/2891
f 3266/2586/2260 3267/2702/2373 2778/3256/2461 2772/2587/2261
f 3267/2702/2373 3268/2704/2375 2779/3246/2462 2778/3256/2461
f 2255/3257/2319 2257/3215/2318 2770/3218/2869 2740/3258/2892
f 2740/3258/2892 2770/3218/2869 2769/3220/2871 2739/3259/2893
f 2739/3259/2893 2769/3220/2871 2768/3222/2873 2738/3260/2894
f 2738/3260/2894 2768/3222/2873 2767/3224/2875 2737/3261/2895
f 2737/3261/2895 2767/3224/2875 2766/3262/2896 2736/3263/2897
f 2736/3263/2897 2766/3262/2896 2765/3264/2898 2735/3265/2899
f 2735/3265/2899 2765/3264/2898 2764/3266/2900 2734/3267/2901
f 2734/3267/2901 2764/3266/2900 2763/3268/2902 2733/3269/2903
f 2733/3269/2903 2763/3268/2902 2762/3270/2904 2732/3271/2905
f 2732/3271/2905 2762/3270/2904 2761/3272/2906 2731/3273/2907
f 2731/3273/2907 2761/3272/2906 2760/3274/2908 2730/3275/2909
f 2730/3275/2909 2760/3274/2908 2759/3276/2910 2729/3277/2911
f 2729/3277/2911 2759/3276/2910 2758/3278/2912 2728/3279/2913
f 2728/3279/2913 2758/3278/2912 2757/3280/2914 2727/3281/2915
f 2727/3281/2915 2757/3280/2914 2756/3282/2916 2726/3283/2917
f 2726/3283/2917 2756/3282/2916 2755/3284/2918 2725/3285/2919
f 2725/3285/2919 2755/3284/2918 2754/3286/2920 2724/3287/2921
f 2724/3287/2921 2754/3286/2920 2753/3288/2922 2723/3289/2923
f 2723/3289/2923 2753/3288/2922 2752/3290/2924 2722/3291/2925
f 2722/3291/2925 2752/3290/2924 2751/3292/2926 2721/3293/2927
f 2721/3293/2927 2751/3292/2926 2750/3294/2928 2720/3295/2929
f 2720/3295/2929 2750/3294/2928 2749/3296/2930 2719/3297/2931
f 2719/3297/2931 2749/3296/2930 2748/3298/2932 2718/3299/2933
f 2718/3299/2933 2748/3298/2932 2747/3247/2883 2717/3300/2934
f 2717/3300/2934 2747/3247/2883 2746/3249/2885 2716/3301/2935
f 2716/3301/2935 2746/3249/2885 2745/3251/2887 2715/3302/2936
f 2715/3302/2936 2745/3251/2887 2744/3253/2889 2714/3303/2937
f 2714/3303/2937 2744/3253/2889 2743/3255/2891 2713/3304/2938
f 2713/3304/2938 2743/3255/2891 2742/3305/2939 2712/3306/2940
f 2712/3306/2940 2742/3305/2939 2741/2583/2257 2711/2581/2255
f 2253/3307/2320 2255/3257/2319 2740/3258/2892 2710/3308/2941
f 2710/3308/2941 2740/3258/2892 2739/3259/2893 2709/3309/2942
f 2709/3309/2942 2739/3259/2893 2738/3260/2894 2708/3310/2943
f 2708/3310/2943 2738/3260/2894 2737/3261/2895 2707/3311/2944
f 2707/3311/2944 2737/3261/2895 2736/3263/2897 2706/3312/2945
f 2706/3312/2945 2736/3263/2897 2735/3265/2899 2705/3313/2946
f 2705/3313/2946 2735/3265/2899 2734/3267/2901 2704/3314/2947
f 2704/3314/2947 2734/3267/2901 2733/3269/2903 2703/3315/2948
f 2703/3315/2948 2733/3269/2903 2732/3271/2905 2702/3316/2949
f 2702/3316/2949 2732/3271/2905 2731/3273/2907 2701/3317/2950
f 2701/3317/2950 2731/3273/2907 2730/3275/2909 2700/3318/2951
f 2700/3318/2951 2730/3275/2909 2729/3277/2911 2699/3319/2952
f 2699/3319/2952 2729/3277/2911 2728/3279/2913 2698/3320/2953
f 2698/3320/2953 2728/3279/2913 2727/3281/2915 2697/3321/2954
f 2697/3321/2954 2727/3281/2915 2726/3283/2917 2696/3322/2955
f 2696/3322/2955 2726/3283/2917 2725/3285/2919 2695/3323/2956
f 2695/3323/2956 2725/3285/2919 2724/3287/2921 2694/3324/2957
f 2694/3324/2957 2724/3287/2921 2723/3289/2923 2693/3325/2958
f 2693/3325/2958 2723/3289/2923 2722/3291/2925 2692/3326/2959
f 2692/3326/2959 2722/3291/2925 2721/3293/2927 2691/3327/2960
f 2691/3327/2960 2721/3293/2927 2720/3295/2929 2690/3328/2961
f 2690/3328/2961 2720/3295/2929 2719/3297/2931 2689/3329/2962
f 2689/3329/2962 2719/3297/2931 2718/3299/2933 2688/3330/2963
f 2688/3330/2963 2718/3299/2933 2717/3300/2934 2687/3331/2964
f 2687/3331/2964 2717/3300/2934 2716/3301/2935 2686/3332/2965
f 2686/3332/2965 2716/3301/2935 2715/3302/2936 2685/3333/2966
f 2685/3333/2966 2715/3302/2936 2714/3303/2937 2684/3334/2967
f 2684/3334/2967 2714/3303/2937 2713/3304/2938 2683/3335/2968
f 2683/3335/2968 2713/3304/2938 2712/3306/2940 2682/3336/2969
f 2682/3336/2969 2712/3306/2940 2711/2581/2255 2681/2579/2253
f 2251/3337/2321 2253/3307/2320 2710/3308/2941 2680/3338/2970
f 2680/3338/2970 2710/3308/2941 2709/3309/2942 2679/3339/2971
f 2679/3339/2971 2709/3309/2942 2708/3310/2943 2678/3340/2972
f 2678/3340/2972 2708/3310/2943 2707/3311/2944 2677/3341/2973
f 2677/3341/2973 2707/3311/2944 2706/3312/2945 2676/3342/2974
f 2676/3342/2974 2706/3312/2945 2705/3313/2946 2675/3343/2975
f 2675/3343/2975 2705/3313/2946 2704/3314/2947 2674/3344/2976
f 2674/3344/2976 2704/3314/2947 2703/3315/2948 2673/3345/2977
f 2673/3345/2977 2703/3315/2948 2702/3316/2949 2672/3346/2978
f 2672/3346/2978 2702/3316/2949 2701/3317/2950 2671/3347/2979
f 2671/3347/2979 2701/3317/2950 2700/3318/2951 2670/3348/2980
f 2670/3348/2980 2700/3318/2951 2699/3319/2952 2669/3349/2981
f 2669/3349/2981 2699/3319/2952 2698/3320/2953 2668/3350/2982
f 2668/3350/2982 2698/3320/2953 2697/3321/2954 2667/3351/2983
f 2667/3351/2983 2697/3321/2954 2696/3322/2955 2666/3352/2984
f 2666/3352/2984 2696/3322/2955 2695/3323/2956 2665/3353/2985
f 2665/3353/2985 2695/3323/2956 2694/3324/2957 2664/3354/2986
f 2664/3354/2986 2694/3324/2957 2693/3325/2958 2663/3355/2987
f 2663/3355/2987 2693/3325/2958 2692/3326/2959 2662/3356/2988
f 2662/3356/2988 2692/3326/2959 2691/3327/2960 2661/3357/2989
f 2661/3357/2989 2691/3327/2960 2690/3328/2961 2660/3358/2990
f 2660/3358/2990 2690/3328/2961 2689/3329/2962 2659/3359/2991
f 2659/3359/2991 2689/3329/2962 2688/3330/2963 2658/3360/2992
f 2658/3360/2992 2688/3330/2963 2687/3331/2964 2657/3361/2993
f 2657/3361/2993 2687/3331/2964 2686/3332/2965 2656/3362/2994
f 2656/3362/2994 2686/3332/2965 2685/3333/2966 2655/3363/2995
f 2655/3363/2995 2685/3333/2966 2684/3334/2967 2654/3364/2996
f 2654/3364/2996 2684/3334/2967 2683/3335/2968 2653/3365/2997
f 2653/3365/2997 2683/3335/2968 2682/3336/2969 2652/3366/2998
f 2652/3366/2998 2682/3336/2969 2681/2579/2253 2651/2577/2251
f 2249/3367/2322 2251/3337/2321 2680/3338/2970 2650/3368/2999
f 2650/3368/2999 2680/3338/2970 2679/3339/2971 2649/3369/3000
f 2649/3369/3000 2679/3339/2971 2678/3340/2972 2648/3370/3001
f 2648/3370/3001 2678/3340/2972 2677/3341/2973 2647/3371/3002
f 2647/3371/3002 2677/3341/2973 2676/3342/2974 2646/3372/3003
f 2646/3372/3003 2676/3342/2974 2675/3343/2975 2645/3373/3004
f 2645/3373/3004 2675/3343/2975 2674/3344/2976 2644/3374/3005
f 2644/3374/3005 2674/3344/2976 2673/3345/2977 2643/3375/3006
f 2643/3375/3006 2673/3345/2977 2672/3346/2978 2642/3376/3007
f 2642/3376/3007 2672/3346/2978 2671/3347/2979 2641/3377/3008
f 2641/3377/3008 2671/3347/2979 2670/3348/2980 2640/3378/3009
f 2640/3378/3009 2670/3348/2980 2669/3349/2981 2639/3379/3010
f 2639/3379/3010 2669/3349/2981 2668/3350/2982 2638/3380/3011
f 2638/3380/3011 2668/3350/2982 2667/3351/2983 2637/3381/3012
f 2637/3381/3012 2667/3351/2983 2666/3352/2984 2636/3382/3013
f 2636/3382/3013 2666/3352/2984 2665/3353/2985 2635/3383/3014
f 2635/3383/3014 2665/3353/2985 2664/3354/2986 2634/3384/3015
f 2634/3384/3015 2664/3354/2986 2663/3355/2987 2633/3385/3016
f 2633/3385/3016 2663/3355/2987 2662/3356/2988 2632/3386/3017
f 2632/3386/3017 2662/3356/2988 2661/3357/2989 2631/3387/3018
f 2631/3387/3018 2661/3357/2989 2660/3358/2990 2630/3388/3019
f 2630/3388/3019 2660/3358/2990 2659/3359/2991 2629/3389/3020
f 2629/3389/3020 2659/3359/2991 2658/3360/2992 2628/3390/3021
f 2628/3390/3021 2658/3360/2992 2657/3361/2993 2627/3391/3022
f 2627/3391/3022 2657/3361/2993 2656/3362/2994 2626/3392/3023
f 2626/3392/3023 2656/3362/2994 2655/3363/2995 2625/3393/3024
f 2625/3393/3024 2655/3363/2995 2654/3364/2996 2624/3394/3025
f 2624/3394/3025 2654/3364/2996 2653/3365/2997 2623/3395/3026
f 2623/3395/3026 2653/3365/2997 2652/3366/2998 2622/3396/3027
f 2622/3396/3027 2652/3366/2998 2651/2577/2251 2621/2575/2249
f 2247/3397/2323 2249/3367/2322 2650/3368/2999 2620/3398/3028
f 2620/3398/3028 2650/3368/2999 2649/3369/3000 2619/3399/3029
f 2619/3399/3029 2649/3369/3000 2648/3370/3001 2618/3400/3030
f 2618/3400/3030 2648/3370/3001 2647/3371/3002 2617/3401/3031
f 2617/3401/3031 2647/3371/3002 2646/3372/3003 2616/3402/3032
f 2616/3402/3032 2646/3372/3003 2645/3373/3004 2615/3403/3033
f 2615/3403/3033 2645/3373/3004 2644/3374/3005 2614/3404/3034
f 2614/3404/3034 2644/3374/3005 2643/3375/3006 2613/3405/3035
f 2613/3405/3035 2643/3375/3006 2642/3376/3007 2612/3406/3036
f 2612/3406/3036 2642/3376/3007 2641/3377/3008 2611/3407/3037
f 2611/3407/3037 2641/3377/3008 2640/3378/3009 2610/3408/3038
f 2610/3408/3038 2640/3378/3009 2639/3379/3010 2609/3409/3039
f 2609/3409/3039 2639/3379/3010 2638/3380/3011 2608/3410/3040
f 2608/3410/3040 2638/3380/3011 2637/3381/3012 2607/3411/3041
f 2607/3411/3041 2637/3381/3012 2636/3382/3013 2606/3412/3042
f 2606/3412/3042 2636/3382/3013 2635/3383/3014 2605/3413/3043
f 2605/3413/3043 2635/3383/3014 2634/3384/3015 2604/3414/3044
f 2604/3414/3044 2634/3384/3015 2633/3385/3016 2603/3415/3045
f 2603/3415/3045 2633/3385/3016 2632/3386/3017 2602/3416/3046
f 2602/3416/3046 2632/3386/3017 2631/3387/3018 2601/3417/3047
f 2601/3417/3047 2631/3387/3018 2630/3388/3019 2600/3418/3048
f 2600/3418/3048 2630/3388/3019 2629/3389/3020 2599/3419/3049
f 2599/3419/3049 2629/3389/3020 2628/3390/3021 2598/3420/3050
f 2598/3420/3050 2628/3390/3021 2627/3391/3022 2597/3421/3051
f 2597/3421/3051 2627/3391/3022 2626/3392/3023 2596/3422/3052
f 2596/3422/3052 2626/3392/3023 2625/3393/3024 2595/3423/3053
f 2595/3423/3053 2625/3393/3024 2624/3394/3025 2594/3424/3054
f 2594/3424/3054 2624/3394/3025 2623/3395/3026 2593/3425/3055
f 2593/3425/3055 2623/3395/3026 2622/3396/3027 2592/3426/3056
f 2592/3426/3056 2622/3396/3027 2621/2575/2249 2591/2573/2247
f 2245/3427/2324 2247/3397/2323 2620/3398/3028 2590/3428/3057
f 2590/3428/3057 2620/3398/3028 2619/3399/3029 2589/3429/3058
f 2589/3429/3058 2619/3399/3029 2618/3400/3030 2588/3430/3059
f 2588/3430/3059 2618/3400/3030 2617/3401/3031 2587/3431/3060
f 2587/3431/3060 2617/3401/3031 2616/3402/3032 2586/3432/3061
f 2586/3432/3061 2616/3402/3032 2615/3403/3033 2585/3433/3062
f 2585/3433/3062 2615/3403/3033 2614/3404/3034 2584/3434/3063
f 2584/3434/3063 2614/3404/3034 2613/3405/3035 2583/3435/3064
f 2583/3435/3064 2613/3405/3035 2612/3406/3036 2582/3436/3065
f 2582/3436/3065 2612/3406/3036 2611/3407/3037 2581/3437/3066
f 2581/3437/3066 2611/3407/3037 2610/3408/3038 2580/3438/3067
f 2580/3438/3067 2610/3408/3038 2609/3409/3039 2579/3439/3068
f 2579/3439/3068 2609/3409/3039 2608/3410/3040 2578/3440/3069
f 2578/3440/3069 2608/3410/3040 2607/3411/3041 2577/3441/3070
f 2577/3441/3070 2607/3411/3041 2606/3412/3042 2576/3442/3071
f 2576/3442/3071 2606/3412/3042 2605/3413/3043 2575/3443/3072
f 2575/3443/3072 2605/3413/3043 2604/3414/3044 2574/3444/3073
f 2574/3444/3073 2604/3414/3044 2603/3415/3045 2573/3445/3074
f 2573/3445/3074 2603/3415/3045 2602/3416/3046 2572/3446/3075
f 2572/3446/3075 2602/3416/3046 2601/3417/3047 2571/3447/3076
f 2571/3447/3076 2601/3417/3047 2600/3418/3048 2570/3448/3077
f 2570/3448/3077 2600/3418/3048 2599/3419/3049 2569/3449/3078
f 2569/3449/3078 2599/3419/3049 2598/3420/3050 2568/3450/3079
f 2568/3450/3079 2598/3420/3050 2597/3421/3051 2567/3451/3080
f 2567/3451/3080 2597/3421/3051 2596/3422/3052 2566/3452/3081
f 2566/3452/3081 2596/3422/3052 2595/3423/3053 2565/3453/3082
f 2565/3453/3082 2595/3423/3053 2594/3424/3054 2564/3454/3083
f 2564/3454/3083 2594/3424/3054 2593/3425/3055 2563/3455/3084
f 2563/3455/3084 2593/3425/3055 2592/3426/3056 2562/3456/3085
f 2562/3456/3085 2592/3426/3056 2591/2573/2247 2561/2571/2245
f 2243/3457/2325 2245/3427/2324 2590/3428/3057 2560/3458/3086
f 2560/3458/3086 2590/3428/3057 2589/3429/3058 2559/3459/3087
f 2559/3459/3087 2589/3429/3058 2588/3430/3059 2558/3460/3088
f 2558/3460/3088 2588/3430/3059 2587/3431/3060 2557/3461/3089
f 2557/3461/3089 2587/3431/3060 2586/3432/3061 2556/3462/3090
f 2556/3462/3090 2586/3432/3061 2585/3433/3062 2555/3463/3091
f 2555/3463/3091 2585/3433/3062 2584/3434/3063 2554/3464/3092
f 2554/3464/3092 2584/3434/3063 2583/3435/3064 2553/3465/3093
f 2553/3465/3093 2583/3435/3064 2582/3436/3065 2552/3466/3094
f 2552/3466/3094 2582/3436/3065 2581/3437/3066 2551/3467/3095
f 2551/3467/3095 2581/3437/3066 2580/3438/3067 2550/3468/3096
f 2550/3468/3096 2580/3438/3067 2579/3439/3068 2549/3469/3097
f 2549/3469/3097 2579/3439/3068 2578/3440/3069 2548/3470/3098
f 2548/3470/3098 2578/3440/3069 2577/3441/3070 2547/3471/3099
f 2547/3471/3099 2577/3441/3070 2576/3442/3071 2546/3472/3100
f 2546/3472/3100 2576/3442/3071 2575/3443/3072 2545/3473/3101
f 2545/3473/3101 2575/3443/3072 2574/3444/3073 2544/3474/3102
f 2544/3474/3102 2574/3444/3073 2573/3445/3074 2543/3475/3103
f 2543/3475/3103 2573/3445/3074 2572/3446/3075 2542/3476/3104
f 2542/3476/3104 2572/3446/3075 2571/3447/3076 2541/3477/3105
f 2541/3477/3105 2571/3447/3076 2570/3448/3077 2540/3478/3106
f 2540/3478/3106 2570/3448/3077 2569/3449/3078 2539/3479/3107
f 2539/3479/3107 2569/3449/3078 2568/3450/3079 2538/3480/3108
f 2538/3480/3108 2568/3450/3079 2567/3451/3080 2537/3481/3109
f 2537/3481/3109 2567/3451/3080 2566/3452/3081 2536/3482/3110
f 2536/3482/3110 2566/3452/3081 2565/3453/3082 2535/3483/3111
f 2535/3483/3111 2565/3453/3082 2564/3454/3083 2534/3484/3112
f 2534/3484/3112 2564/3454/3083 2563/3455/3084 2533/3485/3113
f 2533/3485/3113 2563/3455/3084 2562/3456/3085 2532/3486/3114
f 2532/3486/3114 2562/3456/3085 2561/2571/2245 2531/2569/2243
f 2241/3487/2326 2243/3457/2325 2560/3458/3086 2530/3488/3115
f 2530/3488/3115 2560/3458/3086 2559/3459/3087 2529/3489/3116
f 2529/3489/3116 2559/3459/3087 2558/3460/3088 2528/3490/3117
f 2528/3490/3117 2558/3460/3088 2557/3461/3089 2527/3491/3118
f 2527/3491/3118 2557/3461/3089 2556/3462/3090 2526/3492/3119
f 2526/3492/3119 2556/3462/3090 2555/3463/3091 2525/3493/3120
f 2525/3493/3120 2555/3463/3091 2554/3464/3092 2524/3494/3121
f 2524/3494/3121 2554/3464/3092 2553/3465/3093 2523/3495/3122
f 2523/3495/3122 2553/3465/3093 2552/3466/3094 2522/3496/3123
f 2522/3496/3123 2552/3466/3094 2551/3467/3095 2521/3497/3124
f 2521/3497/3124 2551/3467/3095 2550/3468/3096 2520/3498/3125
f 2520/3498/3125 2550/3468/3096 2549/3469/3097 2519/3499/3126
f 2519/3499/3126 2549/3469/3097 2548/3470/3098 2518/3500/3127
f 2518/3500/3127 2548/3470/3098 2547/3471/3099 2517/3501/3128
f 2517/3501/3128 2547/3471/3099 2546/3472/3100 2516/3502/3129
f 2516/3502/3129 2546/3472/3100 2545/3473/3101 2515/3503/3130
f 2515/3503/3130 2545/3473/3101 2544/3474/3102 2514/3504/3131
f 2514/3504/3131 2544/3474/3102 2543/3475/3103 2513/3505/3132
f 2513/3505/3132 2543/3475/3103 2542/3476/3104 2512/3506/3133
f 2512/3506/3133 2542/3476/3104 2541/3477/3105 2511/3507/3134
f 2511/3507/3134 2541/3477/3105 2540/3478/3106 2510/3508/3135
f 2510/3508/3135 2540/3478/3106 2539/3479/3107 2509/3509/3136
f 2509/3509/3136 2539/3479/3107 2538/3480/3108 2508/3510/3137
f 2508/3510/3137 2538/3480/3108 2537/3481/3109 2507/3511/3138
f 2507/3511/3138 2537/3481/3109 2536/3482/3110 2506/3512/3139
f 2506/3512/3139 2536/3482/3110 2535/3483/3111 2505/3513/3140
f 2505/3513/3140 2535/3483/3111 2534/3484/3112 2504/3514/3141
f 2504/3514/3141 2534/3484/3112 2533/3485/3113 2503/3515/3142
f 2503/3515/3142 2533/3485/3113 2532/3486/3114 2502/3516/3143
f 2502/3516/3143 2532/3486/3114 2531/2569/2243 2501/2567/2241
f 2239/3517/2327 2241/3487/2326 2530/3488/3115 2500/3518/3144
f 2500/3518/3144 2530/3488/3115 2529/3489/3116 2499/3519/3145
f 2499/3519/3145 2529/3489/3116 2528/3490/3117 2498/3520/3146
f 2498/3520/3146 2528/3490/3117 2527/3491/3118 2497/3521/3147
f 2497/3521/3147 2527/3491/3118 2526/3492/3119 2496/3522/3148
f 2496/3522/3148 2526/3492/3119 2525/3493/3120 2495/3523/3149
f 2495/3523/3149 2525/3493/3120 2524/3494/3121 2494/3524/3150
f 2494/3524/3150 2524/3494/3121 2523/3495/3122 2493/3525/3151
f 2493/3525/3151 2523/3495/3122 2522/3496/3123 2492/3526/3152
f 2492/3526/3152 2522/3496/3123 2521/3497/3124 2491/3527/3153
f 2491/3527/3153 2521/3497/3124 2520/3498/3125 2490/3528/3154
f 2490/3528/3154 2520/3498/3125 2519/3499/3126 2489/3529/3155
f 2489/3529/3155 2519/3499/3126 2518/3500/3127 2488/3530/3156
f 2488/3530/3156 2518/3500/3127 2517/3501/3128 2487/3531/3157
f 2487/3531/3157 2517/3501/3128 2516/3502/3129 2486/3532/3158
f 2486/3532/3158 2516/3502/3129 2515/3503/3130 2485/3533/3159
f 2485/3533/3159 2515/3503/3130 2514/3504/3131 2484/3534/3160
f 2484/3534/3160 2514/3504/3131 2513/3505/3132 2483/3535/3161
f 2483/3535/3161 2513/3505/3132 2512/3506/3133 2482/3536/3162
f 2482/3536/3162 2512/3506/3133 2511/3507/3134 2481/3537/3163
f 2481/3537/3163 2511/3507/3134 2510/3508/3135 2480/3538/3164
f 2480/3538/3164 2510/3508/3135 2509/3509/3136 2479/3539/3165
f 2479/3539/3165 2509/3509/3136 2508/3510/3137 2478/3540/3166
f 2478/3540/3166 2508/3510/3137 2507/3511/3138 2477/3541/3167
f 2477/3541/3167 2507/3511/3138 2506/3512/3139 2476/3542/3168
f 2476/3542/3168 2506/3512/3139 2505/3513/3140 2475/3543/3169
f 2475/3543/3169 2505/3513/3140 2504/3514/3141 2474/3544/3170
f 2474/3544/3170 2504/3514/3141 2503/3515/3142 2473/3545/3171
f 2473/3545/3171 2503/3515/3142 2502/3516/3143 2472/3546/3172
f 2472/3546/3172 2502/3516/3143 2501/2567/2241 2471/2565/2239
f 2237/3547/2328 2239/3517/2327 2500/3518/3144 2470/3548/3173
f 2470/3548/3173 2500/3518/3144 2499/3519/3145 2469/3549/3174
f 2469/3549/3174 2499/3519/3145 2498/3520/3146 2468/3550/3175
f 2468/3550/3175 2498/3520/3146 2497/3521/3147 2467/3551/3176
f 2467/3551/3176 2497/3521/3147 2496/3522/3148 2466/3552/3177
f 2466/3552/3177 2496/3522/3148 2495/3523/3149 2465/3553/3178
f 2465/3553/3178 2495/3523/3149 2494/3524/3150 2464/3554/3179
f 2464/3554/3179 2494/3524/3150 2493/3525/3151 2463/3555/3180
f 2463/3555/3180 2493/3525/3151 2492/3526/3152 2462/3556/3181
f 2462/3556/3181 2492/3526/3152 2491/3527/3153 2461/3557/3182
f 2461/3557/3182 2491/3527/3153 2490/3528/3154 2460/3558/3183
f 2460/3558/3183 2490/3528/3154 2489/3529/3155 2459/3559/3184
f 2459/3559/3184 2489/3529/3155 2488/3530/3156 2458/3560/3185
f 2458/3560/3185 2488/3530/3156 2487/3531/3157 2457/3561/3186
f 2457/3561/3186 2487/3531/3157 2486/3532/3158 2456/3562/3187
f 2456/3562/3187 2486/3532/3158 2485/3533/3159 2455/3563/3188
f 2455/3563/3188 2485/3533/3159 2484/3534/3160 2454/3564/3189
f 2454/3564/3189 2484/3534/3160 2483/3535/3161 2453/3565/3190
f 2453/3565/3190 2483/3535/3161 2482/3536/3162 2452/3566/3191
f 2452/3566/3191 2482/3536/3162 2481/3537/3163 2451/3567/3192
f 2451/3567/3192 2481/3537/3163 2480/3538/3164 2450/3568/3193
f 2450/3568/3193 2480/3538/3164 2479/3539/3165 2449/3569/3194
f 2449/3569/3194 2479/3539/3165 2478/3540/3166 2448/3570/3195
f 2448/3570/3195 2478/3540/3166 2477/3541/3167 2447/3571/3196
f 2447/3571/3196 2477/3541/3167 2476/3542/3168 2446/3572/3197
f 2446/3572/3197 2476/3542/3168 2475/3543/3169 2445/3573/3198
f 2445/3573/3198 2475/3543/3169 2474/3544/3170 2444/3574/3199
f 2444/3574/3199 2474/3544/3170 2473/3545/3171 2443/3575/3200
f 2443/3575/3200 2473/3545/3171 2472/3546/3172 2442/3576/3201
f 2442/3576/3201 2472/3546/3172 2471/2565/2239 2441/2563/2237
f 2235/3577/2329 2237/3547/2328 2470/3548/3173 2440/3578/3202
f 2440/3578/3202 2470/3548/3173 2469/3549/3174 2439/3579/3203
f 2439/3579/3203 2469/3549/3174 2468/3550/3175 2438/3580/3204
f 2438/3580/3204 2468/3550/3175 2467/3551/3176 2437/3581/3205
f 2437/3581/3205 2467/3551/3176 2466/3552/3177 2436/3582/3206
f 2436/3582/3206 2466/3552/3177 2465/3553/3178 2435/3583/3207
f 2435/3583/3207 2465/3553/3178 2464/3554/3179 2434/3584/3208
f 2434/3584/3208 2464/3554/3179 2463/3555/3180 2433/3585/3209
f 2433/3585/3209 2463/3555/3180 2462/3556/3181 2432/3586/3210
f 2432/3586/3210 2462/3556/3181 2461/3557/3182 2431/3587/3211
f 2431/3587/3211 2461/3557/3182 2460/3558/3183 2430/3588/3212
f 2430/3588/3212 2460/3558/3183 2459/3559/3184 2429/3589/3213
f 2429/3589/3213 2459/3559/3184 2458/3560/3185 2428/3590/3214
f 2428/3590/3214 2458/3560/3185 2457/3561/3186 2427/3591/3215
f 2427/3591/3215 2457/3561/3186 2456/3562/3187 2426/3592/3216
f 2426/3592/3216 2456/3562/3187 2455/3563/3188 2425/3593/3217
f 2425/3593/3217 2455/3563/3188 2454/3564/3189 2424/3594/3218
f 2424/3594/3218 2454/3564/3189 2453/3565/3190 2423/3595/3219
f 2423/3595/3219 2453/3565/3190 2452/3566/3191 2422/3596/3220
f 2422/3596/3220 2452/3566/3191 2451/3567/3192 2421/3597/3221
f 2421/3597/3221 2451/3567/3192 2450/3568/3193 2420/3598/3222
f 2420/3598/3222 2450/3568/3193 2449/3569/3194 2419/3599/3223
f 2419/3599/3223 2449/3569/3194 2448/3570/3195 2418/3600/3224
f 2418/3600/3224 2448/3570/3195 2447/3571/3196 2417/3601/3225
f 2417/3601/3225 2447/3571/3196 2446/3572/3197 2416/3602/3226
f 2416/3602/3226 2446/3572/3197 2445/3573/3198 2415/3603/3227
f 2415/3603/3227 2445/3573/3198 2444/3574/3199 2414/3604/3228
f 2414/3604/3228 2444/3574/3199 2443/3575/3200 2413/3605/3229
f 2413/3605/3229 2443/3575/3200 2442/3576/3201 2412/3606/3230
f 2412/3606/3230 2442/3576/3201 2441/2563/2237 2411/2561/2235
f 2233/3607/2330 2235/3577/2329 2440/3578/3202 2410/3608/3231
f 2410/3608/3231 2440/3578/3202 2439/3579/3203 2409/3609/3232
f 2409/3609/3232 2439/3579/3203 2438/3580/3204 2408/3610/3233
f 2408/3610/3233 2438/3580/3204 2437/3581/3205 2407/3611/3234
f 2407/3611/3234 2437/3581/3205 2436/3582/3206 2406/3612/3235
f 2406/3612/3235 2436/3582/3206 2435/3583/3207 2405/3613/3236
f 2405/3613/3236 2435/3583/3207 2434/3584/3208 2404/3614/3237
f 2404/3614/3237 2434/3584/3208 2433/3585/3209 2403/3615/3238
f 2403/3615/3238 2433/3585/3209 2432/3586/3210 2402/3616/3239
f 2402/3616/3239 2432/3586/3210 2431/3587/3211 2401/3617/3240
f 2401/3617/3240 2431/3587/3211 2430/3588/3212 2400/3618/3241
f 2400/3618/3241 2430/3588/3212 2429/3589/3213 2399/3619/3242
f 2399/3619/3242 2429/3589/3213 2428/3590/3214 2398/3620/3243
f 2398/3620/3243 2428/3590/3214 2427/3591/3215 2397/3621/3244
f 2397/3621/3244 2427/3591/3215 2426/3592/3216 2396/3622/3245
f 2396/3622/3245 2426/3592/3216 2425/3593/3217 2395/3623/3246
f 2395/3623/3246 2425/3593/3217 2424/3594/3218 2394/3624/3247
f 2394/3624/3247 2424/3594/3218 2423/3595/3219 2393/3625/3248
f 2393/3625/3248 2423/3595/3219 2422/3596/3220 2392/3626/3249
f 2392/3626/3249 2422/3596/3220 2421/3597/3221 2391/3627/3250
f 2391/3627/3250 2421/3597/3221 2420/3598/3222 2390/3628/3251
f 2390/3628/3251 2420/3598/3222 2419/3599/3223 2389/3629/3252
f 2389/3629/3252 2419/3599/3223 2418/3600/3224 2388/3630/3253
f 2388/3630/3253 2418/3600/3224 2417/3601/3225 2387/3631/3254
f 2387/3631/3254 2417/3601/3225 2416/3602/3226 2386/3632/3255
f 2386/3632/3255 2416/3602/3226 2415/3603/3227 2385/3633/3256
f 2385/3633/3256 2415/3603/3227 2414/3604/3228 2384/3634/3257
f 2384/3634/3257 2414/3604/3228 2413/3605/3229 2383/3635/3258
f 2383/3635/3258 2413/3605/3229 2412/3606/3230 2382/3636/3259
f 2382/3636/3259 2412/3606/3230 2411/2561/2235 2381/2559/2233
f 2231/3637/2331 2233/3607/2330 2410/3608/3231 2380/3638/3260
f 2380/3638/3260 2410/3608/3231 2409/3609/3232 2379/3639/3261
f 2379/3639/3261 2409/3609/3232 2408/3610/3233 2378/3640/3262
f 2378/3640/3262 2408/3610/3233 2407/3611/3234 2377/3641/3263
f 2377/3641/3263 2407/3611/3234 2406/3612/3235 2376/3642/3264
f 2376/3642/3264 2406/3612/3235 2405/3613/3236 2375/3643/3265
f 2375/3643/3265 2405/3613/3236 2404/3614/3237 2374/3644/3266
f 2374/3644/3266 2404/3614/3237 2403/3615/3238 2373/3645/3267
f 2373/3645/3267 2403/3615/3238 2402/3616/3239 2372/3646/3268
f 2372/3646/3268 2402/3616/3239 2401/3617/3240 2371/3647/3269
f 2371/3647/3269 2401/3617/3240 2400/3618/3241 2370/3648/3270
f 2370/3648/3270 2400/3618/3241 2399/3619/3242 2369/3649/3271
f 2369/3649/3271 2399/3619/3242 2398/3620/3243 2368/3650/3272
f 2368/3650/3272 2398/3620/3243 2397/3621/3244 2367/3651/3273
f 2367/3651/3273 2397/3621/3244 2396/3622/3245 2366/3652/3274
f 2366/3652/3274 2396/3622/3245 2395/3623/3246 2365/3653/3275
f 2365/3653/3275 2395/3623/3246 2394/3624/3247 2364/3654/3276
f 2364/3654/3276 2394/3624/3247 2393/3625/3248 2363/3655/3277
f 2363/3655/3277 2393/3625/3248 2392/3626/3249 2362/3656/3278
f 2362/3656/3278 2392/3626/3249 2391/3627/3250 2361/3657/3279
f 2361/3657/3279 2391/3627/3250 2390/3628/3251 2360/3658/3280
f 2360/3658/3280 2390/3628/3251 2389/3629/3252 2359/3659/3281
f 2359/3659/3281 2389/3629/3252 2388/3630/3253 2358/3660/3282
f 2358/3660/3282 2388/3630/3253 2387/3631/3254 2357/3661/3283
f 2357/3661/3283 2387/3631/3254 2386/3632/3255 2356/3662/3284
f 2356/3662/3284 2386/3632/3255 2385/3633/3256 2355/3663/3285
f 2355/3663/3285 2385/3633/3256 2384/3634/3257 2354/3664/3286
f 2354/3664/3286 2384/3634/3257 2383/3635/3258 2353/3665/3287
f 2353/3665/3287 2383/3635/3258 2382/3636/3259 2352/3666/3288
f 2352/3666/3288 2382/3636/3259 2381/2559/2233 2351/2557/2231
f 2229/3667/2332 2231/3637/2331 2380/3638/3260 2350/3668/3289
f 2350/3668/3289 2380/3638/3260 2379/3639/3261 2349/3669/3290
f 2349/3669/3290 2379/3639/3261 2378/3640/3262 2348/3670/3291
f 2348/3670/3291 2378/3640/3262 2377/3641/3263 2347/3671/3292
f 2347/3671/3292 2377/3641/3263 2376/3642/3264 2346/3672/3293
f 2346/3672/3293 2376/3642/3264 2375/3643/3265 2345/3673/3294
f 2345/3673/3294 2375/3643/3265 2374/3644/3266 2344/3674/3295
f 2344/3674/3295 2374/3644/3266 2373/3645/3267 2343/3675/3296
f 2343/3675/3296 2373/3645/3267 2372/3646/3268 2342/3676/3297
f 2342/3676/3297 2372/3646/3268 2371/3647/3269 2341/3677/3298
f 2341/3677/3298 2371/3647/3269 2370/3648/3270 2340/3678/3299
f 2340/3678/3299 2370/3648/3270 2369/3649/3271 2339/3679/3300
f 2339/3679/3300 2369/3649/3271 2368/3650/3272 2338/3680/3301
f 2338/3680/3301 2368/3650/3272 2367/3651/3273 2337/3681/3302
f 2337/3681/3302 2367/3651/3273 2366/3652/3274 2336/3682/3303
f 2336/3682/3303 2366/3652/3274 2365/3653/3275 2335/3683/3304
f 2335/3683/3304 2365/3653/3275 2364/3654/3276 2334/3684/3305
f 2334/3684/3305 2364/3654/3276 2363/3655/3277 2333/3685/3306
f 2333/3685/3306 2363/3655/3277 2362/3656/3278 2332/3686/3307
f 2332/3686/3307 2362/3656/3278 2361/3657/3279 2331/3687/3308
f 2331/3687/3308 2361/3657/3279 2360/3658/3280 2330/3688/3309
f 2330/3688/3309 2360/3658/3280 2359/3659/3281 2329/3689/3310
f 2329/3689/3310 2359/3659/3281 2358/3660/3282 2328/3690/3311
f 2328/3690/3311 2358/3660/3282 2357/3661/3283 2327/3691/3312
f 2327/3691/3312 2357/3661/3283 2356/3662/3284 2326/3692/3313
f 2326/3692/3313 2356/3662/3284 2355/3663/3285 2325/3693/3314
f 2325/3693/3314 2355/3663/3285 2354/3664/3286 2324/3694/3315
f 2324/3694/3315 2354/3664/3286 2353/3665/3287 2323/3695/3316
f 2323/3695/3316 2353/3665/3287 2352/3666/3288 2322/3696/3317
f 2322/3696/3317 2352/3666/3288 2351/2557/2231 2321/2554/2228
f 3252/2832/2315 2229/3667/2332 2350/3668/3289 3312/2830/2484
f 3312/2830/2484 2350/3668/3289 2349/3669/3290 3313/2828/2482
f 3313/2828/2482 2349/3669/3290 2348/3670/3291 3314/2826/2480
f 3314/2826/2480 2348/3670/3291 2347/3671/3292 3315/2824/2478
f 3315/2824/2478 2347/3671/3292 2346/3672/3293 3316/2822/2476
f 3316/2822/2476 2346/3672/3293 2345/3673/3294 3317/2819/2474
f 3317/2819/2474 2345/3673/3294 2344/3674/3295 2297/3697/2359 3256/2820/2358
f 2297/3697/2359 2344/3674/3295 2343/3675/3296 2298/3698/2360
f 2298/3698/2360 2343/3675/3296 2342/3676/3297 2299/3699/2362
f 2299/3699/2362 2342/3676/3297 2341/3677/3298 2300/3700/2364
f 2300/3700/2364 2341/3677/3298 2340/3678/3299 2301/3701/2366
f 2301/3701/2366 2340/3678/3299 2339/3679/3300 2302/3702/2368
f 2302/3702/2368 2339/3679/3300 2338/3680/3301 2303/3703/2370
f 2303/3703/2370 2338/3680/3301 2337/3681/3302 2304/3704/2371
f 2304/3704/2371 2337/3681/3302 2336/3682/3303 2305/3705/2372
f 2305/3705/2372 2336/3682/3303 2335/3683/3304 2306/3706/2374
f 2306/3706/2374 2335/3683/3304 2334/3684/3305 2307/3707/2376
f 2307/3707/2376 2334/3684/3305 2333/3685/3306 2308/3708/2378
f 2308/3708/2378 2333/3685/3306 2332/3686/3307 2309/3709/2380
f 2309/3709/2380 2332/3686/3307 2331/3687/3308 2310/3710/2382
f 2310/3710/2382 2331/3687/3308 2330/3688/3309 2311/3711/2384
f 2311/3711/2384 2330/3688/3309 2329/3689/3310 2312/3712/2386
f 2312/3712/2386 2329/3689/3310 2328/3690/3311 2313/3713/2388
f 2313/3713/2388 2328/3690/3311 2327/3691/3312 2314/3714/2390
f 2314/3714/2390 2327/3691/3312 2326/3692/3313 2315/3715/2392
f 2315/3715/2392 2326/3692/3313 2325/3693/3314 2316/3716/2394
f 2316/3716/2394 2325/3693/3314 2324/3694/3315 2317/3717/2396
f 2317/3717/2396 2324/3694/3315 2323/3695/3316 2318/3718/2398
f 2318/3718/2398 2323/3695/3316 2322/3696/3317 2319/3719/2400
f 2319/3719/2400 2322/3696/3317 2321/2554/2228 2320/2553/2227
f 3321/3720/2429 3251/3721/2309 3320/3722/3318
f 2244/2570/2244 3251/3723/2309 2242/2568/2242
f 3323/3724/2427 3251/3725/2309 3322/3726/3319
f 3325/2773/2431 3251/3727/2309 3324/2774/2409
f 2236/2562/2236 3251/3728/2309 2234/2560/2234
f 2254/2580/2254 3251/3729/2309 2252/2578/2252
f 3326/3730/2423 3251/3731/2309 3319/3732/2308
f 3327/2768/2428 3251/3733/2309 3321/2769/2429
f 2246/2572/2246 3251/3734/2309 2244/2570/2244
f 3328/2765/2426 3251/3735/2309 3323/2766/2427
f 3329/3736/2419 3251/3737/2309 3325/3738/2431
f 2238/2564/2238 3251/3739/2309 2236/2562/2236
f 2256/2582/2256 3251/3740/2309 2254/2580/2254
f 3330/2759/2422 3251/3741/2309 3326/2760/2423
f 2230/2555/2229 3251/3742/2309 2228/2556/2230
f 3282/2640/2313 3255/2643/2314 2227/3743/3320 2793/3232/2434
f 2248/2574/2248 3251/3744/2309 2246/2572/2246
f 3331/3745/2413 3251/3746/2309 3328/3747/2426
f 3332/2753/2418 3251/3748/2309 3329/2754/2419
f 2240/2566/2240 3251/3749/2309 2238/2564/2238
f 2258/2584/2258 3251/3750/2309 2256/2582/2256
f 3333/3751/2410 3251/3752/2309 3330/3753/2422
f 2232/2558/2232 3251/3754/2309 2230/2555/2229
f 2250/2576/2250 3251/3755/2309 2248/2574/2248
f 3318/2744/2310 3251/3756/2309 3331/2745/2413
f 3320/3757/3318 3251/3758/2309 3332/3759/2418
f 2242/2568/2242 3251/3760/2309 2240/2566/2240
f 3322/3761/3319 3251/3762/2309 2258/2584/2258 3253/3763/3321
f 3324/2738/2409 3251/3764/2309 3333/2739/2410
f 2234/2560/2234 3251/3765/2309 2232/2558/2232
f 2252/2578/2252 3251/3766/2309 2250/2576/2250
f 3008/3003/2656 2275/2776/2432 2277/2757/2421 3038/3031/2684
f 3128/3115/2768 2283/2735/2406 2285/2771/2430 3158/3143/2796
f 2858/2863/2516 2265/3767/3322 2267/2763/2425 2888/2891/2544
f 2978/2975/2628 2273/2741/2411 2275/2776/2432 3008/3003/2656
f 3098/3087/2740 2281/2736/2407 2283/2735/2406 3128/3115/2768
f 3068/3059/2712 2279/2756/2420 2281/2736/2407 3098/3087/2740
f 3038/3031/2684 2277/2757/2421 2279/2756/2420 3068/3059/2712
f 2828/2834/2487 2263/2747/2414 2265/3767/3322 2858/2863/2516
f 2794/2780/2435 2261/2748/2415 2263/2747/2414 2828/2834/2487
f 3252/2644/2315 2260/3768/2486 2262/3769/2515 2264/3770/2543 2266/3771/2571 2268/3772/2599 2270/3773/2627 2272/3774/2655 2274/3775/2683 2276/3776/2711 2278/3777/2739 2280/3778/2767 2282/3779/2271 2284/3780/2274 2286/3781/2853 2288/3782/2866 2290/3783/2882 3254/2645/2316
f 3188/2594/2268 2287/2751/2417 2289/2750/2416 3218/2595/2269
f 3158/3143/2796 2285/2771/2430 2287/2751/2417 3188/2594/2268
f 2948/2947/2600 2271/2742/2412 2273/2741/2411 2978/2975/2628
f 2918/2919/2572 2269/2762/2424 2271/2742/2412 2948/2947/2600
f 2888/2891/2544 2267/2763/2425 2269/2762/2424 2918/2919/2572
f 3264/2698/2369 3265/2585/2259 2771/2588/2262 2296/3784/2311
f 3262/2694/2365 3263/2696/2367 2295/3785/2465 2294/3786/2466
f 3261/2692/2363 3262/2694/2365 2294/3786/2466 2293/3787/2468
f 3260/2690/2361 3261/2692/2363 2293/3787/2468 2292/3788/2470
f 3259/2686/2357 3260/2690/2361 2292/3788/2470 2291/3789/2472
f 2742/3305/2939 3310/3790/3323 3311/3791/3324 2741/2583/2257
f 2749/3296/2930 3308/2684/2355 3309/2734/2405 2748/3298/2932
f 2750/3294/2928 3307/2685/2356 3308/2684/2355 2749/3296/2930
f 2751/3292/2926 3306/2680/2351 3307/2685/2356 2750/3294/2928
f 2752/3290/2924 3305/2681/2352 3306/2680/2351 2751/3292/2926
f 2753/3288/2922 3304/2676/2347 3305/2681/2352 2752/3290/2924
f 2754/3286/2920 3303/2677/2348 3304/2676/2347 2753/3288/2922
f 2755/3284/2918 3302/2672/2343 3303/2677/2348 2754/3286/2920
f 2756/3282/2916 3301/2673/2344 3302/2672/2343 2755/3284/2918
f 2757/3280/2914 3300/2668/2339 3301/2673/2344 2756/3282/2916
f 2758/3278/2912 3299/2669/2340 3300/2668/2339 2757/3280/2914
f 2759/3276/2910 3298/2664/2335 3299/2669/2340 2758/3278/2912
f 2760/3274/2908 3297/2665/2336 3298/2664/2335 2759/3276/2910
f 2761/3272/2906 3296/2732/2403 3297/2665/2336 2760/3274/2908
f 2762/3270/2904 3295/3792/3325 3296/2732/2403 2761/3272/2906
f 2763/3268/2902 3294/3793/3326 3295/3792/3325 2762/3270/2904
f 2764/3266/2900 3293/3794/3327 3294/3793/3326 2763/3268/2902
f 2765/3264/2898 3292/3795/3328 3293/3794/3327 2764/3266/2900
f 2766/3262/2896 3291/3796/3329 3292/3795/3328 2765/3264/2898
f 2774/3252/2888 3289/3797/3330 3290/3798/3331 2773/3254/2890
f 2775/3250/2886 3288/3799/3332 3289/3797/3330 2774/3252/2888
f 2776/3248/2884 3287/3800/3333 3288/3799/3332 2775/3250/2886
f 2798/3221/2872 3285/3801/3334 3286/3802/3335 2797/3223/2874
f 2799/3219/2870 3284/3803/3336 3285/3801/3334 2798/3221/2872
f 2800/3217/2868 3283/3804/3337 3284/3803/3336 2799/3219/2870
f 2772/3805/2261 2778/2806/2461 2813/2809/2464 2814/2850/2503
f 2779/2807/2462 2780/2802/2457 2811/2805/2460 2812/2808/2463
f 2781/2803/2458 2782/2798/2453 2809/2801/2456 2810/2804/2459
f 2783/2799/2454 2784/2794/2449 2807/2797/2452 2808/2800/2455
f 2785/2795/2450 2786/2790/2445 2805/2793/2448 2806/2796/2451
f 2787/2791/2446 2788/2786/2441 2803/2789/2444 2804/2792/2447
f 2789/2787/2442 2790/2782/2437 2801/2785/2440 2802/2788/2443
f 2791/2783/2438 2792/2778/2433 2795/2781/2436 2796/2784/2439
f 3321/3720/2429 3320/3722/3318 3339/3806/2408
f 3323/3724/2427 3322/3726/3319 3339/3807/2408
f 2267/2763/2425 2265/3767/3322 3339/3808/2408
f 3326/3730/2423 3319/3732/2308 3339/3809/2408
f 2277/2757/2421 2275/2776/2432 3339/3810/2408
f 3329/3736/2419 3325/3738/2431 3339/3811/2408
f 2287/2751/2417 2285/2771/2430 3339/3812/2408
f 2261/2748/2415 2227/3813/3320 3339/3814/2408
f 3331/3745/2413 3328/3747/2426 3339/3815/2408
f 2271/2742/2412 2269/2762/2424 3339/3816/2408
f 3333/3751/2410 3330/3753/2422 3339/3817/2408
f 2281/2736/2407 2279/2756/2420 3339/3818/2408
f 3320/3757/3318 3332/3759/2418 3339/3819/2408
f 3322/3761/3319 3253/3763/3321 2289/2750/2416 3339/3820/2408
f 2265/3767/3322 2263/2747/2414 3339/3821/2408
f 2797/3223/2874 3286/3802/3335 3258/3822/3338
f 2767/3224/2875 2797/3223/2874 3258/3822/3338 3291/3796/3329 2766/3262/2896
f 2748/3298/2932 3309/2734/2405 2777/3226/2877 2747/3247/2883
f 2776/3248/2884 2777/3226/2877 3287/3800/3333
f 2773/3254/2890 3290/3798/3331 3257/3823/3339
f 2743/3255/2891 2773/3254/2890 3257/3823/3339 3310/3790/3323 2742/3305/2939
f 3219/2596/2270 3218/2595/2269 3311/3791/3324 3310/3790/3323
f 3263/2696/2367 3264/2698/2369 2296/3784/2311 2295/3785/2465
f 2771/2638/2262 2772/3805/2261 2814/2850/2503 2815/2639/2312
f 2228/2642/2230 3251/3824/2309 3327/3825/2428 3255/2643/2314
f 2259/3216/2317 3254/3826/2316 3283/3804/3337 2800/3217/2868
f 2741/2583/2257 3311/3791/3324 3253/3763/3321 2258/2584/2258
f 2793/2779/2434 2227/3813/3320 2261/2748/2415 2794/2780/2435
f 3319/2634/2308 3318/2636/2310 3339/3827/2408
f 3259/2686/2357 2291/3789/2472 3256/2687/2358
f 3239/3204/2857 3238/2731/2402 3296/2732/2403 3295/3792/3325
f 3240/3205/2858 3239/3204/2857 3295/3792/3325 3294/3793/3326
f 3241/3206/2859 3240/3205/2858 3294/3793/3326 3293/3794/3327
f 3242/3207/2860 3241/3206/2859 3293/3794/3327 3292/3795/3328
f 3243/3208/2861 3242/3207/2860 3292/3795/3328 3291/3796/3329
f 3249/2591/2265 3248/3214/2867 3290/3798/3331 3289/3797/3330
f 3250/2592/2266 3249/2591/2265 3289/3797/3330 3288/3799/3332
f 3334/3225/2876 3250/2592/2266 3288/3799/3332 3287/3800/3333
f 3336/3228/2879 3335/3227/2878 3286/3802/3335 3285/3801/3334
f 3337/3229/2880 3336/3228/2879 3285/3801/3334 3284/3803/3336
f 3338/3230/2881 3337/3229/2880 3284/3803/3336 3283/3804/3337
f 3335/3227/2878 3258/3822/3338 3286/3802/3335
f 3244/3209/2862 3243/3208/2861 3291/3796/3329 3258/3822/3338 3335/3227/2878
f 3225/2733/2404 3224/3203/2856 2777/3226/2877 3309/2734/2405
f 3334/3225/2876 3287/3800/3333 2777/3226/2877
f 3248/3214/2867 3257/3823/3339 3290/3798/3331
f 3220/3201/2854 3219/2596/2270 3310/3790/3323 3257/3823/3339 3248/3214/2867
f 2227/3743/3320 3255/2643/2314 3327/3825/2428 3339/3828/2408
f 2290/3231/2882 3338/3230/2881 3283/3804/3337 3254/3826/2316
f 3218/2595/2269 2289/2750/2416 3253/3763/3321 3311/3791/3324
f 3433/3829/3340 3341/3830/3341 3343/3831/3342 3434/3832/3343
f 3434/3832/3343 3343/3831/3342 3345/3833/3344 3464/3834/3345
f 3464/3834/3345 3345/3833/3344 3347/3835/3346 3494/3836/3347
f 3494/3836/3347 3347/3835/3346 3349/3837/3348 3524/3838/3349
f 3524/3838/3349 3349/3837/3348 3351/3839/3350 3554/3840/3351
f 3554/3840/3351 3351/3839/3350 3353/3841/3352 3584/3842/3353
f 3584/3842/3353 3353/3841/3352 3355/3843/3354 3614/3844/3355
f 3614/3844/3355 3355/3843/3354 3357/3845/3356 3644/3846/3357
f 3644/3846/3357 3357/3845/3356 3359/3847/3358 3674/3848/3359
f 3674/3848/3359 3359/3847/3358 3361/3849/3360 3704/3850/3361
f 3704/3850/3361 3361/3849/3360 3363/3851/3362 3734/3852/3363
f 3734/3852/3363 3363/3851/3362 3365/3853/3364 3764/3854/3365
f 3764/3854/3365 3365/3853/3364 3367/3855/3366 3794/3856/3367
f 3794/3856/3367 3367/3855/3366 3369/3857/3368 3824/3858/3369
f 3824/3858/3369 3369/3857/3368 3371/3859/3370 3854/3860/3371
f 4378/3861/3372 3884/3862/3373 3885/3863/3374 4379/3864/3375
f 4335/3865/3376 4363/3866/3377 4362/3867/3378 4334/3868/3379
f 4302/3869/3380 4332/3870/3381 4331/3871/3382 4301/3872/3383
f 3395/3873/3384 3397/3874/3385 4300/3875/3386 4270/3876/3387
f 4240/3877/3388 4270/3876/3387 4269/3878/3389 4239/3879/3390
f 4209/3880/3391 4239/3879/3390 4238/3881/3392 4208/3882/3393
f 4178/3883/3394 4208/3882/3393 4207/3884/3395 4177/3885/3396
f 4147/3886/3397 4177/3885/3396 4176/3887/3398 4146/3888/3399
f 4116/3889/3400 4146/3888/3399 4145/3890/3401 4115/3891/3402
f 4085/3892/3403 4115/3891/3402 4114/3893/3404 4084/3894/3405
f 4054/3895/3406 4084/3894/3405 4083/3896/3407 4053/3897/3408
f 4023/3898/3409 4053/3897/3408 4052/3899/3410 4022/3900/3411
f 3992/3901/3412 4022/3900/3411 4021/3902/3413 3991/3903/3414
f 3961/3904/3415 3991/3903/3414 3990/3905/3416 3960/3906/3417
f 3930/3907/3418 3960/3906/3417 3959/3908/3419 3929/3909/3420
f 4432/3910/3421 4431/3911/3422 4364/3912/3423
f 3409/3913/3424 3929/3909/3420 3928/3914/3425 3884/3915/3373
f 4395/3916/3426 4368/3917/3427 3341/3918/3341 3433/3919/3340
f 4365/3920/3428 3342/3921/3429 3344/3922/3430 3346/3923/3431 3348/3924/3432 3350/3925/3433 3352/3926/3434 3354/3927/3435 3356/3928/3436 3358/3929/3437 3360/3930/3438 3362/3931/3439 3364/3932/3440 3366/3933/3441 3368/3934/3442 3370/3935/3443 3372/3936/3444 4367/3937/3445
f 4350/3938/3446 4410/3939/3447 4411/3940/3448 4349/3941/3449
f 4348/3942/3450 4412/3943/3451 4413/3944/3452 4347/3945/3453
f 4346/3946/3454 4414/3947/3455 4415/3948/3456 4345/3949/3457
f 4344/3950/3458 4416/3951/3459 4417/3952/3460 4343/3953/3461
f 4342/3954/3462 4418/3955/3463 4419/3956/3464 4341/3957/3465
f 4340/3958/3466 4420/3959/3467 4421/3960/3468 4339/3961/3469
f 4372/3962/3470 3410/3963/3471 4369/3964/3472
f 4372/3962/3470 4373/3965/3473 3411/3966/3474 3410/3963/3471
f 4373/3965/3473 4374/3967/3475 3412/3968/3476 3411/3966/3474
f 4374/3967/3475 4375/3969/3477 3413/3970/3478 3412/3968/3476
f 4375/3969/3477 4376/3971/3479 3414/3972/3480 3413/3970/3478
f 4376/3971/3479 4377/3973/3481 3415/3974/3482 3414/3972/3480
f 4377/3973/3481 4378/3861/3372 3416/3975/3483 3415/3974/3482
f 4378/3861/3372 4379/3864/3375 3417/3976/3484 3416/3975/3483
f 4379/3864/3375 4380/3977/3485 3418/3978/3486 3417/3976/3484
f 4380/3977/3485 4381/3979/3487 3419/3980/3488 3418/3978/3486
f 4381/3979/3487 4382/3981/3489 3420/3982/3490 3419/3980/3488
f 4382/3981/3489 4383/3983/3491 3421/3984/3492 3420/3982/3490
f 4383/3983/3491 4384/3985/3493 3422/3986/3494 3421/3984/3492
f 4384/3985/3493 4385/3987/3495 3423/3988/3496 3422/3986/3494
f 4385/3987/3495 4386/3989/3497 3424/3990/3498 3423/3988/3496
f 4386/3989/3497 4387/3991/3499 3425/3992/3500 3424/3990/3498
f 4387/3991/3499 4388/3993/3501 3426/3994/3502 3425/3992/3500
f 4388/3993/3501 4389/3995/3503 3427/3996/3504 3426/3994/3502
f 4389/3995/3503 4390/3997/3505 3428/3998/3506 3427/3996/3504
f 4390/3997/3505 4391/3999/3507 3429/4000/3508 3428/3998/3506
f 4391/3999/3507 4392/4001/3509 3430/4002/3510 3429/4000/3508
f 4392/4001/3509 4393/4003/3511 3431/4004/3512 3430/4002/3510
f 4393/4003/3511 4394/4005/3513 3432/4006/3514 3431/4004/3512
f 4394/4005/3513 4395/3916/3426 3433/3919/3340 3432/4006/3514
f 4351/4007/3515 4409/4008/3516 4410/3939/3447 4350/3938/3446
f 4349/3941/3449 4411/3940/3448 4412/3943/3451 4348/3942/3450
f 4347/3945/3453 4413/3944/3452 4414/3947/3455 4346/3946/3454
f 4345/3949/3457 4415/3948/3456 4416/3951/3459 4344/3950/3458
f 4343/3953/3461 4417/3952/3460 4418/3955/3463 4342/3954/3462
f 4341/3957/3465 4419/3956/3464 4420/3959/3467 4340/3958/3466
f 4339/3961/3469 4421/3960/3468 4422/4009/3517 4338/4010/3518
f 3396/4011/3519 4452/4012/3520 3394/4013/3521
f 4437/4014/3522 4452/4015/3520 4446/4016/3523
f 3386/4017/3524 4452/4018/3520 3384/4019/3525
f 4431/4020/3422 4452/4021/3520 4444/4022/3526
f 3376/4023/3527 4452/4024/3520 3374/4025/3528
f 3402/4026/3529 4452/4027/3520 3400/4028/3530
f 4445/4029/3531 4452/4030/3520 4442/4031/3532
f 3392/4032/3533 4452/4033/3520 3390/4034/3534
f 4443/4035/3535 4452/4036/3520 4439/4037/3536
f 3382/4038/3537 4452/4039/3520 3380/4040/3538
f 4441/4041/3539 4452/4042/3520 4436/4043/3540
f 4440/4044/3541 4452/4045/3520 4434/4046/3542
f 3398/4047/3543 4452/4048/3520 3396/4011/3519
f 4438/4049/3544 4452/4050/3520 4437/4051/3522
f 3388/4052/3545 4452/4053/3520 3386/4017/3524
f 3905/4054/3546 3908/4055/3547 3907/4056/3548 3906/4057/3549
f 3903/4058/3550 3914/4059/3551 3909/4060/3552 3904/4061/3553
f 3901/4062/3554 3916/4063/3555 3915/4064/3556 3902/4065/3557
f 3899/4066/3558 3918/4067/3559 3917/4068/3560 3900/4069/3561
f 3897/4070/3562 3920/4071/3563 3919/4072/3564 3898/4073/3565
f 3895/4074/3566 3922/4075/3567 3921/4076/3568 3896/4077/3569
f 3893/4078/3570 3924/4079/3571 3923/4080/3572 3894/4081/3573
f 3891/4082/3574 3926/4083/3575 3925/4084/3576 3892/4085/3577
f 3408/4086/3578 3930/3907/3418 3929/3909/3420 3409/3913/3424
f 3407/4087/3579 3931/4088/3580 3930/3907/3418 3408/4086/3578
f 3406/4089/3581 3932/4090/3582 3931/4088/3580 3407/4087/3579
f 3405/4091/3583 3933/4092/3584 3932/4090/3582 3406/4089/3581
f 3404/4093/3585 3934/4094/3586 3933/4092/3584 3405/4091/3583
f 4430/4095/3587 3935/4096/3588 3934/4094/3586 3404/4093/3585 4369/4097/3472
f 4429/4098/3589 3936/4099/3590 3935/4096/3588 4430/4095/3587
f 4428/4100/3591 3937/4101/3592 3936/4099/3590 4429/4098/3589
f 4427/4102/3593 3938/4103/3594 3937/4101/3592 4428/4100/3591
f 4426/4104/3595 3939/4105/3596 3938/4103/3594 4427/4102/3593
f 4425/4106/3597 3940/4107/3598 3939/4105/3596 4426/4104/3595
f 4365/4108/3428 3373/4109/3599 3940/4107/3598 4425/4106/3597
f 3908/4055/3547 3942/4110/3600 3941/4111/3601 3907/4056/3548
f 3909/4060/3552 3943/4112/3602 3942/4110/3600 3908/4055/3547
f 3914/4059/3551 3944/4113/3603 3943/4112/3602 3909/4060/3552
f 3915/4064/3556 3945/4114/3604 3944/4113/3603 3914/4059/3551
f 3916/4063/3555 3946/4115/3605 3945/4114/3604 3915/4064/3556
f 3917/4068/3560 3947/4116/3606 3946/4115/3605 3916/4063/3555
f 3918/4067/3559 3948/4117/3607 3947/4116/3606 3917/4068/3560
f 3919/4072/3564 3949/4118/3608 3948/4117/3607 3918/4067/3559
f 3920/4071/3563 3950/4119/3609 3949/4118/3608 3919/4072/3564
f 3921/4076/3568 3951/4120/3610 3950/4119/3609 3920/4071/3563
f 3922/4075/3567 3952/4121/3611 3951/4120/3610 3921/4076/3568
f 3923/4080/3572 3953/4122/3612 3952/4121/3611 3922/4075/3567
f 3924/4079/3571 3954/4123/3613 3953/4122/3612 3923/4080/3572
f 3925/4084/3576 3955/4124/3614 3954/4123/3613 3924/4079/3571
f 3926/4083/3575 3956/4125/3615 3955/4124/3614 3925/4084/3576
f 3927/4126/3616 3957/4127/3617 3956/4125/3615 3926/4083/3575
f 3928/3914/3425 3958/4128/3618 3957/4127/3617 3927/4126/3616
f 3929/3909/3420 3959/3908/3419 3958/4128/3618 3928/3914/3425
f 3931/4088/3580 3961/3904/3415 3960/3906/3417 3930/3907/3418
f 3932/4090/3582 3962/4129/3619 3961/3904/3415 3931/4088/3580
f 3933/4092/3584 3963/4130/3620 3962/4129/3619 3932/4090/3582
f 3934/4094/3586 3964/4131/3621 3963/4130/3620 3933/4092/3584
f 3935/4096/3588 3965/4132/3622 3964/4131/3621 3934/4094/3586
f 3936/4099/3590 3966/4133/3623 3965/4132/3622 3935/4096/3588
f 3937/4101/3592 3967/4134/3624 3966/4133/3623 3936/4099/3590
f 3938/4103/3594 3968/4135/3625 3967/4134/3624 3937/4101/3592
f 3939/4105/3596 3969/4136/3626 3968/4135/3625 3938/4103/3594
f 3940/4107/3598 3970/4137/3627 3969/4136/3626 3939/4105/3596
f 3373/4109/3599 3375/4138/3628 3970/4137/3627 3940/4107/3598
f 3942/4110/3600 3972/4139/3629 3971/4140/3630 3941/4111/3601
f 3943/4112/3602 3973/4141/3631 3972/4139/3629 3942/4110/3600
f 3944/4113/3603 3974/4142/3632 3973/4141/3631 3943/4112/3602
f 3945/4114/3604 3975/4143/3633 3974/4142/3632 3944/4113/3603
f 3946/4115/3605 3976/4144/3634 3975/4143/3633 3945/4114/3604
f 3947/4116/3606 3977/4145/3635 3976/4144/3634 3946/4115/3605
f 3948/4117/3607 3978/4146/3636 3977/4145/3635 3947/4116/3606
f 3949/4118/3608 3979/4147/3637 3978/4146/3636 3948/4117/3607
f 3950/4119/3609 3980/4148/3638 3979/4147/3637 3949/4118/3608
f 3951/4120/3610 3981/4149/3639 3980/4148/3638 3950/4119/3609
f 3952/4121/3611 3982/4150/3640 3981/4149/3639 3951/4120/3610
f 3953/4122/3612 3983/4151/3641 3982/4150/3640 3952/4121/3611
f 3954/4123/3613 3984/4152/3642 3983/4151/3641 3953/4122/3612
f 3955/4124/3614 3985/4153/3643 3984/4152/3642 3954/4123/3613
f 3956/4125/3615 3986/4154/3644 3985/4153/3643 3955/4124/3614
f 3957/4127/3617 3987/4155/3645 3986/4154/3644 3956/4125/3615
f 3958/4128/3618 3988/4156/3646 3987/4155/3645 3957/4127/3617
f 3959/3908/3419 3989/4157/3647 3988/4156/3646 3958/4128/3618
f 3960/3906/3417 3990/3905/3416 3989/4157/3647 3959/3908/3419
f 3962/4129/3619 3992/3901/3412 3991/3903/3414 3961/3904/3415
f 3963/4130/3620 3993/4158/3648 3992/3901/3412 3962/4129/3619
f 3964/4131/3621 3994/4159/3649 3993/4158/3648 3963/4130/3620
f 3965/4132/3622 3995/4160/3650 3994/4159/3649 3964/4131/3621
f 3966/4133/3623 3996/4161/3651 3995/4160/3650 3965/4132/3622
f 3967/4134/3624 3997/4162/3652 3996/4161/3651 3966/4133/3623
f 3968/4135/3625 3998/4163/3653 3997/4162/3652 3967/4134/3624
f 3969/4136/3626 3999/4164/3654 3998/4163/3653 3968/4135/3625
f 3970/4137/3627 4000/4165/3655 3999/4164/3654 3969/4136/3626
f 3375/4138/3628 3377/4166/3656 4000/4165/3655 3970/4137/3627
f 3972/4139/3629 4002/4167/3657 4001/4168/3658 3971/4140/3630
f 3973/4141/3631 4003/4169/3659 4002/4167/3657 3972/4139/3629
f 3974/4142/3632 4004/4170/3660 4003/4169/3659 3973/4141/3631
f 3975/4143/3633 4005/4171/3661 4004/4170/3660 3974/4142/3632
f 3976/4144/3634 4006/4172/3662 4005/4171/3661 3975/4143/3633
f 3977/4145/3635 4007/4173/3663 4006/4172/3662 3976/4144/3634
f 3978/4146/3636 4008/4174/3664 4007/4173/3663 3977/4145/3635
f 3979/4147/3637 4009/4175/3665 4008/4174/3664 3978/4146/3636
f 3980/4148/3638 4010/4176/3666 4009/4175/3665 3979/4147/3637
f 3981/4149/3639 4011/4177/3667 4010/4176/3666 3980/4148/3638
f 3982/4150/3640 4012/4178/3668 4011/4177/3667 3981/4149/3639
f 3983/4151/3641 4013/4179/3669 4012/4178/3668 3982/4150/3640
f 3984/4152/3642 4014/4180/3670 4013/4179/3669 3983/4151/3641
f 3985/4153/3643 4015/4181/3671 4014/4180/3670 3984/4152/3642
f 3986/4154/3644 4016/4182/3672 4015/4181/3671 3985/4153/3643
f 3987/4155/3645 4017/4183/3673 4016/4182/3672 3986/4154/3644
f 3988/4156/3646 4018/4184/3674 4017/4183/3673 3987/4155/3645
f 3989/4157/3647 4019/4185/3675 4018/4184/3674 3988/4156/3646
f 3990/3905/3416 4020/4186/3676 4019/4185/3675 3989/4157/3647
f 3991/3903/3414 4021/3902/3413 4020/4186/3676 3990/3905/3416
f 3993/4158/3648 4023/3898/3409 4022/3900/3411 3992/3901/3412
f 3994/4159/3649 4024/4187/3677 4023/3898/3409 3993/4158/3648
f 3995/4160/3650 4025/4188/3678 4024/4187/3677 3994/4159/3649
f 3996/4161/3651 4026/4189/3679 4025/4188/3678 3995/4160/3650
f 3997/4162/3652 4027/4190/3680 4026/4189/3679 3996/4161/3651
f 3998/4163/3653 4028/4191/3681 4027/4190/3680 3997/4162/3652
f 3999/4164/3654 4029/4192/3682 4028/4191/3681 3998/4163/3653
f 4000/4165/3655 4030/4193/3683 4029/4192/3682 3999/4164/3654
f 3377/4166/3656 3379/4194/3684 4030/4193/3683 4000/4165/3655
f 4002/4167/3657 4032/4195/3685 4031/4196/3686 4001/4168/3658
f 4003/4169/3659 4033/4197/3687 4032/4195/3685 4002/4167/3657
f 4004/4170/3660 4034/4198/3688 4033/4197/3687 4003/4169/3659
f 4005/4171/3661 4035/4199/3689 4034/4198/3688 4004/4170/3660
f 4006/4172/3662 4036/4200/3690 4035/4199/3689 4005/4171/3661
f 4007/4173/3663 4037/4201/3691 4036/4200/3690 4006/4172/3662
f 4008/4174/3664 4038/4202/3692 4037/4201/3691 4007/4173/3663
f 4009/4175/3665 4039/4203/3693 4038/4202/3692 4008/4174/3664
f 4010/4176/3666 4040/4204/3694 4039/4203/3693 4009/4175/3665
f 4011/4177/3667 4041/4205/3695 4040/4204/3694 4010/4176/3666
f 4012/4178/3668 4042/4206/3696 4041/4205/3695 4011/4177/3667
f 4013/4179/3669 4043/4207/3697 4042/4206/3696 4012/4178/3668
f 4014/4180/3670 4044/4208/3698 4043/4207/3697 4013/4179/3669
f 4015/4181/3671 4045/4209/3699 4044/4208/3698 4014/4180/3670
f 4016/4182/3672 4046/4210/3700 4045/4209/3699 4015/4181/3671
f 4017/4183/3673 4047/4211/3701 4046/4210/3700 4016/4182/3672
f 4018/4184/3674 4048/4212/3702 4047/4211/3701 4017/4183/3673
f 4019/4185/3675 4049/4213/3703 4048/4212/3702 4018/4184/3674
f 4020/4186/3676 4050/4214/3704 4049/4213/3703 4019/4185/3675
f 4021/3902/3413 4051/4215/3705 4050/4214/3704 4020/4186/3676
f 4022/3900/3411 4052/3899/3410 4051/4215/3705 4021/3902/3413
f 4024/4187/3677 4054/3895/3406 4053/3897/3408 4023/3898/3409
f 4025/4188/3678 4055/4216/3706 4054/3895/3406 4024/4187/3677
f 4026/4189/3679 4056/4217/3707 4055/4216/3706 4025/4188/3678
f 4027/4190/3680 4057/4218/3708 4056/4217/3707 4026/4189/3679
f 4028/4191/3681 4058/4219/3709 4057/4218/3708 4027/4190/3680
f 4029/4192/3682 4059/4220/3710 4058/4219/3709 4028/4191/3681
f 4030/4193/3683 4060/4221/3711 4059/4220/3710 4029/4192/3682
f 3379/4194/3684 3381/4222/3712 4060/4221/3711 4030/4193/3683
f 4032/4195/3685 4062/4223/3713 4061/4224/3714 4031/4196/3686
f 4033/4197/3687 4063/4225/3715 4062/4223/3713 4032/4195/3685
f 4034/4198/3688 4064/4226/3716 4063/4225/3715 4033/4197/3687
f 4035/4199/3689 4065/4227/3717 4064/4226/3716 4034/4198/3688
f 4036/4200/3690 4066/4228/3718 4065/4227/3717 4035/4199/3689
f 4037/4201/3691 4067/4229/3719 4066/4228/3718 4036/4200/3690
f 4038/4202/3692 4068/4230/3720 4067/4229/3719 4037/4201/3691
f 4039/4203/3693 4069/4231/3721 4068/4230/3720 4038/4202/3692
f 4040/4204/3694 4070/4232/3722 4069/4231/3721 4039/4203/3693
f 4041/4205/3695 4071/4233/3723 4070/4232/3722 4040/4204/3694
f 4042/4206/3696 4072/4234/3724 4071/4233/3723 4041/4205/3695
f 4043/4207/3697 4073/4235/3725 4072/4234/3724 4042/4206/3696
f 4044/4208/3698 4074/4236/3726 4073/4235/3725 4043/4207/3697
f 4045/4209/3699 4075/4237/3727 4074/4236/3726 4044/4208/3698
f 4046/4210/3700 4076/4238/3728 4075/4237/3727 4045/4209/3699
f 4047/4211/3701 4077/4239/3729 4076/4238/3728 4046/4210/3700
f 4048/4212/3702 4078/4240/3730 4077/4239/3729 4047/4211/3701
f 4049/4213/3703 4079/4241/3731 4078/4240/3730 4048/4212/3702
f 4050/4214/3704 4080/4242/3732 4079/4241/3731 4049/4213/3703
f 4051/4215/3705 4081/4243/3733 4080/4242/3732 4050/4214/3704
f 4052/3899/3410 4082/4244/3734 4081/4243/3733 4051/4215/3705
f 4053/3897/3408 4083/3896/3407 4082/4244/3734 4052/3899/3410
f 4055/4216/3706 4085/3892/3403 4084/3894/3405 4054/3895/3406
f 4056/4217/3707 4086/4245/3735 4085/3892/3403 4055/4216/3706
f 4057/4218/3708 4087/4246/3736 4086/4245/3735 4056/4217/3707
f 4058/4219/3709 4088/4247/3737 4087/4246/3736 4057/4218/3708
f 4059/4220/3710 4089/4248/3738 4088/4247/3737 4058/4219/3709
f 4060/4221/3711 4090/4249/3739 4089/4248/3738 4059/4220/3710
f 3381/4222/3712 3383/4250/3740 4090/4249/3739 4060/4221/3711
f 4062/4223/3713 4092/4251/3741 4091/4252/3742 4061/4224/3714
f 4063/4225/3715 4093/4253/3743 4092/4251/3741 4062/4223/3713
f 4064/4226/3716 4094/4254/3744 4093/4253/3743 4063/4225/3715
f 4065/4227/3717 4095/4255/3745 4094/4254/3744 4064/4226/3716
f 4066/4228/3718 4096/4256/3746 4095/4255/3745 4065/4227/3717
f 4067/4229/3719 4097/4257/3747 4096/4256/3746 4066/4228/3718
f 4068/4230/3720 4098/4258/3748 4097/4257/3747 4067/4229/3719
f 4069/4231/3721 4099/4259/3749 4098/4258/3748 4068/4230/3720
f 4070/4232/3722 4100/4260/3750 4099/4259/3749 4069/4231/3721
f 4071/4233/3723 4101/4261/3751 4100/4260/3750 4070/4232/3722
f 4072/4234/3724 4102/4262/3752 4101/4261/3751 4071/4233/3723
f 4073/4235/3725 4103/4263/3753 4102/4262/3752 4072/4234/3724
f 4074/4236/3726 4104/4264/3754 4103/4263/3753 4073/4235/3725
f 4075/4237/3727 4105/4265/3755 4104/4264/3754 4074/4236/3726
f 4076/4238/3728 4106/4266/3756 4105/4265/3755 4075/4237/3727
f 4077/4239/3729 4107/4267/3757 4106/4266/3756 4076/4238/3728
f 4078/4240/3730 4108/4268/3758 4107/4267/3757 4077/4239/3729
f 4079/4241/3731 4109/4269/3759 4108/4268/3758 4078/4240/3730
f 4080/4242/3732 4110/4270/3760 4109/4269/3759 4079/4241/3731
f 4081/4243/3733 4111/4271/3761 4110/4270/3760 4080/4242/3732
f 4082/4244/3734 4112/4272/3762 4111/4271/3761 4081/4243/3733
f 4083/3896/3407 4113/4273/3763 4112/4272/3762 4082/4244/3734
f 4084/3894/3405 4114/3893/3404 4113/4273/3763 4083/3896/3407
f 4086/4245/3735 4116/3889/3400 4115/3891/3402 4085/3892/3403
f 4087/4246/3736 4117/4274/3764 4116/3889/3400 4086/4245/3735
f 4088/4247/3737 4118/4275/3765 4117/4274/3764 4087/4246/3736
f 4089/4248/3738 4119/4276/3766 4118/4275/3765 4088/4247/3737
f 4090/4249/3739 4120/4277/3767 4119/4276/3766 4089/4248/3738
f 3383/4250/3740 3385/4278/3768 4120/4277/3767 4090/4249/3739
f 4092/4251/3741 4122/4279/3769 4121/4280/3770 4091/4252/3742
f 4093/4253/3743 4123/4281/3771 4122/4279/3769 4092/4251/3741
f 4094/4254/3744 4124/4282/3772 4123/4281/3771 4093/4253/3743
f 4095/4255/3745 4125/4283/3773 4124/4282/3772 4094/4254/3744
f 4096/4256/3746 4126/4284/3774 4125/4283/3773 4095/4255/3745
f 4097/4257/3747 4127/4285/3775 4126/4284/3774 4096/4256/3746
f 4098/4258/3748 4128/4286/3776 4127/4285/3775 4097/4257/3747
f 4099/4259/3749 4129/4287/3777 4128/4286/3776 4098/4258/3748
f 4100/4260/3750 4130/4288/3778 4129/4287/3777 4099/4259/3749
f 4101/4261/3751 4131/4289/3779 4130/4288/3778 4100/4260/3750
f 4102/4262/3752 4132/4290/3780 4131/4289/3779 4101/4261/3751
f 4103/4263/3753 4133/4291/3781 4132/4290/3780 4102/4262/3752
f 4104/4264/3754 4134/4292/3782 4133/4291/3781 4103/4263/3753
f 4105/4265/3755 4135/4293/3783 4134/4292/3782 4104/4264/3754
f 4106/4266/3756 4136/4294/3784 4135/4293/3783 4105/4265/3755
f 4107/4267/3757 4137/4295/3785 4136/4294/3784 4106/4266/3756
f 4108/4268/3758 4138/4296/3786 4137/4295/3785 4107/4267/3757
f 4109/4269/3759 4139/4297/3787 4138/4296/3786 4108/4268/3758
f 4110/4270/3760 4140/4298/3788 4139/4297/3787 4109/4269/3759
f 4111/4271/3761 4141/4299/3789 4140/4298/3788 4110/4270/3760
f 4112/4272/3762 4142/4300/3790 4141/4299/3789 4111/4271/3761
f 4113/4273/3763 4143/4301/3791 4142/4300/3790 4112/4272/3762
f 4114/3893/3404 4144/4302/3792 4143/4301/3791 4113/4273/3763
f 4115/3891/3402 4145/3890/3401 4144/4302/3792 4114/3893/3404
f 4117/4274/3764 4147/3886/3397 4146/3888/3399 4116/3889/3400
f 4118/4275/3765 4148/4303/3793 4147/3886/3397 4117/4274/3764
f 4119/4276/3766 4149/4304/3794 4148/4303/3793 4118/4275/3765
f 4120/4277/3767 4150/4305/3795 4149/4304/3794 4119/4276/3766
f 3385/4278/3768 3387/4306/3796 4150/4305/3795 4120/4277/3767
f 4122/4279/3769 4152/4307/3797 4151/4308/3798 4121/4280/3770
f 4123/4281/3771 4153/4309/3799 4152/4307/3797 4122/4279/3769
f 4124/4282/3772 4154/4310/3800 4153/4309/3799 4123/4281/3771
f 4125/4283/3773 4155/4311/3801 4154/4310/3800 4124/4282/3772
f 4126/4284/3774 4156/4312/3802 4155/4311/3801 4125/4283/3773
f 4127/4285/3775 4157/4313/3803 4156/4312/3802 4126/4284/3774
f 4128/4286/3776 4158/4314/3804 4157/4313/3803 4127/4285/3775
f 4129/4287/3777 4159/4315/3805 4158/4314/3804 4128/4286/3776
f 4130/4288/3778 4160/4316/3806 4159/4315/3805 4129/4287/3777
f 4131/4289/3779 4161/4317/3807 4160/4316/3806 4130/4288/3778
f 4132/4290/3780 4162/4318/3808 4161/4317/3807 4131/4289/3779
f 4133/4291/3781 4163/4319/3809 4162/4318/3808 4132/4290/3780
f 4134/4292/3782 4164/4320/3810 4163/4319/3809 4133/4291/3781
f 4135/4293/3783 4165/4321/3811 4164/4320/3810 4134/4292/3782
f 4136/4294/3784 4166/4322/3812 4165/4321/3811 4135/4293/3783
f 4137/4295/3785 4167/4323/3813 4166/4322/3812 4136/4294/3784
f 4138/4296/3786 4168/4324/3814 4167/4323/3813 4137/4295/3785
f 4139/4297/3787 4169/4325/3815 4168/4324/3814 4138/4296/3786
f 4140/4298/3788 4170/4326/3816 4169/4325/3815 4139/4297/3787
f 4141/4299/3789 4171/4327/3817 4170/4326/3816 4140/4298/3788
f 4142/4300/3790 4172/4328/3818 4171/4327/3817 4141/4299/3789
f 4143/4301/3791 4173/4329/3819 4172/4328/3818 4142/4300/3790
f 4144/4302/3792 4174/4330/3820 4173/4329/3819 4143/4301/3791
f 4145/3890/3401 4175/4331/3821 4174/4330/3820 4144/4302/3792
f 4146/3888/3399 4176/3887/3398 4175/4331/3821 4145/3890/3401
f 4148/4303/3793 4178/3883/3394 4177/3885/3396 4147/3886/3397
f 4149/4304/3794 4179/4332/3822 4178/3883/3394 4148/4303/3793
f 4150/4305/3795 4180/4333/3823 4179/4332/3822 4149/4304/3794
f 3387/4306/3796 3389/4334/3824 4180/4333/3823 4150/4305/3795
f 4152/4307/3797 4182/4335/3825 4181/4336/3826 4151/4308/3798
f 4153/4309/3799 4183/4337/3827 4182/4335/3825 4152/4307/3797
f 4154/4310/3800 4184/4338/3828 4183/4337/3827 4153/4309/3799
f 4155/4311/3801 4185/4339/3829 4184/4338/3828 4154/4310/3800
f 4156/4312/3802 4186/4340/3830 4185/4339/3829 4155/4311/3801
f 4157/4313/3803 4187/4341/3831 4186/4340/3830 4156/4312/3802
f 4158/4314/3804 4188/4342/3832 4187/4341/3831 4157/4313/3803
f 4159/4315/3805 4189/4343/3833 4188/4342/3832 4158/4314/3804
f 4160/4316/3806 4190/4344/3834 4189/4343/3833 4159/4315/3805
f 4161/4317/3807 4191/4345/3835 4190/4344/3834 4160/4316/3806
f 4162/4318/3808 4192/4346/3836 4191/4345/3835 4161/4317/3807
f 4163/4319/3809 4193/4347/3837 4192/4346/3836 4162/4318/3808
f 4164/4320/3810 4194/4348/3838 4193/4347/3837 4163/4319/3809
f 4165/4321/3811 4195/4349/3839 4194/4348/3838 4164/4320/3810
f 4166/4322/3812 4196/4350/3840 4195/4349/3839 4165/4321/3811
f 4167/4323/3813 4197/4351/3841 4196/4350/3840 4166/4322/3812
f 4168/4324/3814 4198/4352/3842 4197/4351/3841 4167/4323/3813
f 4169/4325/3815 4199/4353/3843 4198/4352/3842 4168/4324/3814
f 4170/4326/3816 4200/4354/3844 4199/4353/3843 4169/4325/3815
f 4171/4327/3817 4201/4355/3845 4200/4354/3844 4170/4326/3816
f 4172/4328/3818 4202/4356/3846 4201/4355/3845 4171/4327/3817
f 4173/4329/3819 4203/4357/3847 4202/4356/3846 4172/4328/3818
f 4174/4330/3820 4204/4358/3848 4203/4357/3847 4173/4329/3819
f 4175/4331/3821 4205/4359/3849 4204/4358/3848 4174/4330/3820
f 4176/3887/3398 4206/4360/3850 4205/4359/3849 4175/4331/3821
f 4177/3885/3396 4207/3884/3395 4206/4360/3850 4176/3887/3398
f 4179/4332/3822 4209/3880/3391 4208/3882/3393 4178/3883/3394
f 4180/4333/3823 4210/4361/3851 4209/3880/3391 4179/4332/3822
f 3389/4334/3824 3391/4362/3852 4210/4361/3851 4180/4333/3823
f 4182/4335/3825 4212/4363/3853 4211/4364/3854 4181/4336/3826
f 4183/4337/3827 4213/4365/3855 4212/4363/3853 4182/4335/3825
f 4184/4338/3828 4214/4366/3856 4213/4365/3855 4183/4337/3827
f 4185/4339/3829 4215/4367/3857 4214/4366/3856 4184/4338/3828
f 4186/4340/3830 4216/4368/3858 4215/4367/3857 4185/4339/3829
f 4187/4341/3831 4217/4369/3859 4216/4368/3858 4186/4340/3830
f 4188/4342/3832 4218/4370/3860 4217/4369/3859 4187/4341/3831
f 4189/4343/3833 4219/4371/3861 4218/4370/3860 4188/4342/3832
f 4190/4344/3834 4220/4372/3862 4219/4371/3861 4189/4343/3833
f 4191/4345/3835 4221/4373/3863 4220/4372/3862 4190/4344/3834
f 4192/4346/3836 4222/4374/3864 4221/4373/3863 4191/4345/3835
f 4193/4347/3837 4223/4375/3865 4222/4374/3864 4192/4346/3836
f 4194/4348/3838 4224/4376/3866 4223/4375/3865 4193/4347/3837
f 4195/4349/3839 4225/4377/3867 4224/4376/3866 4194/4348/3838
f 4196/4350/3840 4226/4378/3868 4225/4377/3867 4195/4349/3839
f 4197/4351/3841 4227/4379/3869 4226/4378/3868 4196/4350/3840
f 4198/4352/3842 4228/4380/3870 4227/4379/3869 4197/4351/3841
f 4199/4353/3843 4229/4381/3871 4228/4380/3870 4198/4352/3842
f 4200/4354/3844 4230/4382/3872 4229/4381/3871 4199/4353/3843
f 4201/4355/3845 4231/4383/3873 4230/4382/3872 4200/4354/3844
f 4202/4356/3846 4232/4384/3874 4231/4383/3873 4201/4355/3845
f 4203/4357/3847 4233/4385/3875 4232/4384/3874 4202/4356/3846
f 4204/4358/3848 4234/4386/3876 4233/4385/3875 4203/4357/3847
f 4205/4359/3849 4235/4387/3877 4234/4386/3876 4204/4358/3848
f 4206/4360/3850 4236/4388/3878 4235/4387/3877 4205/4359/3849
f 4207/3884/3395 4237/4389/3879 4236/4388/3878 4206/4360/3850
f 4208/3882/3393 4238/3881/3392 4237/4389/3879 4207/3884/3395
f 4210/4361/3851 4240/3877/3388 4239/3879/3390 4209/3880/3391
f 3391/4362/3852 3393/4390/3880 4240/3877/3388 4210/4361/3851
f 4212/4363/3853 4242/4391/3881 4241/4392/3882 4211/4364/3854
f 4213/4365/3855 4243/4393/3883 4242/4391/3881 4212/4363/3853
f 4214/4366/3856 4244/4394/3884 4243/4393/3883 4213/4365/3855
f 4215/4367/3857 4245/4395/3885 4244/4394/3884 4214/4366/3856
f 4216/4368/3858 4246/4396/3886 4245/4395/3885 4215/4367/3857
f 4217/4369/3859 4247/4397/3887 4246/4396/3886 4216/4368/3858
f 4218/4370/3860 4248/4398/3888 4247/4397/3887 4217/4369/3859
f 4219/4371/3861 4249/4399/3889 4248/4398/3888 4218/4370/3860
f 4220/4372/3862 4250/4400/3890 4249/4399/3889 4219/4371/3861
f 4221/4373/3863 4251/4401/3891 4250/4400/3890 4220/4372/3862
f 4222/4374/3864 4252/4402/3892 4251/4401/3891 4221/4373/3863
f 4223/4375/3865 4253/4403/3893 4252/4402/3892 4222/4374/3864
f 4224/4376/3866 4254/4404/3894 4253/4403/3893 4223/4375/3865
f 4225/4377/3867 4255/4405/3895 4254/4404/3894 4224/4376/3866
f 4226/4378/3868 4256/4406/3896 4255/4405/3895 4225/4377/3867
f 4227/4379/3869 4257/4407/3897 4256/4406/3896 4226/4378/3868
f 4228/4380/3870 4258/4408/3898 4257/4407/3897 4227/4379/3869
f 4229/4381/3871 4259/4409/3899 4258/4408/3898 4228/4380/3870
f 4230/4382/3872 4260/4410/3900 4259/4409/3899 4229/4381/3871
f 4231/4383/3873 4261/4411/3901 4260/4410/3900 4230/4382/3872
f 4232/4384/3874 4262/4412/3902 4261/4411/3901 4231/4383/3873
f 4233/4385/3875 4263/4413/3903 4262/4412/3902 4232/4384/3874
f 4234/4386/3876 4264/4414/3904 4263/4413/3903 4233/4385/3875
f 4235/4387/3877 4265/4415/3905 4264/4414/3904 4234/4386/3876
f 4236/4388/3878 4266/4416/3906 4265/4415/3905 4235/4387/3877
f 4237/4389/3879 4267/4417/3907 4266/4416/3906 4236/4388/3878
f 4238/3881/3392 4268/4418/3908 4267/4417/3907 4237/4389/3879
f 4239/3879/3390 4269/3878/3389 4268/4418/3908 4238/3881/3392
f 3393/4390/3880 3395/3873/3384 4270/3876/3387 4240/3877/3388
f 4242/4391/3881 4272/4419/3909 4271/4420/3910 4241/4392/3882
f 4243/4393/3883 4273/4421/3911 4272/4419/3909 4242/4391/3881
f 4244/4394/3884 4274/4422/3912 4273/4421/3911 4243/4393/3883
f 4245/4395/3885 4275/4423/3913 4274/4422/3912 4244/4394/3884
f 4246/4396/3886 4276/4424/3914 4275/4423/3913 4245/4395/3885
f 4247/4397/3887 4277/4425/3915 4276/4424/3914 4246/4396/3886
f 4248/4398/3888 4278/4426/3916 4277/4425/3915 4247/4397/3887
f 4249/4399/3889 4279/4427/3917 4278/4426/3916 4248/4398/3888
f 4250/4400/3890 4280/4428/3918 4279/4427/3917 4249/4399/3889
f 4251/4401/3891 4281/4429/3919 4280/4428/3918 4250/4400/3890
f 4252/4402/3892 4282/4430/3920 4281/4429/3919 4251/4401/3891
f 4253/4403/3893 4283/4431/3921 4282/4430/3920 4252/4402/3892
f 4254/4404/3894 4284/4432/3922 4283/4431/3921 4253/4403/3893
f 4255/4405/3895 4285/4433/3923 4284/4432/3922 4254/4404/3894
f 4256/4406/3896 4286/4434/3924 4285/4433/3923 4255/4405/3895
f 4257/4407/3897 4287/4435/3925 4286/4434/3924 4256/4406/3896
f 4258/4408/3898 4288/4436/3926 4287/4435/3925 4257/4407/3897
f 4259/4409/3899 4289/4437/3927 4288/4436/3926 4258/4408/3898
f 4260/4410/3900 4290/4438/3928 4289/4437/3927 4259/4409/3899
f 4261/4411/3901 4291/4439/3929 4290/4438/3928 4260/4410/3900
f 4262/4412/3902 4292/4440/3930 4291/4439/3929 4261/4411/3901
f 4263/4413/3903 4293/4441/3931 4292/4440/3930 4262/4412/3902
f 4264/4414/3904 4294/4442/3932 4293/4441/3931 4263/4413/3903
f 4265/4415/3905 4295/4443/3933 4294/4442/3932 4264/4414/3904
f 4266/4416/3906 4296/4444/3934 4295/4443/3933 4265/4415/3905
f 4267/4417/3907 4297/4445/3935 4296/4444/3934 4266/4416/3906
f 4268/4418/3908 4298/4446/3936 4297/4445/3935 4267/4417/3907
f 4269/3878/3389 4299/4447/3937 4298/4446/3936 4268/4418/3908
f 4270/3876/3387 4300/3875/3386 4299/4447/3937 4269/3878/3389
f 4272/4419/3909 4302/3869/3380 4301/3872/3383 4271/4420/3910
f 4273/4421/3911 4303/4448/3938 4302/3869/3380 4272/4419/3909
f 4274/4422/3912 4304/4449/3939 4303/4448/3938 4273/4421/3911
f 4275/4423/3913 4305/4450/3940 4304/4449/3939 4274/4422/3912
f 4276/4424/3914 4306/4451/3941 4305/4450/3940 4275/4423/3913
f 4277/4425/3915 4307/4452/3942 4306/4451/3941 4276/4424/3914
f 4278/4426/3916 4308/4453/3943 4307/4452/3942 4277/4425/3915
f 4279/4427/3917 4309/4454/3944 4308/4453/3943 4278/4426/3916
f 4280/4428/3918 4310/4455/3945 4309/4454/3944 4279/4427/3917
f 4281/4429/3919 4311/4456/3946 4310/4455/3945 4280/4428/3918
f 4282/4430/3920 4312/4457/3947 4311/4456/3946 4281/4429/3919
f 4283/4431/3921 4313/4458/3948 4312/4457/3947 4282/4430/3920
f 4284/4432/3922 4314/4459/3949 4313/4458/3948 4283/4431/3921
f 4285/4433/3923 4315/4460/3950 4314/4459/3949 4284/4432/3922
f 4286/4434/3924 4316/4461/3951 4315/4460/3950 4285/4433/3923
f 4287/4435/3925 4317/4462/3952 4316/4461/3951 4286/4434/3924
f 4288/4436/3926 4318/4463/3953 4317/4462/3952 4287/4435/3925
f 4289/4437/3927 4319/4464/3954 4318/4463/3953 4288/4436/3926
f 4290/4438/3928 4320/4465/3955 4319/4464/3954 4289/4437/3927
f 4291/4439/3929 4321/4466/3956 4320/4465/3955 4290/4438/3928
f 4292/4440/3930 4322/4467/3957 4321/4466/3956 4291/4439/3929
f 4293/4441/3931 4323/4468/3958 4322/4467/3957 4292/4440/3930
f 4294/4442/3932 4324/4469/3959 4323/4468/3958 4293/4441/3931
f 4295/4443/3933 4325/4470/3960 4324/4469/3959 4294/4442/3932
f 4296/4444/3934 4326/4471/3961 4325/4470/3960 4295/4443/3933
f 4297/4445/3935 4327/4472/3962 4326/4471/3961 4296/4444/3934
f 4298/4446/3936 4328/4473/3963 4327/4472/3962 4297/4445/3935
f 4299/4447/3937 4329/4474/3964 4328/4473/3963 4298/4446/3936
f 4300/3875/3386 4330/4475/3965 4329/4474/3964 4299/4447/3937
f 3397/3874/3385 3399/4476/3966 4330/4475/3965 4300/3875/3386
f 4303/4448/3938 4333/4477/3967 4332/3870/3381 4302/3869/3380
f 4304/4449/3939 4334/3868/3379 4333/4477/3967 4303/4448/3938
f 4305/4450/3940 4335/3865/3376 4334/3868/3379 4304/4449/3939
f 4306/4451/3941 4336/4478/3968 4335/3865/3376 4305/4450/3940
f 4307/4452/3942 4337/4479/3969 4336/4478/3968 4306/4451/3941
f 4308/4453/3943 4338/4010/3518 4337/4479/3969 4307/4452/3942
f 4309/4454/3944 4339/3961/3469 4338/4010/3518 4308/4453/3943
f 4310/4455/3945 4340/3958/3466 4339/3961/3469 4309/4454/3944
f 4311/4456/3946 4341/3957/3465 4340/3958/3466 4310/4455/3945
f 4312/4457/3947 4342/3954/3462 4341/3957/3465 4311/4456/3946
f 4313/4458/3948 4343/3953/3461 4342/3954/3462 4312/4457/3947
f 4314/4459/3949 4344/3950/3458 4343/3953/3461 4313/4458/3948
f 4315/4460/3950 4345/3949/3457 4344/3950/3458 4314/4459/3949
f 4316/4461/3951 4346/3946/3454 4345/3949/3457 4315/4460/3950
f 4317/4462/3952 4347/3945/3453 4346/3946/3454 4316/4461/3951
f 4318/4463/3953 4348/3942/3450 4347/3945/3453 4317/4462/3952
f 4319/4464/3954 4349/3941/3449 4348/3942/3450 4318/4463/3953
f 4320/4465/3955 4350/3938/3446 4349/3941/3449 4319/4464/3954
f 4321/4466/3956 4351/4007/3515 4350/3938/3446 4320/4465/3955
f 4322/4467/3957 4352/4480/3970 4351/4007/3515 4321/4466/3956
f 4323/4468/3958 4353/4481/3971 4352/4480/3970 4322/4467/3957
f 4324/4469/3959 4354/4482/3972 4353/4481/3971 4323/4468/3958
f 4325/4470/3960 4355/4483/3973 4354/4482/3972 4324/4469/3959
f 4326/4471/3961 4356/4484/3974 4355/4483/3973 4325/4470/3960
f 4327/4472/3962 4357/4485/3975 4356/4484/3974 4326/4471/3961
f 4328/4473/3963 4358/4486/3976 4357/4485/3975 4327/4472/3962
f 4329/4474/3964 4359/4487/3977 4358/4486/3976 4328/4473/3963
f 4330/4475/3965 4360/4488/3978 4359/4487/3977 4329/4474/3964
f 3399/4476/3966 3401/4489/3979 4360/4488/3978 4330/4475/3965
f 4334/3868/3379 4362/3867/3378 4361/4490/3980 4333/4477/3967
f 3370/4491/3443 3883/4492/3981 3913/4493/3982 3372/4494/3444
f 3883/4492/3981 3882/4495/3983 3912/4496/3984 3913/4493/3982
f 3882/4495/3983 3881/4497/3985 3911/4498/3986 3912/4496/3984
f 3881/4497/3985 3880/4499/3987 3910/4500/3988 3911/4498/3986
f 4337/4479/3969 3890/4501/3989 4447/4502/3990 4336/4478/3968
f 4336/4478/3968 4447/4502/3990 4363/3866/3377 4335/3865/3376
f 4358/4486/3976 4449/4503/3991 4448/4504/3992 4357/4485/3975
f 4359/4487/3977 4450/4505/3993 4449/4503/3991 4358/4486/3976
f 4360/4488/3978 4451/4506/3994 4450/4505/3993 4359/4487/3977
f 3401/4489/3979 3403/4507/3995 4451/4506/3994 4360/4488/3978
f 4394/4005/3513 3905/4508/3546 3906/4509/3549 4395/3916/3426
f 4393/4003/3511 3904/4510/3553 3905/4508/3546 4394/4005/3513
f 4392/4001/3509 3903/4511/3550 3904/4510/3553 4393/4003/3511
f 4391/3999/3507 3902/4512/3557 3903/4511/3550 4392/4001/3509
f 4390/3997/3505 3901/4513/3554 3902/4512/3557 4391/3999/3507
f 4389/3995/3503 3900/4514/3561 3901/4513/3554 4390/3997/3505
f 4388/3993/3501 3899/4515/3558 3900/4514/3561 4389/3995/3503
f 4387/3991/3499 3898/4516/3565 3899/4515/3558 4388/3993/3501
f 4386/3989/3497 3897/4517/3562 3898/4516/3565 4387/3991/3499
f 4385/3987/3495 3896/4518/3569 3897/4517/3562 4386/3989/3497
f 4384/3985/3493 3895/4519/3566 3896/4518/3569 4385/3987/3495
f 4383/3983/3491 3894/4520/3573 3895/4519/3566 4384/3985/3493
f 4382/3981/3489 3893/4521/3570 3894/4520/3573 4383/3983/3491
f 4381/3979/3487 3892/4522/3577 3893/4521/3570 4382/3981/3489
f 3860/4523/3996 3859/4524/3997 3889/4525/3998 3890/4501/3989
f 3859/4524/3997 3858/4526/3999 3888/4527/4000 3889/4525/3998
f 3858/4526/3999 3857/4528/4001 3887/4529/4002 3888/4527/4000
f 3857/4528/4001 3856/4530/4003 3886/4531/4004 3887/4529/4002
f 4379/3864/3375 3885/3863/3374 3891/4532/3574 4380/3977/3485
f 4380/3977/3485 3891/4532/3574 3892/4522/3577 4381/3979/3487
f 3368/4533/3442 3853/4534/4005 3883/4492/3981 3370/4491/3443
f 3853/4534/4005 3852/4535/4006 3882/4495/3983 3883/4492/3981
f 3852/4535/4006 3851/4536/4007 3881/4497/3985 3882/4495/3983
f 3851/4536/4007 3850/4537/4008 3880/4499/3987 3881/4497/3985
f 3850/4537/4008 3849/4538/4009 3879/4539/4010 3880/4499/3987
f 3849/4538/4009 3848/4540/4011 3878/4541/4012 3879/4539/4010
f 3848/4540/4011 3847/4542/4013 3877/4543/4014 3878/4541/4012
f 3847/4542/4013 3846/4544/4015 3876/4545/4016 3877/4543/4014
f 3846/4544/4015 3845/4546/4017 3875/4547/4018 3876/4545/4016
f 3845/4546/4017 3844/4548/4019 3874/4549/4020 3875/4547/4018
f 3844/4548/4019 3843/4550/4021 3873/4551/4022 3874/4549/4020
f 3843/4550/4021 3842/4552/4023 3872/4553/4024 3873/4551/4022
f 3842/4552/4023 3841/4554/4025 3871/4555/4026 3872/4553/4024
f 3841/4554/4025 3840/4556/4027 3870/4557/4028 3871/4555/4026
f 3840/4556/4027 3839/4558/4029 3869/4559/4030 3870/4557/4028
f 3839/4558/4029 3838/4560/4031 3868/4561/4032 3869/4559/4030
f 3838/4560/4031 3837/4562/4033 3867/4563/4034 3868/4561/4032
f 3837/4562/4033 3836/4564/4035 3866/4565/4036 3867/4563/4034
f 3836/4564/4035 3835/4566/4037 3865/4567/4038 3866/4565/4036
f 3835/4566/4037 3834/4568/4039 3864/4569/4040 3865/4567/4038
f 3834/4568/4039 3833/4570/4041 3863/4571/4042 3864/4569/4040
f 3833/4570/4041 3832/4572/4043 3862/4573/4044 3863/4571/4042
f 3832/4572/4043 3831/4574/4045 3861/4575/4046 3862/4573/4044
f 3831/4574/4045 3830/4576/4047 3860/4523/3996 3861/4575/4046
f 3830/4576/4047 3829/4577/4048 3859/4524/3997 3860/4523/3996
f 3829/4577/4048 3828/4578/4049 3858/4526/3999 3859/4524/3997
f 3828/4578/4049 3827/4579/4050 3857/4528/4001 3858/4526/3999
f 3827/4579/4050 3826/4580/4051 3856/4530/4003 3857/4528/4001
f 3826/4580/4051 3825/4581/4052 3855/4582/4053 3856/4530/4003
f 3825/4581/4052 3824/3858/3369 3854/3860/3371 3855/4582/4053
f 3366/4583/3441 3823/4584/4054 3853/4534/4005 3368/4533/3442
f 3823/4584/4054 3822/4585/4055 3852/4535/4006 3853/4534/4005
f 3822/4585/4055 3821/4586/4056 3851/4536/4007 3852/4535/4006
f 3821/4586/4056 3820/4587/4057 3850/4537/4008 3851/4536/4007
f 3820/4587/4057 3819/4588/4058 3849/4538/4009 3850/4537/4008
f 3819/4588/4058 3818/4589/4059 3848/4540/4011 3849/4538/4009
f 3818/4589/4059 3817/4590/4060 3847/4542/4013 3848/4540/4011
f 3817/4590/4060 3816/4591/4061 3846/4544/4015 3847/4542/4013
f 3816/4591/4061 3815/4592/4062 3845/4546/4017 3846/4544/4015
f 3815/4592/4062 3814/4593/4063 3844/4548/4019 3845/4546/4017
f 3814/4593/4063 3813/4594/4064 3843/4550/4021 3844/4548/4019
f 3813/4594/4064 3812/4595/4065 3842/4552/4023 3843/4550/4021
f 3812/4595/4065 3811/4596/4066 3841/4554/4025 3842/4552/4023
f 3811/4596/4066 3810/4597/4067 3840/4556/4027 3841/4554/4025
f 3810/4597/4067 3809/4598/4068 3839/4558/4029 3840/4556/4027
f 3809/4598/4068 3808/4599/4069 3838/4560/4031 3839/4558/4029
f 3808/4599/4069 3807/4600/4070 3837/4562/4033 3838/4560/4031
f 3807/4600/4070 3806/4601/4071 3836/4564/4035 3837/4562/4033
f 3806/4601/4071 3805/4602/4072 3835/4566/4037 3836/4564/4035
f 3805/4602/4072 3804/4603/4073 3834/4568/4039 3835/4566/4037
f 3804/4603/4073 3803/4604/4074 3833/4570/4041 3834/4568/4039
f 3803/4604/4074 3802/4605/4075 3832/4572/4043 3833/4570/4041
f 3802/4605/4075 3801/4606/4076 3831/4574/4045 3832/4572/4043
f 3801/4606/4076 3800/4607/4077 3830/4576/4047 3831/4574/4045
f 3800/4607/4077 3799/4608/4078 3829/4577/4048 3830/4576/4047
f 3799/4608/4078 3798/4609/4079 3828/4578/4049 3829/4577/4048
f 3798/4609/4079 3797/4610/4080 3827/4579/4050 3828/4578/4049
f 3797/4610/4080 3796/4611/4081 3826/4580/4051 3827/4579/4050
f 3796/4611/4081 3795/4612/4082 3825/4581/4052 3826/4580/4051
f 3795/4612/4082 3794/3856/3367 3824/3858/3369 3825/4581/4052
f 3364/4613/3440 3793/4614/4083 3823/4584/4054 3366/4583/3441
f 3793/4614/4083 3792/4615/4084 3822/4585/4055 3823/4584/4054
f 3792/4615/4084 3791/4616/4085 3821/4586/4056 3822/4585/4055
f 3791/4616/4085 3790/4617/4086 3820/4587/4057 3821/4586/4056
f 3790/4617/4086 3789/4618/4087 3819/4588/4058 3820/4587/4057
f 3789/4618/4087 3788/4619/4088 3818/4589/4059 3819/4588/4058
f 3788/4619/4088 3787/4620/4089 3817/4590/4060 3818/4589/4059
f 3787/4620/4089 3786/4621/4090 3816/4591/4061 3817/4590/4060
f 3786/4621/4090 3785/4622/4091 3815/4592/4062 3816/4591/4061
f 3785/4622/4091 3784/4623/4092 3814/4593/4063 3815/4592/4062
f 3784/4623/4092 3783/4624/4093 3813/4594/4064 3814/4593/4063
f 3783/4624/4093 3782/4625/4094 3812/4595/4065 3813/4594/4064
f 3782/4625/4094 3781/4626/4095 3811/4596/4066 3812/4595/4065
f 3781/4626/4095 3780/4627/4096 3810/4597/4067 3811/4596/4066
f 3780/4627/4096 3779/4628/4097 3809/4598/4068 3810/4597/4067
f 3779/4628/4097 3778/4629/4098 3808/4599/4069 3809/4598/4068
f 3778/4629/4098 3777/4630/4099 3807/4600/4070 3808/4599/4069
f 3777/4630/4099 3776/4631/4100 3806/4601/4071 3807/4600/4070
f 3776/4631/4100 3775/4632/4101 3805/4602/4072 3806/4601/4071
f 3775/4632/4101 3774/4633/4102 3804/4603/4073 3805/4602/4072
f 3774/4633/4102 3773/4634/4103 3803/4604/4074 3804/4603/4073
f 3773/4634/4103 3772/4635/4104 3802/4605/4075 3803/4604/4074
f 3772/4635/4104 3771/4636/4105 3801/4606/4076 3802/4605/4075
f 3771/4636/4105 3770/4637/4106 3800/4607/4077 3801/4606/4076
f 3770/4637/4106 3769/4638/4107 3799/4608/4078 3800/4607/4077
f 3769/4638/4107 3768/4639/4108 3798/4609/4079 3799/4608/4078
f 3768/4639/4108 3767/4640/4109 3797/4610/4080 3798/4609/4079
f 3767/4640/4109 3766/4641/4110 3796/4611/4081 3797/4610/4080
f 3766/4641/4110 3765/4642/4111 3795/4612/4082 3796/4611/4081
f 3765/4642/4111 3764/3854/3365 3794/3856/3367 3795/4612/4082
f 3362/4643/3439 3763/4644/4112 3793/4614/4083 3364/4613/3440
f 3763/4644/4112 3762/4645/4113 3792/4615/4084 3793/4614/4083
f 3762/4645/4113 3761/4646/4114 3791/4616/4085 3792/4615/4084
f 3761/4646/4114 3760/4647/4115 3790/4617/4086 3791/4616/4085
f 3760/4647/4115 3759/4648/4116 3789/4618/4087 3790/4617/4086
f 3759/4648/4116 3758/4649/4117 3788/4619/4088 3789/4618/4087
f 3758/4649/4117 3757/4650/4118 3787/4620/4089 3788/4619/4088
f 3757/4650/4118 3756/4651/4119 3786/4621/4090 3787/4620/4089
f 3756/4651/4119 3755/4652/4120 3785/4622/4091 3786/4621/4090
f 3755/4652/4120 3754/4653/4121 3784/4623/4092 3785/4622/4091
f 3754/4653/4121 3753/4654/4122 3783/4624/4093 3784/4623/4092
f 3753/4654/4122 3752/4655/4123 3782/4625/4094 3783/4624/4093
f 3752/4655/4123 3751/4656/4124 3781/4626/4095 3782/4625/4094
f 3751/4656/4124 3750/4657/4125 3780/4627/4096 3781/4626/4095
f 3750/4657/4125 3749/4658/4126 3779/4628/4097 3780/4627/4096
f 3749/4658/4126 3748/4659/4127 3778/4629/4098 3779/4628/4097
f 3748/4659/4127 3747/4660/4128 3777/4630/4099 3778/4629/4098
f 3747/4660/4128 3746/4661/4129 3776/4631/4100 3777/4630/4099
f 3746/4661/4129 3745/4662/4130 3775/4632/4101 3776/4631/4100
f 3745/4662/4130 3744/4663/4131 3774/4633/4102 3775/4632/4101
f 3744/4663/4131 3743/4664/4132 3773/4634/4103 3774/4633/4102
f 3743/4664/4132 3742/4665/4133 3772/4635/4104 3773/4634/4103
f 3742/4665/4133 3741/4666/4134 3771/4636/4105 3772/4635/4104
f 3741/4666/4134 3740/4667/4135 3770/4637/4106 3771/4636/4105
f 3740/4667/4135 3739/4668/4136 3769/4638/4107 3770/4637/4106
f 3739/4668/4136 3738/4669/4137 3768/4639/4108 3769/4638/4107
f 3738/4669/4137 3737/4670/4138 3767/4640/4109 3768/4639/4108
f 3737/4670/4138 3736/4671/4139 3766/4641/4110 3767/4640/4109
f 3736/4671/4139 3735/4672/4140 3765/4642/4111 3766/4641/4110
f 3735/4672/4140 3734/3852/3363 3764/3854/3365 3765/4642/4111
f 3360/4673/3438 3733/4674/4141 3763/4644/4112 3362/4643/3439
f 3733/4674/4141 3732/4675/4142 3762/4645/4113 3763/4644/4112
f 3732/4675/4142 3731/4676/4143 3761/4646/4114 3762/4645/4113
f 3731/4676/4143 3730/4677/4144 3760/4647/4115 3761/4646/4114
f 3730/4677/4144 3729/4678/4145 3759/4648/4116 3760/4647/4115
f 3729/4678/4145 3728/4679/4146 3758/4649/4117 3759/4648/4116
f 3728/4679/4146 3727/4680/4147 3757/4650/4118 3758/4649/4117
f 3727/4680/4147 3726/4681/4148 3756/4651/4119 3757/4650/4118
f 3726/4681/4148 3725/4682/4149 3755/4652/4120 3756/4651/4119
f 3725/4682/4149 3724/4683/4150 3754/4653/4121 3755/4652/4120
f 3724/4683/4150 3723/4684/4151 3753/4654/4122 3754/4653/4121
f 3723/4684/4151 3722/4685/4152 3752/4655/4123 3753/4654/4122
f 3722/4685/4152 3721/4686/4153 3751/4656/4124 3752/4655/4123
f 3721/4686/4153 3720/4687/4154 3750/4657/4125 3751/4656/4124
f 3720/4687/4154 3719/4688/4155 3749/4658/4126 3750/4657/4125
f 3719/4688/4155 3718/4689/4156 3748/4659/4127 3749/4658/4126
f 3718/4689/4156 3717/4690/4157 3747/4660/4128 3748/4659/4127
f 3717/4690/4157 3716/4691/4158 3746/4661/4129 3747/4660/4128
f 3716/4691/4158 3715/4692/4159 3745/4662/4130 3746/4661/4129
f 3715/4692/4159 3714/4693/4160 3744/4663/4131 3745/4662/4130
f 3714/4693/4160 3713/4694/4161 3743/4664/4132 3744/4663/4131
f 3713/4694/4161 3712/4695/4162 3742/4665/4133 3743/4664/4132
f 3712/4695/4162 3711/4696/4163 3741/4666/4134 3742/4665/4133
f 3711/4696/4163 3710/4697/4164 3740/4667/4135 3741/4666/4134
f 3710/4697/4164 3709/4698/4165 3739/4668/4136 3740/4667/4135
f 3709/4698/4165 3708/4699/4166 3738/4669/4137 3739/4668/4136
f 3708/4699/4166 3707/4700/4167 3737/4670/4138 3738/4669/4137
f 3707/4700/4167 3706/4701/4168 3736/4671/4139 3737/4670/4138
f 3706/4701/4168 3705/4702/4169 3735/4672/4140 3736/4671/4139
f 3705/4702/4169 3704/3850/3361 3734/3852/3363 3735/4672/4140
f 3358/4703/3437 3703/4704/4170 3733/4674/4141 3360/4673/3438
f 3703/4704/4170 3702/4705/4171 3732/4675/4142 3733/4674/4141
f 3702/4705/4171 3701/4706/4172 3731/4676/4143 3732/4675/4142
f 3701/4706/4172 3700/4707/4173 3730/4677/4144 3731/4676/4143
f 3700/4707/4173 3699/4708/4174 3729/4678/4145 3730/4677/4144
f 3699/4708/4174 3698/4709/4175 3728/4679/4146 3729/4678/4145
f 3698/4709/4175 3697/4710/4176 3727/4680/4147 3728/4679/4146
f 3697/4710/4176 3696/4711/4177 3726/4681/4148 3727/4680/4147
f 3696/4711/4177 3695/4712/4178 3725/4682/4149 3726/4681/4148
f 3695/4712/4178 3694/4713/4179 3724/4683/4150 3725/4682/4149
f 3694/4713/4179 3693/4714/4180 3723/4684/4151 3724/4683/4150
f 3693/4714/4180 3692/4715/4181 3722/4685/4152 3723/4684/4151
f 3692/4715/4181 3691/4716/4182 3721/4686/4153 3722/4685/4152
f 3691/4716/4182 3690/4717/4183 3720/4687/4154 3721/4686/4153
f 3690/4717/4183 3689/4718/4184 3719/4688/4155 3720/4687/4154
f 3689/4718/4184 3688/4719/4185 3718/4689/4156 3719/4688/4155
f 3688/4719/4185 3687/4720/4186 3717/4690/4157 3718/4689/4156
f 3687/4720/4186 3686/4721/4187 3716/4691/4158 3717/4690/4157
f 3686/4721/4187 3685/4722/4188 3715/4692/4159 3716/4691/4158
f 3685/4722/4188 3684/4723/4189 3714/4693/4160 3715/4692/4159
f 3684/4723/4189 3683/4724/4190 3713/4694/4161 3714/4693/4160
f 3683/4724/4190 3682/4725/4191 3712/4695/4162 3713/4694/4161
f 3682/4725/4191 3681/4726/4192 3711/4696/4163 3712/4695/4162
f 3681/4726/4192 3680/4727/4193 3710/4697/4164 3711/4696/4163
f 3680/4727/4193 3679/4728/4194 3709/4698/4165 3710/4697/4164
f 3679/4728/4194 3678/4729/4195 3708/4699/4166 3709/4698/4165
f 3678/4729/4195 3677/4730/4196 3707/4700/4167 3708/4699/4166
f 3677/4730/4196 3676/4731/4197 3706/4701/4168 3707/4700/4167
f 3676/4731/4197 3675/4732/4198 3705/4702/4169 3706/4701/4168
f 3675/4732/4198 3674/3848/3359 3704/3850/3361 3705/4702/4169
f 3356/4733/3436 3673/4734/4199 3703/4704/4170 3358/4703/3437
f 3673/4734/4199 3672/4735/4200 3702/4705/4171 3703/4704/4170
f 3672/4735/4200 3671/4736/4201 3701/4706/4172 3702/4705/4171
f 3671/4736/4201 3670/4737/4202 3700/4707/4173 3701/4706/4172
f 3670/4737/4202 3669/4738/4203 3699/4708/4174 3700/4707/4173
f 3669/4738/4203 3668/4739/4204 3698/4709/4175 3699/4708/4174
f 3668/4739/4204 3667/4740/4205 3697/4710/4176 3698/4709/4175
f 3667/4740/4205 3666/4741/4206 3696/4711/4177 3697/4710/4176
f 3666/4741/4206 3665/4742/4207 3695/4712/4178 3696/4711/4177
f 3665/4742/4207 3664/4743/4208 3694/4713/4179 3695/4712/4178
f 3664/4743/4208 3663/4744/4209 3693/4714/4180 3694/4713/4179
f 3663/4744/4209 3662/4745/4210 3692/4715/4181 3693/4714/4180
f 3662/4745/4210 3661/4746/4211 3691/4716/4182 3692/4715/4181
f 3661/4746/4211 3660/4747/4212 3690/4717/4183 3691/4716/4182
f 3660/4747/4212 3659/4748/4213 3689/4718/4184 3690/4717/4183
f 3659/4748/4213 3658/4749/4214 3688/4719/4185 3689/4718/4184
f 3658/4749/4214 3657/4750/4215 3687/4720/4186 3688/4719/4185
f 3657/4750/4215 3656/4751/4216 3686/4721/4187 3687/4720/4186
f 3656/4751/4216 3655/4752/4217 3685/4722/4188 3686/4721/4187
f 3655/4752/4217 3654/4753/4218 3684/4723/4189 3685/4722/4188
f 3654/4753/4218 3653/4754/4219 3683/4724/4190 3684/4723/4189
f 3653/4754/4219 3652/4755/4220 3682/4725/4191 3683/4724/4190
f 3652/4755/4220 3651/4756/4221 3681/4726/4192 3682/4725/4191
f 3651/4756/4221 3650/4757/4222 3680/4727/4193 3681/4726/4192
f 3650/4757/4222 3649/4758/4223 3679/4728/4194 3680/4727/4193
f 3649/4758/4223 3648/4759/4224 3678/4729/4195 3679/4728/4194
f 3648/4759/4224 3647/4760/4225 3677/4730/4196 3678/4729/4195
f 3647/4760/4225 3646/4761/4226 3676/4731/4197 3677/4730/4196
f 3646/4761/4226 3645/4762/4227 3675/4732/4198 3676/4731/4197
f 3645/4762/4227 3644/3846/3357 3674/3848/3359 3675/4732/4198
f 3354/4763/3435 3643/4764/4228 3673/4734/4199 3356/4733/3436
f 3643/4764/4228 3642/4765/4229 3672/4735/4200 3673/4734/4199
f 3642/4765/4229 3641/4766/4230 3671/4736/4201 3672/4735/4200
f 3641/4766/4230 3640/4767/4231 3670/4737/4202 3671/4736/4201
f 3640/4767/4231 3639/4768/4232 3669/4738/4203 3670/4737/4202
f 3639/4768/4232 3638/4769/4233 3668/4739/4204 3669/4738/4203
f 3638/4769/4233 3637/4770/4234 3667/4740/4205 3668/4739/4204
f 3637/4770/4234 3636/4771/4235 3666/4741/4206 3667/4740/4205
f 3636/4771/4235 3635/4772/4236 3665/4742/4207 3666/4741/4206
f 3635/4772/4236 3634/4773/4237 3664/4743/4208 3665/4742/4207
f 3634/4773/4237 3633/4774/4238 3663/4744/4209 3664/4743/4208
f 3633/4774/4238 3632/4775/4239 3662/4745/4210 3663/4744/4209
f 3632/4775/4239 3631/4776/4240 3661/4746/4211 3662/4745/4210
f 3631/4776/4240 3630/4777/4241 3660/4747/4212 3661/4746/4211
f 3630/4777/4241 3629/4778/4242 3659/4748/4213 3660/4747/4212
f 3629/4778/4242 3628/4779/4243 3658/4749/4214 3659/4748/4213
f 3628/4779/4243 3627/4780/4244 3657/4750/4215 3658/4749/4214
f 3627/4780/4244 3626/4781/4245 3656/4751/4216 3657/4750/4215
f 3626/4781/4245 3625/4782/4246 3655/4752/4217 3656/4751/4216
f 3625/4782/4246 3624/4783/4247 3654/4753/4218 3655/4752/4217
f 3624/4783/4247 3623/4784/4248 3653/4754/4219 3654/4753/4218
f 3623/4784/4248 3622/4785/4249 3652/4755/4220 3653/4754/4219
f 3622/4785/4249 3621/4786/4250 3651/4756/4221 3652/4755/4220
f 3621/4786/4250 3620/4787/4251 3650/4757/4222 3651/4756/4221
f 3620/4787/4251 3619/4788/4252 3649/4758/4223 3650/4757/4222
f 3619/4788/4252 3618/4789/4253 3648/4759/4224 3649/4758/4223
f 3618/4789/4253 3617/4790/4254 3647/4760/4225 3648/4759/4224
f 3617/4790/4254 3616/4791/4255 3646/4761/4226 3647/4760/4225
f 3616/4791/4255 3615/4792/4256 3645/4762/4227 3646/4761/4226
f 3615/4792/4256 3614/3844/3355 3644/3846/3357 3645/4762/4227
f 3352/4793/3434 3613/4794/4257 3643/4764/4228 3354/4763/3435
f 3613/4794/4257 3612/4795/4258 3642/4765/4229 3643/4764/4228
f 3612/4795/4258 3611/4796/4259 3641/4766/4230 3642/4765/4229
f 3611/4796/4259 3610/4797/4260 3640/4767/4231 3641/4766/4230
f 3610/4797/4260 3609/4798/4261 3639/4768/4232 3640/4767/4231
f 3609/4798/4261 3608/4799/4262 3638/4769/4233 3639/4768/4232
f 3608/4799/4262 3607/4800/4263 3637/4770/4234 3638/4769/4233
f 3607/4800/4263 3606/4801/4264 3636/4771/4235 3637/4770/4234
f 3606/4801/4264 3605/4802/4265 3635/4772/4236 3636/4771/4235
f 3605/4802/4265 3604/4803/4266 3634/4773/4237 3635/4772/4236
f 3604/4803/4266 3603/4804/4267 3633/4774/4238 3634/4773/4237
f 3603/4804/4267 3602/4805/4268 3632/4775/4239 3633/4774/4238
f 3602/4805/4268 3601/4806/4269 3631/4776/4240 3632/4775/4239
f 3601/4806/4269 3600/4807/4270 3630/4777/4241 3631/4776/4240
f 3600/4807/4270 3599/4808/4271 3629/4778/4242 3630/4777/4241
f 3599/4808/4271 3598/4809/4272 3628/4779/4243 3629/4778/4242
f 3598/4809/4272 3597/4810/4273 3627/4780/4244 3628/4779/4243
f 3597/4810/4273 3596/4811/4274 3626/4781/4245 3627/4780/4244
f 3596/4811/4274 3595/4812/4275 3625/4782/4246 3626/4781/4245
f 3595/4812/4275 3594/4813/4276 3624/4783/4247 3625/4782/4246
f 3594/4813/4276 3593/4814/4277 3623/4784/4248 3624/4783/4247
f 3593/4814/4277 3592/4815/4278 3622/4785/4249 3623/4784/4248
f 3592/4815/4278 3591/4816/4279 3621/4786/4250 3622/4785/4249
f 3591/4816/4279 3590/4817/4280 3620/4787/4251 3621/4786/4250
f 3590/4817/4280 3589/4818/4281 3619/4788/4252 3620/4787/4251
f 3589/4818/4281 3588/4819/4282 3618/4789/4253 3619/4788/4252
f 3588/4819/4282 3587/4820/4283 3617/4790/4254 3618/4789/4253
f 3587/4820/4283 3586/4821/4284 3616/4791/4255 3617/4790/4254
f 3586/4821/4284 3585/4822/4285 3615/4792/4256 3616/4791/4255
f 3585/4822/4285 3584/3842/3353 3614/3844/3355 3615/4792/4256
f 3350/4823/3433 3583/4824/4286 3613/4794/4257 3352/4793/3434
f 3583/4824/4286 3582/4825/4287 3612/4795/4258 3613/4794/4257
f 3582/4825/4287 3581/4826/4288 3611/4796/4259 3612/4795/4258
f 3581/4826/4288 3580/4827/4289 3610/4797/4260 3611/4796/4259
f 3580/4827/4289 3579/4828/4290 3609/4798/4261 3610/4797/4260
f 3579/4828/4290 3578/4829/4291 3608/4799/4262 3609/4798/4261
f 3578/4829/4291 3577/4830/4292 3607/4800/4263 3608/4799/4262
f 3577/4830/4292 3576/4831/4293 3606/4801/4264 3607/4800/4263
f 3576/4831/4293 3575/4832/4294 3605/4802/4265 3606/4801/4264
f 3575/4832/4294 3574/4833/4295 3604/4803/4266 3605/4802/4265
f 3574/4833/4295 3573/4834/4296 3603/4804/4267 3604/4803/4266
f 3573/4834/4296 3572/4835/4297 3602/4805/4268 3603/4804/4267
f 3572/4835/4297 3571/4836/4298 3601/4806/4269 3602/4805/4268
f 3571/4836/4298 3570/4837/4299 3600/4807/4270 3601/4806/4269
f 3570/4837/4299 3569/4838/4300 3599/4808/4271 3600/4807/4270
f 3569/4838/4300 3568/4839/4301 3598/4809/4272 3599/4808/4271
f 3568/4839/4301 3567/4840/4302 3597/4810/4273 3598/4809/4272
f 3567/4840/4302 3566/4841/4303 3596/4811/4274 3597/4810/4273
f 3566/4841/4303 3565/4842/4304 3595/4812/4275 3596/4811/4274
f 3565/4842/4304 3564/4843/4305 3594/4813/4276 3595/4812/4275
f 3564/4843/4305 3563/4844/4306 3593/4814/4277 3594/4813/4276
f 3563/4844/4306 3562/4845/4307 3592/4815/4278 3593/4814/4277
f 3562/4845/4307 3561/4846/4308 3591/4816/4279 3592/4815/4278
f 3561/4846/4308 3560/4847/4309 3590/4817/4280 3591/4816/4279
f 3560/4847/4309 3559/4848/4310 3589/4818/4281 3590/4817/4280
f 3559/4848/4310 3558/4849/4311 3588/4819/4282 3589/4818/4281
f 3558/4849/4311 3557/4850/4312 3587/4820/4283 3588/4819/4282
f 3557/4850/4312 3556/4851/4313 3586/4821/4284 3587/4820/4283
f 3556/4851/4313 3555/4852/4314 3585/4822/4285 3586/4821/4284
f 3555/4852/4314 3554/3840/3351 3584/3842/3353 3585/4822/4285
f 3348/4853/3432 3553/4854/4315 3583/4824/4286 3350/4823/3433
f 3553/4854/4315 3552/4855/4316 3582/4825/4287 3583/4824/4286
f 3552/4855/4316 3551/4856/4317 3581/4826/4288 3582/4825/4287
f 3551/4856/4317 3550/4857/4318 3580/4827/4289 3581/4826/4288
f 3550/4857/4318 3549/4858/4319 3579/4828/4290 3580/4827/4289
f 3549/4858/4319 3548/4859/4320 3578/4829/4291 3579/4828/4290
f 3548/4859/4320 3547/4860/4321 3577/4830/4292 3578/4829/4291
f 3547/4860/4321 3546/4861/4322 3576/4831/4293 3577/4830/4292
f 3546/4861/4322 3545/4862/4323 3575/4832/4294 3576/4831/4293
f 3545/4862/4323 3544/4863/4324 3574/4833/4295 3575/4832/4294
f 3544/4863/4324 3543/4864/4325 3573/4834/4296 3574/4833/4295
f 3543/4864/4325 3542/4865/4326 3572/4835/4297 3573/4834/4296
f 3542/4865/4326 3541/4866/4327 3571/4836/4298 3572/4835/4297
f 3541/4866/4327 3540/4867/4328 3570/4837/4299 3571/4836/4298
f 3540/4867/4328 3539/4868/4329 3569/4838/4300 3570/4837/4299
f 3539/4868/4329 3538/4869/4330 3568/4839/4301 3569/4838/4300
f 3538/4869/4330 3537/4870/4331 3567/4840/4302 3568/4839/4301
f 3537/4870/4331 3536/4871/4332 3566/4841/4303 3567/4840/4302
f 3536/4871/4332 3535/4872/4333 3565/4842/4304 3566/4841/4303
f 3535/4872/4333 3534/4873/4334 3564/4843/4305 3565/4842/4304
f 3534/4873/4334 3533/4874/4335 3563/4844/4306 3564/4843/4305
f 3533/4874/4335 3532/4875/4336 3562/4845/4307 3563/4844/4306
f 3532/4875/4336 3531/4876/4337 3561/4846/4308 3562/4845/4307
f 3531/4876/4337 3530/4877/4338 3560/4847/4309 3561/4846/4308
f 3530/4877/4338 3529/4878/4339 3559/4848/4310 3560/4847/4309
f 3529/4878/4339 3528/4879/4340 3558/4849/4311 3559/4848/4310
f 3528/4879/4340 3527/4880/4341 3557/4850/4312 3558/4849/4311
f 3527/4880/4341 3526/4881/4342 3556/4851/4313 3557/4850/4312
f 3526/4881/4342 3525/4882/4343 3555/4852/4314 3556/4851/4313
f 3525/4882/4343 3524/3838/3349 3554/3840/3351 3555/4852/4314
f 3346/4883/3431 3523/4884/4344 3553/4854/4315 3348/4853/3432
f 3523/4884/4344 3522/4885/4345 3552/4855/4316 3553/4854/4315
f 3522/4885/4345 3521/4886/4346 3551/4856/4317 3552/4855/4316
f 3521/4886/4346 3520/4887/4347 3550/4857/4318 3551/4856/4317
f 3520/4887/4347 3519/4888/4348 3549/4858/4319 3550/4857/4318
f 3519/4888/4348 3518/4889/4349 3548/4859/4320 3549/4858/4319
f 3518/4889/4349 3517/4890/4350 3547/4860/4321 3548/4859/4320
f 3517/4890/4350 3516/4891/4351 3546/4861/4322 3547/4860/4321
f 3516/4891/4351 3515/4892/4352 3545/4862/4323 3546/4861/4322
f 3515/4892/4352 3514/4893/4353 3544/4863/4324 3545/4862/4323
f 3514/4893/4353 3513/4894/4354 3543/4864/4325 3544/4863/4324
f 3513/4894/4354 3512/4895/4355 3542/4865/4326 3543/4864/4325
f 3512/4895/4355 3511/4896/4356 3541/4866/4327 3542/4865/4326
f 3511/4896/4356 3510/4897/4357 3540/4867/4328 3541/4866/4327
f 3510/4897/4357 3509/4898/4358 3539/4868/4329 3540/4867/4328
f 3509/4898/4358 3508/4899/4359 3538/4869/4330 3539/4868/4329
f 3508/4899/4359 3507/4900/4360 3537/4870/4331 3538/4869/4330
f 3507/4900/4360 3506/4901/4361 3536/4871/4332 3537/4870/4331
f 3506/4901/4361 3505/4902/4362 3535/4872/4333 3536/4871/4332
f 3505/4902/4362 3504/4903/4363 3534/4873/4334 3535/4872/4333
f 3504/4903/4363 3503/4904/4364 3533/4874/4335 3534/4873/4334
f 3503/4904/4364 3502/4905/4365 3532/4875/4336 3533/4874/4335
f 3502/4905/4365 3501/4906/4366 3531/4876/4337 3532/4875/4336
f 3501/4906/4366 3500/4907/4367 3530/4877/4338 3531/4876/4337
f 3500/4907/4367 3499/4908/4368 3529/4878/4339 3530/4877/4338
f 3499/4908/4368 3498/4909/4369 3528/4879/4340 3529/4878/4339
f 3498/4909/4369 3497/4910/4370 3527/4880/4341 3528/4879/4340
f 3497/4910/4370 3496/4911/4371 3526/4881/4342 3527/4880/4341
f 3496/4911/4371 3495/4912/4372 3525/4882/4343 3526/4881/4342
f 3495/4912/4372 3494/3836/3347 3524/3838/3349 3525/4882/4343
f 3344/4913/3430 3493/4914/4373 3523/4884/4344 3346/4883/3431
f 3493/4914/4373 3492/4915/4374 3522/4885/4345 3523/4884/4344
f 3492/4915/4374 3491/4916/4375 3521/4886/4346 3522/4885/4345
f 3491/4916/4375 3490/4917/4376 3520/4887/4347 3521/4886/4346
f 3490/4917/4376 3489/4918/4377 3519/4888/4348 3520/4887/4347
f 3489/4918/4377 3488/4919/4378 3518/4889/4349 3519/4888/4348
f 3488/4919/4378 3487/4920/4379 3517/4890/4350 3518/4889/4349
f 3487/4920/4379 3486/4921/4380 3516/4891/4351 3517/4890/4350
f 3486/4921/4380 3485/4922/4381 3515/4892/4352 3516/4891/4351
f 3485/4922/4381 3484/4923/4382 3514/4893/4353 3515/4892/4352
f 3484/4923/4382 3483/4924/4383 3513/4894/4354 3514/4893/4353
f 3483/4924/4383 3482/4925/4384 3512/4895/4355 3513/4894/4354
f 3482/4925/4384 3481/4926/4385 3511/4896/4356 3512/4895/4355
f 3481/4926/4385 3480/4927/4386 3510/4897/4357 3511/4896/4356
f 3480/4927/4386 3479/4928/4387 3509/4898/4358 3510/4897/4357
f 3479/4928/4387 3478/4929/4388 3508/4899/4359 3509/4898/4358
f 3478/4929/4388 3477/4930/4389 3507/4900/4360 3508/4899/4359
f 3477/4930/4389 3476/4931/4390 3506/4901/4361 3507/4900/4360
f 3476/4931/4390 3475/4932/4391 3505/4902/4362 3506/4901/4361
f 3475/4932/4391 3474/4933/4392 3504/4903/4363 3505/4902/4362
f 3474/4933/4392 3473/4934/4393 3503/4904/4364 3504/4903/4363
f 3473/4934/4393 3472/4935/4394 3502/4905/4365 3503/4904/4364
f 3472/4935/4394 3471/4936/4395 3501/4906/4366 3502/4905/4365
f 3471/4936/4395 3470/4937/4396 3500/4907/4367 3501/4906/4366
f 3470/4937/4396 3469/4938/4397 3499/4908/4368 3500/4907/4367
f 3469/4938/4397 3468/4939/4398 3498/4909/4369 3499/4908/4368
f 3468/4939/4398 3467/4940/4399 3497/4910/4370 3498/4909/4369
f 3467/4940/4399 3466/4941/4400 3496/4911/4371 3497/4910/4370
f 3466/4941/4400 3465/4942/4401 3495/4912/4372 3496/4911/4371
f 3465/4942/4401 3464/3834/3345 3494/3836/3347 3495/4912/4372
f 3342/4943/3429 3463/4944/4402 3493/4914/4373 3344/4913/3430
f 3463/4944/4402 3462/4945/4403 3492/4915/4374 3493/4914/4373
f 3462/4945/4403 3461/4946/4404 3491/4916/4375 3492/4915/4374
f 3461/4946/4404 3460/4947/4405 3490/4917/4376 3491/4916/4375
f 3460/4947/4405 3459/4948/4406 3489/4918/4377 3490/4917/4376
f 3459/4948/4406 3458/4949/4407 3488/4919/4378 3489/4918/4377
f 3458/4949/4407 3457/4950/4408 3487/4920/4379 3488/4919/4378
f 3457/4950/4408 3456/4951/4409 3486/4921/4380 3487/4920/4379
f 3456/4951/4409 3455/4952/4410 3485/4922/4381 3486/4921/4380
f 3455/4952/4410 3454/4953/4411 3484/4923/4382 3485/4922/4381
f 3454/4953/4411 3453/4954/4412 3483/4924/4383 3484/4923/4382
f 3453/4954/4412 3452/4955/4413 3482/4925/4384 3483/4924/4383
f 3452/4955/4413 3451/4956/4414 3481/4926/4385 3482/4925/4384
f 3451/4956/4414 3450/4957/4415 3480/4927/4386 3481/4926/4385
f 3450/4957/4415 3449/4958/4416 3479/4928/4387 3480/4927/4386
f 3449/4958/4416 3448/4959/4417 3478/4929/4388 3479/4928/4387
f 3448/4959/4417 3447/4960/4418 3477/4930/4389 3478/4929/4388
f 3447/4960/4418 3446/4961/4419 3476/4931/4390 3477/4930/4389
f 3446/4961/4419 3445/4962/4420 3475/4932/4391 3476/4931/4390
f 3445/4962/4420 3444/4963/4421 3474/4933/4392 3475/4932/4391
f 3444/4963/4421 3443/4964/4422 3473/4934/4393 3474/4933/4392
f 3443/4964/4422 3442/4965/4423 3472/4935/4394 3473/4934/4393
f 3442/4965/4423 3441/4966/4424 3471/4936/4395 3472/4935/4394
f 3441/4966/4424 3440/4967/4425 3470/4937/4396 3471/4936/4395
f 3440/4967/4425 3439/4968/4426 3469/4938/4397 3470/4937/4396
f 3439/4968/4426 3438/4969/4427 3468/4939/4398 3469/4938/4397
f 3438/4969/4427 3437/4970/4428 3467/4940/4399 3468/4939/4398
f 3437/4970/4428 3436/4971/4429 3466/4941/4400 3467/4940/4399
f 3436/4971/4429 3435/4972/4430 3465/4942/4401 3466/4941/4400
f 3435/4972/4430 3434/3832/3343 3464/3834/3345 3465/4942/4401
f 4365/4108/3428 4425/4106/3597 3463/4944/4402 3342/4943/3429
f 4425/4106/3597 4426/4104/3595 3462/4945/4403 3463/4944/4402
f 4426/4104/3595 4427/4102/3593 3461/4946/4404 3462/4945/4403
f 4427/4102/3593 4428/4100/3591 3460/4947/4405 3461/4946/4404
f 4428/4100/3591 4429/4098/3589 3459/4948/4406 3460/4947/4405
f 4429/4098/3589 4430/4095/3587 3458/4949/4407 3459/4948/4406
f 4430/4095/3587 4369/4097/3472 3410/4973/3471 3457/4950/4408 3458/4949/4407
f 3410/4973/3471 3411/4974/3474 3456/4951/4409 3457/4950/4408
f 3411/4974/3474 3412/4975/3476 3455/4952/4410 3456/4951/4409
f 3412/4975/3476 3413/4976/3478 3454/4953/4411 3455/4952/4410
f 3413/4976/3478 3414/4977/3480 3453/4954/4412 3454/4953/4411
f 3414/4977/3480 3415/4978/3482 3452/4955/4413 3453/4954/4412
f 3415/4978/3482 3416/4979/3483 3451/4956/4414 3452/4955/4413
f 3416/4979/3483 3417/4980/3484 3450/4957/4415 3451/4956/4414
f 3417/4980/3484 3418/4981/3486 3449/4958/4416 3450/4957/4415
f 3418/4981/3486 3419/4982/3488 3448/4959/4417 3449/4958/4416
f 3419/4982/3488 3420/4983/3490 3447/4960/4418 3448/4959/4417
f 3420/4983/3490 3421/4984/3492 3446/4961/4419 3447/4960/4418
f 3421/4984/3492 3422/4985/3494 3445/4962/4420 3446/4961/4419
f 3422/4985/3494 3423/4986/3496 3444/4963/4421 3445/4962/4420
f 3423/4986/3496 3424/4987/3498 3443/4964/4422 3444/4963/4421
f 3424/4987/3498 3425/4988/3500 3442/4965/4423 3443/4964/4422
f 3425/4988/3500 3426/4989/3502 3441/4966/4424 3442/4965/4423
f 3426/4989/3502 3427/4990/3504 3440/4967/4425 3441/4966/4424
f 3427/4990/3504 3428/4991/3506 3439/4968/4426 3440/4967/4425
f 3428/4991/3506 3429/4992/3508 3438/4969/4427 3439/4968/4426
f 3429/4992/3508 3430/4993/3510 3437/4970/4428 3438/4969/4427
f 3430/4993/3510 3431/4994/3512 3436/4971/4429 3437/4970/4428
f 3431/4994/3512 3432/4995/3514 3435/4972/4430 3436/4971/4429
f 3432/4995/3514 3433/3829/3340 3434/3832/3343 3435/4972/4430
f 4434/4996/3542 4433/4997/4431 4364/4998/3423
f 3357/3845/3356 3355/3843/3354 4364/4999/3423
f 4436/5000/3540 4435/5001/4432 4364/5002/3423
f 4438/4049/3544 4437/4051/3522 4364/5003/3423
f 3349/3837/3348 3347/3835/3346 4364/5004/3423
f 3367/3855/3366 3365/3853/3364 4364/5005/3423
f 4439/5006/3536 4432/5007/3421 4364/5008/3423
f 4440/4044/3541 4434/4046/3542 4364/5009/3423
f 3359/3847/3358 3357/3845/3356 4364/5010/3423
f 4441/4041/3539 4436/4043/3540 4364/5011/3423
f 4442/5012/3532 4438/5013/3544 4364/5014/3423
f 3351/3839/3350 3349/3837/3348 4364/5015/3423
f 3369/3857/3368 3367/3855/3366 4364/5016/3423
f 4443/4035/3535 4439/4037/3536 4364/5017/3423
f 3343/3831/3342 3341/3830/3341 4364/5018/3423
f 4395/3916/3426 3906/4509/3549 3340/5019/4433 4368/3917/3427
f 3361/3849/3360 3359/3847/3358 4364/5020/3423
f 4444/5021/3526 4441/5022/3539 4364/5023/3423
f 4445/4029/3531 4442/4031/3532 4364/5024/3423
f 3353/3841/3352 3351/3839/3350 4364/5025/3423
f 3371/3859/3370 3369/3857/3368 4364/5026/3423
f 4446/5027/3523 4443/5028/3535 4364/5029/3423
f 3345/3833/3344 3343/3831/3342 4364/5030/3423
f 3363/3851/3362 3361/3849/3360 4364/5031/3423
f 4431/4020/3422 4444/4022/3526 4364/5032/3423
f 4433/5033/4431 4445/5034/3531 4364/5035/3423
f 3355/3843/3354 3353/3841/3352 4364/5036/3423
f 4435/5037/4432 4366/5038/4434 3371/3859/3370 4364/5039/3423
f 4437/4014/3522 4446/4016/3523 4364/5040/3423
f 3347/3835/3346 3345/3833/3344 4364/5041/3423
f 3365/3853/3364 3363/3851/3362 4364/5042/3423
f 4121/4280/3770 4151/4308/3798 3390/4034/3534 3388/4052/3545
f 4241/4392/3882 4271/4420/3910 3398/4047/3543 3396/4011/3519
f 3971/4140/3630 4001/4168/3658 3380/4040/3538 3378/5043/4435
f 4091/4252/3742 4121/4280/3770 3388/4052/3545 3386/4017/3524
f 4211/4364/3854 4241/4392/3882 3396/4011/3519 3394/4013/3521
f 4181/4336/3826 4211/4364/3854 3394/4013/3521 3392/4032/3533
f 4151/4308/3798 4181/4336/3826 3392/4032/3533 3390/4034/3534
f 3941/4111/3601 3971/4140/3630 3378/5043/4435 3376/4023/3527
f 3907/4056/3548 3941/4111/3601 3376/4023/3527 3374/4025/3528
f 4365/3920/3428 4367/3937/3445 3403/5044/3995 3401/5045/3979 3399/5046/3966 3397/5047/3385 3395/5048/3384 3393/5049/3880 3391/5050/3852 3389/5051/3824 3387/5052/3796 3385/5053/3768 3383/5054/3740 3381/5055/3712 3379/5056/3684 3377/5057/3656 3375/5058/3628 3373/5059/3599
f 4301/3872/3383 4331/3871/3382 3402/4026/3529 3400/4028/3530
f 4271/4420/3910 4301/3872/3383 3400/4028/3530 3398/4047/3543
f 4061/4224/3714 4091/4252/3742 3386/4017/3524 3384/4019/3525
f 4031/4196/3686 4061/4224/3714 3384/4019/3525 3382/4038/3537
f 4001/4168/3658 4031/4196/3686 3382/4038/3537 3380/4040/3538
f 4377/3973/3481 3409/5060/3424 3884/3862/3373 4378/3861/3372
f 4375/3969/3477 3407/5061/3579 3408/5062/3578 4376/3971/3479
f 4374/3967/3475 3406/5063/3581 3407/5061/3579 4375/3969/3477
f 4373/3965/3473 3405/5064/3583 3406/5063/3581 4374/3967/3475
f 4372/3962/3470 3404/5065/3585 3405/5064/3583 4373/3965/3473
f 3855/4582/4053 3854/3860/3371 4424/5066/4436 4423/5067/4437
f 3862/4573/4044 3861/4575/4046 4422/4009/3517 4421/3960/3468
f 3863/4571/4042 3862/4573/4044 4421/3960/3468 4420/3959/3467
f 3864/4569/4040 3863/4571/4042 4420/3959/3467 4419/3956/3464
f 3865/4567/4038 3864/4569/4040 4419/3956/3464 4418/3955/3463
f 3866/4565/4036 3865/4567/4038 4418/3955/3463 4417/3952/3460
f 3867/4563/4034 3866/4565/4036 4417/3952/3460 4416/3951/3459
f 3868/4561/4032 3867/4563/4034 4416/3951/3459 4415/3948/3456
f 3869/4559/4030 3868/4561/4032 4415/3948/3456 4414/3947/3455
f 3870/4557/4028 3869/4559/4030 4414/3947/3455 4413/3944/3452
f 3871/4555/4026 3870/4557/4028 4413/3944/3452 4412/3943/3451
f 3872/4553/4024 3871/4555/4026 4412/3943/3451 4411/3940/3448
f 3873/4551/4022 3872/4553/4024 4411/3940/3448 4410/3939/3447
f 3874/4549/4020 3873/4551/4022 4410/3939/3447 4409/4008/3516
f 3875/4547/4018 3874/4549/4020 4409/4008/3516 4408/5068/4438
f 3876/4545/4016 3875/4547/4018 4408/5068/4438 4407/5069/4439
f 3877/4543/4014 3876/4545/4016 4407/5069/4439 4406/5070/4440
f 3878/4541/4012 3877/4543/4014 4406/5070/4440 4405/5071/4441
f 3879/4539/4010 3878/4541/4012 4405/5071/4441 4404/5072/4442
f 3887/4529/4002 3886/4531/4004 4403/5073/4443 4402/5074/4444
f 3888/4527/4000 3887/4529/4002 4402/5074/4444 4401/5075/4445
f 3889/4525/3998 3888/4527/4000 4401/5075/4445 4400/5076/4446
f 3911/4498/3986 3910/4500/3988 4399/5077/4447 4398/5078/4448
f 3912/4496/3984 3911/4498/3986 4398/5078/4448 4397/5079/4449
f 3913/4493/3982 3912/4496/3984 4397/5079/4449 4396/5080/4450
f 3885/5081/3374 3927/4126/3616 3926/4083/3575 3891/4082/3574
f 3892/4085/3577 3925/4084/3576 3924/4079/3571 3893/4078/3570
f 3894/4081/3573 3923/4080/3572 3922/4075/3567 3895/4074/3566
f 3896/4077/3569 3921/4076/3568 3920/4071/3563 3897/4070/3562
f 3898/4073/3565 3919/4072/3564 3918/4067/3559 3899/4066/3558
f 3900/4069/3561 3917/4068/3560 3916/4063/3555 3901/4062/3554
f 3902/4065/3557 3915/4064/3556 3914/4059/3551 3903/4058/3550
f 3904/4061/3553 3909/4060/3552 3908/4055/3547 3905/4054/3546
f 4434/4996/3542 4452/5082/3520 4433/4997/4431
f 4436/5000/3540 4452/5083/3520 4435/5001/4432
f 3380/4040/3538 4452/5084/3520 3378/5043/4435
f 4439/5006/3536 4452/5085/3520 4432/5007/3421
f 3390/4034/3534 4452/5086/3520 3388/4052/3545
f 4442/5012/3532 4452/5087/3520 4438/5013/3544
f 3400/4028/3530 4452/5088/3520 3398/4047/3543
f 3374/4025/3528 4452/5089/3520 3340/5090/4433
f 4444/5021/3526 4452/5091/3520 4441/5022/3539
f 3384/4019/3525 4452/5092/3520 3382/4038/3537
f 4446/5027/3523 4452/5093/3520 4443/5028/3535
f 3394/4013/3521 4452/5094/3520 3392/4032/3533
f 4433/5033/4431 4452/5095/3520 4445/5034/3531
f 4435/5037/4432 4452/5096/3520 3402/4026/3529 4366/5038/4434
f 3378/5043/4435 4452/5097/3520 3376/4023/3527
f 3910/4500/3988 4371/5098/4451 4399/5077/4447
f 3880/4499/3987 3879/4539/4010 4404/5072/4442 4371/5098/4451 3910/4500/3988
f 3861/4575/4046 3860/4523/3996 3890/4501/3989 4422/4009/3517
f 3889/4525/3998 4400/5076/4446 3890/4501/3989
f 3886/4531/4004 4370/5099/4452 4403/5073/4443
f 3856/4530/4003 3855/4582/4053 4423/5067/4437 4370/5099/4452 3886/4531/4004
f 4332/3870/3381 4423/5067/4437 4424/5066/4436 4331/3871/3382
f 4376/3971/3479 3408/5062/3578 3409/5060/3424 4377/3973/3481
f 3884/3915/3373 3928/3914/3425 3927/4126/3616 3885/5081/3374
f 3341/3918/3341 4368/3917/3427 4440/5100/3541 4364/5101/3423
f 3372/4494/3444 3913/4493/3982 4396/5080/4450 4367/5102/3445
f 3854/3860/3371 3371/3859/3370 4366/5038/4434 4424/5066/4436
f 3906/4057/3549 3907/4056/3548 3374/4025/3528 3340/5090/4433
f 4432/3910/3421 4452/5103/3520 4431/3911/3422
f 4372/3962/3470 4369/3964/3472 3404/5065/3585
f 4352/4480/3970 4408/5068/4438 4409/4008/3516 4351/4007/3515
f 4353/4481/3971 4407/5069/4439 4408/5068/4438 4352/4480/3970
f 4354/4482/3972 4406/5070/4440 4407/5069/4439 4353/4481/3971
f 4355/4483/3973 4405/5071/4441 4406/5070/4440 4354/4482/3972
f 4356/4484/3974 4404/5072/4442 4405/5071/4441 4355/4483/3973
f 4362/3867/3378 4402/5074/4444 4403/5073/4443 4361/4490/3980
f 4363/3866/3377 4401/5075/4445 4402/5074/4444 4362/3867/3378
f 4447/4502/3990 4400/5076/4446 4401/5075/4445 4363/3866/3377
f 4449/4503/3991 4398/5078/4448 4399/5077/4447 4448/4504/3992
f 4450/4505/3993 4397/5079/4449 4398/5078/4448 4449/4503/3991
f 4451/4506/3994 4396/5080/4450 4397/5079/4449 4450/4505/3993
f 4448/4504/3992 4399/5077/4447 4371/5098/4451
f 4357/4485/3975 4448/4504/3992 4371/5098/4451 4404/5072/4442 4356/4484/3974
f 4338/4010/3518 4422/4009/3517 3890/4501/3989 4337/4479/3969
f 4447/4502/3990 3890/4501/3989 4400/5076/4446
f 4361/4490/3980 4403/5073/4443 4370/5099/4452
f 4333/4477/3967 4361/4490/3980 4370/5099/4452 4423/5067/4437 4332/3870/3381
f 3340/5019/4433 4452/5104/3520 4440/5100/3541 4368/3917/3427
f 3403/4507/3995 4367/5102/3445 4396/5080/4450 4451/4506/3994
f 4331/3871/3382 4424/5066/4436 4366/5038/4434 3402/4026/3529
