# Blender v3.6.1 OBJ File: 'shieldAlternate3.blend'
# www.blender.org
mtllib shieldAlternate3.mtl
o Cylinder_Cylinder.001
v -2.322277 -4.659422 -7.655523
v -2.322277 -2.266416 -7.655523
v -0.784137 -4.659422 -7.961478
v -0.784137 -2.266416 -7.961478
v 0.784137 -4.659422 -7.961478
v 0.784137 -2.266416 -7.961478
v 2.322278 -4.659422 -7.655523
v 2.322278 -2.266416 -7.655523
v 3.771174 -4.659422 -7.055370
v 3.771174 -2.266416 -7.055370
v 5.075146 -4.659422 -6.184083
v 5.075146 -2.266416 -6.184083
v 6.184083 -4.659422 -5.075147
v 6.184083 -2.266416 -5.075147
v 7.055370 -4.659422 -3.771174
v 7.055370 -2.266416 -3.771174
v 7.655522 -4.659422 -2.322277
v 7.655522 -2.266416 -2.322277
v 7.961478 -4.659422 -0.784137
v 7.961478 -2.266416 -0.784137
v 7.961478 -4.659422 0.784137
v 7.961478 -2.266416 0.784137
v 7.655523 -4.659422 2.322278
v 7.655523 -2.266416 2.322278
v 7.055370 -4.659422 3.771174
v 7.055370 -2.266416 3.771174
v 6.184083 -4.659422 5.075146
v 6.184083 -2.266416 5.075146
v 5.075146 -4.659422 6.184083
v 5.075146 -2.266416 6.184083
v 3.771174 -4.659422 7.055370
v 3.771174 -2.266416 7.055370
v 2.322277 -4.659422 7.655523
v 2.322277 -2.266416 7.655523
v 0.784137 -4.659422 7.961478
v 0.784137 -2.266416 7.961478
v -0.784137 -4.659422 7.961478
v -0.784137 -2.266416 7.961478
v -2.322277 -4.659422 7.655522
v -2.322277 -2.266416 7.655522
v -3.771174 -4.659422 7.055370
v -3.771174 -2.266416 7.055370
v -5.075146 -4.659422 6.184083
v -5.075146 -2.266416 6.184083
v -6.184083 -4.659422 5.075146
v -6.184083 -2.266416 5.075146
v -7.055370 -4.659422 3.771174
v -7.055370 -2.266416 3.771174
v -7.655523 -4.659422 2.322277
v -7.655523 -2.266416 2.322277
v -7.961478 -4.659422 0.784137
v -7.961478 -2.266416 0.784137
v -7.961478 -4.659422 -0.784138
v -7.961478 -2.266416 -0.784138
v -7.655523 -4.659422 -2.322278
v -7.655523 -2.266416 -2.322278
v -7.055370 -4.659422 -3.771174
v -7.055370 -2.266416 -3.771174
v -6.184083 -4.659422 -5.075147
v -6.184083 -2.266416 -5.075147
v -5.075147 -4.659422 -6.184083
v -5.075147 -2.266416 -6.184083
v -3.771174 -4.659422 -7.055370
v -3.771174 -2.266416 -7.055370
v -2.322277 -5.110575 -7.655523
v -0.784137 -5.110575 -7.961478
v -0.784137 -1.815263 -7.961478
v -2.322277 -1.815263 -7.655523
v 0.784137 -5.110575 -7.961478
v 0.784137 -1.815263 -7.961478
v 2.322278 -5.110575 -7.655523
v 2.322278 -1.815263 -7.655523
v 3.771174 -5.110575 -7.055370
v 3.771174 -1.815263 -7.055370
v 5.075146 -5.110575 -6.184083
v 5.075146 -1.815263 -6.184083
v 6.184083 -5.110575 -5.075147
v 6.184083 -1.815263 -5.075147
v 7.055370 -5.110575 -3.771174
v 7.055370 -1.815263 -3.771174
v 7.655522 -5.110575 -2.322277
v 7.655522 -1.815263 -2.322277
v 7.961478 -5.110575 -0.784137
v 7.961478 -1.815263 -0.784137
v 7.961478 -5.110575 0.784137
v 7.961478 -1.815263 0.784137
v 7.655523 -5.110575 2.322278
v 7.655523 -1.815263 2.322278
v 7.055370 -5.110575 3.771174
v 7.055370 -1.815263 3.771174
v 6.184083 -5.110575 5.075146
v 6.184083 -1.815263 5.075146
v 5.075146 -5.110575 6.184083
v 5.075146 -1.815263 6.184083
v 3.771174 -5.110575 7.055370
v 3.771174 -1.815263 7.055370
v 2.322277 -5.110575 7.655523
v 2.322277 -1.815263 7.655523
v 0.784137 -5.110575 7.961478
v 0.784137 -1.815263 7.961478
v -0.784137 -5.110575 7.961478
v -0.784137 -1.815263 7.961478
v -2.322277 -5.110575 7.655522
v -2.322277 -1.815263 7.655522
v -3.771174 -5.110575 7.055370
v -3.771174 -1.815263 7.055370
v -5.075146 -5.110575 6.184083
v -5.075146 -1.815263 6.184083
v -6.184083 -5.110575 5.075146
v -6.184083 -1.815263 5.075146
v -7.055370 -5.110575 3.771174
v -7.055370 -1.815263 3.771174
v -7.655523 -5.110575 2.322277
v -7.655523 -1.815263 2.322277
v -7.961478 -5.110575 0.784137
v -7.961478 -1.815263 0.784137
v -7.961478 -5.110575 -0.784138
v -7.961478 -1.815263 -0.784138
v -7.655523 -5.110575 -2.322278
v -7.655523 -1.815263 -2.322278
v -7.055370 -5.110575 -3.771174
v -7.055370 -1.815263 -3.771174
v -6.184083 -5.110575 -5.075147
v -6.184083 -1.815263 -5.075147
v -5.075147 -5.110575 -6.184083
v -5.075147 -1.815263 -6.184083
v -3.771174 -5.110575 -7.055370
v -3.771174 -1.815263 -7.055370
v -2.206163 -3.871685 -7.272747
v -2.206163 -3.054152 -7.272747
v 2.206164 -2.266416 -7.272747
v 2.206164 -4.659422 -7.272747
v 3.582616 -2.266416 -6.702602
v 3.582616 -4.659422 -6.702602
v 6.702602 -2.266416 -3.582615
v 6.702602 -4.659422 -3.582615
v 7.272747 -2.266416 -2.206164
v 7.272747 -4.659422 -2.206164
v 7.272747 -3.054152 2.206164
v 7.272747 -3.871685 2.206164
v 6.702602 -3.054152 3.582615
v 6.702602 -3.871685 3.582615
v 3.582615 -3.054152 6.702601
v 3.582615 -3.871685 6.702601
v 2.206163 -2.266416 7.272747
v 2.206163 -4.659422 7.272747
v -2.206164 -2.266416 7.272746
v -2.206164 -4.659422 7.272746
v -3.582615 -2.266416 6.702601
v -3.582615 -4.659422 6.702601
v -6.702601 -3.054152 3.582615
v -6.702601 -3.871685 3.582615
v -7.272747 -3.054152 2.206163
v -7.272747 -3.871685 2.206163
v -7.272747 -3.054152 -2.206164
v -7.272747 -3.871685 -2.206164
v -6.702602 -3.054152 -3.582616
v -6.702602 -3.871685 -3.582616
v -3.582615 -2.266416 -6.702602
v -3.582615 -4.659422 -6.702602
v -2.148298 -5.953192 -7.081990
v -0.725391 -5.953192 -7.365024
v 0.725392 -5.953192 -7.365024
v 2.148299 -5.953192 -7.081990
v 3.488647 -5.953192 -6.526800
v 4.694929 -5.953192 -5.720788
v 5.720787 -5.953192 -4.694929
v 6.526799 -5.953192 -3.488647
v 7.081990 -5.953192 -2.148298
v 7.365024 -5.953192 -0.725391
v 7.365024 -5.953192 0.725392
v 7.081990 -5.953192 2.148298
v 6.526800 -5.953192 3.488647
v 5.720788 -5.953192 4.694929
v 4.694929 -5.953192 5.720787
v 3.488647 -5.953192 6.526799
v 2.148298 -5.953192 7.081990
v 0.725391 -5.953192 7.365024
v -0.725392 -5.953192 7.365024
v -2.148299 -5.953192 7.081990
v -3.488647 -5.953192 6.526799
v -4.694929 -5.953192 5.720788
v -5.720787 -5.953192 4.694929
v -6.526799 -5.953192 3.488647
v -7.081990 -5.953192 2.148298
v -7.365024 -5.953192 0.725391
v -7.365024 -5.953192 -0.725392
v -7.081990 -5.953192 -2.148299
v -6.526800 -5.953192 -3.488647
v -5.720788 -5.953192 -4.694929
v -4.694929 -5.953192 -5.720787
v -3.488647 -5.953192 -6.526799
v -0.674225 -1.167186 -6.845526
v -1.996766 -1.167186 -6.582456
v 0.674226 -1.167186 -6.845526
v 1.996767 -1.167186 -6.582456
v 3.242573 -1.167186 -6.066426
v 4.363768 -1.167186 -5.317267
v 5.317267 -1.167186 -4.363769
v 6.066426 -1.167186 -3.242572
v 6.582456 -1.167186 -1.996766
v 6.845526 -1.167186 -0.674225
v 6.845526 -1.167186 0.674225
v 6.582456 -1.167186 1.996766
v 6.066426 -1.167186 3.242573
v 5.317267 -1.167186 4.363768
v 4.363768 -1.167186 5.317267
v 3.242572 -1.167186 6.066426
v 1.996766 -1.167186 6.582456
v 0.674225 -1.167186 6.845526
v -0.674226 -1.167186 6.845526
v -1.996767 -1.167186 6.582456
v -3.242573 -1.167186 6.066426
v -4.363768 -1.167186 5.317267
v -5.317267 -1.167186 4.363768
v -6.066426 -1.167186 3.242572
v -6.582456 -1.167186 1.996766
v -6.845526 -1.167186 0.674225
v -6.845526 -1.167186 -0.674226
v -6.582456 -1.167186 -1.996767
v -6.066426 -1.167186 -3.242573
v -5.317267 -1.167186 -4.363768
v -4.363769 -1.167186 -5.317267
v -3.242572 -1.167186 -6.066426
v -0.706472 -1.167186 -7.172934
v -2.092268 -1.167186 -6.897282
v 0.706473 -1.167186 -7.172934
v 2.092268 -1.167186 -6.897282
v 3.397659 -1.167186 -6.356571
v 4.572479 -1.167186 -5.571582
v 5.571581 -1.167186 -4.572479
v 6.356571 -1.167186 -3.397658
v 6.897282 -1.167186 -2.092268
v 7.172934 -1.167186 -0.706472
v 7.172934 -1.167186 0.706472
v 6.897282 -1.167186 2.092268
v 6.356571 -1.167186 3.397658
v 5.571581 -1.167186 4.572479
v 4.572478 -1.167186 5.571581
v 3.397658 -1.167186 6.356571
v 2.092268 -1.167186 6.897282
v 0.706472 -1.167186 7.172934
v -0.706473 -1.167186 7.172934
v -2.092268 -1.167186 6.897282
v -3.397658 -1.167186 6.356571
v -4.572479 -1.167186 5.571581
v -5.571581 -1.167186 4.572478
v -6.356571 -1.167186 3.397658
v -6.897282 -1.167186 2.092268
v -7.172934 -1.167186 0.706472
v -7.172934 -1.167186 -0.706473
v -6.897282 -1.167186 -2.092268
v -6.356571 -1.167186 -3.397658
v -5.571581 -1.167186 -4.572479
v -4.572479 -1.167186 -5.571582
v -3.397658 -1.167186 -6.356571
v -0.564289 -2.080757 -5.729324
v -1.671182 -2.080757 -5.509150
v 0.564290 -2.080757 -5.729325
v 1.671183 -2.080757 -5.509150
v 2.713853 -2.080757 -5.077261
v 3.652231 -2.080757 -4.450257
v 4.450257 -2.080757 -3.652232
v 5.077261 -2.080757 -2.713853
v 5.509150 -2.080757 -1.671182
v 5.729324 -2.080757 -0.564289
v 5.729324 -2.080757 0.564289
v 5.509150 -2.080757 1.671183
v 5.077261 -2.080757 2.713853
v 4.450257 -2.080757 3.652231
v 3.652231 -2.080757 4.450257
v 2.713853 -2.080757 5.077261
v 1.671182 -2.080757 5.509150
v 0.564289 -2.080757 5.729324
v -0.564290 -2.080757 5.729324
v -1.671183 -2.080757 5.509150
v -2.713853 -2.080757 5.077261
v -3.652231 -2.080757 4.450257
v -4.450257 -2.080757 3.652231
v -5.077261 -2.080757 2.713853
v -5.509150 -2.080757 1.671182
v -5.729324 -2.080757 0.564289
v -5.729325 -2.080757 -0.564290
v -5.509150 -2.080757 -1.671183
v -5.077261 -2.080757 -2.713853
v -4.450257 -2.080757 -3.652231
v -3.652232 -2.080757 -4.450257
v -2.713853 -2.080757 -5.077261
v -0.744930 -2.266416 -7.563404
v -0.744930 -4.659422 -7.563404
v 0.744931 -2.266416 -7.563404
v 0.744931 -4.659422 -7.563404
v 4.821389 -2.266416 -5.874880
v 4.821389 -4.659422 -5.874880
v 5.874879 -2.266416 -4.821389
v 5.874879 -4.659422 -4.821389
v 7.563404 -2.266416 -0.744930
v 7.563404 -4.659422 -0.744930
v 7.563404 -2.266416 0.744931
v 7.563404 -4.659422 0.744931
v 5.874879 -2.266416 4.821389
v 5.874879 -4.659422 4.821389
v 4.821389 -2.266416 5.874880
v 4.821389 -4.659422 5.874880
v 0.744930 -2.266416 7.563404
v 0.744930 -4.659422 7.563404
v -0.744931 -2.266416 7.563404
v -0.744931 -4.659422 7.563404
v -4.821389 -2.266416 5.874879
v -4.821389 -4.659422 5.874879
v -5.874880 -2.266416 4.821389
v -5.874880 -4.659422 4.821389
v -7.563404 -2.266416 0.744930
v -7.563404 -4.659422 0.744930
v -7.563404 -2.266416 -0.744931
v -7.563404 -4.659422 -0.744931
v -5.874879 -2.266416 -4.821389
v -5.874879 -4.659422 -4.821389
v -4.821390 -2.266416 -5.874880
v -4.821390 -4.659422 -5.874880
v -2.206163 -4.659422 -7.272747
v -2.206163 -2.266416 -7.272747
v 2.206164 -3.871685 -7.272747
v 2.206164 -3.054152 -7.272747
v 3.582616 -3.871685 -6.702602
v 3.582616 -3.054152 -6.702602
v 6.702601 -3.871685 -3.582615
v 6.702601 -3.054152 -3.582615
v 7.272747 -3.871685 -2.206164
v 7.272747 -3.054152 -2.206164
v 7.272747 -4.659422 2.206164
v 7.272747 -2.266416 2.206164
v 6.702602 -4.659422 3.582615
v 6.702602 -2.266416 3.582615
v 3.582615 -4.659422 6.702601
v 3.582615 -2.266416 6.702601
v 2.206163 -3.871685 7.272747
v 2.206163 -3.054152 7.272747
v -2.206164 -3.871685 7.272746
v -2.206164 -3.054152 7.272746
v -3.582615 -3.871685 6.702601
v -3.582615 -3.054152 6.702601
v -6.702601 -4.659422 3.582615
v -6.702601 -2.266416 3.582615
v -7.272747 -4.659422 2.206163
v -7.272747 -2.266416 2.206163
v -7.272747 -4.659422 -2.206164
v -7.272747 -2.266416 -2.206164
v -6.702602 -4.659422 -3.582616
v -6.702602 -2.266416 -3.582616
v -3.582615 -3.871685 -6.702602
v -3.582615 -3.054152 -6.702602
v -1.061432 -3.395934 -7.500448
v -1.396647 -3.054152 -7.433770
v -0.934357 -2.737879 -7.525725
v -1.111170 -3.228179 -7.490555
v -1.042834 -3.182925 -7.504148
v -1.086050 -3.114447 -7.495552
v -1.214019 -3.007605 -7.470098
v -1.232115 -3.104864 -7.466497
v -1.141634 -3.057380 -7.484495
v -0.996344 -2.942177 -7.513395
v -1.045833 -2.892542 -7.503551
v -1.064433 -3.003865 -7.499851
v -0.934358 -4.187958 -7.525725
v -1.396647 -3.871685 -7.433770
v -1.061432 -3.529902 -7.500448
v -1.045833 -4.033295 -7.503551
v -0.996344 -3.983660 -7.513395
v -1.064433 -3.921972 -7.499852
v -1.232115 -3.820972 -7.466497
v -1.214019 -3.918231 -7.470098
v -1.141634 -3.868456 -7.484496
v -1.042834 -3.742911 -7.504148
v -1.111170 -3.697658 -7.490554
v -1.086050 -3.811390 -7.495552
v 0.934358 -2.737879 -7.525724
v 1.396647 -3.054152 -7.433770
v 1.061432 -3.395934 -7.500448
v 1.045833 -2.892542 -7.503550
v 0.996344 -2.942177 -7.513394
v 1.064433 -3.003865 -7.499851
v 1.232116 -3.104865 -7.466496
v 1.214019 -3.007605 -7.470096
v 1.141634 -3.057380 -7.484494
v 1.042834 -3.182926 -7.504147
v 1.111171 -3.228179 -7.490554
v 1.086050 -3.114447 -7.495551
v 1.061432 -3.529902 -7.500448
v 1.396647 -3.871685 -7.433770
v 0.934358 -4.187958 -7.525724
v 1.111170 -3.697658 -7.490553
v 1.042834 -3.742911 -7.504147
v 1.086050 -3.811390 -7.495551
v 1.214019 -3.918231 -7.470096
v 1.232116 -3.820972 -7.466496
v 1.141634 -3.868456 -7.484495
v 0.996344 -3.983660 -7.513394
v 1.045833 -4.033295 -7.503551
v 1.064433 -3.921972 -7.499851
v 4.553072 -3.395934 -6.054163
v 4.268890 -3.054152 -6.244047
v 4.660800 -2.737879 -5.982182
v 4.510906 -3.228179 -6.082337
v 4.568839 -3.182925 -6.043629
v 4.532201 -3.114446 -6.068108
v 4.423715 -3.007605 -6.140597
v 4.408374 -3.104864 -6.150847
v 4.485080 -3.057380 -6.099594
v 4.608251 -2.942177 -6.017294
v 4.566296 -2.892542 -6.045327
v 4.550528 -3.003865 -6.055863
v 4.660800 -4.187958 -5.982182
v 4.268890 -3.871685 -6.244047
v 4.553072 -3.529902 -6.054163
v 4.566296 -4.033295 -6.045327
v 4.608250 -3.983660 -6.017294
v 4.550528 -3.921972 -6.055863
v 4.408374 -3.820972 -6.150847
v 4.423715 -3.918231 -6.140597
v 4.485080 -3.868456 -6.099594
v 4.568839 -3.742911 -6.043628
v 4.510906 -3.697658 -6.082338
v 4.532201 -3.811390 -6.068108
v 5.982182 -2.737879 -4.660801
v 6.244047 -3.054152 -4.268891
v 6.054163 -3.395934 -4.553073
v 6.045327 -2.892542 -4.566297
v 6.017293 -2.942177 -4.608251
v 6.055863 -3.003865 -4.550528
v 6.150848 -3.104865 -4.408374
v 6.140597 -3.007606 -4.423715
v 6.099594 -3.057380 -4.485081
v 6.043628 -3.182925 -4.568839
v 6.082338 -3.228179 -4.510906
v 6.068108 -3.114447 -4.532202
v 6.054163 -3.529902 -4.553073
v 6.244047 -3.871685 -4.268891
v 5.982182 -4.187958 -4.660800
v 6.082338 -3.697658 -4.510906
v 6.043627 -3.742911 -4.568839
v 6.068108 -3.811390 -4.532202
v 6.140597 -3.918231 -4.423715
v 6.150848 -3.820972 -4.408374
v 6.099594 -3.868456 -4.485080
v 6.017294 -3.983660 -4.608251
v 6.045327 -4.033295 -4.566296
v 6.055863 -3.921972 -4.550528
v 7.500448 -3.395934 -1.061432
v 7.433770 -3.054152 -1.396647
v 7.525725 -2.737879 -0.934358
v 7.490555 -3.228179 -1.111170
v 7.504148 -3.182925 -1.042834
v 7.495552 -3.114447 -1.086050
v 7.470097 -3.007605 -1.214019
v 7.466497 -3.104864 -1.232115
v 7.484495 -3.057380 -1.141634
v 7.513395 -2.942177 -0.996344
v 7.503551 -2.892542 -1.045833
v 7.499851 -3.003865 -1.064433
v 7.525725 -4.187958 -0.934358
v 7.433770 -3.871685 -1.396647
v 7.500448 -3.529902 -1.061432
v 7.503551 -4.033295 -1.045833
v 7.513395 -3.983660 -0.996344
v 7.499852 -3.921972 -1.064434
v 7.466496 -3.820972 -1.232115
v 7.470097 -3.918231 -1.214019
v 7.484496 -3.868456 -1.141634
v 7.504148 -3.742911 -1.042834
v 7.490554 -3.697658 -1.111170
v 7.495552 -3.811390 -1.086050
v 7.525724 -2.737879 0.934358
v 7.433769 -3.054152 1.396647
v 7.500448 -3.395934 1.061432
v 7.503550 -2.892542 1.045833
v 7.513394 -2.942177 0.996344
v 7.499851 -3.003865 1.064433
v 7.466496 -3.104865 1.232115
v 7.470096 -3.007605 1.214019
v 7.484494 -3.057380 1.141634
v 7.504147 -3.182926 1.042834
v 7.490553 -3.228179 1.111171
v 7.495551 -3.114447 1.086050
v 7.500448 -3.529902 1.061432
v 7.433769 -3.871685 1.396647
v 7.525724 -4.187958 0.934358
v 7.490553 -3.697658 1.111170
v 7.504147 -3.742911 1.042834
v 7.495551 -3.811390 1.086050
v 7.470096 -3.918231 1.214019
v 7.466496 -3.820972 1.232115
v 7.484495 -3.868456 1.141633
v 7.513393 -3.983660 0.996344
v 7.503551 -4.033295 1.045833
v 7.499851 -3.921972 1.064433
v 6.054163 -3.395934 4.553072
v 6.244047 -3.054152 4.268890
v 5.982182 -2.737879 4.660800
v 6.082337 -3.228179 4.510905
v 6.043629 -3.182925 4.568838
v 6.068108 -3.114446 4.532201
v 6.140597 -3.007605 4.423715
v 6.150847 -3.104864 4.408374
v 6.099594 -3.057380 4.485080
v 6.017294 -2.942177 4.608251
v 6.045327 -2.892542 4.566296
v 6.055863 -3.003865 4.550528
v 5.982182 -4.187958 4.660800
v 6.244047 -3.871685 4.268890
v 6.054163 -3.529902 4.553072
v 6.045327 -4.033295 4.566296
v 6.017294 -3.983660 4.608250
v 6.055863 -3.921972 4.550528
v 6.150847 -3.820972 4.408374
v 6.140597 -3.918231 4.423715
v 6.099594 -3.868456 4.485080
v 6.043628 -3.742911 4.568838
v 6.082338 -3.697658 4.510906
v 6.068108 -3.811390 4.532201
v 4.660800 -2.737879 5.982182
v 4.268890 -3.054152 6.244047
v 4.553072 -3.395934 6.054163
v 4.566296 -2.892542 6.045327
v 4.608250 -2.942177 6.017293
v 4.550528 -3.003865 6.055863
v 4.408374 -3.104865 6.150848
v 4.423715 -3.007606 6.140596
v 4.485080 -3.057380 6.099594
v 4.568839 -3.182925 6.043628
v 4.510906 -3.228179 6.082338
v 4.532202 -3.114447 6.068108
v 4.553072 -3.529902 6.054163
v 4.268890 -3.871685 6.244047
v 4.660800 -4.187958 5.982182
v 4.510906 -3.697658 6.082338
v 4.568839 -3.742911 6.043627
v 4.532202 -3.811390 6.068108
v 4.423715 -3.918231 6.140596
v 4.408374 -3.820972 6.150848
v 4.485080 -3.868456 6.099594
v 4.608251 -3.983660 6.017294
v 4.566296 -4.033295 6.045327
v 4.550528 -3.921972 6.055863
v 1.061432 -3.395934 7.500448
v 1.396647 -3.054152 7.433770
v 0.934357 -2.737879 7.525724
v 1.111170 -3.228179 7.490555
v 1.042834 -3.182925 7.504148
v 1.086050 -3.114447 7.495552
v 1.214019 -3.007605 7.470097
v 1.232115 -3.104864 7.466497
v 1.141634 -3.057380 7.484495
v 0.996344 -2.942177 7.513395
v 1.045833 -2.892542 7.503551
v 1.064433 -3.003865 7.499851
v 0.934358 -4.187958 7.525724
v 1.396647 -3.871685 7.433770
v 1.061432 -3.529902 7.500448
v 1.045833 -4.033295 7.503551
v 0.996344 -3.983660 7.513395
v 1.064433 -3.921972 7.499852
v 1.232115 -3.820972 7.466496
v 1.214019 -3.918231 7.470097
v 1.141634 -3.868456 7.484495
v 1.042834 -3.742911 7.504148
v 1.111170 -3.697658 7.490554
v 1.086050 -3.811390 7.495552
v -0.934358 -2.737879 7.525724
v -1.396647 -3.054152 7.433770
v -1.061432 -3.395934 7.500448
v -1.045833 -2.892542 7.503550
v -0.996344 -2.942177 7.513394
v -1.064433 -3.003865 7.499851
v -1.232116 -3.104865 7.466496
v -1.214019 -3.007605 7.470096
v -1.141634 -3.057380 7.484494
v -1.042834 -3.182926 7.504147
v -1.111171 -3.228179 7.490553
v -1.086050 -3.114447 7.495551
v -1.061432 -3.529902 7.500448
v -1.396647 -3.871685 7.433770
v -0.934358 -4.187958 7.525724
v -1.111170 -3.697658 7.490553
v -1.042834 -3.742911 7.504147
v -1.086050 -3.811390 7.495551
v -1.214019 -3.918231 7.470096
v -1.232116 -3.820972 7.466496
v -1.141634 -3.868456 7.484495
v -0.996344 -3.983660 7.513394
v -1.045833 -4.033295 7.503551
v -1.064433 -3.921972 7.499851
v -4.553072 -3.395934 6.054163
v -4.268890 -3.054152 6.244047
v -4.660800 -2.737879 5.982182
v -4.510906 -3.228179 6.082337
v -4.568839 -3.182925 6.043628
v -4.532201 -3.114446 6.068108
v -4.423715 -3.007605 6.140597
v -4.408374 -3.104864 6.150847
v -4.485080 -3.057380 6.099593
v -4.608251 -2.942177 6.017294
v -4.566296 -2.892542 6.045327
v -4.550528 -3.003865 6.055863
v -4.660800 -4.187958 5.982182
v -4.268890 -3.871685 6.244047
v -4.553072 -3.529902 6.054163
v -4.566296 -4.033295 6.045327
v -4.608251 -3.983660 6.017294
v -4.550528 -3.921972 6.055863
v -4.408374 -3.820972 6.150847
v -4.423715 -3.918231 6.140597
v -4.485080 -3.868456 6.099594
v -4.568839 -3.742911 6.043628
v -4.510906 -3.697658 6.082337
v -4.532201 -3.811390 6.068108
v -5.982182 -2.737879 4.660800
v -6.244047 -3.054152 4.268890
v -6.054163 -3.395934 4.553072
v -6.045327 -2.892542 4.566296
v -6.017293 -2.942177 4.608251
v -6.055863 -3.003865 4.550528
v -6.150848 -3.104865 4.408374
v -6.140597 -3.007606 4.423715
v -6.099594 -3.057380 4.485081
v -6.043628 -3.182925 4.568839
v -6.082338 -3.228179 4.510905
v -6.068108 -3.114447 4.532202
v -6.054163 -3.529902 4.553072
v -6.244047 -3.871685 4.268890
v -5.982182 -4.187958 4.660800
v -6.082338 -3.697658 4.510905
v -6.043628 -3.742911 4.568839
v -6.068108 -3.811390 4.532202
v -6.140597 -3.918231 4.423715
v -6.150848 -3.820972 4.408374
v -6.099594 -3.868456 4.485080
v -6.017294 -3.983660 4.608251
v -6.045327 -4.033295 4.566296
v -6.055863 -3.921972 4.550528
v -7.500448 -3.395934 1.061431
v -7.433770 -3.054152 1.396646
v -7.525725 -2.737879 0.934357
v -7.490555 -3.228179 1.111170
v -7.504148 -3.182925 1.042834
v -7.495552 -3.114447 1.086050
v -7.470097 -3.007605 1.214019
v -7.466497 -3.104864 1.232115
v -7.484495 -3.057380 1.141634
v -7.513395 -2.942177 0.996344
v -7.503551 -2.892542 1.045833
v -7.499851 -3.003865 1.064433
v -7.525725 -4.187958 0.934358
v -7.433770 -3.871685 1.396646
v -7.500448 -3.529902 1.061431
v -7.503551 -4.033295 1.045833
v -7.513395 -3.983660 0.996344
v -7.499852 -3.921972 1.064433
v -7.466497 -3.820972 1.232115
v -7.470097 -3.918231 1.214019
v -7.484495 -3.868456 1.141633
v -7.504148 -3.742911 1.042834
v -7.490554 -3.697658 1.111170
v -7.495552 -3.811390 1.086050
v -7.525724 -2.737879 -0.934358
v -7.433770 -3.054152 -1.396647
v -7.500448 -3.395934 -1.061432
v -7.503550 -2.892542 -1.045834
v -7.513394 -2.942177 -0.996344
v -7.499851 -3.003865 -1.064434
v -7.466496 -3.104865 -1.232116
v -7.470096 -3.007605 -1.214019
v -7.484494 -3.057380 -1.141634
v -7.504147 -3.182926 -1.042834
v -7.490553 -3.228179 -1.111171
v -7.495551 -3.114447 -1.086050
v -7.500448 -3.529902 -1.061432
v -7.433770 -3.871685 -1.396647
v -7.525724 -4.187958 -0.934358
v -7.490553 -3.697658 -1.111171
v -7.504147 -3.742911 -1.042834
v -7.495551 -3.811390 -1.086050
v -7.470096 -3.918231 -1.214019
v -7.466496 -3.820972 -1.232116
v -7.484495 -3.868456 -1.141634
v -7.513394 -3.983660 -0.996344
v -7.503551 -4.033295 -1.045833
v -7.499851 -3.921972 -1.064434
v -6.054163 -3.395934 -4.553072
v -6.244047 -3.054152 -4.268890
v -5.982182 -2.737879 -4.660800
v -6.082337 -3.228179 -4.510906
v -6.043629 -3.182925 -4.568839
v -6.068108 -3.114446 -4.532202
v -6.140597 -3.007605 -4.423715
v -6.150847 -3.104864 -4.408374
v -6.099594 -3.057380 -4.485080
v -6.017294 -2.942177 -4.608251
v -6.045327 -2.892542 -4.566296
v -6.055863 -3.003865 -4.550528
v -5.982182 -4.187958 -4.660800
v -6.244047 -3.871685 -4.268890
v -6.054163 -3.529902 -4.553072
v -6.045327 -4.033295 -4.566297
v -6.017294 -3.983660 -4.608251
v -6.055863 -3.921972 -4.550528
v -6.150847 -3.820972 -4.408374
v -6.140597 -3.918231 -4.423715
v -6.099594 -3.868456 -4.485080
v -6.043628 -3.742911 -4.568839
v -6.082338 -3.697658 -4.510906
v -6.068108 -3.811390 -4.532202
v -4.660801 -2.737879 -5.982182
v -4.268891 -3.054152 -6.244047
v -4.553072 -3.395934 -6.054163
v -4.566297 -2.892542 -6.045327
v -4.608251 -2.942177 -6.017293
v -4.550528 -3.003865 -6.055863
v -4.408374 -3.104865 -6.150848
v -4.423715 -3.007606 -6.140597
v -4.485081 -3.057380 -6.099594
v -4.568839 -3.182925 -6.043628
v -4.510906 -3.228179 -6.082338
v -4.532202 -3.114447 -6.068108
v -4.553072 -3.529902 -6.054163
v -4.268891 -3.871685 -6.244047
v -4.660800 -4.187958 -5.982182
v -4.510906 -3.697658 -6.082338
v -4.568839 -3.742911 -6.043628
v -4.532202 -3.811390 -6.068108
v -4.423715 -3.918231 -6.140597
v -4.408374 -3.820972 -6.150848
v -4.485080 -3.868456 -6.099594
v -4.608251 -3.983660 -6.017294
v -4.566296 -4.033295 -6.045327
v -4.550528 -3.921972 -6.055863
v -2.126398 -3.871685 -7.009796
v -2.126398 -3.054152 -7.009796
v 2.126399 -3.054152 -7.009796
v 2.126399 -3.871685 -7.009796
v 3.453084 -3.054152 -6.460265
v 3.453084 -3.871685 -6.460265
v 6.460265 -3.054152 -3.453084
v 6.460265 -3.871685 -3.453084
v 7.009796 -3.054152 -2.126398
v 7.009796 -3.871685 -2.126398
v 7.009796 -3.054152 2.126398
v 7.009796 -3.871685 2.126398
v 6.460265 -3.054152 3.453084
v 6.460265 -3.871685 3.453084
v 3.453084 -3.054152 6.460265
v 3.453084 -3.871685 6.460265
v 2.126398 -3.054152 7.009796
v 2.126398 -3.871685 7.009796
v -2.126398 -3.054152 7.009795
v -2.126398 -3.871685 7.009795
v -3.453083 -3.054152 6.460264
v -3.453083 -3.871685 6.460264
v -6.460265 -3.054152 3.453083
v -6.460265 -3.871685 3.453083
v -7.009796 -3.054152 2.126398
v -7.009796 -3.871685 2.126398
v -7.009796 -3.054152 -2.126399
v -7.009796 -3.871685 -2.126399
v -6.460265 -3.054152 -3.453084
v -6.460265 -3.871685 -3.453084
v -3.453084 -3.054152 -6.460265
v -3.453084 -3.871685 -6.460265
v -1.007824 -3.395934 -7.230945
v -1.057563 -3.228179 -7.221052
v -1.178507 -3.104864 -7.196994
v -1.343039 -3.054152 -7.164267
v -1.343039 -3.871685 -7.164267
v -1.178507 -3.820972 -7.196994
v -1.057562 -3.697658 -7.221051
v -1.007824 -3.529902 -7.230945
v 1.343039 -3.054152 -7.164266
v 1.178508 -3.104865 -7.196992
v 1.057563 -3.228179 -7.221050
v 1.007824 -3.395934 -7.230945
v 1.007824 -3.529902 -7.230945
v 1.057563 -3.697658 -7.221050
v 1.178508 -3.820972 -7.196993
v 1.343039 -3.871685 -7.164266
v 4.400411 -3.395934 -5.825690
v 4.358245 -3.228179 -5.853864
v 4.255713 -3.104864 -5.922374
v 4.116230 -3.054152 -6.015574
v 4.116230 -3.871685 -6.015574
v 4.255713 -3.820972 -5.922374
v 4.358245 -3.697658 -5.853864
v 4.400411 -3.529902 -5.825690
v 6.015574 -3.054152 -4.116230
v 5.922375 -3.104865 -4.255713
v 5.853864 -3.228179 -4.358245
v 5.825689 -3.395934 -4.400412
v 5.825689 -3.529902 -4.400412
v 5.853864 -3.697658 -4.358245
v 5.922375 -3.820972 -4.255713
v 6.015574 -3.871685 -4.116230
v 7.230945 -3.395934 -1.007824
v 7.221052 -3.228179 -1.057562
v 7.196994 -3.104864 -1.178507
v 7.164267 -3.054152 -1.343039
v 7.164267 -3.871685 -1.343039
v 7.196994 -3.820972 -1.178507
v 7.221051 -3.697658 -1.057562
v 7.230945 -3.529902 -1.007824
v 7.164266 -3.054152 1.343040
v 7.196992 -3.104865 1.178508
v 7.221050 -3.228179 1.057563
v 7.230945 -3.395934 1.007824
v 7.230945 -3.529902 1.007824
v 7.221050 -3.697658 1.057563
v 7.196993 -3.820972 1.178508
v 7.164266 -3.871685 1.343040
v 5.825690 -3.395934 4.400411
v 5.853864 -3.228179 4.358245
v 5.922374 -3.104864 4.255713
v 6.015573 -3.054152 4.116229
v 6.015573 -3.871685 4.116229
v 5.922374 -3.820972 4.255713
v 5.853864 -3.697658 4.358245
v 5.825690 -3.529902 4.400411
v 4.116230 -3.054152 6.015574
v 4.255713 -3.104865 5.922375
v 4.358244 -3.228179 5.853864
v 4.400411 -3.395934 5.825690
v 4.400411 -3.529902 5.825690
v 4.358244 -3.697658 5.853864
v 4.255713 -3.820972 5.922375
v 4.116230 -3.871685 6.015574
v 1.007824 -3.395934 7.230945
v 1.057563 -3.228179 7.221052
v 1.178507 -3.104864 7.196994
v 1.343039 -3.054152 7.164267
v 1.343039 -3.871685 7.164267
v 1.178507 -3.820972 7.196994
v 1.057562 -3.697658 7.221051
v 1.007824 -3.529902 7.230945
v -1.343039 -3.054152 7.164266
v -1.178508 -3.104865 7.196992
v -1.057564 -3.228179 7.221050
v -1.007824 -3.395934 7.230945
v -1.007824 -3.529902 7.230945
v -1.057563 -3.697658 7.221050
v -1.178508 -3.820972 7.196993
v -1.343039 -3.871685 7.164266
v -4.400411 -3.395934 5.825689
v -4.358245 -3.228179 5.853864
v -4.255713 -3.104864 5.922374
v -4.116230 -3.054152 6.015574
v -4.116230 -3.871685 6.015574
v -4.255713 -3.820972 5.922374
v -4.358245 -3.697658 5.853864
v -4.400411 -3.529902 5.825689
v -6.015574 -3.054152 4.116230
v -5.922375 -3.104865 4.255713
v -5.853864 -3.228179 4.358244
v -5.825690 -3.395934 4.400411
v -5.825690 -3.529902 4.400411
v -5.853864 -3.697658 4.358244
v -5.922375 -3.820972 4.255713
v -6.015574 -3.871685 4.116230
v -7.230945 -3.395934 1.007824
v -7.221052 -3.228179 1.057562
v -7.196994 -3.104864 1.178507
v -7.164267 -3.054152 1.343039
v -7.164267 -3.871685 1.343039
v -7.196994 -3.820972 1.178507
v -7.221051 -3.697658 1.057562
v -7.230945 -3.529902 1.007824
v -7.164266 -3.054152 -1.343040
v -7.196992 -3.104865 -1.178508
v -7.221050 -3.228179 -1.057564
v -7.230945 -3.395934 -1.007825
v -7.230945 -3.529902 -1.007825
v -7.221050 -3.697658 -1.057564
v -7.196993 -3.820972 -1.178509
v -7.164266 -3.871685 -1.343040
v -5.825690 -3.395934 -4.400411
v -5.853864 -3.228179 -4.358245
v -5.922374 -3.104864 -4.255713
v -6.015574 -3.054152 -4.116230
v -6.015574 -3.871685 -4.116230
v -5.922374 -3.820972 -4.255713
v -5.853864 -3.697658 -4.358245
v -5.825690 -3.529902 -4.400411
v -4.116230 -3.054152 -6.015574
v -4.255713 -3.104865 -5.922375
v -4.358245 -3.228179 -5.853864
v -4.400412 -3.395934 -5.825690
v -4.400412 -3.529902 -5.825690
v -4.358245 -3.697658 -5.853864
v -4.255713 -3.820972 -5.922375
v -4.116230 -3.871685 -6.015574
v -0.674225 -2.080757 -6.845526
v -1.996766 -2.080757 -6.582456
v 0.674226 -2.080757 -6.845526
v 1.996767 -2.080757 -6.582456
v 3.242573 -2.080757 -6.066426
v 4.363768 -2.080757 -5.317267
v 5.317267 -2.080757 -4.363769
v 6.066426 -2.080757 -3.242572
v 6.582456 -2.080757 -1.996766
v 6.845526 -2.080757 -0.674225
v 6.845526 -2.080757 0.674225
v 6.582456 -2.080757 1.996766
v 6.066426 -2.080757 3.242573
v 5.317267 -2.080757 4.363768
v 4.363768 -2.080757 5.317267
v 3.242572 -2.080757 6.066426
v 1.996766 -2.080757 6.582456
v 0.674225 -2.080757 6.845526
v -0.674226 -2.080757 6.845526
v -1.996767 -2.080757 6.582456
v -3.242573 -2.080757 6.066426
v -4.363768 -2.080757 5.317267
v -5.317267 -2.080757 4.363768
v -6.066426 -2.080757 3.242572
v -6.582456 -2.080757 1.996766
v -6.845526 -2.080757 0.674225
v -6.845526 -2.080757 -0.674226
v -6.582456 -2.080757 -1.996767
v -6.066426 -2.080757 -3.242573
v -5.317267 -2.080757 -4.363768
v -4.363769 -2.080757 -5.317267
v -3.242572 -2.080757 -6.066426
v -0.454184 0.494389 -4.611416
v -1.345100 0.494389 -4.434202
v 0.454185 0.494389 -4.611416
v 1.345101 0.494389 -4.434202
v 2.184325 0.494389 -4.086583
v 2.939606 0.494389 -3.581921
v 3.581921 0.494389 -2.939607
v 4.086583 0.494389 -2.184325
v 4.434202 0.494389 -1.345100
v 4.611416 0.494389 -0.454185
v 4.611416 0.494389 0.454185
v 4.434202 0.494389 1.345101
v 4.086583 0.494389 2.184324
v 3.581921 0.494389 2.939606
v 2.939606 0.494389 3.581921
v 2.184324 0.494389 4.086583
v 1.345100 0.494389 4.434202
v 0.454185 0.494389 4.611416
v -0.454185 0.494389 4.611416
v -1.345101 0.494389 4.434202
v -2.184325 0.494389 4.086583
v -2.939606 0.494389 3.581921
v -3.581921 0.494389 2.939606
v -4.086583 0.494389 2.184325
v -4.434202 0.494389 1.345100
v -4.611416 0.494389 0.454184
v -4.611416 0.494389 -0.454186
v -4.434202 0.494389 -1.345100
v -4.086583 0.494389 -2.184325
v -3.581921 0.494389 -2.939606
v -2.939607 0.494389 -3.581921
v -2.184325 0.494389 -4.086583
v -0.564289 0.494389 -5.729324
v -1.671182 0.494389 -5.509150
v 0.564290 0.494389 -5.729325
v 1.671183 0.494389 -5.509150
v 2.713853 0.494389 -5.077261
v 3.652231 0.494389 -4.450257
v 4.450257 0.494389 -3.652232
v 5.077261 0.494389 -2.713853
v 5.509150 0.494389 -1.671182
v 5.729324 0.494389 -0.564289
v 5.729324 0.494389 0.564289
v 5.509150 0.494389 1.671183
v 5.077261 0.494389 2.713853
v 4.450257 0.494389 3.652231
v 3.652231 0.494389 4.450257
v 2.713853 0.494389 5.077261
v 1.671182 0.494389 5.509150
v 0.564289 0.494389 5.729324
v -0.564290 0.494389 5.729324
v -1.671183 0.494389 5.509150
v -2.713853 0.494389 5.077261
v -3.652231 0.494389 4.450257
v -4.450257 0.494389 3.652231
v -5.077261 0.494389 2.713853
v -5.509150 0.494389 1.671182
v -5.729324 0.494389 0.564289
v -5.729325 0.494389 -0.564290
v -5.509150 0.494389 -1.671183
v -5.077261 0.494389 -2.713853
v -4.450257 0.494389 -3.652231
v -3.652232 0.494389 -4.450257
v -2.713853 0.494389 -5.077261
v -0.521959 0.494389 -5.299541
v -1.545819 0.494389 -5.095883
v 0.521960 0.494389 -5.299542
v 1.545820 0.494389 -5.095883
v 2.510275 0.494389 -4.696393
v 3.378261 0.494389 -4.116423
v 4.116423 0.494389 -3.378262
v 4.696393 0.494389 -2.510274
v 5.095883 0.494389 -1.545819
v 5.299541 0.494389 -0.521959
v 5.299541 0.494389 0.521959
v 5.095883 0.494389 1.545820
v 4.696393 0.494389 2.510274
v 4.116423 0.494389 3.378260
v 3.378261 0.494389 4.116423
v 2.510274 0.494389 4.696393
v 1.545819 0.494389 5.095883
v 0.521959 0.494389 5.299541
v -0.521960 0.494389 5.299541
v -1.545820 0.494389 5.095883
v -2.510274 0.494389 4.696393
v -3.378261 0.494389 4.116423
v -4.116423 0.494389 3.378261
v -4.696393 0.494389 2.510274
v -5.095883 0.494389 1.545819
v -5.299541 0.494389 0.521959
v -5.299542 0.494389 -0.521960
v -5.095883 0.494389 -1.545820
v -4.696393 0.494389 -2.510275
v -4.116423 0.494389 -3.378261
v -3.378262 0.494389 -4.116423
v -2.510274 0.494389 -4.696393
v -0.485375 0.494389 -4.928097
v -1.437473 0.494389 -4.738713
v 0.485376 0.494389 -4.928097
v 1.437473 0.494389 -4.738713
v 2.334330 0.494389 -4.367222
v 3.141479 0.494389 -3.827903
v 3.827903 0.494389 -3.141479
v 4.367222 0.494389 -2.334329
v 4.738713 0.494389 -1.437473
v 4.928097 0.494389 -0.485375
v 4.928097 0.494389 0.485375
v 4.738713 0.494389 1.437473
v 4.367222 0.494389 2.334329
v 3.827903 0.494389 3.141478
v 3.141478 0.494389 3.827903
v 2.334329 0.494389 4.367222
v 1.437473 0.494389 4.738713
v 0.485375 0.494389 4.928097
v -0.485376 0.494389 4.928097
v -1.437473 0.494389 4.738713
v -2.334329 0.494389 4.367222
v -3.141479 0.494389 3.827903
v -3.827903 0.494389 3.141479
v -4.367222 0.494389 2.334329
v -4.738713 0.494389 1.437473
v -4.928097 0.494389 0.485375
v -4.928097 0.494389 -0.485376
v -4.738713 0.494389 -1.437473
v -4.367222 0.494389 -2.334330
v -3.827903 0.494389 -3.141479
v -3.141479 0.494389 -3.827903
v -2.334330 0.494389 -4.367222
v -0.454184 -0.003549 -4.611416
v -1.345100 -0.003549 -4.434202
v 0.454185 -0.003549 -4.611416
v 1.345101 -0.003549 -4.434202
v 2.184325 -0.003549 -4.086583
v 2.939606 -0.003549 -3.581921
v 3.581921 -0.003549 -2.939607
v 4.086583 -0.003549 -2.184325
v 4.434202 -0.003549 -1.345100
v 4.611416 -0.003549 -0.454185
v 4.611416 -0.003549 0.454185
v 4.434202 -0.003549 1.345101
v 4.086583 -0.003549 2.184324
v 3.581921 -0.003549 2.939606
v 2.939606 -0.003549 3.581921
v 2.184324 -0.003549 4.086583
v 1.345100 -0.003549 4.434202
v 0.454185 -0.003549 4.611416
v -0.454185 -0.003549 4.611416
v -1.345101 -0.003549 4.434202
v -2.184325 -0.003549 4.086583
v -2.939606 -0.003549 3.581921
v -3.581921 -0.003549 2.939606
v -4.086583 -0.003549 2.184325
v -4.434202 -0.003549 1.345100
v -4.611416 -0.003549 0.454184
v -4.611416 -0.003549 -0.454186
v -4.434202 -0.003549 -1.345100
v -4.086583 -0.003549 -2.184325
v -3.581921 -0.003549 -2.939606
v -2.939607 -0.003549 -3.581921
v -2.184325 -0.003549 -4.086583
v -0.521959 0.354322 -5.299541
v -1.545819 0.354322 -5.095883
v 0.521960 0.354322 -5.299542
v 1.545820 0.354322 -5.095883
v 2.510275 0.354322 -4.696393
v 3.378261 0.354322 -4.116423
v 4.116423 0.354322 -3.378262
v 4.696393 0.354322 -2.510274
v 5.095883 0.354322 -1.545819
v 5.299541 0.354322 -0.521959
v 5.299541 0.354322 0.521959
v 5.095883 0.354322 1.545820
v 4.696393 0.354322 2.510274
v 4.116423 0.354322 3.378260
v 3.378261 0.354322 4.116423
v 2.510274 0.354322 4.696393
v 1.545819 0.354322 5.095883
v 0.521959 0.354322 5.299541
v -0.521960 0.354322 5.299541
v -1.545820 0.354322 5.095883
v -2.510274 0.354322 4.696393
v -3.378261 0.354322 4.116423
v -4.116423 0.354322 3.378261
v -4.696393 0.354322 2.510274
v -5.095883 0.354322 1.545819
v -5.299541 0.354322 0.521959
v -5.299542 0.354322 -0.521960
v -5.095883 0.354322 -1.545820
v -4.696393 0.354322 -2.510275
v -4.116423 0.354322 -3.378261
v -3.378262 0.354322 -4.116423
v -2.510274 0.354322 -4.696393
v -0.485375 0.354322 -4.928097
v -1.437473 0.354322 -4.738713
v 0.485376 0.354322 -4.928097
v 1.437473 0.354322 -4.738713
v 2.334330 0.354322 -4.367222
v 3.141479 0.354322 -3.827903
v 3.827903 0.354322 -3.141479
v 4.367222 0.354322 -2.334329
v 4.738713 0.354322 -1.437473
v 4.928097 0.354322 -0.485375
v 4.928097 0.354322 0.485375
v 4.738713 0.354322 1.437473
v 4.367222 0.354322 2.334329
v 3.827903 0.354322 3.141478
v 3.141478 0.354322 3.827903
v 2.334329 0.354322 4.367222
v 1.437473 0.354322 4.738713
v 0.485375 0.354322 4.928097
v -0.485376 0.354322 4.928097
v -1.437473 0.354322 4.738713
v -2.334329 0.354322 4.367222
v -3.141479 0.354322 3.827903
v -3.827903 0.354322 3.141479
v -4.367222 0.354322 2.334329
v -4.738713 0.354322 1.437473
v -4.928097 0.354322 0.485375
v -4.928097 0.354322 -0.485376
v -4.738713 0.354322 -1.437473
v -4.367222 0.354322 -2.334330
v -3.827903 0.354322 -3.141479
v -3.141479 0.354322 -3.827903
v -2.334330 0.354322 -4.367222
vt 0.250000 0.441698
vt 0.287398 0.438015
vt 0.294685 0.474644
vt 0.250000 0.479045
vt 0.323360 0.427106
vt 0.337652 0.461610
vt 0.356502 0.409391
vt 0.377251 0.440444
vt 0.385551 0.385551
vt 0.411959 0.411959
vt 0.409391 0.356502
vt 0.440444 0.377251
vt 0.427106 0.323360
vt 0.461610 0.337652
vt 0.438015 0.287398
vt 0.474644 0.294685
vt 0.441698 0.250000
vt 0.479045 0.250000
vt 0.438015 0.212602
vt 0.474644 0.205316
vt 0.427106 0.176640
vt 0.461610 0.162348
vt 0.409391 0.143498
vt 0.440444 0.122749
vt 0.385551 0.114449
vt 0.411959 0.088041
vt 0.356502 0.090609
vt 0.377251 0.059556
vt 0.323360 0.072894
vt 0.337652 0.038390
vt 0.287398 0.061985
vt 0.294685 0.025356
vt 0.250000 0.058302
vt 0.250000 0.020955
vt 0.212602 0.061985
vt 0.205316 0.025356
vt 0.176640 0.072894
vt 0.162348 0.038390
vt 0.143498 0.090609
vt 0.122749 0.059556
vt 0.114449 0.114449
vt 0.088041 0.088041
vt 0.090609 0.143498
vt 0.059556 0.122749
vt 0.072894 0.176640
vt 0.038390 0.162348
vt 0.061985 0.212602
vt 0.025356 0.205316
vt 0.058302 0.250000
vt 0.020955 0.250000
vt 0.061985 0.287399
vt 0.025356 0.294685
vt 0.072894 0.323360
vt 0.038390 0.337652
vt 0.090609 0.356502
vt 0.059556 0.377251
vt 0.114449 0.385551
vt 0.088041 0.411960
vt 0.143498 0.409391
vt 0.122749 0.440444
vt 0.176640 0.427106
vt 0.162348 0.461610
vt 0.212602 0.438015
vt 0.205316 0.474644
vt 0.280101 0.401329
vt 0.250000 0.404294
vt 0.219899 0.401329
vt 0.190954 0.392549
vt 0.164279 0.378291
vt 0.140898 0.359102
vt 0.121709 0.335721
vt 0.107451 0.309046
vt 0.098671 0.280101
vt 0.095706 0.250000
vt 0.098671 0.219899
vt 0.107451 0.190954
vt 0.121709 0.164279
vt 0.140898 0.140898
vt 0.164279 0.121709
vt 0.190954 0.107451
vt 0.219899 0.098671
vt 0.250000 0.095706
vt 0.280101 0.098671
vt 0.309046 0.107451
vt 0.335721 0.121709
vt 0.359102 0.140898
vt 0.378291 0.164279
vt 0.392549 0.190954
vt 0.401329 0.219899
vt 0.404294 0.250000
vt 0.401329 0.280101
vt 0.392549 0.309046
vt 0.378291 0.335721
vt 0.359102 0.359102
vt 0.335721 0.378291
vt 0.309046 0.392549
vt 0.937500 0.931546
vt 0.906250 0.931546
vt 0.906250 0.931546
vt 0.937500 0.931546
vt 0.531250 0.931546
vt 0.500000 0.931546
vt 0.500000 0.931546
vt 0.531250 0.931546
vt 0.125000 0.931546
vt 0.093750 0.931546
vt 0.093750 0.931546
vt 0.125000 0.931546
vt 0.906250 0.568454
vt 0.937500 0.568454
vt 0.937500 0.568454
vt 0.906250 0.568454
vt 0.500000 0.568454
vt 0.531250 0.568454
vt 0.531250 0.568454
vt 0.500000 0.568454
vt 0.093750 0.568454
vt 0.125000 0.568454
vt 0.125000 0.568454
vt 0.093750 0.568454
vt 0.968750 0.931546
vt 0.968750 0.931546
vt 0.562500 0.931546
vt 0.562500 0.931546
vt 0.156250 0.931546
vt 0.156250 0.931546
vt 0.968750 0.568454
vt 0.968750 0.568454
vt 0.562500 0.568454
vt 0.562500 0.568454
vt 0.156250 0.568454
vt 0.156250 0.568454
vt 1.000000 0.931546
vt 1.000000 0.931546
vt 0.593750 0.931546
vt 0.593750 0.931546
vt 0.187500 0.931546
vt 0.187500 0.931546
vt 1.000000 0.568454
vt 1.000000 0.568454
vt 0.593750 0.568454
vt 0.593750 0.568454
vt 0.187500 0.568454
vt 0.187500 0.568454
vt 0.625000 0.931546
vt 0.625000 0.931546
vt 0.218750 0.931546
vt 0.218750 0.931546
vt 0.625000 0.568454
vt 0.625000 0.568454
vt 0.218750 0.568454
vt 0.218750 0.568454
vt 0.656250 0.931546
vt 0.656250 0.931546
vt 0.250000 0.931546
vt 0.250000 0.931546
vt 0.656250 0.568454
vt 0.656250 0.568454
vt 0.250000 0.568454
vt 0.250000 0.568454
vt 0.687500 0.931546
vt 0.687500 0.931546
vt 0.281250 0.931546
vt 0.281250 0.931546
vt 0.687500 0.568454
vt 0.687500 0.568454
vt 0.281250 0.568454
vt 0.281250 0.568454
vt 0.781250 1.000000
vt 0.812500 1.000000
vt 0.812500 1.000000
vt 0.781250 1.000000
vt 0.718750 0.931546
vt 0.718750 0.931546
vt 0.312500 0.931546
vt 0.312500 0.931546
vt 0.312500 0.500000
vt 0.281250 0.500000
vt 0.281250 0.500000
vt 0.312500 0.500000
vt 0.968750 0.500000
vt 1.000000 0.500000
vt 1.000000 1.000000
vt 0.968750 1.000000
vt 0.937500 0.500000
vt 0.937500 1.000000
vt 0.906250 0.500000
vt 0.906250 1.000000
vt 0.875000 0.568454
vt 0.875000 0.500000
vt 0.875000 0.931546
vt 0.875000 1.000000
vt 0.843750 0.568454
vt 0.843750 0.500000
vt 0.843750 0.931546
vt 0.843750 1.000000
vt 0.812500 0.568454
vt 0.812500 0.500000
vt 0.812500 0.931546
vt 0.781250 0.568454
vt 0.781250 0.500000
vt 0.781250 0.931546
vt 0.750000 0.568454
vt 0.750000 0.500000
vt 0.750000 0.931546
vt 0.750000 1.000000
vt 0.718750 0.568454
vt 0.718750 0.500000
vt 0.718750 1.000000
vt 0.687500 0.500000
vt 0.687500 1.000000
vt 0.656250 0.500000
vt 0.656250 1.000000
vt 0.625000 0.500000
vt 0.625000 1.000000
vt 0.593750 0.500000
vt 0.593750 1.000000
vt 0.562500 0.500000
vt 0.562500 1.000000
vt 0.531250 0.500000
vt 0.531250 1.000000
vt 0.500000 0.500000
vt 0.500000 1.000000
vt 0.468750 0.568454
vt 0.468750 0.500000
vt 0.468750 0.931546
vt 0.468750 1.000000
vt 0.437500 0.568454
vt 0.437500 0.500000
vt 0.437500 0.931546
vt 0.437500 1.000000
vt 0.406250 0.568454
vt 0.406250 0.500000
vt 0.406250 0.931546
vt 0.406250 1.000000
vt 0.375000 0.568454
vt 0.375000 0.500000
vt 0.375000 0.931546
vt 0.375000 1.000000
vt 0.343750 0.568454
vt 0.343750 0.500000
vt 0.343750 0.931546
vt 0.343750 1.000000
vt 0.312500 0.568454
vt 0.312500 1.000000
vt 0.281250 1.000000
vt 0.250000 0.500000
vt 0.250000 1.000000
vt 0.218750 0.500000
vt 0.218750 1.000000
vt 0.187500 0.500000
vt 0.187500 1.000000
vt 0.156250 0.500000
vt 0.156250 1.000000
vt 0.125000 0.500000
vt 0.125000 1.000000
vt 0.093750 0.500000
vt 0.093750 1.000000
vt 0.062500 0.568454
vt 0.062500 0.500000
vt 0.062500 0.931546
vt 0.062500 1.000000
vt 0.031250 0.568454
vt 0.031250 0.500000
vt 0.031250 0.931546
vt 0.031250 1.000000
vt 0.000000 0.568454
vt 0.000000 0.500000
vt 0.000000 0.931546
vt 0.000000 1.000000
vt 0.062500 0.568454
vt 0.468750 0.568454
vt 0.875000 0.568454
vt 0.062500 0.931546
vt 0.468750 0.931546
vt 0.875000 0.931546
vt 0.031250 0.568454
vt 0.437500 0.568454
vt 0.843750 0.568454
vt 0.031250 0.931546
vt 0.437500 0.931546
vt 0.843750 0.931546
vt 0.000000 0.568454
vt 0.406250 0.568454
vt 0.812500 0.568454
vt 0.000000 0.931546
vt 0.406250 0.931546
vt 0.812500 0.931546
vt 0.375000 0.568454
vt 0.781250 0.568454
vt 0.375000 0.931546
vt 0.781250 0.931546
vt 0.343750 0.568454
vt 0.750000 0.568454
vt 0.343750 0.931546
vt 0.750000 0.931546
vt 0.312500 0.568454
vt 0.718750 0.568454
vt 0.750000 0.490000
vt 0.796822 0.485388
vt 0.841844 0.471731
vt 0.883337 0.449553
vt 0.919706 0.419706
vt 0.949553 0.383337
vt 0.971731 0.341844
vt 0.985388 0.296822
vt 0.990000 0.250000
vt 0.985388 0.203178
vt 0.971731 0.158156
vt 0.949553 0.116663
vt 0.919706 0.080294
vt 0.883337 0.050447
vt 0.841844 0.028269
vt 0.796822 0.014612
vt 0.750000 0.010000
vt 0.703178 0.014612
vt 0.658156 0.028269
vt 0.616663 0.050447
vt 0.580294 0.080294
vt 0.550447 0.116663
vt 0.528269 0.158156
vt 0.514612 0.203178
vt 0.510000 0.250000
vt 0.514612 0.296822
vt 0.528269 0.341844
vt 0.550447 0.383337
vt 0.580294 0.419706
vt 0.616663 0.449553
vt 0.658156 0.471731
vt 0.703178 0.485388
vt 0.968750 0.500000
vt 1.000000 0.500000
vt 0.000000 0.500000
vt 0.031250 0.500000
vt 0.687500 0.500000
vt 0.718750 0.500000
vt 0.406250 0.500000
vt 0.437500 0.500000
vt 0.125000 0.500000
vt 0.156250 0.500000
vt 0.812500 0.500000
vt 0.843750 0.500000
vt 0.531250 0.500000
vt 0.562500 0.500000
vt 0.250000 0.500000
vt 0.937500 0.500000
vt 0.656250 0.500000
vt 0.375000 0.500000
vt 0.093750 0.500000
vt 0.781250 0.500000
vt 0.500000 0.500000
vt 0.218750 0.500000
vt 0.906250 0.500000
vt 0.625000 0.500000
vt 0.343750 0.500000
vt 0.062500 0.500000
vt 0.750000 0.500000
vt 0.468750 0.500000
vt 0.187500 0.500000
vt 0.875000 0.500000
vt 0.593750 0.500000
vt 0.025356 0.205316
vt 0.038390 0.162348
vt 0.531250 1.000000
vt 0.500000 1.000000
vt 0.250000 1.000000
vt 0.218750 1.000000
vt 0.937500 1.000000
vt 0.906250 1.000000
vt 0.656250 1.000000
vt 0.625000 1.000000
vt 0.375000 1.000000
vt 0.343750 1.000000
vt 0.093750 1.000000
vt 0.062500 1.000000
vt 0.750000 1.000000
vt 0.468750 1.000000
vt 0.187500 1.000000
vt 0.875000 1.000000
vt 0.593750 1.000000
vt 0.312500 1.000000
vt 0.031250 1.000000
vt 0.718750 1.000000
vt 0.437500 1.000000
vt 0.156250 1.000000
vt 0.843750 1.000000
vt 0.562500 1.000000
vt 0.281250 1.000000
vt 1.000000 1.000000
vt 0.968750 1.000000
vt 0.000000 1.000000
vt 0.687500 1.000000
vt 0.406250 1.000000
vt 0.125000 1.000000
vt 0.250000 0.479045
vt 0.294685 0.474644
vt 0.296822 0.485388
vt 0.250000 0.490000
vt 0.337652 0.461610
vt 0.341844 0.471731
vt 0.377251 0.440444
vt 0.383337 0.449553
vt 0.411959 0.411959
vt 0.419706 0.419706
vt 0.440444 0.377251
vt 0.449553 0.383337
vt 0.461610 0.337652
vt 0.471731 0.341844
vt 0.474644 0.294685
vt 0.485388 0.296822
vt 0.479045 0.250000
vt 0.490000 0.250000
vt 0.474644 0.205316
vt 0.485388 0.203178
vt 0.461610 0.162348
vt 0.471731 0.158156
vt 0.440444 0.122749
vt 0.449553 0.116663
vt 0.411959 0.088041
vt 0.419706 0.080294
vt 0.377251 0.059556
vt 0.383337 0.050447
vt 0.337652 0.038390
vt 0.341844 0.028269
vt 0.294685 0.025356
vt 0.296822 0.014612
vt 0.250000 0.020955
vt 0.250000 0.010000
vt 0.205316 0.025356
vt 0.203178 0.014612
vt 0.162348 0.038390
vt 0.158156 0.028269
vt 0.122749 0.059556
vt 0.116663 0.050447
vt 0.088041 0.088041
vt 0.080294 0.080294
vt 0.059556 0.122749
vt 0.050447 0.116663
vt 0.028269 0.158156
vt 0.014612 0.203178
vt 0.020955 0.250000
vt 0.010000 0.250000
vt 0.025356 0.294685
vt 0.014612 0.296822
vt 0.038390 0.337652
vt 0.028269 0.341844
vt 0.059556 0.377251
vt 0.050447 0.383337
vt 0.088041 0.411960
vt 0.080294 0.419706
vt 0.122749 0.440444
vt 0.116663 0.449553
vt 0.162348 0.461610
vt 0.158156 0.471731
vt 0.205316 0.474644
vt 0.203178 0.485388
vt 0.212602 0.061985
vt 0.176640 0.072894
vt 0.095706 0.250000
vt 0.098671 0.219899
vt 0.212602 0.438015
vt 0.250000 0.441698
vt 0.143498 0.090609
vt 0.114449 0.114449
vt 0.427106 0.323360
vt 0.438015 0.287398
vt 0.090609 0.143498
vt 0.441698 0.250000
vt 0.072894 0.176640
vt 0.438015 0.212602
vt 0.061985 0.212602
vt 0.427106 0.176640
vt 0.058302 0.250000
vt 0.409391 0.143498
vt 0.061985 0.287399
vt 0.385551 0.114449
vt 0.287398 0.438015
vt 0.072894 0.323360
vt 0.356502 0.090609
vt 0.323360 0.427106
vt 0.090609 0.356502
vt 0.323360 0.072894
vt 0.356502 0.409391
vt 0.114449 0.385551
vt 0.287398 0.061985
vt 0.143498 0.409391
vt 0.385551 0.385551
vt 0.250000 0.058302
vt 0.176640 0.427106
vt 0.409391 0.356502
vt 0.250000 0.427318
vt 0.284593 0.423911
vt 0.317857 0.413820
vt 0.348513 0.397435
vt 0.375383 0.375383
vt 0.397434 0.348513
vt 0.413820 0.317857
vt 0.423911 0.284593
vt 0.427318 0.250000
vt 0.423911 0.215407
vt 0.413820 0.182143
vt 0.397434 0.151487
vt 0.375383 0.124617
vt 0.348513 0.102566
vt 0.317857 0.086180
vt 0.284593 0.076089
vt 0.250000 0.072682
vt 0.215407 0.076089
vt 0.182143 0.086180
vt 0.151487 0.102566
vt 0.124617 0.124617
vt 0.102566 0.151487
vt 0.086180 0.182143
vt 0.076089 0.215407
vt 0.072682 0.250000
vt 0.076089 0.284593
vt 0.086180 0.317857
vt 0.102566 0.348513
vt 0.124617 0.375383
vt 0.151487 0.397435
vt 0.182143 0.413820
vt 0.215407 0.423911
vt 0.250000 0.085110
vt 0.217832 0.088279
vt 0.217832 0.088279
vt 0.250000 0.085110
vt 0.284593 0.423911
vt 0.317857 0.413820
vt 0.102566 0.348513
vt 0.124617 0.375383
vt 0.282168 0.088279
vt 0.282168 0.088279
vt 0.250000 0.427318
vt 0.086180 0.317857
vt 0.313101 0.097662
vt 0.313101 0.097662
vt 0.076089 0.284593
vt 0.341608 0.112899
vt 0.341608 0.112899
vt 0.072682 0.250000
vt 0.366595 0.133405
vt 0.366595 0.133405
vt 0.076089 0.215407
vt 0.387101 0.158392
vt 0.387101 0.158392
vt 0.086180 0.182143
vt 0.402338 0.186899
vt 0.402338 0.186899
vt 0.102566 0.151487
vt 0.411721 0.217832
vt 0.411721 0.217832
vt 0.124617 0.124617
vt 0.414890 0.250000
vt 0.414890 0.250000
vt 0.151487 0.102566
vt 0.411721 0.282168
vt 0.411721 0.282168
vt 0.182143 0.086180
vt 0.402338 0.313101
vt 0.402338 0.313101
vt 0.215407 0.076089
vt 0.387101 0.341608
vt 0.387101 0.341608
vt 0.217832 0.411721
vt 0.250000 0.414890
vt 0.250000 0.414890
vt 0.217832 0.411721
vt 0.250000 0.072682
vt 0.366595 0.366595
vt 0.366595 0.366595
vt 0.186899 0.402338
vt 0.186899 0.402338
vt 0.284593 0.076089
vt 0.341608 0.387101
vt 0.341608 0.387101
vt 0.158392 0.387101
vt 0.158392 0.387101
vt 0.250000 0.404294
vt 0.280101 0.401329
vt 0.282168 0.411721
vt 0.309046 0.392549
vt 0.313101 0.402338
vt 0.335721 0.378291
vt 0.359102 0.359102
vt 0.378291 0.335721
vt 0.392549 0.309046
vt 0.401329 0.280101
vt 0.404294 0.250000
vt 0.401329 0.219899
vt 0.392549 0.190954
vt 0.378291 0.164279
vt 0.359102 0.140898
vt 0.335721 0.121709
vt 0.309046 0.107451
vt 0.280101 0.098671
vt 0.250000 0.095706
vt 0.219899 0.098671
vt 0.190954 0.107451
vt 0.186899 0.097662
vt 0.164279 0.121709
vt 0.158392 0.112899
vt 0.140898 0.140898
vt 0.133405 0.133405
vt 0.121709 0.164279
vt 0.112899 0.158392
vt 0.107451 0.190954
vt 0.097662 0.186899
vt 0.088279 0.217832
vt 0.085110 0.250000
vt 0.098671 0.280101
vt 0.088279 0.282168
vt 0.107451 0.309046
vt 0.097662 0.313101
vt 0.121709 0.335721
vt 0.112899 0.341608
vt 0.140898 0.359102
vt 0.133405 0.366595
vt 0.164279 0.378291
vt 0.190954 0.392549
vt 0.219899 0.401329
vt 0.151487 0.397435
vt 0.348513 0.397435
vt 0.186899 0.097662
vt 0.182143 0.413820
vt 0.375383 0.375383
vt 0.158392 0.112899
vt 0.215407 0.423911
vt 0.397434 0.348513
vt 0.133405 0.133405
vt 0.413820 0.317857
vt 0.112899 0.158392
vt 0.423911 0.284593
vt 0.097662 0.186899
vt 0.427318 0.250000
vt 0.088279 0.217832
vt 0.423911 0.215407
vt 0.085110 0.250000
vt 0.413820 0.182143
vt 0.088279 0.282168
vt 0.397434 0.151487
vt 0.097662 0.313101
vt 0.375383 0.124617
vt 0.112899 0.341608
vt 0.282168 0.411721
vt 0.348513 0.102566
vt 0.133405 0.366595
vt 0.313101 0.402338
vt 0.317857 0.086180
vt 0.972801 0.902241
vt 0.975185 0.892628
vt 0.978782 0.885476
vt 0.982687 0.882582
vt 1.000000 0.882583
vt 0.906250 0.882583
vt 0.923562 0.882583
vt 0.927468 0.885476
vt 0.931065 0.892628
vt 0.933449 0.902241
vt 0.476582 0.826137
vt 0.475519 0.771726
vt 0.475519 0.771726
vt 0.476582 0.826137
vt 0.847801 0.902241
vt 0.850185 0.892628
vt 0.853782 0.885476
vt 0.857688 0.882583
vt 0.875000 0.882583
vt 0.781250 0.882583
vt 0.798562 0.882583
vt 0.802468 0.885476
vt 0.806065 0.892628
vt 0.808449 0.902241
vt 0.725519 0.771726
vt 0.725519 0.728274
vt 0.725519 0.728274
vt 0.725519 0.771726
vt 0.722801 0.902241
vt 0.725185 0.892628
vt 0.728782 0.885476
vt 0.732688 0.882582
vt 0.750000 0.882583
vt 0.656250 0.882583
vt 0.673562 0.882583
vt 0.677468 0.885476
vt 0.681065 0.892628
vt 0.683449 0.902241
vt 0.350519 0.728274
vt 0.351582 0.673863
vt 0.351582 0.673863
vt 0.350519 0.728274
vt 0.597801 0.902241
vt 0.600185 0.892628
vt 0.603782 0.885476
vt 0.607688 0.882583
vt 0.625000 0.882583
vt 0.531250 0.882583
vt 0.548562 0.882583
vt 0.552468 0.885476
vt 0.556065 0.892628
vt 0.558449 0.902241
vt 0.975519 0.728274
vt 0.976582 0.673863
vt 0.976582 0.673863
vt 0.975519 0.728274
vt 0.472801 0.902241
vt 0.475185 0.892628
vt 0.478782 0.885476
vt 0.482688 0.882582
vt 0.500000 0.882583
vt 0.406250 0.882583
vt 0.423562 0.882583
vt 0.427468 0.885476
vt 0.431065 0.892628
vt 0.433449 0.902241
vt 0.173562 0.617418
vt 0.177081 0.633866
vt 0.177081 0.633866
vt 0.173562 0.617418
vt 0.347801 0.902241
vt 0.350185 0.892628
vt 0.353782 0.885476
vt 0.357688 0.882583
vt 0.375000 0.882583
vt 0.281250 0.882583
vt 0.298562 0.882583
vt 0.302468 0.885476
vt 0.306065 0.892628
vt 0.308449 0.902241
vt 0.798563 0.617418
vt 0.802081 0.633866
vt 0.802081 0.633866
vt 0.798563 0.617418
vt 0.222801 0.902241
vt 0.225185 0.892628
vt 0.228782 0.885476
vt 0.232688 0.882582
vt 0.250000 0.882583
vt 0.156250 0.882583
vt 0.173562 0.882583
vt 0.177468 0.885476
vt 0.181065 0.892628
vt 0.183449 0.902241
vt 0.100519 0.771726
vt 0.100519 0.728274
vt 0.100519 0.728274
vt 0.100519 0.771726
vt 0.097801 0.902241
vt 0.100185 0.892628
vt 0.103782 0.885476
vt 0.107688 0.882583
vt 0.125000 0.882583
vt 0.031250 0.882583
vt 0.048562 0.882583
vt 0.052468 0.885476
vt 0.056065 0.892628
vt 0.058449 0.902241
vt 0.781250 0.882583
vt 0.798562 0.882583
vt 0.430731 0.771726
vt 0.429668 0.826137
vt 0.429668 0.826137
vt 0.430731 0.771726
vt 0.781250 0.617418
vt 0.781250 0.617418
vt 0.354169 0.633866
vt 0.354169 0.633866
vt 0.156250 0.882583
vt 0.173562 0.882583
vt 0.979169 0.633866
vt 0.979169 0.633866
vt 0.229169 0.866134
vt 0.229169 0.866134
vt 0.232688 0.882582
vt 0.854169 0.866134
vt 0.854169 0.866134
vt 0.857688 0.882583
vt 0.179668 0.673863
vt 0.179668 0.673863
vt 0.804668 0.673863
vt 0.804668 0.673863
vt 0.156250 0.617418
vt 0.156250 0.617418
vt 0.805731 0.728274
vt 0.805731 0.771726
vt 0.805731 0.771726
vt 0.805731 0.728274
vt 0.357688 0.617418
vt 0.357688 0.617418
vt 0.982688 0.617418
vt 0.982688 0.617418
vt 0.427081 0.866134
vt 0.427081 0.866134
vt 0.180731 0.728274
vt 0.180731 0.771726
vt 0.180731 0.771726
vt 0.180731 0.728274
vt 0.226582 0.826137
vt 0.226582 0.826137
vt 0.932123 0.884605
vt 0.931129 0.837977
vt 0.930731 0.771726
vt 0.930731 0.728274
vt 0.931129 0.662024
vt 0.932123 0.615395
vt 0.933449 0.597759
vt 1.000000 0.617418
vt 0.978782 0.614524
vt 0.975185 0.607372
vt 0.972801 0.597759
vt 0.847801 0.597759
vt 0.849127 0.615395
vt 0.850121 0.662023
vt 0.850519 0.728274
vt 0.850519 0.771726
vt 0.850121 0.837977
vt 0.849127 0.884605
vt 0.931065 0.607372
vt 0.927468 0.614524
vt 0.923562 0.617418
vt 0.906250 0.617418
vt 0.875000 0.617418
vt 0.807123 0.884605
vt 0.806129 0.837977
vt 0.806129 0.662024
vt 0.807123 0.615395
vt 0.808449 0.597759
vt 0.857688 0.617418
vt 0.853782 0.614524
vt 0.850185 0.607372
vt 0.722801 0.597759
vt 0.724127 0.615395
vt 0.725121 0.662024
vt 0.725121 0.837977
vt 0.724127 0.884605
vt 0.806065 0.607372
vt 0.802468 0.614524
vt 0.750000 0.617418
vt 0.682123 0.884605
vt 0.681129 0.837977
vt 0.680731 0.771726
vt 0.680731 0.728274
vt 0.681129 0.662024
vt 0.682123 0.615395
vt 0.683449 0.597759
vt 0.732688 0.617418
vt 0.728782 0.614524
vt 0.725185 0.607372
vt 0.597801 0.597759
vt 0.599127 0.615395
vt 0.600121 0.662023
vt 0.600519 0.728274
vt 0.600519 0.771726
vt 0.600121 0.837977
vt 0.599127 0.884605
vt 0.681065 0.607372
vt 0.677468 0.614524
vt 0.673562 0.617418
vt 0.656250 0.617418
vt 0.625000 0.617418
vt 0.557123 0.884605
vt 0.556129 0.837977
vt 0.555731 0.771726
vt 0.555731 0.728274
vt 0.556129 0.662024
vt 0.557123 0.615395
vt 0.558449 0.597759
vt 0.607688 0.617418
vt 0.603782 0.614524
vt 0.600185 0.607372
vt 0.472801 0.597759
vt 0.474127 0.615395
vt 0.475121 0.662024
vt 0.475519 0.728274
vt 0.475121 0.837977
vt 0.474127 0.884605
vt 0.556065 0.607372
vt 0.552468 0.614524
vt 0.548562 0.617418
vt 0.531250 0.617418
vt 0.500000 0.617418
vt 0.432123 0.884605
vt 0.431129 0.837977
vt 0.430731 0.728274
vt 0.431129 0.662024
vt 0.432123 0.615395
vt 0.433449 0.597759
vt 0.482688 0.617418
vt 0.478782 0.614524
vt 0.475185 0.607372
vt 0.347801 0.597759
vt 0.349127 0.615395
vt 0.350121 0.662023
vt 0.350519 0.771726
vt 0.350121 0.837977
vt 0.349127 0.884605
vt 0.431065 0.607372
vt 0.427468 0.614524
vt 0.423562 0.617418
vt 0.406250 0.617418
vt 0.375000 0.617418
vt 0.307123 0.884605
vt 0.306129 0.837977
vt 0.305731 0.771726
vt 0.305731 0.728274
vt 0.306129 0.662024
vt 0.307123 0.615395
vt 0.308449 0.597759
vt 0.353782 0.614524
vt 0.350185 0.607372
vt 0.222801 0.597759
vt 0.224127 0.615395
vt 0.225121 0.662024
vt 0.225519 0.728274
vt 0.225519 0.771726
vt 0.225121 0.837977
vt 0.224127 0.884605
vt 0.306065 0.607372
vt 0.302468 0.614524
vt 0.298562 0.617418
vt 0.281250 0.617418
vt 0.250000 0.617418
vt 0.182123 0.884605
vt 0.181129 0.837977
vt 0.181129 0.662024
vt 0.182123 0.615395
vt 0.183449 0.597759
vt 0.232688 0.617418
vt 0.228782 0.614524
vt 0.225185 0.607372
vt 0.097801 0.597759
vt 0.099127 0.615395
vt 0.100121 0.662023
vt 0.100121 0.837977
vt 0.099127 0.884605
vt 0.181065 0.607372
vt 0.177468 0.614524
vt 0.125000 0.617418
vt 0.057123 0.884605
vt 0.056129 0.837977
vt 0.055731 0.771726
vt 0.055731 0.728274
vt 0.056129 0.662024
vt 0.057123 0.615395
vt 0.058449 0.597759
vt 0.107688 0.617418
vt 0.103782 0.614524
vt 0.100185 0.607372
vt 0.056065 0.607372
vt 0.052468 0.614524
vt 0.048562 0.617418
vt 0.031250 0.617418
vt 0.000000 0.617418
vt 0.000000 0.882582
vt 0.975519 0.771726
vt 0.976582 0.826137
vt 0.975519 0.863026
vt 0.975121 0.837977
vt 0.979169 0.866134
vt 0.977234 0.882582
vt 0.975158 0.885192
vt 0.974127 0.884605
vt 0.976045 0.867086
vt 0.977234 0.881535
vt 0.975583 0.885708
vt 0.975158 0.614808
vt 0.974127 0.615395
vt 0.977234 0.617418
vt 0.975519 0.636974
vt 0.975121 0.662024
vt 0.975583 0.608984
vt 0.977234 0.617618
vt 0.976045 0.636974
vt 0.931092 0.885192
vt 0.929016 0.882583
vt 0.927081 0.866134
vt 0.929668 0.826137
vt 0.930731 0.863026
vt 0.930667 0.891016
vt 0.929016 0.882382
vt 0.930205 0.863026
vt 0.929667 0.673863
vt 0.930731 0.636974
vt 0.927081 0.633866
vt 0.929016 0.617418
vt 0.931092 0.614808
vt 0.930205 0.632914
vt 0.929016 0.618465
vt 0.930667 0.614292
vt 0.851582 0.826137
vt 0.850519 0.863026
vt 0.852234 0.882583
vt 0.850158 0.885192
vt 0.851045 0.867086
vt 0.852234 0.881535
vt 0.850583 0.885708
vt 0.850158 0.614808
vt 0.852234 0.617418
vt 0.854169 0.633866
vt 0.851582 0.673863
vt 0.850519 0.636974
vt 0.850583 0.608984
vt 0.852234 0.617618
vt 0.851045 0.636974
vt 0.806092 0.885192
vt 0.804016 0.882583
vt 0.802081 0.866134
vt 0.804668 0.826137
vt 0.805731 0.863026
vt 0.805667 0.891016
vt 0.804016 0.882382
vt 0.805205 0.863026
vt 0.805731 0.636974
vt 0.804016 0.617418
vt 0.806092 0.614808
vt 0.805205 0.632914
vt 0.804016 0.618465
vt 0.805667 0.614292
vt 0.726582 0.826137
vt 0.725519 0.863026
vt 0.729169 0.866134
vt 0.727234 0.882582
vt 0.725158 0.885192
vt 0.726045 0.867086
vt 0.727234 0.881535
vt 0.725583 0.885708
vt 0.725158 0.614808
vt 0.727234 0.617418
vt 0.729169 0.633866
vt 0.726583 0.673863
vt 0.725519 0.636974
vt 0.725583 0.608984
vt 0.727234 0.617618
vt 0.726045 0.636974
vt 0.681092 0.885192
vt 0.679016 0.882583
vt 0.677081 0.866134
vt 0.679668 0.826137
vt 0.680731 0.863026
vt 0.680667 0.891016
vt 0.679016 0.882382
vt 0.680205 0.863026
vt 0.679668 0.673863
vt 0.680731 0.636974
vt 0.677081 0.633866
vt 0.679016 0.617418
vt 0.681092 0.614808
vt 0.680205 0.632914
vt 0.679016 0.618465
vt 0.680667 0.614292
vt 0.601582 0.826137
vt 0.600519 0.863026
vt 0.604169 0.866134
vt 0.602234 0.882583
vt 0.600158 0.885192
vt 0.601045 0.867086
vt 0.602234 0.881535
vt 0.600583 0.885708
vt 0.600158 0.614808
vt 0.602234 0.617418
vt 0.604169 0.633866
vt 0.601582 0.673863
vt 0.600519 0.636974
vt 0.600583 0.608984
vt 0.602234 0.617618
vt 0.601045 0.636974
vt 0.556092 0.885192
vt 0.554016 0.882583
vt 0.552081 0.866134
vt 0.554668 0.826137
vt 0.555731 0.863026
vt 0.555667 0.891016
vt 0.554016 0.882382
vt 0.555205 0.863026
vt 0.554668 0.673863
vt 0.555731 0.636974
vt 0.552081 0.633866
vt 0.554016 0.617418
vt 0.556092 0.614808
vt 0.555205 0.632914
vt 0.554016 0.618465
vt 0.555667 0.614292
vt 0.475519 0.863026
vt 0.479169 0.866134
vt 0.477234 0.882582
vt 0.475158 0.885192
vt 0.476045 0.867086
vt 0.477234 0.881535
vt 0.475583 0.885708
vt 0.475158 0.614808
vt 0.477234 0.617418
vt 0.479169 0.633866
vt 0.476582 0.673863
vt 0.475519 0.636974
vt 0.475583 0.608984
vt 0.477234 0.617618
vt 0.476045 0.636974
vt 0.431092 0.885192
vt 0.429016 0.882583
vt 0.430731 0.863026
vt 0.430667 0.891016
vt 0.429016 0.882382
vt 0.430205 0.863026
vt 0.429668 0.673863
vt 0.430731 0.636974
vt 0.427081 0.633866
vt 0.429016 0.617418
vt 0.431092 0.614808
vt 0.430205 0.632914
vt 0.429016 0.618465
vt 0.430667 0.614292
vt 0.351582 0.826137
vt 0.350519 0.863026
vt 0.354169 0.866134
vt 0.352234 0.882583
vt 0.350158 0.885192
vt 0.351045 0.867086
vt 0.352234 0.881535
vt 0.350583 0.885708
vt 0.350158 0.614808
vt 0.352234 0.617418
vt 0.350519 0.636974
vt 0.350583 0.608984
vt 0.352234 0.617618
vt 0.351045 0.636974
vt 0.306092 0.885192
vt 0.304016 0.882583
vt 0.302081 0.866134
vt 0.304668 0.826137
vt 0.305731 0.863026
vt 0.305667 0.891016
vt 0.304016 0.882382
vt 0.305205 0.863026
vt 0.304668 0.673863
vt 0.305731 0.636974
vt 0.302081 0.633866
vt 0.304016 0.617418
vt 0.306092 0.614808
vt 0.305205 0.632914
vt 0.304016 0.618465
vt 0.305667 0.614292
vt 0.225519 0.863026
vt 0.227234 0.882582
vt 0.225158 0.885192
vt 0.226045 0.867086
vt 0.227234 0.881535
vt 0.225583 0.885708
vt 0.225158 0.614808
vt 0.227234 0.617418
vt 0.229169 0.633866
vt 0.226582 0.673863
vt 0.225519 0.636974
vt 0.225583 0.608984
vt 0.227234 0.617618
vt 0.226045 0.636974
vt 0.181092 0.885192
vt 0.179016 0.882583
vt 0.177081 0.866134
vt 0.179668 0.826137
vt 0.180731 0.863026
vt 0.180667 0.891016
vt 0.179016 0.882382
vt 0.180205 0.863026
vt 0.180731 0.636974
vt 0.179016 0.617418
vt 0.181092 0.614808
vt 0.180205 0.632914
vt 0.179016 0.618465
vt 0.180667 0.614292
vt 0.101582 0.826137
vt 0.100519 0.863026
vt 0.104169 0.866134
vt 0.102234 0.882583
vt 0.100158 0.885192
vt 0.101045 0.867086
vt 0.102234 0.881535
vt 0.100583 0.885708
vt 0.100158 0.614808
vt 0.102234 0.617418
vt 0.104169 0.633866
vt 0.101582 0.673863
vt 0.100519 0.636974
vt 0.100583 0.608984
vt 0.102234 0.617618
vt 0.101045 0.636974
vt 0.056092 0.885192
vt 0.054016 0.882583
vt 0.052081 0.866134
vt 0.054668 0.826137
vt 0.055731 0.863026
vt 0.055667 0.891016
vt 0.054016 0.882382
vt 0.055205 0.863026
vt 0.054668 0.673863
vt 0.055731 0.636974
vt 0.052081 0.633866
vt 0.054016 0.617418
vt 0.056092 0.614808
vt 0.055205 0.632914
vt 0.054016 0.618465
vt 0.055667 0.614292
vt 0.125000 0.617418
vt 0.107688 0.617418
vt 0.107688 0.882583
vt 0.125000 0.882583
vt 0.750000 0.617418
vt 0.732688 0.617418
vt 0.673562 0.882583
vt 0.677081 0.866134
vt 0.048562 0.882583
vt 0.052081 0.866134
vt 0.732688 0.882582
vt 0.750000 0.882583
vt 0.430731 0.728274
vt 0.429668 0.673863
vt 0.479169 0.866134
vt 0.055731 0.771726
vt 0.055731 0.728274
vt 0.679668 0.826137
vt 0.054668 0.826137
vt 0.607688 0.617418
vt 0.604169 0.633866
vt 0.680731 0.771726
vt 0.680731 0.728274
vt 0.048562 0.617418
vt 0.031250 0.617418
vt 0.427081 0.633866
vt 0.482688 0.882582
vt 0.031250 0.882583
vt 0.601582 0.673863
vt 0.673562 0.617418
vt 0.656250 0.617418
vt 0.656250 0.882583
vt 0.423562 0.617418
vt 0.600519 0.728274
vt 0.600519 0.771726
vt 0.726582 0.826137
vt 0.101582 0.826137
vt 0.625000 0.617418
vt 0.923562 0.882583
vt 0.927081 0.866134
vt 0.298562 0.882583
vt 0.302081 0.866134
vt 0.607688 0.882583
vt 0.625000 0.882583
vt 0.679668 0.673863
vt 0.054668 0.673863
vt 0.729169 0.866134
vt 0.104169 0.866134
vt 0.929668 0.826137
vt 0.304668 0.826137
vt 0.555731 0.771726
vt 0.555731 0.728274
vt 0.857688 0.617418
vt 0.854169 0.633866
vt 0.232688 0.617418
vt 0.229169 0.633866
vt 0.677081 0.633866
vt 0.052081 0.633866
vt 0.548562 0.617418
vt 0.531250 0.617418
vt 0.851582 0.673863
vt 0.226582 0.673863
vt 0.930731 0.771726
vt 0.305731 0.771726
vt 0.531250 0.882583
vt 0.548562 0.882583
vt 0.475519 0.728274
vt 0.850519 0.728274
vt 0.225519 0.728274
vt 0.975519 0.771726
vt 0.976582 0.826137
vt 0.350519 0.771726
vt 0.351582 0.826137
vt 0.500000 0.617418
vt 0.482688 0.617418
vt 0.552081 0.866134
vt 0.500000 0.882583
vt 0.906250 0.617418
vt 0.875000 0.617418
vt 0.930731 0.728274
vt 0.929667 0.673863
vt 0.305731 0.728274
vt 0.304668 0.673863
vt 0.979169 0.866134
vt 0.354169 0.866134
vt 0.875000 0.882583
vt 0.906250 0.882583
vt 0.554668 0.826137
vt 0.479169 0.633866
vt 0.927081 0.633866
vt 0.302081 0.633866
vt 0.982687 0.882582
vt 0.406250 0.617418
vt 0.357688 0.882583
vt 0.476582 0.673863
vt 0.406250 0.882583
vt 0.423562 0.882583
vt 0.923562 0.617418
vt 0.298562 0.617418
vt 0.375000 0.617418
vt 0.601582 0.826137
vt 0.375000 0.882583
vt 0.802081 0.866134
vt 0.281250 0.617418
vt 0.250000 0.617418
vt 0.177081 0.866134
vt 1.000000 0.617418
vt 0.554668 0.673863
vt 0.250000 0.882583
vt 0.281250 0.882583
vt 0.604169 0.866134
vt 1.000000 0.882583
vt 0.804668 0.826137
vt 0.179668 0.826137
vt 0.729169 0.633866
vt 0.104169 0.633866
vt 0.552081 0.633866
vt 0.000000 0.617418
vt 0.726583 0.673863
vt 0.101582 0.673863
vt 0.000000 0.882582
vt 0.225519 0.771726
vt 0.850519 0.771726
vt 0.851582 0.826137
vn 0.0000 1.0000 0.0000
vn 0.0000 -1.0000 0.0000
vn 0.5584 0.7741 -0.2984
vn 0.4894 0.7741 -0.4016
vn -0.6299 -0.5796 0.5170
vn -0.7187 -0.5796 0.3841
vn -0.2903 0.0000 -0.9569
vn -0.0980 0.0000 -0.9952
vn 0.0980 0.0000 -0.9952
vn 0.2903 0.0000 -0.9569
vn 0.4714 0.0000 -0.8819
vn 0.6344 0.0000 -0.7730
vn 0.7730 0.0000 -0.6344
vn 0.8819 0.0000 -0.4714
vn 0.9569 0.0000 -0.2903
vn 0.9952 0.0000 -0.0980
vn 0.9952 0.0000 0.0980
vn 0.9569 0.0000 0.2903
vn 0.8819 0.0000 0.4714
vn 0.7730 0.0000 0.6344
vn 0.6344 0.0000 0.7730
vn 0.4714 0.0000 0.8819
vn 0.2903 0.0000 0.9569
vn 0.0980 0.0000 0.9952
vn -0.0980 0.0000 0.9952
vn -0.2903 0.0000 0.9569
vn -0.4714 0.0000 0.8819
vn -0.6344 0.0000 0.7730
vn -0.7730 0.0000 0.6344
vn -0.8819 0.0000 0.4714
vn -0.9569 0.0000 0.2903
vn -0.9952 0.0000 0.0980
vn -0.9952 0.0000 -0.0980
vn -0.9569 0.0000 -0.2903
vn -0.8819 0.0000 -0.4714
vn -0.7730 0.0000 -0.6344
vn -0.6344 0.0000 -0.7730
vn -0.4714 0.0000 -0.8819
vn -0.2365 -0.5796 -0.7798
vn -0.0799 -0.5796 -0.8110
vn -0.3841 -0.5796 -0.7187
vn 0.8110 -0.5796 -0.0799
vn 0.8110 -0.5796 0.0799
vn -0.0799 -0.5796 0.8110
vn -0.2365 -0.5796 0.7798
vn -0.7798 -0.5796 -0.2365
vn -0.7187 -0.5796 -0.3841
vn 0.5170 -0.5796 -0.6299
vn 0.6299 -0.5796 -0.5170
vn 0.5170 -0.5796 0.6299
vn 0.3841 -0.5796 0.7187
vn -0.7798 -0.5796 0.2365
vn 0.0799 -0.5796 -0.8110
vn 0.7798 -0.5796 0.2365
vn -0.3841 -0.5796 0.7187
vn -0.6299 -0.5796 -0.5170
vn 0.7187 -0.5796 -0.3841
vn 0.2365 -0.5796 0.7798
vn -0.8110 -0.5796 0.0799
vn 0.2365 -0.5796 -0.7798
vn 0.7187 -0.5796 0.3841
vn -0.5170 -0.5796 0.6299
vn -0.5170 -0.5796 -0.6299
vn 0.7798 -0.5796 -0.2365
vn 0.0799 -0.5796 0.8110
vn -0.8110 -0.5796 -0.0799
vn 0.3841 -0.5796 -0.7187
vn 0.6299 -0.5796 0.5170
vn 0.1838 0.7741 0.6058
vn 0.2984 0.7741 0.5584
vn -0.6301 0.7741 0.0621
vn -0.6058 0.7741 0.1838
vn 0.1838 0.7741 -0.6058
vn 0.0621 0.7741 -0.6301
vn 0.5584 0.7741 0.2984
vn 0.6058 0.7741 0.1838
vn -0.4016 0.7741 0.4894
vn -0.2984 0.7741 0.5584
vn -0.4016 0.7741 -0.4894
vn -0.4894 0.7741 -0.4016
vn 0.6058 0.7741 -0.1838
vn 0.0621 0.7741 0.6301
vn -0.6301 0.7741 -0.0621
vn 0.2984 0.7741 -0.5584
vn 0.4894 0.7741 0.4016
vn -0.4894 0.7741 0.4016
vn -0.2984 0.7741 -0.5584
vn 0.6301 0.7741 -0.0621
vn -0.0621 0.7741 0.6301
vn -0.6058 0.7741 -0.1838
vn 0.4016 0.7741 -0.4894
vn 0.4016 0.7741 0.4894
vn -0.5584 0.7741 0.2984
vn -0.0621 0.7741 -0.6301
vn -0.1838 0.7741 -0.6058
vn 0.6301 0.7741 0.0621
vn -0.1838 0.7741 0.6058
vn -0.5584 0.7741 -0.2984
vn -0.1951 0.0000 -0.9808
vn 0.1951 -0.0000 -0.9808
vn 0.8415 -0.5137 -0.1674
vn 0.9702 -0.1463 -0.1930
vn 0.5556 0.0000 -0.8315
vn 0.8315 0.0000 -0.5556
vn -0.1930 -0.1463 -0.9702
vn -0.1930 0.1463 -0.9702
vn 0.9808 -0.0000 -0.1951
vn 0.9808 -0.0000 0.1951
vn 0.8225 0.1463 0.5496
vn 0.7134 0.5137 0.4767
vn 0.8315 0.0000 0.5556
vn 0.5556 0.0000 0.8315
vn -0.9702 0.1463 0.1930
vn -0.8415 0.5137 0.1674
vn 0.1951 0.0000 0.9808
vn -0.1951 -0.0000 0.9808
vn 0.0285 0.9892 -0.1434
vn 0.1002 0.8580 -0.5038
vn 0.0285 0.9892 -0.1435
vn -0.5556 0.0000 0.8315
vn -0.8315 0.0000 0.5556
vn 0.0813 0.9892 0.1216
vn 0.2854 0.8580 0.4271
vn 0.0813 0.9892 0.1217
vn -0.9808 -0.0000 0.1951
vn -0.9808 0.0000 -0.1951
vn -0.5496 -0.1463 0.8225
vn -0.5496 0.1463 0.8225
vn -0.8315 0.0000 -0.5556
vn -0.5556 0.0000 -0.8315
vn 0.0813 -0.9892 0.1216
vn 0.0813 -0.9892 0.1217
vn -0.9702 -0.1463 -0.1930
vn -0.8415 -0.5137 -0.1674
vn 0.4271 0.8580 0.2854
vn 0.0285 -0.9892 -0.1434
vn 0.0285 -0.9892 -0.1435
vn -0.5038 0.8580 0.1002
vn 0.0285 -0.9892 0.1434
vn 0.1002 -0.8580 0.5038
vn 0.0285 -0.9892 0.1435
vn -0.1216 -0.9892 -0.0813
vn -0.4271 -0.8580 -0.2854
vn -0.1217 -0.9892 -0.0813
vn 0.1674 0.5137 -0.8415
vn 0.4767 0.5137 0.7134
vn 0.5496 0.1463 0.8225
vn 0.5496 -0.1463 0.8225
vn 0.1216 0.9892 0.0813
vn 0.1217 0.9892 0.0813
vn -0.1434 0.9892 0.0285
vn -0.1435 0.9892 0.0285
vn -0.5038 -0.8580 -0.1002
vn 0.1930 0.1463 -0.9702
vn 0.1930 -0.1463 -0.9702
vn 0.1674 -0.5137 0.8415
vn -0.0813 0.9892 0.1216
vn -0.0813 0.9892 0.1217
vn -0.0813 -0.9892 0.1216
vn -0.0813 -0.9892 0.1217
vn -0.0285 0.9892 -0.1434
vn -0.0285 0.9892 -0.1435
vn -0.1002 -0.8580 0.5038
vn -0.0285 -0.9892 0.1434
vn -0.0285 -0.9892 0.1435
vn 0.4271 -0.8580 -0.2854
vn 0.1216 -0.9892 -0.0813
vn 0.1217 -0.9892 -0.0813
vn -0.0285 -0.9892 -0.1434
vn -0.0285 -0.9892 -0.1435
vn -0.8415 0.5137 -0.1674
vn -0.9702 0.1463 -0.1930
vn 0.5038 -0.8580 -0.1002
vn 0.8225 0.1463 -0.5496
vn 0.8225 -0.1463 -0.5496
vn -0.1674 -0.5137 0.8415
vn 0.7134 -0.5137 -0.4767
vn 0.2854 0.8580 -0.4271
vn 0.0813 0.9892 -0.1216
vn 0.0813 0.9892 -0.1217
vn -0.1930 0.1463 0.9702
vn -0.1930 -0.1463 0.9702
vn 0.1216 0.9892 -0.0813
vn 0.1217 0.9892 -0.0813
vn -0.5038 0.8580 -0.1002
vn 0.1434 -0.9892 -0.0285
vn 0.1435 -0.9892 -0.0285
vn 0.4767 0.5137 -0.7134
vn -0.0285 0.9892 0.1434
vn -0.0285 0.9892 0.1435
vn -0.1434 0.9892 -0.0285
vn -0.1435 0.9892 -0.0285
vn 0.5496 0.1463 -0.8225
vn 0.5496 -0.1463 -0.8225
vn -0.1674 -0.5137 -0.8415
vn -0.4767 -0.5137 0.7134
vn 0.5038 -0.8580 0.1002
vn 0.1434 -0.9892 0.0285
vn 0.1435 -0.9892 0.0285
vn -0.2854 -0.8580 -0.4271
vn -0.0813 -0.9892 -0.1216
vn -0.0813 -0.9892 -0.1217
vn 0.0813 -0.9892 -0.1216
vn 0.0813 -0.9892 -0.1217
vn -0.1674 0.5137 0.8415
vn 0.7134 0.5137 -0.4767
vn -0.1002 -0.8580 -0.5038
vn -0.2854 -0.8580 0.4271
vn 0.8415 -0.5137 0.1674
vn -0.4767 -0.5137 -0.7134
vn -0.8225 0.1463 0.5496
vn -0.8225 -0.1463 0.5496
vn -0.4271 0.8580 -0.2854
vn -0.1216 0.9892 -0.0813
vn -0.1217 0.9892 -0.0813
vn 0.1002 0.8580 0.5038
vn 0.0285 0.9892 0.1434
vn 0.0285 0.9892 0.1435
vn -0.1002 0.8580 0.5038
vn 0.4271 0.8580 -0.2854
vn -0.1216 0.9892 0.0813
vn -0.1217 0.9892 0.0813
vn -0.7134 0.5137 -0.4767
vn 0.1674 0.5137 0.8415
vn 0.9702 -0.1463 0.1930
vn -0.5496 -0.1463 -0.8225
vn -0.1216 -0.9892 0.0813
vn -0.1217 -0.9892 0.0813
vn 0.9702 0.1463 -0.1930
vn -0.8225 0.1463 -0.5496
vn 0.1930 0.1463 0.9702
vn -0.8415 -0.5137 0.1674
vn -0.9702 -0.1463 0.1930
vn 0.7134 -0.5137 0.4767
vn 0.8225 -0.1463 0.5496
vn 0.1434 0.9892 -0.0285
vn 0.1435 0.9892 -0.0285
vn -0.4271 -0.8580 0.2854
vn 0.8415 0.5137 0.1674
vn 0.9702 0.1463 0.1930
vn -0.4767 0.5137 -0.7134
vn -0.5496 0.1463 -0.8225
vn -0.5038 -0.8580 0.1002
vn 0.4271 -0.8580 0.2854
vn -0.7134 -0.5137 0.4767
vn 0.5038 0.8580 -0.1002
vn 0.5038 0.8580 0.1002
vn -0.2854 0.8580 -0.4271
vn -0.1434 -0.9892 0.0285
vn -0.1435 -0.9892 0.0285
vn 0.1216 -0.9892 0.0813
vn 0.1217 -0.9892 0.0813
vn 0.8415 0.5137 -0.1674
vn -0.1434 -0.9892 -0.0285
vn -0.1435 -0.9892 -0.0285
vn 0.1434 0.9892 0.0285
vn 0.1435 0.9892 0.0285
vn -0.0813 0.9892 -0.1216
vn -0.0813 0.9892 -0.1217
vn 0.4767 -0.5137 -0.7134
vn 0.2854 -0.8580 0.4271
vn 0.1002 -0.8580 -0.5038
vn -0.7134 0.5137 0.4767
vn 0.2854 -0.8580 -0.4271
vn 0.4767 -0.5137 0.7134
vn 0.1674 -0.5137 -0.8415
vn -0.1002 0.8580 -0.5038
vn -0.2854 0.8580 0.4271
vn -0.4271 0.8580 0.2854
vn -0.1674 0.5137 -0.8415
vn -0.4767 0.5137 0.7134
vn 0.1930 -0.1463 0.9702
vn -0.8225 -0.1463 -0.5496
vn -0.7134 -0.5137 -0.4767
vn 0.2897 0.0000 -0.9571
vn 0.4719 0.0000 -0.8816
vn 0.8816 0.0000 -0.4719
vn 0.9571 -0.0000 -0.2897
vn 0.9571 -0.0000 0.2897
vn 0.8816 0.0000 0.4719
vn 0.4719 -0.0000 0.8816
vn 0.2897 -0.0000 0.9571
vn -0.2897 0.0000 0.9571
vn -0.4719 0.0000 0.8816
vn -0.8816 0.0000 0.4719
vn -0.9571 -0.0000 0.2897
vn -0.9571 -0.0000 -0.2897
vn -0.8816 0.0000 -0.4719
vn -0.4719 0.0000 -0.8816
vn -0.2897 -0.0000 -0.9571
vn -0.1939 -0.0000 -0.9810
vn 0.1939 0.0000 -0.9810
vn 0.5566 0.0000 -0.8308
vn 0.8308 0.0000 -0.5566
vn 0.9810 -0.0000 -0.1939
vn 0.9810 -0.0000 0.1939
vn 0.8308 0.0000 0.5566
vn 0.5566 -0.0000 0.8308
vn 0.1939 -0.0000 0.9810
vn -0.1939 0.0000 0.9810
vn -0.5566 0.0000 0.8308
vn -0.8308 0.0000 0.5566
vn -0.9810 -0.0000 0.1939
vn -0.9810 -0.0000 -0.1939
vn -0.8308 0.0000 -0.5566
vn -0.5566 0.0000 -0.8308
usemtl Floor
s 1
f 258/1/1 257/2/1 897/3/1 898/4/1
f 257/2/1 259/5/1 899/6/1 897/3/1
f 259/5/1 260/7/1 900/8/1 899/6/1
f 260/7/1 261/9/1 901/10/1 900/8/1
f 261/9/1 262/11/1 902/12/1 901/10/1
f 262/11/1 263/13/1 903/14/1 902/12/1
f 263/13/1 264/15/1 904/16/1 903/14/1
f 264/15/1 265/17/1 905/18/1 904/16/1
f 265/17/1 266/19/1 906/20/1 905/18/1
f 266/19/1 267/21/1 907/22/1 906/20/1
f 267/21/1 268/23/1 908/24/1 907/22/1
f 268/23/1 269/25/1 909/26/1 908/24/1
f 269/25/1 270/27/1 910/28/1 909/26/1
f 270/27/1 271/29/1 911/30/1 910/28/1
f 271/29/1 272/31/1 912/32/1 911/30/1
f 272/31/1 273/33/1 913/34/1 912/32/1
f 273/33/1 274/35/1 914/36/1 913/34/1
f 274/35/1 275/37/1 915/38/1 914/36/1
f 275/37/1 276/39/1 916/40/1 915/38/1
f 276/39/1 277/41/1 917/42/1 916/40/1
f 277/41/1 278/43/1 918/44/1 917/42/1
f 278/43/1 279/45/1 919/46/1 918/44/1
f 279/45/1 280/47/1 920/48/1 919/46/1
f 280/47/1 281/49/1 921/50/1 920/48/1
f 281/49/1 282/51/1 922/52/1 921/50/1
f 282/51/1 283/53/1 923/54/1 922/52/1
f 283/53/1 284/55/1 924/56/1 923/54/1
f 284/55/1 285/57/1 925/58/1 924/56/1
f 285/57/1 286/59/1 926/60/1 925/58/1
f 286/59/1 287/61/1 927/62/1 926/60/1
f 287/61/1 288/63/1 928/64/1 927/62/1
f 288/63/1 258/1/1 898/4/1 928/64/1
f 1057/65/1 1058/66/1 1088/67/1 1087/68/1 1086/69/1 1085/70/1 1084/71/1 1083/72/1 1082/73/1 1081/74/1 1080/75/1 1079/76/1 1078/77/1 1077/78/1 1076/79/1 1075/80/1 1074/81/1 1073/82/1 1072/83/1 1071/84/1 1070/85/1 1069/86/1 1068/87/1 1067/88/1 1066/89/1 1065/90/1 1064/91/1 1063/92/1 1062/93/1 1061/94/1 1060/95/1 1059/96/1
usemtl Black
f 6/97/2 8/98/2 131/99/2 291/100/2
f 32/101/2 34/102/2 145/103/2 336/104/2
f 58/105/2 60/106/2 317/107/2 350/108/2
f 7/109/1 5/110/1 292/111/1 132/112/1
f 33/113/1 31/114/1 335/115/1 146/116/1
f 59/117/1 57/118/1 349/119/1 318/120/1
f 4/121/2 6/97/2 291/100/2 289/122/2
f 30/123/2 32/101/2 336/104/2 303/124/2
f 56/125/2 58/105/2 350/108/2 348/126/2
f 5/110/1 3/127/1 290/128/1 292/111/1
f 31/114/1 29/129/1 304/130/1 335/115/1
f 57/118/1 55/131/1 347/132/1 349/119/1
f 2/133/2 4/121/2 289/122/2 322/134/2
f 28/135/2 30/123/2 303/124/2 301/136/2
f 54/137/2 56/125/2 348/126/2 315/138/2
f 3/127/1 1/139/1 321/140/1 290/128/1
f 29/129/1 27/141/1 302/142/1 304/130/1
f 55/131/1 53/143/1 316/144/1 347/132/1
f 26/145/2 28/135/2 301/136/2 334/146/2
f 52/147/2 54/137/2 315/138/2 313/148/2
f 27/141/1 25/149/1 333/150/1 302/142/1
f 53/143/1 51/151/1 314/152/1 316/144/1
f 24/153/2 26/145/2 334/146/2 332/154/2
f 50/155/2 52/147/2 313/148/2 346/156/2
f 25/149/1 23/157/1 331/158/1 333/150/1
f 51/151/1 49/159/1 345/160/1 314/152/1
f 22/161/2 24/153/2 332/154/2 299/162/2
f 48/163/2 50/155/2 346/156/2 344/164/2
f 23/157/1 21/165/1 300/166/1 331/158/1
f 49/159/1 47/167/1 343/168/1 345/160/1
f 80/169/3 78/170/4 231/171/4 232/172/3
f 20/173/2 22/161/2 299/162/2 297/174/2
f 46/175/2 48/163/2 344/164/2 311/176/2
f 109/177/5 111/178/6 184/179/6 183/180/5
f 1/139/7 3/127/8 66/181/8 65/182/7
f 4/121/8 2/133/7 68/183/7 67/184/8
f 3/127/8 5/110/9 69/185/9 66/181/8
f 6/97/9 4/121/8 67/184/8 70/186/9
f 5/110/9 7/109/10 71/187/10 69/185/9
f 8/98/10 6/97/9 70/186/9 72/188/10
f 7/109/10 9/189/11 73/190/11 71/187/10
f 10/191/11 8/98/10 72/188/10 74/192/11
f 9/189/11 11/193/12 75/194/12 73/190/11
f 12/195/12 10/191/11 74/192/11 76/196/12
f 11/193/12 13/197/13 77/198/13 75/194/12
f 14/199/13 12/195/12 76/196/12 78/170/13
f 13/197/13 15/200/14 79/201/14 77/198/13
f 16/202/14 14/199/13 78/170/13 80/169/14
f 15/200/14 17/203/15 81/204/15 79/201/14
f 18/205/15 16/202/14 80/169/14 82/206/15
f 17/203/15 19/207/16 83/208/16 81/204/15
f 20/173/16 18/205/15 82/206/15 84/209/16
f 19/207/16 21/165/17 85/210/17 83/208/16
f 22/161/17 20/173/16 84/209/16 86/211/17
f 21/165/17 23/157/18 87/212/18 85/210/17
f 24/153/18 22/161/17 86/211/17 88/213/18
f 23/157/18 25/149/19 89/214/19 87/212/18
f 26/145/19 24/153/18 88/213/18 90/215/19
f 25/149/19 27/141/20 91/216/20 89/214/19
f 28/135/20 26/145/19 90/215/19 92/217/20
f 27/141/20 29/129/21 93/218/21 91/216/20
f 30/123/21 28/135/20 92/217/20 94/219/21
f 29/129/21 31/114/22 95/220/22 93/218/21
f 32/101/22 30/123/21 94/219/21 96/221/22
f 31/114/22 33/113/23 97/222/23 95/220/22
f 34/102/23 32/101/22 96/221/22 98/223/23
f 33/113/23 35/224/24 99/225/24 97/222/23
f 36/226/24 34/102/23 98/223/23 100/227/24
f 35/224/24 37/228/25 101/229/25 99/225/24
f 38/230/25 36/226/24 100/227/24 102/231/25
f 37/228/25 39/232/26 103/233/26 101/229/25
f 40/234/26 38/230/25 102/231/25 104/235/26
f 39/232/26 41/236/27 105/237/27 103/233/26
f 42/238/27 40/234/26 104/235/26 106/239/27
f 41/236/27 43/240/28 107/241/28 105/237/27
f 44/242/28 42/238/27 106/239/27 108/243/28
f 43/240/28 45/244/29 109/177/29 107/241/28
f 46/175/29 44/242/28 108/243/28 110/245/29
f 45/244/29 47/167/30 111/178/30 109/177/29
f 48/163/30 46/175/29 110/245/29 112/246/30
f 47/167/30 49/159/31 113/247/31 111/178/30
f 50/155/31 48/163/30 112/246/30 114/248/31
f 49/159/31 51/151/32 115/249/32 113/247/31
f 52/147/32 50/155/31 114/248/31 116/250/32
f 51/151/32 53/143/33 117/251/33 115/249/32
f 54/137/33 52/147/32 116/250/32 118/252/33
f 53/143/33 55/131/34 119/253/34 117/251/33
f 56/125/34 54/137/33 118/252/33 120/254/34
f 55/131/34 57/118/35 121/255/35 119/253/34
f 58/105/35 56/125/34 120/254/34 122/256/35
f 57/118/35 59/117/36 123/257/36 121/255/35
f 60/106/36 58/105/35 122/256/35 124/258/36
f 59/117/36 61/259/37 125/260/37 123/257/36
f 62/261/37 60/106/36 124/258/36 126/262/37
f 61/259/37 63/263/38 127/264/38 125/260/37
f 64/265/38 62/261/37 126/262/37 128/266/38
f 63/263/38 1/267/7 65/268/7 127/264/38
f 2/269/7 64/265/38 128/266/38 68/270/7
f 61/259/1 59/117/1 318/120/1 320/271/1
f 35/224/1 33/113/1 146/116/1 306/272/1
f 9/189/1 7/109/1 132/112/1 134/273/1
f 60/106/2 62/261/2 319/274/2 317/107/2
f 34/102/2 36/226/2 305/275/2 145/103/2
f 8/98/2 10/191/2 133/276/2 131/99/2
f 63/263/1 61/259/1 320/271/1 160/277/1
f 37/228/1 35/224/1 306/272/1 308/278/1
f 11/193/1 9/189/1 134/273/1 294/279/1
f 62/261/2 64/265/2 159/280/2 319/274/2
f 36/226/2 38/230/2 307/281/2 305/275/2
f 10/191/2 12/195/2 293/282/2 133/276/2
f 1/267/1 63/263/1 160/277/1 321/283/1
f 39/232/1 37/228/1 308/278/1 148/284/1
f 13/197/1 11/193/1 294/279/1 296/285/1
f 64/265/2 2/269/2 322/286/2 159/280/2
f 38/230/2 40/234/2 147/287/2 307/281/2
f 12/195/2 14/199/2 295/288/2 293/282/2
f 41/236/1 39/232/1 148/284/1 150/289/1
f 15/200/1 13/197/1 296/285/1 136/290/1
f 40/234/2 42/238/2 149/291/2 147/287/2
f 14/199/2 16/202/2 135/292/2 295/288/2
f 43/240/1 41/236/1 150/289/1 310/293/1
f 17/203/1 15/200/1 136/290/1 138/294/1
f 42/238/2 44/242/2 309/295/2 149/291/2
f 16/202/2 18/205/2 137/296/2 135/292/2
f 45/244/1 43/240/1 310/293/1 312/297/1
f 19/207/1 17/203/1 138/294/1 298/298/1
f 44/242/2 46/175/2 311/176/2 309/295/2
f 18/205/2 20/173/2 297/174/2 137/296/2
f 47/167/1 45/244/1 312/297/1 343/168/1
f 21/165/1 19/207/1 298/298/1 300/166/1
f 161/299/2 162/300/2 163/301/2 164/302/2 165/303/2 166/304/2 167/305/2 168/306/2 169/307/2 170/308/2 171/309/2 172/310/2 173/311/2 174/312/2 175/313/2 176/314/2 177/315/2 178/316/2 179/317/2 180/318/2 181/319/2 182/320/2 183/321/2 184/322/2 185/323/2 186/324/2 187/325/2 188/326/2 189/327/2 190/328/2 191/329/2 192/330/2
f 65/182/39 66/181/40 162/331/40 161/332/39
f 127/264/41 65/268/39 161/333/39 192/334/41
f 83/208/42 85/210/43 171/335/43 170/336/42
f 101/229/44 103/233/45 180/337/45 179/338/44
f 119/253/46 121/255/47 189/339/47 188/340/46
f 75/194/48 77/198/49 167/341/49 166/342/48
f 93/218/50 95/220/51 176/343/51 175/344/50
f 111/178/6 113/247/52 185/345/52 184/179/6
f 66/181/40 69/185/53 163/346/53 162/331/40
f 85/210/43 87/212/54 172/347/54 171/335/43
f 103/233/45 105/237/55 181/348/55 180/337/45
f 121/255/47 123/257/56 190/349/56 189/339/47
f 77/198/49 79/201/57 168/350/57 167/341/49
f 95/220/51 97/222/58 177/351/58 176/343/51
f 113/247/52 115/249/59 186/352/59 185/345/52
f 69/185/53 71/187/60 164/353/60 163/346/53
f 87/212/54 89/214/61 173/354/61 172/347/54
f 105/237/55 107/241/62 182/355/62 181/348/55
f 123/257/56 125/260/63 191/356/63 190/349/56
f 79/201/57 81/204/64 169/357/64 168/350/57
f 97/222/58 99/225/65 178/358/65 177/351/58
f 115/249/59 117/251/66 187/359/66 186/352/59
f 71/187/60 73/190/67 165/360/67 164/353/60
f 89/214/61 91/216/68 174/361/68 173/354/61
f 107/241/62 109/177/5 183/180/5 182/355/62
f 125/260/63 127/264/41 192/334/41 191/356/63
f 81/204/64 83/208/42 170/336/42 169/357/64
f 99/225/65 101/229/44 179/338/44 178/358/65
f 117/251/66 119/253/46 188/340/46 187/359/66
f 73/190/67 75/194/48 166/342/48 165/360/67
f 91/216/68 93/218/50 175/344/50 174/361/68
f 216/362/14 215/363/13 919/46/13 920/48/14
f 98/223/69 96/221/70 240/364/70 241/365/69
f 116/250/71 114/248/72 249/366/72 250/367/71
f 72/188/73 70/186/74 227/368/74 228/369/73
f 90/215/75 88/213/76 236/370/76 237/371/75
f 108/243/77 106/239/78 245/372/78 246/373/77
f 126/262/79 124/258/80 254/374/80 255/375/79
f 82/206/81 80/169/3 232/172/3 233/376/81
f 100/227/82 98/223/69 241/365/69 242/377/82
f 118/252/83 116/250/71 250/367/71 251/378/83
f 74/192/84 72/188/73 228/369/73 229/379/84
f 92/217/85 90/215/75 237/371/75 238/380/85
f 110/245/86 108/243/77 246/373/77 247/381/86
f 128/266/87 126/262/79 255/375/79 256/382/87
f 84/209/88 82/206/81 233/376/81 234/383/88
f 102/231/89 100/227/82 242/377/82 243/384/89
f 120/254/90 118/252/83 251/378/83 252/385/90
f 76/196/91 74/192/84 229/379/84 230/386/91
f 94/219/92 92/217/85 238/380/85 239/387/92
f 112/246/93 110/245/86 247/381/86 248/388/93
f 67/184/94 68/183/95 226/389/95 225/390/94
f 68/270/95 128/266/87 256/382/87 226/391/95
f 86/211/96 84/209/88 234/383/88 235/392/96
f 104/235/97 102/231/89 243/384/89 244/393/97
f 122/256/98 120/254/90 252/385/90 253/394/98
f 78/170/4 76/196/91 230/386/91 231/171/4
f 96/221/70 94/219/92 239/387/92 240/364/70
f 114/248/72 112/246/93 248/388/93 249/366/72
f 70/186/74 67/184/94 225/390/94 227/368/74
f 88/213/76 86/211/96 235/392/96 236/370/76
f 106/239/78 104/235/97 244/393/97 245/372/78
f 124/258/80 122/256/98 253/394/98 254/374/80
f 194/395/1 193/396/1 225/397/1 226/398/1
f 193/396/1 195/399/1 227/400/1 225/397/1
f 195/399/1 196/401/1 228/402/1 227/400/1
f 196/401/1 197/403/1 229/404/1 228/402/1
f 197/403/1 198/405/1 230/406/1 229/404/1
f 198/405/1 199/407/1 231/408/1 230/406/1
f 199/407/1 200/409/1 232/410/1 231/408/1
f 200/409/1 201/411/1 233/412/1 232/410/1
f 201/411/1 202/413/1 234/414/1 233/412/1
f 202/413/1 203/415/1 235/416/1 234/414/1
f 203/415/1 204/417/1 236/418/1 235/416/1
f 204/417/1 205/419/1 237/420/1 236/418/1
f 205/419/1 206/421/1 238/422/1 237/420/1
f 206/421/1 207/423/1 239/424/1 238/422/1
f 207/423/1 208/425/1 240/426/1 239/424/1
f 208/425/1 209/427/1 241/428/1 240/426/1
f 209/427/1 210/429/1 242/430/1 241/428/1
f 210/429/1 211/431/1 243/432/1 242/430/1
f 211/431/1 212/433/1 244/434/1 243/432/1
f 212/433/1 213/435/1 245/436/1 244/434/1
f 213/435/1 214/437/1 246/438/1 245/436/1
f 214/437/1 215/363/1 247/439/1 246/438/1
f 215/363/1 216/362/1 248/440/1 247/439/1
f 216/362/1 217/441/1 249/442/1 248/440/1
f 217/441/1 218/443/1 250/444/1 249/442/1
f 218/443/1 219/445/1 251/446/1 250/444/1
f 219/445/1 220/447/1 252/448/1 251/446/1
f 220/447/1 221/449/1 253/450/1 252/448/1
f 221/449/1 222/451/1 254/452/1 253/450/1
f 222/451/1 223/453/1 255/454/1 254/452/1
f 223/453/1 224/455/1 256/456/1 255/454/1
f 224/455/1 194/395/1 226/398/1 256/456/1
f 275/37/25 274/35/24 978/457/24 979/458/25
f 203/415/33 202/413/32 906/20/32 907/22/33
f 217/441/15 216/362/14 920/48/14 921/50/15
f 204/417/34 203/415/33 907/22/33 908/24/34
f 218/443/16 217/441/15 921/50/15 922/52/16
f 205/419/35 204/417/34 908/24/34 909/26/35
f 219/445/17 218/443/16 922/52/16 923/54/17
f 206/421/36 205/419/35 909/26/35 910/28/36
f 220/447/18 219/445/17 923/54/17 924/56/18
f 207/423/37 206/421/36 910/28/36 911/30/37
f 193/396/24 194/395/23 898/4/23 897/3/24
f 221/449/19 220/447/18 924/56/18 925/58/19
f 208/425/38 207/423/37 911/30/37 912/32/38
f 195/399/25 193/396/24 897/3/24 899/6/25
f 222/451/20 221/449/19 925/58/19 926/60/20
f 209/427/7 208/425/38 912/32/38 913/34/7
f 196/401/26 195/399/25 899/6/25 900/8/26
f 223/453/21 222/451/20 926/60/20 927/62/21
f 210/429/8 209/427/7 913/34/7 914/36/8
f 197/403/27 196/401/26 900/8/26 901/10/27
f 224/455/22 223/453/21 927/62/21 928/64/22
f 211/431/9 210/429/8 914/36/8 915/38/9
f 198/405/28 197/403/27 901/10/27 902/12/28
f 194/395/23 224/455/22 928/64/22 898/4/23
f 212/433/10 211/431/9 915/38/9 916/40/10
f 199/407/29 198/405/28 902/12/28 903/14/29
f 213/435/11 212/433/10 916/40/10 917/42/11
f 200/409/30 199/407/29 903/14/29 904/16/30
f 214/437/12 213/435/11 917/42/11 918/44/12
f 201/411/31 200/409/30 904/16/30 905/18/31
f 215/363/13 214/437/12 918/44/12 919/46/13
f 202/413/32 201/411/31 905/18/31 906/20/32
f 953/459/15 952/460/14 1080/75/14 1081/74/15
f 258/1/7 288/63/38 992/461/38 962/462/7
f 276/39/26 275/37/25 979/458/25 980/463/26
f 277/41/27 276/39/26 980/463/26 981/464/27
f 264/15/14 263/13/13 967/465/13 968/466/14
f 278/43/28 277/41/27 981/464/27 982/467/28
f 265/17/15 264/15/14 968/466/14 969/468/15
f 279/45/29 278/43/28 982/467/28 983/469/29
f 266/19/16 265/17/15 969/468/15 970/470/16
f 280/47/30 279/45/29 983/469/29 984/471/30
f 267/21/17 266/19/16 970/470/16 971/472/17
f 281/49/31 280/47/30 984/471/30 985/473/31
f 268/23/18 267/21/17 971/472/17 972/474/18
f 282/51/32 281/49/31 985/473/31 986/475/32
f 269/25/19 268/23/18 972/474/18 973/476/19
f 257/2/8 258/1/7 962/462/7 961/477/8
f 283/53/33 282/51/32 986/475/32 987/478/33
f 270/27/20 269/25/19 973/476/19 974/479/20
f 259/5/9 257/2/8 961/477/8 963/480/9
f 284/55/34 283/53/33 987/478/33 988/481/34
f 271/29/21 270/27/20 974/479/20 975/482/21
f 260/7/10 259/5/9 963/480/9 964/483/10
f 285/57/35 284/55/34 988/481/34 989/484/35
f 272/31/22 271/29/21 975/482/21 976/485/22
f 286/59/36 285/57/35 989/484/35 990/486/36
f 261/9/11 260/7/10 964/483/10 965/487/11
f 273/33/23 272/31/22 976/485/22 977/488/23
f 287/61/37 286/59/36 990/486/36 991/489/37
f 262/11/12 261/9/11 965/487/11 966/490/12
f 274/35/24 273/33/23 977/488/23 978/457/24
f 288/63/38 287/61/37 991/489/37 992/461/38
f 263/13/13 262/11/12 966/490/12 967/465/13
f 994/491/1 993/492/1 961/477/1 962/462/1
f 993/492/1 995/493/1 963/480/1 961/477/1
f 995/493/1 996/494/1 964/483/1 963/480/1
f 996/494/1 997/495/1 965/487/1 964/483/1
f 997/495/1 998/496/1 966/490/1 965/487/1
f 998/496/1 999/497/1 967/465/1 966/490/1
f 999/497/1 1000/498/1 968/466/1 967/465/1
f 1000/498/1 1001/499/1 969/468/1 968/466/1
f 1001/499/1 1002/500/1 970/470/1 969/468/1
f 1002/500/1 1003/501/1 971/472/1 970/470/1
f 1003/501/1 1004/502/1 972/474/1 971/472/1
f 1004/502/1 1005/503/1 973/476/1 972/474/1
f 1005/503/1 1006/504/1 974/479/1 973/476/1
f 1006/504/1 1007/505/1 975/482/1 974/479/1
f 1007/505/1 1008/506/1 976/485/1 975/482/1
f 1008/506/1 1009/507/1 977/488/1 976/485/1
f 1009/507/1 1010/508/1 978/457/1 977/488/1
f 1010/508/1 1011/509/1 979/458/1 978/457/1
f 1011/509/1 1012/510/1 980/463/1 979/458/1
f 1012/510/1 1013/511/1 981/464/1 980/463/1
f 1013/511/1 1014/512/1 982/467/1 981/464/1
f 1014/512/1 1015/513/1 983/469/1 982/467/1
f 1015/513/1 1016/514/1 984/471/1 983/469/1
f 1016/514/1 1017/515/1 985/473/1 984/471/1
f 1017/515/1 1018/516/1 986/475/1 985/473/1
f 1018/516/1 1019/517/1 987/478/1 986/475/1
f 1019/517/1 1020/518/1 988/481/1 987/478/1
f 1020/518/1 1021/519/1 989/484/1 988/481/1
f 1021/519/1 1022/520/1 990/486/1 989/484/1
f 1022/520/1 1023/521/1 991/489/1 990/486/1
f 1023/521/1 1024/522/1 992/461/1 991/489/1
f 1024/522/1 994/491/1 962/462/1 992/461/1
f 1041/523/23 1042/524/24 1138/525/24 1137/526/23
f 995/493/25 993/492/24 1089/527/24 1091/528/25
f 1021/519/19 1020/518/18 1116/529/18 1117/530/19
f 1040/531/22 1041/523/23 1137/526/23 1136/532/22
f 993/492/24 994/491/23 1090/533/23 1089/527/24
f 1020/518/18 1019/517/17 1115/534/17 1116/529/18
f 1039/535/21 1040/531/22 1136/532/22 1135/536/21
f 1019/517/17 1018/516/16 1114/537/16 1115/534/17
f 1038/538/20 1039/535/21 1135/536/21 1134/539/20
f 1018/516/16 1017/515/15 1113/540/15 1114/537/16
f 1037/541/19 1038/538/20 1134/539/20 1133/542/19
f 1017/515/15 1016/514/14 1112/543/14 1113/540/15
f 1036/544/18 1037/541/19 1133/542/19 1132/545/18
f 1016/514/14 1015/513/13 1111/546/13 1112/543/14
f 1035/547/17 1036/544/18 1132/545/18 1131/548/17
f 1015/513/13 1014/512/12 1110/549/12 1111/546/13
f 1034/550/16 1035/547/17 1131/548/17 1130/551/16
f 1014/512/12 1013/511/11 1109/552/11 1110/549/12
f 1033/553/15 1034/550/16 1130/551/16 1129/554/15
f 1013/511/11 1012/510/10 1108/555/10 1109/552/11
f 1032/556/14 1033/553/15 1129/554/15 1128/557/14
f 1012/510/10 1011/509/9 1107/558/9 1108/555/10
f 1031/559/13 1032/556/14 1128/557/14 1127/560/13
f 1011/509/9 1010/508/8 1106/561/8 1107/558/9
f 1030/562/12 1031/559/13 1127/560/13 1126/563/12
f 1056/564/38 1026/565/7 1122/566/7 1152/567/38
f 1010/508/8 1009/507/7 1105/568/7 1106/561/8
f 1029/569/11 1030/562/12 1126/563/12 1125/570/11
f 1055/571/37 1056/564/38 1152/567/38 1151/572/37
f 1009/507/7 1008/506/38 1104/573/38 1105/568/7
f 1028/574/10 1029/569/11 1125/570/11 1124/575/10
f 1054/576/36 1055/571/37 1151/572/37 1150/577/36
f 930/578/1 929/579/1 1025/580/1 1026/565/1
f 929/579/1 931/581/1 1027/582/1 1025/580/1
f 931/581/1 932/583/1 1028/574/1 1027/582/1
f 932/583/1 933/584/1 1029/569/1 1028/574/1
f 933/584/1 934/585/1 1030/562/1 1029/569/1
f 934/585/1 935/586/1 1031/559/1 1030/562/1
f 935/586/1 936/587/1 1032/556/1 1031/559/1
f 936/587/1 937/588/1 1033/553/1 1032/556/1
f 937/588/1 938/589/1 1034/550/1 1033/553/1
f 938/589/1 939/590/1 1035/547/1 1034/550/1
f 939/590/1 940/591/1 1036/544/1 1035/547/1
f 940/591/1 941/592/1 1037/541/1 1036/544/1
f 941/592/1 942/593/1 1038/538/1 1037/541/1
f 942/593/1 943/594/1 1039/535/1 1038/538/1
f 943/594/1 944/595/1 1040/531/1 1039/535/1
f 944/595/1 945/596/1 1041/523/1 1040/531/1
f 945/596/1 946/597/1 1042/524/1 1041/523/1
f 946/597/1 947/598/1 1043/599/1 1042/524/1
f 947/598/1 948/600/1 1044/601/1 1043/599/1
f 948/600/1 949/602/1 1045/603/1 1044/601/1
f 949/602/1 950/604/1 1046/605/1 1045/603/1
f 950/604/1 951/606/1 1047/607/1 1046/605/1
f 951/606/1 952/460/1 1048/608/1 1047/607/1
f 952/460/1 953/459/1 1049/609/1 1048/608/1
f 953/459/1 954/610/1 1050/611/1 1049/609/1
f 954/610/1 955/612/1 1051/613/1 1050/611/1
f 955/612/1 956/614/1 1052/615/1 1051/613/1
f 956/614/1 957/616/1 1053/617/1 1052/615/1
f 957/616/1 958/618/1 1054/576/1 1053/617/1
f 958/618/1 959/619/1 1055/571/1 1054/576/1
f 959/619/1 960/620/1 1056/564/1 1055/571/1
f 960/620/1 930/578/1 1026/565/1 1056/564/1
f 940/591/34 939/590/33 1067/88/33 1068/87/34
f 954/610/16 953/459/15 1081/74/15 1082/73/16
f 941/592/35 940/591/34 1068/87/34 1069/86/35
f 955/612/17 954/610/16 1082/73/16 1083/72/17
f 942/593/36 941/592/35 1069/86/35 1070/85/36
f 956/614/18 955/612/17 1083/72/17 1084/71/18
f 943/594/37 942/593/36 1070/85/36 1071/84/37
f 929/579/24 930/578/23 1058/66/23 1057/65/24
f 957/616/19 956/614/18 1084/71/18 1085/70/19
f 944/595/38 943/594/37 1071/84/37 1072/83/38
f 931/581/25 929/579/24 1057/65/24 1059/96/25
f 958/618/20 957/616/19 1085/70/19 1086/69/20
f 945/596/7 944/595/38 1072/83/38 1073/82/7
f 932/583/26 931/581/25 1059/96/25 1060/95/26
f 959/619/21 958/618/20 1086/69/20 1087/68/21
f 946/597/8 945/596/7 1073/82/7 1074/81/8
f 933/584/27 932/583/26 1060/95/26 1061/94/27
f 960/620/22 959/619/21 1087/68/21 1088/67/22
f 947/598/9 946/597/8 1074/81/8 1075/80/9
f 934/585/28 933/584/27 1061/94/27 1062/93/28
f 930/578/23 960/620/22 1088/67/22 1058/66/23
f 948/600/10 947/598/9 1075/80/9 1076/79/10
f 935/586/29 934/585/28 1062/93/28 1063/92/29
f 949/602/11 948/600/10 1076/79/10 1077/78/11
f 936/587/30 935/586/29 1063/92/29 1064/91/30
f 950/604/12 949/602/11 1077/78/11 1078/77/12
f 937/588/31 936/587/30 1064/91/30 1065/90/31
f 951/606/13 950/604/12 1078/77/12 1079/76/13
f 938/589/32 937/588/31 1065/90/31 1066/89/32
f 952/460/14 951/606/13 1079/76/13 1080/75/14
f 939/590/33 938/589/32 1066/89/32 1067/88/33
f 1022/520/20 1021/519/19 1117/530/19 1118/621/20
f 996/494/26 995/493/25 1091/528/25 1092/622/26
f 1042/524/24 1043/599/25 1139/623/25 1138/525/24
f 1023/521/21 1022/520/20 1118/621/20 1119/624/21
f 997/495/27 996/494/26 1092/622/26 1093/625/27
f 1043/599/25 1044/601/26 1140/626/26 1139/623/25
f 1024/522/22 1023/521/21 1119/624/21 1120/627/22
f 998/496/28 997/495/27 1093/625/27 1094/628/28
f 1044/601/26 1045/603/27 1141/629/27 1140/626/26
f 994/491/23 1024/522/22 1120/627/22 1090/533/23
f 999/497/29 998/496/28 1094/628/28 1095/630/29
f 1045/603/27 1046/605/28 1142/631/28 1141/629/27
f 1000/498/30 999/497/29 1095/630/29 1096/632/30
f 1046/605/28 1047/607/29 1143/633/29 1142/631/28
f 1001/499/31 1000/498/30 1096/632/30 1097/634/31
f 1047/607/29 1048/608/30 1144/635/30 1143/633/29
f 1002/500/32 1001/499/31 1097/634/31 1098/636/32
f 1048/608/30 1049/609/31 1145/637/31 1144/635/30
f 1003/501/33 1002/500/32 1098/636/32 1099/638/33
f 1049/609/31 1050/611/32 1146/639/32 1145/637/31
f 1004/502/34 1003/501/33 1099/638/33 1100/640/34
f 1050/611/32 1051/613/33 1147/641/33 1146/639/32
f 1005/503/35 1004/502/34 1100/640/34 1101/642/35
f 1051/613/33 1052/615/34 1148/643/34 1147/641/33
f 1026/565/7 1025/580/8 1121/644/8 1122/566/7
f 1006/504/36 1005/503/35 1101/642/35 1102/645/36
f 1052/615/34 1053/617/35 1149/646/35 1148/643/34
f 1025/580/8 1027/582/9 1123/647/9 1121/644/8
f 1007/505/37 1006/504/36 1102/645/36 1103/648/37
f 1053/617/35 1054/576/36 1150/577/36 1149/646/35
f 1027/582/9 1028/574/10 1124/575/10 1123/647/9
f 1008/506/38 1007/505/37 1103/648/37 1104/573/38
usemtl Ring
f 355/649/99 363/650/99 359/651/99 354/652/99 130/653/7 322/134/7 289/122/8
f 290/128/8 289/122/8 291/100/9 292/111/9
f 324/654/10 378/655/100 384/656/100 380/657/100 377/658/100 291/100/9 131/99/10
f 548/659/101 545/660/102 833/661/102 834/662/101
f 403/663/103 411/664/103 407/665/103 402/666/103 326/667/11 133/276/11 293/282/12
f 294/279/12 293/282/12 295/288/13 296/285/13
f 328/668/14 426/669/104 432/670/104 428/671/104 425/672/104 295/288/13 135/292/14
f 449/673/105 463/674/106 808/675/106 801/676/105
f 451/677/107 459/678/107 455/679/107 450/680/107 330/681/15 137/296/15 297/174/16
f 298/298/16 297/174/16 299/162/17 300/166/17
f 139/682/18 474/683/108 480/684/108 476/685/108 473/686/108 299/162/17 332/154/18
f 607/687/109 615/688/110 855/689/110 856/690/109
f 499/691/111 507/692/111 503/693/111 498/694/111 141/695/19 334/146/19 301/136/20
f 302/142/20 301/136/20 303/124/21 304/130/21
f 143/696/22 522/697/112 528/698/112 524/699/112 521/700/112 303/124/21 336/104/22
f 367/701/113 375/702/114 775/703/114 776/704/113
f 547/705/115 555/706/115 551/707/115 546/708/115 338/709/23 145/103/23 305/275/24
f 306/272/24 305/275/24 307/281/25 308/278/25
f 340/710/26 570/711/116 576/712/116 572/713/116 569/714/116 307/281/25 147/287/26
f 678/715/117 684/716/118 879/717/118 880/718/119
f 595/719/120 603/720/120 599/721/120 594/722/120 342/723/27 149/291/27 309/295/28
f 310/293/28 309/295/28 311/176/29 312/297/29
f 151/724/30 618/725/121 624/726/121 620/727/121 617/728/121 311/176/29 344/164/30
f 438/729/122 444/730/123 799/731/123 800/732/124
f 643/733/125 651/734/125 647/735/125 642/736/125 153/737/31 346/156/31 313/148/32
f 314/152/32 313/148/32 315/138/33 316/144/33
f 155/738/34 666/739/126 672/740/126 668/741/126 665/742/126 315/138/33 348/126/34
f 689/743/127 703/744/128 888/745/128 881/746/127
f 691/747/129 699/748/129 695/749/129 690/750/129 157/751/35 350/108/35 317/107/36
f 318/120/36 317/107/36 319/274/37 320/271/37
f 352/752/38 714/753/130 720/754/130 716/755/130 713/756/130 319/274/37 159/280/38
f 426/669/131 328/668/2 743/757/2 793/758/132
f 571/759/133 579/760/134 843/761/134 844/762/133
f 327/763/1 438/729/122 800/732/124 744/764/1
f 615/688/110 611/765/135 854/766/135 855/689/110
f 666/739/136 155/738/2 763/767/2 873/768/137
f 375/702/114 371/769/138 774/770/138 775/703/114
f 642/736/139 648/771/140 867/772/140 868/773/141
f 402/666/142 408/774/143 787/775/143 788/776/144
f 684/716/118 680/777/145 878/778/145 879/717/118
f 444/730/123 440/779/146 798/780/146 799/731/123
f 156/781/1 678/715/117 880/718/119 764/782/1
f 437/783/147 427/784/148 796/785/148 797/786/147
f 611/765/135 606/787/149 853/788/150 854/766/135
f 371/769/138 366/789/151 773/790/152 774/770/138
f 579/760/134 575/791/153 842/792/153 843/761/134
f 677/793/154 667/794/155 876/795/155 877/796/154
f 648/771/140 644/797/156 866/798/156 867/772/140
f 377/658/100 381/799/100 386/800/100 379/801/100 389/802/100 393/803/100 398/804/100 391/805/100 292/111/9 291/100/9
f 129/806/7 366/789/99 372/807/99 368/808/99 365/809/99 290/128/8 321/140/7
f 413/810/103 417/811/103 422/812/103 415/813/103 401/814/103 405/815/103 410/816/103 403/663/103 293/282/12 294/279/12
f 391/805/100 399/817/100 395/818/100 390/819/100 323/820/10 132/112/10 292/111/9
f 323/820/10 325/821/11 134/273/11 132/112/10
f 326/667/11 324/654/10 131/99/10 133/276/11
f 425/672/104 429/822/104 434/823/104 427/784/104 437/783/104 441/824/104 446/825/104 439/826/104 296/285/13 295/288/13
f 325/821/11 414/827/103 420/828/103 416/829/103 413/810/103 294/279/12 134/273/11
f 461/830/107 465/831/107 470/832/107 463/674/107 449/673/107 453/833/107 458/834/107 451/677/107 297/174/16 298/298/16
f 439/826/104 447/835/104 443/836/104 438/729/104 327/763/14 136/290/14 296/285/13
f 327/763/14 329/837/15 138/294/15 136/290/14
f 330/681/15 328/668/14 135/292/14 137/296/15
f 473/686/108 477/838/108 482/839/108 475/840/108 485/841/108 489/842/108 494/843/108 487/844/108 300/166/17 299/162/17
f 329/837/15 462/845/107 468/846/107 464/847/107 461/830/107 298/298/16 138/294/15
f 509/848/111 513/849/111 518/850/111 511/851/111 497/852/111 501/853/111 506/854/111 499/691/111 301/136/20 302/142/20
f 487/844/108 495/855/108 491/856/108 486/857/108 140/858/18 331/158/18 300/166/17
f 140/858/18 142/859/19 333/150/19 331/158/18
f 141/695/19 139/682/18 332/154/18 334/146/19
f 521/700/112 525/860/112 530/861/112 523/862/112 533/863/112 537/864/112 542/865/112 535/866/112 304/130/21 303/124/21
f 142/859/19 510/867/111 516/868/111 512/869/111 509/848/111 302/142/20 333/150/19
f 557/870/115 561/871/115 566/872/115 559/873/115 545/660/115 549/874/115 554/875/115 547/705/115 305/275/24 306/272/24
f 535/866/112 543/876/112 539/877/112 534/878/112 144/879/22 335/115/22 304/130/21
f 144/879/22 337/880/23 146/116/23 335/115/22
f 338/709/23 143/696/22 336/104/22 145/103/23
f 569/714/116 573/881/116 578/882/116 571/759/116 581/883/116 585/884/116 590/885/116 583/886/116 308/278/25 307/281/25
f 337/880/23 558/887/115 564/888/115 560/889/115 557/870/115 306/272/24 146/116/23
f 605/890/120 609/891/120 614/892/120 607/687/120 593/893/120 597/894/120 602/895/120 595/719/120 309/295/28 310/293/28
f 583/886/116 591/896/116 587/897/116 582/898/116 339/899/26 148/284/26 308/278/25
f 339/899/26 341/900/27 150/289/27 148/284/26
f 342/723/27 340/710/26 147/287/26 149/291/27
f 617/728/121 621/901/121 626/902/121 619/903/121 629/904/121 633/905/121 638/906/121 631/907/121 312/297/29 311/176/29
f 341/900/27 606/787/120 612/908/120 608/909/120 605/890/120 310/293/28 150/289/27
f 653/910/125 657/911/125 662/912/125 655/913/125 641/914/125 645/915/125 650/916/125 643/733/125 313/148/32 314/152/32
f 631/907/121 639/917/121 635/918/121 630/919/121 152/920/30 343/168/30 312/297/29
f 152/920/30 154/921/31 345/160/31 343/168/30
f 153/737/31 151/724/30 344/164/30 346/156/31
f 665/742/126 669/922/126 674/923/126 667/794/126 677/793/126 681/924/126 686/925/126 679/926/126 316/144/33 315/138/33
f 154/921/31 654/927/125 660/928/125 656/929/125 653/910/125 314/152/32 345/160/31
f 701/930/129 705/931/129 710/932/129 703/744/129 689/743/129 693/933/129 698/934/129 691/747/129 317/107/36 318/120/36
f 679/926/126 687/935/126 683/936/126 678/715/126 156/781/34 347/132/34 316/144/33
f 156/781/34 158/937/35 349/119/35 347/132/34
f 157/751/35 155/738/34 348/126/34 350/108/35
f 713/756/130 717/938/130 722/939/130 715/940/130 725/941/130 729/942/130 734/943/130 727/944/130 320/271/37 319/274/37
f 158/937/35 702/945/129 708/946/129 704/947/129 701/930/129 318/120/36 349/119/35
f 727/944/130 735/948/130 731/949/130 726/950/130 351/951/38 160/277/38 320/271/37
f 351/951/38 129/952/7 321/283/7 160/277/38
f 130/953/7 352/752/38 159/280/38 322/286/7
f 353/954/99 356/955/99 358/956/99 357/957/99
f 356/955/99 360/958/99 361/959/99 358/956/99
f 354/652/99 359/651/99 361/959/99 360/958/99
f 359/651/99 363/650/99 364/960/99 361/959/99
f 355/649/99 362/961/99 364/960/99 363/650/99
f 362/961/99 357/957/99 358/956/99 364/960/99
f 358/962/99 361/963/99 364/964/99
f 365/809/99 368/808/99 370/965/99 369/966/99
f 368/808/99 372/807/99 373/967/99 370/965/99
f 366/789/99 371/769/99 373/967/99 372/807/99
f 371/769/99 375/702/99 376/968/99 373/967/99
f 367/701/99 374/969/99 376/968/99 375/702/99
f 374/969/99 369/966/99 370/965/99 376/968/99
f 370/970/99 373/971/99 376/972/99
f 377/658/100 380/657/100 382/973/100 381/799/100
f 380/657/100 384/656/100 385/974/100 382/973/100
f 378/655/100 383/975/100 385/974/100 384/656/100
f 383/975/100 387/976/100 388/977/100 385/974/100
f 379/801/100 386/800/100 388/977/100 387/976/100
f 386/800/100 381/799/100 382/973/100 388/977/100
f 382/978/100 385/979/100 388/980/100
f 389/802/100 392/981/100 394/982/100 393/803/100
f 392/981/100 396/983/100 397/984/100 394/982/100
f 390/819/100 395/818/100 397/984/100 396/983/100
f 395/818/100 399/817/100 400/985/100 397/984/100
f 391/805/100 398/804/100 400/985/100 399/817/100
f 398/804/100 393/803/100 394/982/100 400/985/100
f 394/986/100 397/987/100 400/988/100
f 401/814/103 404/989/103 406/990/103 405/815/103
f 404/989/103 408/774/103 409/991/103 406/990/103
f 402/666/103 407/665/103 409/991/103 408/774/103
f 407/665/103 411/664/103 412/992/103 409/991/103
f 403/663/103 410/816/103 412/992/103 411/664/103
f 410/816/103 405/815/103 406/990/103 412/992/103
f 406/993/103 409/994/103 412/995/103
f 413/810/103 416/829/103 418/996/103 417/811/103
f 416/829/103 420/828/103 421/997/103 418/996/103
f 414/827/103 419/998/103 421/997/103 420/828/103
f 419/998/103 423/999/103 424/1000/103 421/997/103
f 415/813/103 422/812/103 424/1000/103 423/999/103
f 422/812/103 417/811/103 418/996/103 424/1000/103
f 418/1001/103 421/1002/103 424/1003/103
f 425/672/104 428/671/104 430/1004/104 429/822/104
f 428/671/104 432/670/104 433/1005/104 430/1004/104
f 426/669/104 431/1006/104 433/1005/104 432/670/104
f 431/1006/104 435/1007/104 436/1008/104 433/1005/104
f 427/784/104 434/823/104 436/1008/104 435/1007/104
f 434/823/104 429/822/104 430/1004/104 436/1008/104
f 430/1009/104 433/1010/104 436/1011/104
f 437/783/104 440/779/104 442/1012/104 441/824/104
f 440/779/104 444/730/104 445/1013/104 442/1012/104
f 438/729/104 443/836/104 445/1013/104 444/730/104
f 443/836/104 447/835/104 448/1014/104 445/1013/104
f 439/826/104 446/825/104 448/1014/104 447/835/104
f 446/825/104 441/824/104 442/1012/104 448/1014/104
f 442/1015/104 445/1016/104 448/1017/104
f 449/673/107 452/1018/107 454/1019/107 453/833/107
f 452/1018/107 456/1020/107 457/1021/107 454/1019/107
f 450/680/107 455/679/107 457/1021/107 456/1020/107
f 455/679/107 459/678/107 460/1022/107 457/1021/107
f 451/677/107 458/834/107 460/1022/107 459/678/107
f 458/834/107 453/833/107 454/1019/107 460/1022/107
f 454/1023/107 457/1024/107 460/1025/107
f 461/830/107 464/847/107 466/1026/107 465/831/107
f 464/847/107 468/846/107 469/1027/107 466/1026/107
f 462/845/107 467/1028/107 469/1027/107 468/846/107
f 467/1028/107 471/1029/107 472/1030/107 469/1027/107
f 463/674/107 470/832/107 472/1030/107 471/1029/107
f 470/832/107 465/831/107 466/1026/107 472/1030/107
f 466/1031/107 469/1032/107 472/1033/107
f 473/686/108 476/685/108 478/1034/108 477/838/108
f 476/685/108 480/684/108 481/1035/108 478/1034/108
f 474/683/108 479/1036/108 481/1035/108 480/684/108
f 479/1036/108 483/1037/108 484/1038/108 481/1035/108
f 475/840/108 482/839/108 484/1038/108 483/1037/108
f 482/839/108 477/838/108 478/1034/108 484/1038/108
f 478/1039/108 481/1040/108 484/1041/108
f 485/841/108 488/1042/108 490/1043/108 489/842/108
f 488/1042/108 492/1044/108 493/1045/108 490/1043/108
f 486/857/108 491/856/108 493/1045/108 492/1044/108
f 491/856/108 495/855/108 496/1046/108 493/1045/108
f 487/844/108 494/843/108 496/1046/108 495/855/108
f 494/843/108 489/842/108 490/1043/108 496/1046/108
f 490/1047/108 493/1048/108 496/1049/108
f 497/852/111 500/1050/111 502/1051/111 501/853/111
f 500/1050/111 504/1052/111 505/1053/111 502/1051/111
f 498/694/111 503/693/111 505/1053/111 504/1052/111
f 503/693/111 507/692/111 508/1054/111 505/1053/111
f 499/691/111 506/854/111 508/1054/111 507/692/111
f 506/854/111 501/853/111 502/1051/111 508/1054/111
f 502/1055/111 505/1056/111 508/1057/111
f 509/848/111 512/869/111 514/1058/111 513/849/111
f 512/869/111 516/868/111 517/1059/111 514/1058/111
f 510/867/111 515/1060/111 517/1059/111 516/868/111
f 515/1060/111 519/1061/111 520/1062/111 517/1059/111
f 511/851/111 518/850/111 520/1062/111 519/1061/111
f 518/850/111 513/849/111 514/1058/111 520/1062/111
f 514/1063/111 517/1064/111 520/1065/111
f 521/700/112 524/699/112 526/1066/112 525/860/112
f 524/699/112 528/698/112 529/1067/112 526/1066/112
f 522/697/112 527/1068/112 529/1067/112 528/698/112
f 527/1068/112 531/1069/112 532/1070/112 529/1067/112
f 523/862/112 530/861/112 532/1070/112 531/1069/112
f 530/861/112 525/860/112 526/1066/112 532/1070/112
f 526/1071/112 529/1072/112 532/1073/112
f 533/863/112 536/1074/112 538/1075/112 537/864/112
f 536/1074/112 540/1076/112 541/1077/112 538/1075/112
f 534/878/112 539/877/112 541/1077/112 540/1076/112
f 539/877/112 543/876/112 544/1078/112 541/1077/112
f 535/866/112 542/865/112 544/1078/112 543/876/112
f 542/865/112 537/864/112 538/1075/112 544/1078/112
f 538/1079/112 541/1080/112 544/1081/112
f 545/660/115 548/659/115 550/1082/115 549/874/115
f 548/659/115 552/1083/115 553/1084/115 550/1082/115
f 546/708/115 551/707/115 553/1084/115 552/1083/115
f 551/707/115 555/706/115 556/1085/115 553/1084/115
f 547/705/115 554/875/115 556/1085/115 555/706/115
f 554/875/115 549/874/115 550/1082/115 556/1085/115
f 550/1086/115 553/1087/115 556/1088/115
f 557/870/115 560/889/115 562/1089/115 561/871/115
f 560/889/115 564/888/115 565/1090/115 562/1089/115
f 558/887/115 563/1091/115 565/1090/115 564/888/115
f 563/1091/115 567/1092/115 568/1093/115 565/1090/115
f 559/873/115 566/872/115 568/1093/115 567/1092/115
f 566/872/115 561/871/115 562/1089/115 568/1093/115
f 562/1094/115 565/1095/115 568/1096/115
f 569/714/116 572/713/116 574/1097/116 573/881/116
f 572/713/116 576/712/116 577/1098/116 574/1097/116
f 570/711/116 575/791/116 577/1098/116 576/712/116
f 575/791/116 579/760/116 580/1099/116 577/1098/116
f 571/759/116 578/882/116 580/1099/116 579/760/116
f 578/882/116 573/881/116 574/1097/116 580/1099/116
f 574/1100/116 577/1101/116 580/1102/116
f 581/883/116 584/1103/116 586/1104/116 585/884/116
f 584/1103/116 588/1105/116 589/1106/116 586/1104/116
f 582/898/116 587/897/116 589/1106/116 588/1105/116
f 587/897/116 591/896/116 592/1107/116 589/1106/116
f 583/886/116 590/885/116 592/1107/116 591/896/116
f 590/885/116 585/884/116 586/1104/116 592/1107/116
f 586/1108/116 589/1109/116 592/1110/116
f 593/893/120 596/1111/120 598/1112/120 597/894/120
f 596/1111/120 600/1113/120 601/1114/120 598/1112/120
f 594/722/120 599/721/120 601/1114/120 600/1113/120
f 599/721/120 603/720/120 604/1115/120 601/1114/120
f 595/719/120 602/895/120 604/1115/120 603/720/120
f 602/895/120 597/894/120 598/1112/120 604/1115/120
f 598/1116/120 601/1117/120 604/1118/120
f 605/890/120 608/909/120 610/1119/120 609/891/120
f 608/909/120 612/908/120 613/1120/120 610/1119/120
f 606/787/120 611/765/120 613/1120/120 612/908/120
f 611/765/120 615/688/120 616/1121/120 613/1120/120
f 607/687/120 614/892/120 616/1121/120 615/688/120
f 614/892/120 609/891/120 610/1119/120 616/1121/120
f 610/1122/120 613/1123/120 616/1124/120
f 617/728/121 620/727/121 622/1125/121 621/901/121
f 620/727/121 624/726/121 625/1126/121 622/1125/121
f 618/725/121 623/1127/121 625/1126/121 624/726/121
f 623/1127/121 627/1128/121 628/1129/121 625/1126/121
f 619/903/121 626/902/121 628/1129/121 627/1128/121
f 626/902/121 621/901/121 622/1125/121 628/1129/121
f 622/1130/121 625/1131/121 628/1132/121
f 629/904/121 632/1133/121 634/1134/121 633/905/121
f 632/1133/121 636/1135/121 637/1136/121 634/1134/121
f 630/919/121 635/918/121 637/1136/121 636/1135/121
f 635/918/121 639/917/121 640/1137/121 637/1136/121
f 631/907/121 638/906/121 640/1137/121 639/917/121
f 638/906/121 633/905/121 634/1134/121 640/1137/121
f 634/1138/121 637/1139/121 640/1140/121
f 641/914/125 644/797/125 646/1141/125 645/915/125
f 644/797/125 648/771/125 649/1142/125 646/1141/125
f 642/736/125 647/735/125 649/1142/125 648/771/125
f 647/735/125 651/734/125 652/1143/125 649/1142/125
f 643/733/125 650/916/125 652/1143/125 651/734/125
f 650/916/125 645/915/125 646/1141/125 652/1143/125
f 646/1144/125 649/1145/125 652/1146/125
f 653/910/125 656/929/125 658/1147/125 657/911/125
f 656/929/125 660/928/125 661/1148/125 658/1147/125
f 654/927/125 659/1149/125 661/1148/125 660/928/125
f 659/1149/125 663/1150/125 664/1151/125 661/1148/125
f 655/913/125 662/912/125 664/1151/125 663/1150/125
f 662/912/125 657/911/125 658/1147/125 664/1151/125
f 658/1152/125 661/1153/125 664/1154/125
f 665/742/126 668/741/126 670/1155/126 669/922/126
f 668/741/126 672/740/126 673/1156/126 670/1155/126
f 666/739/126 671/1157/126 673/1156/126 672/740/126
f 671/1157/126 675/1158/126 676/1159/126 673/1156/126
f 667/794/126 674/923/126 676/1159/126 675/1158/126
f 674/923/126 669/922/126 670/1155/126 676/1159/126
f 670/1160/126 673/1161/126 676/1162/126
f 677/793/126 680/777/126 682/1163/126 681/924/126
f 680/777/126 684/716/126 685/1164/126 682/1163/126
f 678/715/126 683/936/126 685/1164/126 684/716/126
f 683/936/126 687/935/126 688/1165/126 685/1164/126
f 679/926/126 686/925/126 688/1165/126 687/935/126
f 686/925/126 681/924/126 682/1163/126 688/1165/126
f 682/1166/126 685/1167/126 688/1168/126
f 689/743/129 692/1169/129 694/1170/129 693/933/129
f 692/1169/129 696/1171/129 697/1172/129 694/1170/129
f 690/750/129 695/749/129 697/1172/129 696/1171/129
f 695/749/129 699/748/129 700/1173/129 697/1172/129
f 691/747/129 698/934/129 700/1173/129 699/748/129
f 698/934/129 693/933/129 694/1170/129 700/1173/129
f 694/1174/129 697/1175/129 700/1176/129
f 701/930/129 704/947/129 706/1177/129 705/931/129
f 704/947/129 708/946/129 709/1178/129 706/1177/129
f 702/945/129 707/1179/129 709/1178/129 708/946/129
f 707/1179/129 711/1180/129 712/1181/129 709/1178/129
f 703/744/129 710/932/129 712/1181/129 711/1180/129
f 710/932/129 705/931/129 706/1177/129 712/1181/129
f 706/1182/129 709/1183/129 712/1184/129
f 713/756/130 716/755/130 718/1185/130 717/938/130
f 716/755/130 720/754/130 721/1186/130 718/1185/130
f 714/753/130 719/1187/130 721/1186/130 720/754/130
f 719/1187/130 723/1188/130 724/1189/130 721/1186/130
f 715/940/130 722/939/130 724/1189/130 723/1188/130
f 722/939/130 717/938/130 718/1185/130 724/1189/130
f 718/1190/130 721/1191/130 724/1192/130
f 725/941/130 728/1193/130 730/1194/130 729/942/130
f 728/1193/130 732/1195/130 733/1196/130 730/1194/130
f 726/950/130 731/949/130 733/1196/130 732/1195/130
f 731/949/130 735/948/130 736/1197/130 733/1196/130
f 727/944/130 734/943/130 736/1197/130 735/948/130
f 734/943/130 729/942/130 730/1194/130 736/1197/130
f 730/1198/130 733/1199/130 736/1200/130
f 365/809/99 369/966/99 374/969/99 367/701/99 353/954/99 357/957/99 362/961/99 355/649/99 289/122/8 290/128/8
f 702/945/157 158/937/1 766/1201/1 885/1202/158
f 157/751/2 690/750/159 884/1203/160 765/1204/2
f 462/845/161 329/837/1 746/1205/1 805/1206/162
f 479/1036/163 474/683/164 809/1207/165 810/1208/163
f 719/1187/166 714/753/167 889/1209/168 890/1210/166
f 330/681/2 450/680/169 804/1211/170 745/1212/2
f 584/1103/171 581/883/172 845/1213/172 846/1214/171
f 552/1083/173 548/659/101 834/662/101 835/1215/173
f 725/941/174 715/940/175 892/1216/175 893/1217/174
f 483/1037/176 479/1036/163 810/1208/163 811/1218/176
f 723/1188/177 719/1187/166 890/1210/166 891/1219/177
f 515/1060/178 510/867/179 821/1220/180 822/1221/178
f 485/841/181 475/840/182 812/1222/182 813/1223/181
f 351/951/1 726/950/183 896/1224/184 768/1225/1
f 588/1105/185 584/1103/171 846/1214/171 847/1226/185
f 546/708/186 552/1083/173 835/1215/173 836/1227/187
f 714/753/167 352/752/2 767/1228/2 889/1209/168
f 519/1061/188 515/1060/178 822/1221/178 823/1229/188
f 140/858/1 486/857/189 816/1230/190 748/1231/1
f 475/840/182 483/1037/176 811/1218/176 812/1222/182
f 715/940/175 723/1188/177 891/1219/177 892/1216/175
f 474/683/164 139/682/2 747/1232/2 809/1207/165
f 582/898/191 588/1105/185 847/1226/185 848/1233/192
f 511/851/193 519/1061/188 823/1229/188 824/1234/193
f 497/852/194 511/851/193 824/1234/193 817/1235/194
f 452/1018/195 449/673/105 801/676/105 802/1236/195
f 692/1169/196 689/743/127 881/746/127 882/1237/196
f 510/867/179 142/859/1 750/1238/1 821/1220/180
f 383/975/197 378/655/198 777/1239/199 778/1240/197
f 623/1127/200 618/725/201 857/1241/202 858/1242/200
f 141/695/2 498/694/203 820/1243/204 749/1244/2
f 488/1042/205 485/841/181 813/1223/181 814/1245/205
f 728/1193/206 725/941/174 893/1217/174 894/1246/206
f 456/1020/207 452/1018/195 802/1236/195 803/1247/207
f 696/1171/208 692/1169/196 882/1237/196 883/1248/208
f 387/976/209 383/975/197 778/1240/197 779/1249/209
f 627/1128/210 623/1127/200 858/1242/200 859/1250/210
f 533/863/211 523/862/212 828/1251/212 829/1252/211
f 419/998/213 414/827/214 789/1253/215 790/1254/213
f 659/1149/216 654/927/217 869/1255/218 870/1256/216
f 492/1044/219 488/1042/205 814/1245/205 815/1257/219
f 732/1195/220 728/1193/206 894/1246/206 895/1258/220
f 450/680/169 456/1020/207 803/1247/207 804/1211/170
f 690/750/159 696/1171/208 883/1248/208 884/1203/160
f 144/879/1 534/878/221 832/1259/222 752/1260/1
f 423/999/223 419/998/213 790/1254/213 791/1261/223
f 663/1150/224 659/1149/216 870/1256/216 871/1262/224
f 379/801/225 387/976/209 779/1249/209 780/1263/225
f 619/903/226 627/1128/210 859/1250/210 860/1264/226
f 522/697/227 143/696/2 751/1265/2 825/1266/228
f 486/857/189 492/1044/219 815/1257/219 816/1230/190
f 726/950/183 732/1195/220 895/1258/220 896/1224/184
f 545/660/102 559/873/229 840/1267/229 833/661/102
f 415/813/230 423/999/223 791/1261/223 792/1268/230
f 655/913/231 663/1150/224 871/1262/224 872/1269/231
f 356/955/232 353/954/233 769/1270/233 770/1271/232
f 596/1111/234 593/893/235 849/1272/235 850/1273/234
f 558/887/236 337/880/1 754/1274/1 837/1275/237
f 527/1068/238 522/697/227 825/1266/228 826/1276/238
f 338/709/2 546/708/186 836/1227/187 753/1277/2
f 325/821/1 323/820/1 740/1278/1 742/1279/1
f 392/981/239 389/802/240 781/1280/240 782/1281/239
f 632/1133/241 629/904/242 861/1282/242 862/1283/241
f 360/958/243 356/955/232 770/1271/232 771/1284/243
f 600/1113/244 596/1111/234 850/1273/234 851/1285/244
f 324/654/2 326/667/2 741/1286/2 739/1287/2
f 531/1069/245 527/1068/238 826/1276/238 827/1288/245
f 581/883/172 571/759/133 844/762/133 845/1213/172
f 329/837/1 327/763/1 744/764/1 746/1205/1
f 563/1091/246 558/887/236 837/1275/237 838/1289/246
f 328/668/2 330/681/2 745/1212/2 743/757/2
f 396/983/247 392/981/239 782/1281/239 783/1290/247
f 636/1135/248 632/1133/241 862/1283/241 863/1291/248
f 354/652/249 360/958/243 771/1284/243 772/1292/250
f 339/899/1 582/898/191 848/1233/192 756/1293/1
f 594/722/251 600/1113/244 851/1285/244 852/1294/252
f 142/859/1 140/858/1 748/1231/1 750/1238/1
f 567/1092/253 563/1091/246 838/1289/246 839/1295/253
f 523/862/212 531/1069/245 827/1288/245 828/1251/212
f 570/711/254 340/710/2 755/1296/2 841/1297/255
f 139/682/2 141/695/2 749/1244/2 747/1232/2
f 337/880/1 144/879/1 752/1260/1 754/1274/1
f 390/819/256 396/983/247 783/1290/247 784/1298/257
f 630/919/258 636/1135/248 863/1291/248 864/1299/259
f 593/893/235 607/687/109 856/690/109 849/1272/235
f 143/696/2 338/709/2 753/1277/2 751/1265/2
f 559/873/229 567/1092/253 839/1295/253 840/1267/229
f 341/900/1 339/899/1 756/1293/1 758/1300/1
f 500/1050/260 497/852/194 817/1235/194 818/1301/260
f 353/954/233 367/701/113 776/704/113 769/1270/233
f 606/787/149 341/900/1 758/1300/1 853/788/150
f 340/710/2 342/723/2 757/1302/2 755/1296/2
f 342/723/2 594/722/251 852/1294/252 757/1302/2
f 431/1006/261 426/669/131 793/758/132 794/1303/261
f 154/921/1 152/920/1 760/1304/1 762/1305/1
f 671/1157/262 666/739/136 873/768/137 874/1306/262
f 366/789/151 129/806/1 737/1307/1 773/790/152
f 536/1074/263 533/863/211 829/1252/211 830/1308/263
f 151/724/2 153/737/2 761/1309/2 759/1310/2
f 504/1052/264 500/1050/260 818/1301/260 819/1311/264
f 130/653/2 354/652/249 772/1292/250 738/1312/2
f 629/904/242 619/903/226 860/1264/226 861/1282/242
f 435/1007/265 431/1006/261 794/1303/261 795/1313/265
f 158/937/1 156/781/1 764/782/1 766/1201/1
f 675/1158/266 671/1157/262 874/1306/262 875/1314/266
f 467/1028/267 462/845/161 805/1206/162 806/1315/267
f 707/1179/268 702/945/157 885/1202/158 886/1316/268
f 155/738/2 157/751/2 765/1204/2 763/767/2
f 389/802/240 379/801/225 780/1263/225 781/1280/240
f 540/1076/269 536/1074/263 830/1308/263 831/1317/269
f 152/920/1 630/919/258 864/1299/259 760/1304/1
f 129/952/1 351/951/1 768/1225/1 737/1318/1
f 498/694/203 504/1052/264 819/1311/264 820/1243/204
f 471/1029/270 467/1028/267 806/1315/267 807/1319/270
f 711/1180/271 707/1179/268 886/1316/268 887/1320/271
f 618/725/201 151/724/2 759/1310/2 857/1241/202
f 427/784/148 435/1007/265 795/1313/265 796/785/148
f 352/752/2 130/953/2 738/1321/2 767/1228/2
f 667/794/155 675/1158/266 875/1314/266 876/795/155
f 323/820/1 390/819/256 784/1298/257 740/1278/1
f 378/655/198 324/654/2 739/1287/2 777/1239/199
f 534/878/221 540/1076/269 831/1317/269 832/1259/222
f 641/914/272 655/913/231 872/1269/231 865/1322/272
f 463/674/106 471/1029/270 807/1319/270 808/675/106
f 703/744/128 711/1180/271 887/1320/271 888/745/128
f 401/814/273 415/813/230 792/1268/230 785/1323/273
f 404/989/274 401/814/273 785/1323/273 786/1324/274
f 644/797/156 641/914/272 865/1322/272 866/798/156
f 654/927/217 154/921/1 762/1305/1 869/1255/218
f 153/737/2 642/736/139 868/773/141 761/1309/2
f 414/827/214 325/821/1 742/1279/1 789/1253/215
f 575/791/153 570/711/254 841/1297/255 842/792/153
f 440/779/146 437/783/147 797/786/147 798/780/146
f 680/777/145 677/793/154 877/796/154 878/778/145
f 326/667/2 402/666/142 788/776/144 741/1286/2
f 408/774/143 404/989/274 786/1324/274 787/775/143
usemtl Light
f 740/1278/275 739/1287/275 741/1286/276 742/1279/276
f 744/764/277 743/757/277 745/1212/278 746/1205/278
f 748/1231/279 747/1232/279 749/1244/280 750/1238/280
f 752/1260/281 751/1265/281 753/1277/282 754/1274/282
f 756/1293/283 755/1296/283 757/1302/284 758/1300/284
f 760/1304/285 759/1310/285 761/1309/286 762/1305/286
f 764/782/287 763/767/287 765/1204/288 766/1201/288
f 768/1225/289 767/1228/289 738/1321/290 737/1318/290
f 737/1307/290 738/1312/290 772/1292/291 771/1284/291 770/1271/291 769/1270/291 776/704/291 775/703/291 774/770/291 773/790/291
f 784/1298/292 783/1290/292 782/1281/292 781/1280/292 780/1263/292 779/1249/292 778/1240/292 777/1239/292 739/1287/275 740/1278/275
f 742/1279/276 741/1286/276 788/776/293 787/775/293 786/1324/293 785/1323/293 792/1268/293 791/1261/293 790/1254/293 789/1253/293
f 800/732/294 799/731/294 798/780/294 797/786/294 796/785/294 795/1313/294 794/1303/294 793/758/294 743/757/277 744/764/277
f 746/1205/278 745/1212/278 804/1211/295 803/1247/295 802/1236/295 801/676/295 808/675/295 807/1319/295 806/1315/295 805/1206/295
f 816/1230/296 815/1257/296 814/1245/296 813/1223/296 812/1222/296 811/1218/296 810/1208/296 809/1207/296 747/1232/279 748/1231/279
f 750/1238/280 749/1244/280 820/1243/297 819/1311/297 818/1301/297 817/1235/297 824/1234/297 823/1229/297 822/1221/297 821/1220/297
f 832/1259/298 831/1317/298 830/1308/298 829/1252/298 828/1251/298 827/1288/298 826/1276/298 825/1266/298 751/1265/281 752/1260/281
f 754/1274/282 753/1277/282 836/1227/299 835/1215/299 834/662/299 833/661/299 840/1267/299 839/1295/299 838/1289/299 837/1275/299
f 848/1233/300 847/1226/300 846/1214/300 845/1213/300 844/762/300 843/761/300 842/792/300 841/1297/300 755/1296/283 756/1293/283
f 758/1300/284 757/1302/284 852/1294/301 851/1285/301 850/1273/301 849/1272/301 856/690/301 855/689/301 854/766/301 853/788/301
f 864/1299/302 863/1291/302 862/1283/302 861/1282/302 860/1264/302 859/1250/302 858/1242/302 857/1241/302 759/1310/285 760/1304/285
f 762/1305/286 761/1309/286 868/773/303 867/772/303 866/798/303 865/1322/303 872/1269/303 871/1262/303 870/1256/303 869/1255/303
f 880/718/304 879/717/304 878/778/304 877/796/304 876/795/304 875/1314/304 874/1306/304 873/768/304 763/767/287 764/782/287
f 766/1201/288 765/1204/288 884/1203/305 883/1248/305 882/1237/305 881/746/305 888/745/305 887/1320/305 886/1316/305 885/1202/305
f 896/1224/306 895/1258/306 894/1246/306 893/1217/306 892/1216/306 891/1219/306 890/1210/306 889/1209/306 767/1228/289 768/1225/289
f 1122/566/1 1121/644/1 1089/527/1 1090/533/1
f 1121/644/1 1123/647/1 1091/528/1 1089/527/1
f 1123/647/1 1124/575/1 1092/622/1 1091/528/1
f 1124/575/1 1125/570/1 1093/625/1 1092/622/1
f 1125/570/1 1126/563/1 1094/628/1 1093/625/1
f 1126/563/1 1127/560/1 1095/630/1 1094/628/1
f 1127/560/1 1128/557/1 1096/632/1 1095/630/1
f 1128/557/1 1129/554/1 1097/634/1 1096/632/1
f 1129/554/1 1130/551/1 1098/636/1 1097/634/1
f 1130/551/1 1131/548/1 1099/638/1 1098/636/1
f 1131/548/1 1132/545/1 1100/640/1 1099/638/1
f 1132/545/1 1133/542/1 1101/642/1 1100/640/1
f 1133/542/1 1134/539/1 1102/645/1 1101/642/1
f 1134/539/1 1135/536/1 1103/648/1 1102/645/1
f 1135/536/1 1136/532/1 1104/573/1 1103/648/1
f 1136/532/1 1137/526/1 1105/568/1 1104/573/1
f 1137/526/1 1138/525/1 1106/561/1 1105/568/1
f 1138/525/1 1139/623/1 1107/558/1 1106/561/1
f 1139/623/1 1140/626/1 1108/555/1 1107/558/1
f 1140/626/1 1141/629/1 1109/552/1 1108/555/1
f 1141/629/1 1142/631/1 1110/549/1 1109/552/1
f 1142/631/1 1143/633/1 1111/546/1 1110/549/1
f 1143/633/1 1144/635/1 1112/543/1 1111/546/1
f 1144/635/1 1145/637/1 1113/540/1 1112/543/1
f 1145/637/1 1146/639/1 1114/537/1 1113/540/1
f 1146/639/1 1147/641/1 1115/534/1 1114/537/1
f 1147/641/1 1148/643/1 1116/529/1 1115/534/1
f 1148/643/1 1149/646/1 1117/530/1 1116/529/1
f 1149/646/1 1150/577/1 1118/621/1 1117/530/1
f 1150/577/1 1151/572/1 1119/624/1 1118/621/1
f 1151/572/1 1152/567/1 1120/627/1 1119/624/1
f 1152/567/1 1122/566/1 1090/533/1 1120/627/1
o Cube.001_Cube.008
v -1.097670 -18.160824 0.041636
v -1.290343 -18.160780 -0.000000
v -0.905041 -18.160872 -0.000000
v -1.097670 -18.160824 -0.041636
v -7.001503 -0.366577 -0.000000
v -7.188992 -0.366577 -0.040525
v -7.376481 -0.366577 -0.000000
v -7.188992 -0.366577 0.040525
v -4.896564 -7.815789 0.214144
v -2.066821 -13.518757 0.214144
v -4.326677 -8.278652 0.214144
v -3.813609 -8.851814 0.214144
v -3.292878 -9.532042 0.214144
v -2.776246 -10.293196 0.214144
v -2.377819 -11.106024 0.214144
v -2.209807 -11.939289 0.214144
v -2.106346 -12.760971 0.214144
v -3.057568 -13.518757 -0.000000
v -5.887311 -7.815789 -0.000000
v -3.097091 -12.760971 -0.000000
v -3.200553 -11.939289 -0.000000
v -3.368564 -11.106024 -0.000000
v -3.766991 -10.293196 -0.000000
v -4.283624 -9.532042 -0.000000
v -4.804355 -8.851814 -0.000000
v -5.317422 -8.278652 -0.000000
v -2.066821 -13.518757 -0.214144
v -4.896564 -7.815789 -0.214144
v -2.106345 -12.760971 -0.214144
v -2.209806 -11.939289 -0.214144
v -2.377818 -11.106024 -0.214144
v -2.776244 -10.293196 -0.214144
v -3.292878 -9.532042 -0.214144
v -3.813608 -8.851814 -0.214144
v -4.326676 -8.278652 -0.214144
v -1.076074 -13.518757 -0.000000
v -3.905818 -7.815789 -0.000000
v -1.115599 -12.760971 -0.000000
v -1.219060 -11.939289 -0.000000
v -1.387071 -11.106024 -0.000000
v -1.785498 -10.293196 -0.000000
v -2.302131 -9.532042 -0.000000
v -2.822862 -8.851814 -0.000000
v -3.335930 -8.278652 -0.000000
v -7.867884 -3.295494 0.214144
v -5.474710 -7.376586 0.214144
v -7.828359 -3.966852 0.214144
v -7.724899 -4.431799 0.214144
v -7.556887 -4.936297 0.214144
v -7.330781 -5.460958 0.214144
v -6.999991 -5.985618 0.214144
v -6.551440 -6.490116 0.214144
v -6.044598 -6.955063 0.214144
v -6.465456 -7.376586 -0.000000
v -8.858629 -3.295494 -0.000000
v -7.035344 -6.955063 -0.000000
v -7.542186 -6.490116 -0.000000
v -7.990737 -5.985618 -0.000000
v -8.321527 -5.460958 -0.000000
v -8.547633 -4.936297 -0.000000
v -8.715645 -4.431799 -0.000000
v -8.819105 -3.966852 -0.000000
v -5.474710 -7.376586 -0.214144
v -7.867884 -3.295494 -0.214144
v -6.044597 -6.955063 -0.214144
v -6.551439 -6.490116 -0.214144
v -6.999990 -5.985618 -0.214144
v -7.330781 -5.460958 -0.214144
v -7.556886 -4.936297 -0.214144
v -7.724898 -4.431799 -0.214144
v -7.828359 -3.966852 -0.214144
v -4.483963 -7.376586 -0.000000
v -6.877137 -3.295494 -0.000000
v -5.053851 -6.955063 -0.000000
v -5.560693 -6.490116 -0.000000
v -6.009244 -5.985618 -0.000000
v -6.340035 -5.460958 -0.000000
v -6.566140 -4.936297 -0.000000
v -6.734152 -4.431799 -0.000000
v -6.837614 -3.966852 -0.000000
v -2.054590 -14.135666 -0.212311
v -1.301592 -17.665720 -0.079849
v -1.991572 -14.955532 -0.200402
v -1.828784 -15.901249 -0.171706
v -1.583787 -16.846338 -0.128759
v -1.074238 -14.145233 -0.000000
v -0.933604 -17.656038 -0.000000
v -1.071761 -14.980724 -0.000000
v -1.043797 -15.900574 -0.000000
v -0.994220 -16.820236 -0.000000
v -1.671113 -17.665579 -0.000000
v -3.036859 -14.135660 -0.000000
v -2.178121 -16.856047 -0.000000
v -2.620949 -15.901365 -0.000000
v -2.916837 -14.945948 -0.000000
v -1.301592 -17.665720 0.079849
v -2.054590 -14.135666 0.212311
v -1.583787 -16.846338 0.128759
v -1.828784 -15.901249 0.171705
v -1.991572 -14.955532 0.200402
v -7.869374 -2.746844 0.205940
v -7.410902 -0.768875 0.088691
v -7.835424 -2.246434 0.191784
v -7.736374 -1.694814 0.164531
v -7.587302 -1.175964 0.128329
v -7.821233 -0.768875 -0.000000
v -8.822165 -2.746844 -0.000000
v -8.181022 -1.175964 -0.000000
v -8.497581 -1.694814 -0.000000
v -8.722722 -2.246434 -0.000000
v -7.000569 -0.768875 -0.000000
v -6.916582 -2.746844 -0.000000
v -6.993581 -1.175964 -0.000000
v -6.975166 -1.694814 -0.000000
v -6.948128 -2.246434 -0.000000
v -7.410902 -0.768875 -0.088691
v -7.869374 -2.746844 -0.205940
v -7.587302 -1.175964 -0.128329
v -7.736374 -1.694814 -0.164531
v -7.835424 -2.246434 -0.191784
vt 0.625000 0.750000
vt 0.625000 0.500000
vt 0.625000 0.500000
vt 0.625000 0.750000
vt 0.875000 0.500000
vt 0.875000 0.750000
vt 0.625000 1.000000
vt 0.625000 1.000000
vt 0.125000 0.500000
vt 0.375000 0.500000
vt 0.375000 0.750000
vt 0.125000 0.750000
vt 0.590503 0.500000
vt 0.601703 0.500000
vt 0.601703 0.750000
vt 0.590503 0.750000
vt 0.528003 0.750000
vt 0.534497 0.750000
vt 0.534497 1.000000
vt 0.528003 1.000000
vt 0.528003 0.500000
vt 0.534497 0.500000
vt 0.528003 0.250000
vt 0.534497 0.250000
vt 0.528003 0.000000
vt 0.534497 0.000000
vt 0.383164 0.500000
vt 0.383160 0.750000
vt 0.590503 0.000000
vt 0.601703 0.000000
vt 0.601703 0.250000
vt 0.590503 0.250000
vt 0.383164 1.000000
vt 0.375000 1.000000
vt 0.435929 0.000000
vt 0.443994 0.000000
vt 0.443994 0.250000
vt 0.435929 0.250000
vt 0.521482 1.012294
vt 0.521482 0.750000
vt 0.513095 1.048703
vt 0.513095 0.750000
vt 0.503164 1.107828
vt 0.503164 0.750000
vt 0.500000 1.000000
vt 0.500000 0.750000
vt 0.479828 1.054830
vt 0.479828 0.750000
vt 0.467558 1.024765
vt 0.467558 0.750000
vt 0.455458 1.006251
vt 0.455458 0.750000
vt 0.443994 1.000000
vt 0.443994 0.750000
vt 0.521482 0.487706
vt 0.513095 0.451297
vt 0.503164 0.392172
vt 0.500000 0.452355
vt 0.479828 0.445170
vt 0.467558 0.475235
vt 0.455458 0.493749
vt 0.443994 0.500000
vt 0.521482 0.250000
vt 0.513095 0.250000
vt 0.503164 0.250000
vt 0.500000 0.250000
vt 0.479828 0.250000
vt 0.467558 0.250000
vt 0.455458 0.250000
vt 0.521482 0.012294
vt 0.513095 0.048703
vt 0.503164 0.107828
vt 0.500000 0.095291
vt 0.479828 0.054830
vt 0.467558 0.024765
vt 0.455458 0.006251
vt 0.590503 1.000000
vt 0.584502 0.993749
vt 0.584502 0.750000
vt 0.577655 0.975235
vt 0.577655 0.750000
vt 0.570226 0.945170
vt 0.570226 0.750000
vt 0.562500 0.904709
vt 0.562500 0.750000
vt 0.554695 0.946086
vt 0.554695 0.750000
vt 0.547309 0.975649
vt 0.547309 0.750000
vt 0.540489 0.993853
vt 0.540489 0.750000
vt 0.584502 0.506251
vt 0.577655 0.524765
vt 0.570226 0.554830
vt 0.562500 0.547646
vt 0.554695 0.553914
vt 0.547309 0.524351
vt 0.540489 0.506147
vt 0.584502 0.250000
vt 0.577655 0.250000
vt 0.570226 0.250000
vt 0.562500 0.250000
vt 0.554695 0.250000
vt 0.547309 0.250000
vt 0.540489 0.250000
vt 0.584502 -0.006252
vt 0.577655 -0.024765
vt 0.570226 -0.054830
vt 0.562500 0.000000
vt 0.554695 -0.053914
vt 0.547309 -0.024351
vt 0.540489 -0.006147
vt 0.375000 0.000000
vt 0.383164 0.000000
vt 0.383168 0.250000
vt 0.375000 0.250000
vt 0.435929 0.750000
vt 0.435929 1.000000
vt 0.435929 0.500000
vt 0.423810 0.510408
vt 0.423810 0.250000
vt 0.409497 0.521062
vt 0.409497 0.250000
vt 0.395238 0.516501
vt 0.395226 0.250000
vt 0.423810 -0.009869
vt 0.409497 0.000000
vt 0.395223 -0.016671
vt 0.422737 0.750000
vt 0.409497 0.750000
vt 0.396352 0.750000
vt 0.423810 0.989052
vt 0.409497 0.957875
vt 0.395253 0.983668
vt 0.601703 1.000000
vt 0.625000 0.250000
vt 0.625000 0.250000
vt 0.625000 0.000000
vt 0.625000 0.250000
vt 0.625000 -0.019897
vt 0.625000 0.250000
vt 0.625000 0.000000
vt 0.611921 0.250000
vt 0.611921 -0.008786
vt 0.625000 0.519097
vt 0.625000 0.519319
vt 0.611920 0.509164
vt 0.625000 0.750000
vt 0.625000 0.750000
vt 0.611919 0.750000
vt 0.625000 0.981704
vt 0.625000 0.961363
vt 0.611919 0.990459
vt 0.625000 0.000000
vn 0.2113 0.0005 -0.9774
vn 0.0000 1.0000 0.0000
vn 0.2113 0.0005 0.9774
vn -0.0002 -1.0000 0.0000
vn 0.2112 0.0152 -0.9773
vn 0.2035 0.2679 0.9417
vn 0.2035 0.2679 -0.9417
vn -0.2035 -0.2679 -0.9417
vn -0.2035 -0.2679 0.9417
vn 0.2116 0.0118 -0.9773
vn -0.2112 0.0140 0.9773
vn 0.2116 0.0118 0.9773
vn -0.2113 -0.0071 0.9774
vn 0.2045 0.2517 0.9460
vn 0.2076 0.1858 0.9604
vn 0.2086 0.1597 0.9649
vn 0.2091 0.1419 0.9675
vn 0.2101 0.1030 0.9722
vn 0.2111 0.0426 0.9765
vn 0.2112 0.0266 0.9771
vn 0.2113 0.0110 0.9774
vn 0.2045 0.2517 -0.9460
vn 0.2076 0.1858 -0.9604
vn 0.2086 0.1597 -0.9649
vn 0.2091 0.1419 -0.9675
vn 0.2101 0.1030 -0.9722
vn 0.2111 0.0426 -0.9765
vn 0.2112 0.0266 -0.9771
vn 0.2113 0.0110 -0.9774
vn -0.2045 -0.2517 -0.9460
vn -0.2076 -0.1858 -0.9604
vn -0.2086 -0.1597 -0.9649
vn -0.2091 -0.1419 -0.9675
vn -0.2101 -0.1030 -0.9722
vn -0.2111 -0.0426 -0.9765
vn -0.2112 -0.0266 -0.9771
vn -0.2113 -0.0110 -0.9774
vn -0.2045 -0.2517 0.9460
vn -0.2076 -0.1858 0.9604
vn -0.2086 -0.1597 0.9649
vn -0.2091 -0.1419 0.9675
vn -0.2101 -0.1030 0.9722
vn -0.2111 -0.0426 0.9765
vn -0.2112 -0.0266 0.9771
vn -0.2113 -0.0110 0.9774
vn 0.2112 0.0124 0.9774
vn 0.2110 0.0470 0.9764
vn 0.2107 0.0702 0.9750
vn 0.2104 0.0907 0.9734
vn 0.2094 0.1320 0.9689
vn 0.2076 0.1846 0.9606
vn 0.2059 0.2244 0.9525
vn 0.2031 0.2746 0.9398
vn 0.2112 0.0124 -0.9774
vn 0.2110 0.0470 -0.9764
vn 0.2107 0.0702 -0.9750
vn 0.2104 0.0907 -0.9734
vn 0.2094 0.1320 -0.9689
vn 0.2076 0.1846 -0.9606
vn 0.2059 0.2244 -0.9525
vn 0.2031 0.2746 -0.9398
vn -0.2112 -0.0124 -0.9774
vn -0.2110 -0.0470 -0.9764
vn -0.2107 -0.0702 -0.9750
vn -0.2104 -0.0907 -0.9734
vn -0.2094 -0.1320 -0.9689
vn -0.2076 -0.1846 -0.9606
vn -0.2059 -0.2244 -0.9525
vn -0.2031 -0.2746 -0.9398
vn -0.2112 -0.0124 0.9774
vn -0.2110 -0.0470 0.9764
vn -0.2107 -0.0702 0.9750
vn -0.2104 -0.0907 0.9734
vn -0.2094 -0.1320 0.9689
vn -0.2076 -0.1846 0.9606
vn -0.2059 -0.2244 0.9525
vn -0.2031 -0.2746 0.9398
vn -0.2085 -0.1603 0.9648
vn 0.2115 0.0010 0.9774
vn 0.2115 0.0010 -0.9774
vn -0.2113 -0.0071 -0.9774
vn -0.2115 -0.0309 -0.9769
vn -0.2116 -0.0658 -0.9751
vn -0.2101 -0.0981 -0.9727
vn -0.2085 -0.1301 -0.9693
vn -0.2115 -0.0309 0.9769
vn -0.2116 -0.0658 0.9751
vn -0.2101 -0.0981 0.9727
vn -0.2085 -0.1301 0.9693
vn 0.2123 0.0014 -0.9772
vn 0.2133 0.0068 -0.9770
vn 0.2133 0.0112 -0.9769
vn 0.2123 0.0151 -0.9771
vn 0.2123 0.0014 0.9772
vn 0.2133 0.0068 0.9770
vn 0.2133 0.0112 0.9769
vn 0.2123 0.0151 0.9771
vn -0.2085 -0.1603 -0.9648
vn -0.2112 0.0140 -0.9773
vn 0.2112 0.0152 0.9773
vn -0.2057 0.2274 -0.9518
vn -0.2077 0.1835 0.9608
vn -0.2095 0.1278 0.9694
vn -0.2105 0.0859 0.9738
vn -0.2111 0.0419 0.9766
vn -0.2077 0.1835 -0.9608
vn -0.2095 0.1278 -0.9694
vn -0.2105 0.0859 -0.9738
vn -0.2111 0.0419 -0.9766
vn 0.2113 0.0036 -0.9774
vn 0.2113 0.0075 -0.9774
vn 0.2113 0.0104 -0.9774
vn 0.2112 0.0133 -0.9773
vn 0.2113 0.0036 0.9774
vn 0.2113 0.0075 0.9774
vn 0.2113 0.0104 0.9774
vn 0.2112 0.0133 0.9773
vn -0.2057 0.2274 0.9518
usemtl Black
s off
f 1263/1325/307 1268/1326/307 1158/1327/307 1157/1328/307
f 1158/1327/308 1159/1329/308 1160/1330/308 1157/1328/308
f 1254/1331/309 1263/1325/309 1157/1328/309 1160/1332/309
f 1154/1333/310 1156/1334/310 1155/1335/310 1153/1336/310
f 1216/1337/311 1269/1338/311 1264/1339/311 1225/1340/311
f 1189/1341/312 1224/1342/312 1198/1343/312 1161/1344/312
f 1180/1345/313 1215/1346/313 1224/1342/313 1189/1341/313
f 1171/1347/314 1206/1348/314 1215/1346/314 1180/1345/314
f 1161/1349/315 1198/1350/315 1206/1348/315 1171/1347/315
f 1156/1334/316 1234/1351/316 1239/1352/316 1155/1335/316
f 1197/1353/317 1253/1354/317 1259/1355/317 1207/1356/317
f 1155/1335/318 1239/1352/318 1248/1357/318 1153/1358/318
f 1249/1359/319 1162/1360/319 1170/1361/319 1244/1362/319
f 1189/1341/320 1161/1344/320 1163/1363/320 1196/1364/320
f 1196/1364/321 1163/1363/321 1164/1365/321 1195/1366/321
f 1195/1366/322 1164/1365/322 1165/1367/322 1194/1368/322
f 1194/1368/323 1165/1367/323 1166/1369/323 1193/1370/323
f 1193/1370/324 1166/1369/324 1167/1371/324 1192/1372/324
f 1192/1372/325 1167/1371/325 1168/1373/325 1191/1374/325
f 1191/1374/326 1168/1373/326 1169/1375/326 1190/1376/326
f 1190/1376/327 1169/1375/327 1162/1377/327 1188/1378/327
f 1180/1345/328 1189/1341/328 1196/1364/328 1187/1379/328
f 1187/1379/329 1196/1364/329 1195/1366/329 1186/1380/329
f 1186/1380/330 1195/1366/330 1194/1368/330 1185/1381/330
f 1185/1381/331 1194/1368/331 1193/1370/331 1184/1382/331
f 1184/1382/332 1193/1370/332 1192/1372/332 1183/1383/332
f 1183/1383/333 1192/1372/333 1191/1374/333 1182/1384/333
f 1182/1384/334 1191/1374/334 1190/1376/334 1181/1385/334
f 1181/1385/335 1190/1376/335 1188/1378/335 1179/1386/335
f 1171/1347/336 1180/1345/336 1187/1379/336 1178/1387/336
f 1178/1387/337 1187/1379/337 1186/1380/337 1177/1388/337
f 1177/1388/338 1186/1380/338 1185/1381/338 1176/1389/338
f 1176/1389/339 1185/1381/339 1184/1382/339 1175/1390/339
f 1175/1390/340 1184/1382/340 1183/1383/340 1174/1391/340
f 1174/1391/341 1183/1383/341 1182/1384/341 1173/1392/341
f 1173/1392/342 1182/1384/342 1181/1385/342 1172/1393/342
f 1172/1393/343 1181/1385/343 1179/1386/343 1170/1361/343
f 1161/1349/344 1171/1347/344 1178/1387/344 1163/1394/344
f 1163/1394/345 1178/1387/345 1177/1388/345 1164/1395/345
f 1164/1395/346 1177/1388/346 1176/1389/346 1165/1396/346
f 1165/1396/347 1176/1389/347 1175/1390/347 1166/1397/347
f 1166/1397/348 1175/1390/348 1174/1391/348 1167/1398/348
f 1167/1398/349 1174/1391/349 1173/1392/349 1168/1399/349
f 1168/1399/350 1173/1392/350 1172/1393/350 1169/1400/350
f 1169/1400/351 1172/1393/351 1170/1361/351 1162/1360/351
f 1225/1340/352 1197/1401/352 1199/1402/352 1232/1403/352
f 1232/1403/353 1199/1402/353 1200/1404/353 1231/1405/353
f 1231/1405/354 1200/1404/354 1201/1406/354 1230/1407/354
f 1230/1407/355 1201/1406/355 1202/1408/355 1229/1409/355
f 1229/1409/356 1202/1408/356 1203/1410/356 1228/1411/356
f 1228/1411/357 1203/1410/357 1204/1412/357 1227/1413/357
f 1227/1413/358 1204/1412/358 1205/1414/358 1226/1415/358
f 1226/1415/359 1205/1414/359 1198/1343/359 1224/1342/359
f 1216/1337/360 1225/1340/360 1232/1403/360 1223/1416/360
f 1223/1416/361 1232/1403/361 1231/1405/361 1222/1417/361
f 1222/1417/362 1231/1405/362 1230/1407/362 1221/1418/362
f 1221/1418/363 1230/1407/363 1229/1409/363 1220/1419/363
f 1220/1419/364 1229/1409/364 1228/1411/364 1219/1420/364
f 1219/1420/365 1228/1411/365 1227/1413/365 1218/1421/365
f 1218/1421/366 1227/1413/366 1226/1415/366 1217/1422/366
f 1217/1422/367 1226/1415/367 1224/1342/367 1215/1346/367
f 1207/1356/368 1216/1337/368 1223/1416/368 1214/1423/368
f 1214/1423/369 1223/1416/369 1222/1417/369 1213/1424/369
f 1213/1424/370 1222/1417/370 1221/1418/370 1212/1425/370
f 1212/1425/371 1221/1418/371 1220/1419/371 1211/1426/371
f 1211/1426/372 1220/1419/372 1219/1420/372 1210/1427/372
f 1210/1427/373 1219/1420/373 1218/1421/373 1209/1428/373
f 1209/1428/374 1218/1421/374 1217/1422/374 1208/1429/374
f 1208/1429/375 1217/1422/375 1215/1346/375 1206/1348/375
f 1197/1353/376 1207/1356/376 1214/1423/376 1199/1430/376
f 1199/1430/377 1214/1423/377 1213/1424/377 1200/1431/377
f 1200/1431/378 1213/1424/378 1212/1425/378 1201/1432/378
f 1201/1432/379 1212/1425/379 1211/1426/379 1202/1433/379
f 1202/1433/380 1211/1426/380 1210/1427/380 1203/1434/380
f 1203/1434/381 1210/1427/381 1209/1428/381 1204/1435/381
f 1204/1435/382 1209/1428/382 1208/1429/382 1205/1436/382
f 1205/1436/383 1208/1429/383 1206/1348/383 1198/1350/383
f 1153/1437/384 1248/1438/384 1243/1439/384 1154/1440/384
f 1238/1441/385 1188/1378/385 1162/1377/385 1249/1442/385
f 1233/1443/386 1179/1386/386 1188/1378/386 1238/1441/386
f 1244/1362/387 1170/1361/387 1179/1386/387 1233/1443/387
f 1244/1362/388 1233/1443/388 1235/1444/388 1247/1445/388
f 1247/1445/389 1235/1444/389 1236/1446/389 1246/1447/389
f 1246/1447/390 1236/1446/390 1237/1448/390 1245/1449/390
f 1245/1449/391 1237/1448/391 1234/1351/391 1243/1439/391
f 1249/1359/392 1244/1362/392 1247/1445/392 1252/1450/392
f 1252/1450/393 1247/1445/393 1246/1447/393 1251/1451/393
f 1251/1451/394 1246/1447/394 1245/1449/394 1250/1452/394
f 1250/1452/395 1245/1449/395 1243/1439/395 1248/1438/395
f 1233/1443/396 1238/1441/396 1240/1453/396 1235/1444/396
f 1235/1444/397 1240/1453/397 1241/1454/397 1236/1446/397
f 1236/1446/398 1241/1454/398 1242/1455/398 1237/1448/398
f 1237/1448/399 1242/1455/399 1239/1352/399 1234/1351/399
f 1238/1441/400 1249/1442/400 1252/1456/400 1240/1453/400
f 1240/1453/401 1252/1456/401 1251/1457/401 1241/1454/401
f 1241/1454/402 1251/1457/402 1250/1458/402 1242/1455/402
f 1242/1455/403 1250/1458/403 1248/1357/403 1239/1352/403
f 1154/1440/404 1243/1439/404 1234/1351/404 1156/1334/404
f 1207/1356/405 1259/1355/405 1269/1338/405 1216/1337/405
f 1225/1340/406 1264/1339/406 1253/1459/406 1197/1401/406
f 1268/1326/407 1258/1460/407 1159/1461/407 1158/1327/407
f 1254/1462/408 1258/1460/408 1260/1463/408 1257/1464/408
f 1257/1464/409 1260/1463/409 1261/1465/409 1256/1466/409
f 1256/1466/410 1261/1465/410 1262/1467/410 1255/1468/410
f 1255/1468/411 1262/1467/411 1259/1355/411 1253/1354/411
f 1258/1460/412 1268/1326/412 1270/1469/412 1260/1463/412
f 1260/1463/413 1270/1469/413 1271/1470/413 1261/1465/413
f 1261/1465/414 1271/1470/414 1272/1471/414 1262/1467/414
f 1262/1467/415 1272/1471/415 1269/1338/415 1259/1355/415
f 1268/1326/416 1263/1325/416 1265/1472/416 1270/1469/416
f 1270/1469/417 1265/1472/417 1266/1473/417 1271/1470/417
f 1271/1470/418 1266/1473/418 1267/1474/418 1272/1471/418
f 1272/1471/419 1267/1474/419 1264/1339/419 1269/1338/419
f 1263/1325/420 1254/1331/420 1257/1475/420 1265/1472/420
f 1265/1472/421 1257/1475/421 1256/1476/421 1266/1473/421
f 1266/1473/422 1256/1476/422 1255/1477/422 1267/1474/422
f 1267/1474/423 1255/1477/423 1253/1459/423 1264/1339/423
f 1258/1460/424 1254/1462/424 1160/1478/424 1159/1461/424
o Cube.002_Cube.009
v 1.097670 -18.160824 -0.041636
v 1.290343 -18.160780 0.000000
v 0.905041 -18.160872 0.000000
v 1.097670 -18.160824 0.041637
v 7.001503 -0.366577 0.000001
v 7.188992 -0.366577 0.040526
v 7.376481 -0.366577 0.000001
v 7.188992 -0.366577 -0.040523
v 4.896564 -7.815789 -0.214143
v 2.066821 -13.518757 -0.214144
v 4.326677 -8.278652 -0.214143
v 3.813609 -8.851814 -0.214144
v 3.292878 -9.532042 -0.214144
v 2.776246 -10.293196 -0.214144
v 2.377819 -11.106024 -0.214144
v 2.209807 -11.939289 -0.214144
v 2.106346 -12.760971 -0.214144
v 3.057568 -13.518757 0.000001
v 5.887311 -7.815789 0.000001
v 3.097091 -12.760971 0.000001
v 3.200553 -11.939289 0.000001
v 3.368564 -11.106024 0.000001
v 3.766991 -10.293196 0.000001
v 4.283624 -9.532042 0.000001
v 4.804355 -8.851814 0.000001
v 5.317422 -8.278652 0.000001
v 2.066821 -13.518757 0.214145
v 4.896564 -7.815789 0.214145
v 2.106345 -12.760971 0.214145
v 2.209806 -11.939289 0.214145
v 2.377818 -11.106024 0.214145
v 2.776244 -10.293196 0.214145
v 3.292878 -9.532042 0.214145
v 3.813608 -8.851814 0.214145
v 4.326676 -8.278652 0.214145
v 1.076074 -13.518757 0.000000
v 3.905818 -7.815789 0.000001
v 1.115599 -12.760971 0.000000
v 1.219060 -11.939289 0.000000
v 1.387071 -11.106024 0.000000
v 1.785498 -10.293196 0.000000
v 2.302131 -9.532042 0.000000
v 2.822862 -8.851814 0.000001
v 3.335930 -8.278652 0.000001
v 7.867884 -3.295494 -0.214143
v 5.474710 -7.376586 -0.214143
v 7.828359 -3.966852 -0.214143
v 7.724899 -4.431799 -0.214143
v 7.556887 -4.936297 -0.214143
v 7.330781 -5.460958 -0.214143
v 6.999991 -5.985618 -0.214143
v 6.551440 -6.490116 -0.214143
v 6.044598 -6.955063 -0.214143
v 6.465456 -7.376586 0.000001
v 8.858629 -3.295494 0.000001
v 7.035344 -6.955063 0.000001
v 7.542186 -6.490116 0.000001
v 7.990737 -5.985618 0.000001
v 8.321527 -5.460958 0.000001
v 8.547633 -4.936297 0.000001
v 8.715645 -4.431799 0.000001
v 8.819105 -3.966852 0.000001
v 5.474710 -7.376586 0.214145
v 7.867884 -3.295494 0.214145
v 6.044597 -6.955063 0.214145
v 6.551439 -6.490116 0.214145
v 6.999990 -5.985618 0.214145
v 7.330781 -5.460958 0.214145
v 7.556886 -4.936297 0.214145
v 7.724898 -4.431799 0.214145
v 7.828359 -3.966852 0.214145
v 4.483963 -7.376586 0.000001
v 6.877137 -3.295494 0.000001
v 5.053851 -6.955063 0.000001
v 5.560693 -6.490116 0.000001
v 6.009244 -5.985618 0.000001
v 6.340035 -5.460958 0.000001
v 6.566140 -4.936297 0.000001
v 6.734152 -4.431799 0.000001
v 6.837614 -3.966852 0.000001
v 2.054590 -14.135666 0.212312
v 1.301592 -17.665720 0.079849
v 1.991572 -14.955532 0.200402
v 1.828784 -15.901249 0.171706
v 1.583787 -16.846338 0.128759
v 1.074239 -14.145233 0.000000
v 0.933604 -17.656038 0.000000
v 1.071761 -14.980724 0.000000
v 1.043797 -15.900574 0.000000
v 0.994220 -16.820236 0.000000
v 1.671113 -17.665579 0.000000
v 3.036859 -14.135660 0.000001
v 2.178121 -16.856047 0.000000
v 2.620949 -15.901365 0.000000
v 2.916837 -14.945948 0.000001
v 1.301592 -17.665720 -0.079849
v 2.054590 -14.135666 -0.212311
v 1.583787 -16.846338 -0.128758
v 1.828784 -15.901249 -0.171705
v 1.991572 -14.955532 -0.200401
v 7.869374 -2.746844 -0.205939
v 7.410902 -0.768875 -0.088690
v 7.835424 -2.246434 -0.191783
v 7.736374 -1.694814 -0.164529
v 7.587302 -1.175964 -0.128328
v 7.821233 -0.768875 0.000001
v 8.822165 -2.746844 0.000001
v 8.181022 -1.175964 0.000001
v 8.497581 -1.694814 0.000001
v 8.722722 -2.246434 0.000001
v 7.000569 -0.768875 0.000001
v 6.916582 -2.746844 0.000001
v 6.993581 -1.175964 0.000001
v 6.975166 -1.694814 0.000001
v 6.948128 -2.246434 0.000001
v 7.410902 -0.768875 0.088692
v 7.869374 -2.746844 0.205942
v 7.587302 -1.175964 0.128330
v 7.736374 -1.694814 0.164532
v 7.835424 -2.246434 0.191785
vt 0.625000 0.750000
vt 0.625000 0.500000
vt 0.625000 0.500000
vt 0.625000 0.750000
vt 0.875000 0.500000
vt 0.875000 0.750000
vt 0.625000 1.000000
vt 0.625000 1.000000
vt 0.125000 0.500000
vt 0.375000 0.500000
vt 0.375000 0.750000
vt 0.125000 0.750000
vt 0.590503 0.500000
vt 0.601703 0.500000
vt 0.601703 0.750000
vt 0.590503 0.750000
vt 0.528003 0.750000
vt 0.534497 0.750000
vt 0.534497 1.000000
vt 0.528003 1.000000
vt 0.528003 0.500000
vt 0.534497 0.500000
vt 0.528003 0.250000
vt 0.534497 0.250000
vt 0.528003 0.000000
vt 0.534497 0.000000
vt 0.383164 0.500000
vt 0.383160 0.750000
vt 0.590503 0.000000
vt 0.601703 0.000000
vt 0.601703 0.250000
vt 0.590503 0.250000
vt 0.383164 1.000000
vt 0.375000 1.000000
vt 0.435929 0.000000
vt 0.443994 0.000000
vt 0.443994 0.250000
vt 0.435929 0.250000
vt 0.521482 1.012294
vt 0.521482 0.750000
vt 0.513095 1.048703
vt 0.513095 0.750000
vt 0.503164 1.107828
vt 0.503164 0.750000
vt 0.500000 1.000000
vt 0.500000 0.750000
vt 0.479828 1.054830
vt 0.479828 0.750000
vt 0.467558 1.024765
vt 0.467558 0.750000
vt 0.455458 1.006251
vt 0.455458 0.750000
vt 0.443994 1.000000
vt 0.443994 0.750000
vt 0.521482 0.487706
vt 0.513095 0.451297
vt 0.503164 0.392172
vt 0.500000 0.452355
vt 0.479828 0.445170
vt 0.467558 0.475235
vt 0.455458 0.493749
vt 0.443994 0.500000
vt 0.521482 0.250000
vt 0.513095 0.250000
vt 0.503164 0.250000
vt 0.500000 0.250000
vt 0.479828 0.250000
vt 0.467558 0.250000
vt 0.455458 0.250000
vt 0.521482 0.012294
vt 0.513095 0.048703
vt 0.503164 0.107828
vt 0.500000 0.095291
vt 0.479828 0.054830
vt 0.467558 0.024765
vt 0.455458 0.006251
vt 0.590503 1.000000
vt 0.584502 0.993749
vt 0.584502 0.750000
vt 0.577655 0.975235
vt 0.577655 0.750000
vt 0.570226 0.945170
vt 0.570226 0.750000
vt 0.562500 0.904709
vt 0.562500 0.750000
vt 0.554695 0.946086
vt 0.554695 0.750000
vt 0.547309 0.975649
vt 0.547309 0.750000
vt 0.540489 0.993853
vt 0.540489 0.750000
vt 0.584502 0.506251
vt 0.577655 0.524765
vt 0.570226 0.554830
vt 0.562500 0.547646
vt 0.554695 0.553914
vt 0.547309 0.524351
vt 0.540489 0.506147
vt 0.584502 0.250000
vt 0.577655 0.250000
vt 0.570226 0.250000
vt 0.562500 0.250000
vt 0.554695 0.250000
vt 0.547309 0.250000
vt 0.540489 0.250000
vt 0.584502 -0.006252
vt 0.577655 -0.024765
vt 0.570226 -0.054830
vt 0.562500 0.000000
vt 0.554695 -0.053914
vt 0.547309 -0.024351
vt 0.540489 -0.006147
vt 0.375000 0.000000
vt 0.383164 0.000000
vt 0.383168 0.250000
vt 0.375000 0.250000
vt 0.435929 0.750000
vt 0.435929 1.000000
vt 0.435929 0.500000
vt 0.423810 0.510408
vt 0.423810 0.250000
vt 0.409497 0.521062
vt 0.409497 0.250000
vt 0.395238 0.516501
vt 0.395226 0.250000
vt 0.423810 -0.009869
vt 0.409497 0.000000
vt 0.395223 -0.016671
vt 0.422737 0.750000
vt 0.409497 0.750000
vt 0.396352 0.750000
vt 0.423810 0.989052
vt 0.409497 0.957875
vt 0.395253 0.983668
vt 0.601703 1.000000
vt 0.625000 0.250000
vt 0.625000 0.250000
vt 0.625000 0.000000
vt 0.625000 0.250000
vt 0.625000 -0.019897
vt 0.625000 0.250000
vt 0.625000 0.000000
vt 0.611921 0.250000
vt 0.611921 -0.008786
vt 0.625000 0.519097
vt 0.625000 0.519319
vt 0.611920 0.509164
vt 0.625000 0.750000
vt 0.625000 0.750000
vt 0.611919 0.750000
vt 0.625000 0.981704
vt 0.625000 0.961363
vt 0.611919 0.990459
vt 0.625000 0.000000
vn -0.2113 0.0005 0.9774
vn 0.0000 1.0000 0.0000
vn -0.2113 0.0005 -0.9774
vn 0.0002 -1.0000 0.0000
vn -0.2112 0.0152 0.9773
vn -0.2035 0.2679 -0.9417
vn -0.2035 0.2679 0.9417
vn 0.2035 -0.2679 0.9417
vn 0.2035 -0.2679 -0.9417
vn -0.2116 0.0118 0.9773
vn 0.2112 0.0140 -0.9773
vn -0.2116 0.0118 -0.9773
vn 0.2113 -0.0071 -0.9774
vn -0.2045 0.2517 -0.9460
vn -0.2076 0.1858 -0.9604
vn -0.2086 0.1597 -0.9649
vn -0.2091 0.1419 -0.9675
vn -0.2101 0.1030 -0.9722
vn -0.2111 0.0426 -0.9765
vn -0.2112 0.0266 -0.9771
vn -0.2113 0.0110 -0.9774
vn -0.2045 0.2517 0.9460
vn -0.2076 0.1858 0.9604
vn -0.2086 0.1597 0.9649
vn -0.2091 0.1419 0.9675
vn -0.2101 0.1030 0.9722
vn -0.2111 0.0426 0.9765
vn -0.2112 0.0266 0.9771
vn -0.2113 0.0110 0.9774
vn 0.2045 -0.2517 0.9460
vn 0.2076 -0.1858 0.9604
vn 0.2086 -0.1597 0.9649
vn 0.2091 -0.1419 0.9675
vn 0.2101 -0.1030 0.9722
vn 0.2111 -0.0426 0.9765
vn 0.2112 -0.0266 0.9771
vn 0.2113 -0.0110 0.9774
vn 0.2045 -0.2517 -0.9460
vn 0.2076 -0.1858 -0.9604
vn 0.2086 -0.1597 -0.9649
vn 0.2091 -0.1419 -0.9675
vn 0.2101 -0.1030 -0.9722
vn 0.2111 -0.0426 -0.9765
vn 0.2112 -0.0266 -0.9771
vn 0.2113 -0.0110 -0.9774
vn -0.2112 0.0124 -0.9774
vn -0.2110 0.0470 -0.9764
vn -0.2107 0.0702 -0.9750
vn -0.2104 0.0907 -0.9734
vn -0.2094 0.1320 -0.9689
vn -0.2076 0.1846 -0.9606
vn -0.2059 0.2244 -0.9525
vn -0.2031 0.2746 -0.9398
vn -0.2112 0.0124 0.9774
vn -0.2110 0.0470 0.9764
vn -0.2107 0.0702 0.9750
vn -0.2104 0.0907 0.9734
vn -0.2094 0.1320 0.9689
vn -0.2076 0.1846 0.9606
vn -0.2059 0.2244 0.9525
vn -0.2031 0.2746 0.9398
vn 0.2112 -0.0124 0.9774
vn 0.2110 -0.0470 0.9764
vn 0.2107 -0.0702 0.9750
vn 0.2104 -0.0907 0.9734
vn 0.2094 -0.1320 0.9689
vn 0.2076 -0.1846 0.9606
vn 0.2059 -0.2244 0.9525
vn 0.2031 -0.2746 0.9398
vn 0.2112 -0.0124 -0.9774
vn 0.2110 -0.0470 -0.9764
vn 0.2107 -0.0702 -0.9750
vn 0.2104 -0.0907 -0.9734
vn 0.2094 -0.1320 -0.9689
vn 0.2076 -0.1846 -0.9606
vn 0.2059 -0.2244 -0.9525
vn 0.2031 -0.2746 -0.9398
vn 0.2085 -0.1603 -0.9648
vn -0.2115 0.0010 -0.9774
vn -0.2115 0.0010 0.9774
vn 0.2113 -0.0071 0.9774
vn 0.2115 -0.0309 0.9769
vn 0.2116 -0.0658 0.9751
vn 0.2101 -0.0981 0.9727
vn 0.2085 -0.1301 0.9693
vn 0.2115 -0.0309 -0.9769
vn 0.2116 -0.0658 -0.9751
vn 0.2101 -0.0981 -0.9727
vn 0.2085 -0.1301 -0.9693
vn -0.2123 0.0014 0.9772
vn -0.2133 0.0068 0.9770
vn -0.2133 0.0112 0.9769
vn -0.2123 0.0151 0.9771
vn -0.2123 0.0014 -0.9772
vn -0.2133 0.0068 -0.9770
vn -0.2133 0.0112 -0.9769
vn -0.2123 0.0151 -0.9771
vn 0.2085 -0.1604 0.9648
vn 0.2112 0.0140 0.9773
vn -0.2112 0.0152 -0.9773
vn 0.2057 0.2274 0.9518
vn 0.2077 0.1835 -0.9608
vn 0.2095 0.1278 -0.9694
vn 0.2105 0.0859 -0.9738
vn 0.2111 0.0419 -0.9766
vn 0.2077 0.1835 0.9608
vn 0.2095 0.1278 0.9694
vn 0.2105 0.0859 0.9738
vn 0.2111 0.0419 0.9766
vn -0.2113 0.0036 0.9774
vn -0.2113 0.0075 0.9774
vn -0.2113 0.0104 0.9774
vn -0.2112 0.0133 0.9773
vn -0.2113 0.0036 -0.9774
vn -0.2113 0.0075 -0.9774
vn -0.2113 0.0104 -0.9774
vn -0.2112 0.0133 -0.9773
vn 0.2057 0.2274 -0.9518
usemtl Black
s off
f 1383/1479/425 1388/1480/425 1278/1481/425 1277/1482/425
f 1278/1481/426 1279/1483/426 1280/1484/426 1277/1482/426
f 1374/1485/427 1383/1479/427 1277/1482/427 1280/1486/427
f 1274/1487/428 1276/1488/428 1275/1489/428 1273/1490/428
f 1336/1491/429 1389/1492/429 1384/1493/429 1345/1494/429
f 1309/1495/430 1344/1496/430 1318/1497/430 1281/1498/430
f 1300/1499/431 1335/1500/431 1344/1496/431 1309/1495/431
f 1291/1501/432 1326/1502/432 1335/1500/432 1300/1499/432
f 1281/1503/433 1318/1504/433 1326/1502/433 1291/1501/433
f 1276/1488/434 1354/1505/434 1359/1506/434 1275/1489/434
f 1317/1507/435 1373/1508/435 1379/1509/435 1327/1510/435
f 1275/1489/436 1359/1506/436 1368/1511/436 1273/1512/436
f 1369/1513/437 1282/1514/437 1290/1515/437 1364/1516/437
f 1309/1495/438 1281/1498/438 1283/1517/438 1316/1518/438
f 1316/1518/439 1283/1517/439 1284/1519/439 1315/1520/439
f 1315/1520/440 1284/1519/440 1285/1521/440 1314/1522/440
f 1314/1522/441 1285/1521/441 1286/1523/441 1313/1524/441
f 1313/1524/442 1286/1523/442 1287/1525/442 1312/1526/442
f 1312/1526/443 1287/1525/443 1288/1527/443 1311/1528/443
f 1311/1528/444 1288/1527/444 1289/1529/444 1310/1530/444
f 1310/1530/445 1289/1529/445 1282/1531/445 1308/1532/445
f 1300/1499/446 1309/1495/446 1316/1518/446 1307/1533/446
f 1307/1533/447 1316/1518/447 1315/1520/447 1306/1534/447
f 1306/1534/448 1315/1520/448 1314/1522/448 1305/1535/448
f 1305/1535/449 1314/1522/449 1313/1524/449 1304/1536/449
f 1304/1536/450 1313/1524/450 1312/1526/450 1303/1537/450
f 1303/1537/451 1312/1526/451 1311/1528/451 1302/1538/451
f 1302/1538/452 1311/1528/452 1310/1530/452 1301/1539/452
f 1301/1539/453 1310/1530/453 1308/1532/453 1299/1540/453
f 1291/1501/454 1300/1499/454 1307/1533/454 1298/1541/454
f 1298/1541/455 1307/1533/455 1306/1534/455 1297/1542/455
f 1297/1542/456 1306/1534/456 1305/1535/456 1296/1543/456
f 1296/1543/457 1305/1535/457 1304/1536/457 1295/1544/457
f 1295/1544/458 1304/1536/458 1303/1537/458 1294/1545/458
f 1294/1545/459 1303/1537/459 1302/1538/459 1293/1546/459
f 1293/1546/460 1302/1538/460 1301/1539/460 1292/1547/460
f 1292/1547/461 1301/1539/461 1299/1540/461 1290/1515/461
f 1281/1503/462 1291/1501/462 1298/1541/462 1283/1548/462
f 1283/1548/463 1298/1541/463 1297/1542/463 1284/1549/463
f 1284/1549/464 1297/1542/464 1296/1543/464 1285/1550/464
f 1285/1550/465 1296/1543/465 1295/1544/465 1286/1551/465
f 1286/1551/466 1295/1544/466 1294/1545/466 1287/1552/466
f 1287/1552/467 1294/1545/467 1293/1546/467 1288/1553/467
f 1288/1553/468 1293/1546/468 1292/1547/468 1289/1554/468
f 1289/1554/469 1292/1547/469 1290/1515/469 1282/1514/469
f 1345/1494/470 1317/1555/470 1319/1556/470 1352/1557/470
f 1352/1557/471 1319/1556/471 1320/1558/471 1351/1559/471
f 1351/1559/472 1320/1558/472 1321/1560/472 1350/1561/472
f 1350/1561/473 1321/1560/473 1322/1562/473 1349/1563/473
f 1349/1563/474 1322/1562/474 1323/1564/474 1348/1565/474
f 1348/1565/475 1323/1564/475 1324/1566/475 1347/1567/475
f 1347/1567/476 1324/1566/476 1325/1568/476 1346/1569/476
f 1346/1569/477 1325/1568/477 1318/1497/477 1344/1496/477
f 1336/1491/478 1345/1494/478 1352/1557/478 1343/1570/478
f 1343/1570/479 1352/1557/479 1351/1559/479 1342/1571/479
f 1342/1571/480 1351/1559/480 1350/1561/480 1341/1572/480
f 1341/1572/481 1350/1561/481 1349/1563/481 1340/1573/481
f 1340/1573/482 1349/1563/482 1348/1565/482 1339/1574/482
f 1339/1574/483 1348/1565/483 1347/1567/483 1338/1575/483
f 1338/1575/484 1347/1567/484 1346/1569/484 1337/1576/484
f 1337/1576/485 1346/1569/485 1344/1496/485 1335/1500/485
f 1327/1510/486 1336/1491/486 1343/1570/486 1334/1577/486
f 1334/1577/487 1343/1570/487 1342/1571/487 1333/1578/487
f 1333/1578/488 1342/1571/488 1341/1572/488 1332/1579/488
f 1332/1579/489 1341/1572/489 1340/1573/489 1331/1580/489
f 1331/1580/490 1340/1573/490 1339/1574/490 1330/1581/490
f 1330/1581/491 1339/1574/491 1338/1575/491 1329/1582/491
f 1329/1582/492 1338/1575/492 1337/1576/492 1328/1583/492
f 1328/1583/493 1337/1576/493 1335/1500/493 1326/1502/493
f 1317/1507/494 1327/1510/494 1334/1577/494 1319/1584/494
f 1319/1584/495 1334/1577/495 1333/1578/495 1320/1585/495
f 1320/1585/496 1333/1578/496 1332/1579/496 1321/1586/496
f 1321/1586/497 1332/1579/497 1331/1580/497 1322/1587/497
f 1322/1587/498 1331/1580/498 1330/1581/498 1323/1588/498
f 1323/1588/499 1330/1581/499 1329/1582/499 1324/1589/499
f 1324/1589/500 1329/1582/500 1328/1583/500 1325/1590/500
f 1325/1590/501 1328/1583/501 1326/1502/501 1318/1504/501
f 1273/1591/502 1368/1592/502 1363/1593/502 1274/1594/502
f 1358/1595/503 1308/1532/503 1282/1531/503 1369/1596/503
f 1353/1597/504 1299/1540/504 1308/1532/504 1358/1595/504
f 1364/1516/505 1290/1515/505 1299/1540/505 1353/1597/505
f 1364/1516/506 1353/1597/506 1355/1598/506 1367/1599/506
f 1367/1599/507 1355/1598/507 1356/1600/507 1366/1601/507
f 1366/1601/508 1356/1600/508 1357/1602/508 1365/1603/508
f 1365/1603/509 1357/1602/509 1354/1505/509 1363/1593/509
f 1369/1513/510 1364/1516/510 1367/1599/510 1372/1604/510
f 1372/1604/511 1367/1599/511 1366/1601/511 1371/1605/511
f 1371/1605/512 1366/1601/512 1365/1603/512 1370/1606/512
f 1370/1606/513 1365/1603/513 1363/1593/513 1368/1592/513
f 1353/1597/514 1358/1595/514 1360/1607/514 1355/1598/514
f 1355/1598/515 1360/1607/515 1361/1608/515 1356/1600/515
f 1356/1600/516 1361/1608/516 1362/1609/516 1357/1602/516
f 1357/1602/517 1362/1609/517 1359/1506/517 1354/1505/517
f 1358/1595/518 1369/1596/518 1372/1610/518 1360/1607/518
f 1360/1607/519 1372/1610/519 1371/1611/519 1361/1608/519
f 1361/1608/520 1371/1611/520 1370/1612/520 1362/1609/520
f 1362/1609/521 1370/1612/521 1368/1511/521 1359/1506/521
f 1274/1594/522 1363/1593/522 1354/1505/522 1276/1488/522
f 1327/1510/523 1379/1509/523 1389/1492/523 1336/1491/523
f 1345/1494/524 1384/1493/524 1373/1613/524 1317/1555/524
f 1388/1480/525 1378/1614/525 1279/1615/525 1278/1481/525
f 1374/1616/526 1378/1614/526 1380/1617/526 1377/1618/526
f 1377/1618/527 1380/1617/527 1381/1619/527 1376/1620/527
f 1376/1620/528 1381/1619/528 1382/1621/528 1375/1622/528
f 1375/1622/529 1382/1621/529 1379/1509/529 1373/1508/529
f 1378/1614/530 1388/1480/530 1390/1623/530 1380/1617/530
f 1380/1617/531 1390/1623/531 1391/1624/531 1381/1619/531
f 1381/1619/532 1391/1624/532 1392/1625/532 1382/1621/532
f 1382/1621/533 1392/1625/533 1389/1492/533 1379/1509/533
f 1388/1480/534 1383/1479/534 1385/1626/534 1390/1623/534
f 1390/1623/535 1385/1626/535 1386/1627/535 1391/1624/535
f 1391/1624/536 1386/1627/536 1387/1628/536 1392/1625/536
f 1392/1625/537 1387/1628/537 1384/1493/537 1389/1492/537
f 1383/1479/538 1374/1485/538 1377/1629/538 1385/1626/538
f 1385/1626/539 1377/1629/539 1376/1630/539 1386/1627/539
f 1386/1627/540 1376/1630/540 1375/1631/540 1387/1628/540
f 1387/1628/541 1375/1631/541 1373/1613/541 1384/1493/541
f 1378/1614/542 1374/1616/542 1280/1632/542 1279/1615/542
o Cube.003_Cube.010
v 0.041636 -18.160824 1.097670
v -0.000000 -18.160780 1.290343
v -0.000000 -18.160872 0.905041
v -0.041636 -18.160824 1.097670
v -0.000001 -0.366577 7.001503
v -0.040525 -0.366577 7.188992
v -0.000001 -0.366577 7.376481
v 0.040524 -0.366577 7.188992
v 0.214144 -7.815789 4.896564
v 0.214144 -13.518757 2.066821
v 0.214144 -8.278652 4.326677
v 0.214144 -8.851814 3.813609
v 0.214144 -9.532042 3.292878
v 0.214144 -10.293196 2.776246
v 0.214144 -11.106024 2.377819
v 0.214144 -11.939289 2.209807
v 0.214144 -12.760971 2.106346
v -0.000000 -13.518757 3.057568
v -0.000001 -7.815789 5.887311
v -0.000000 -12.760971 3.097091
v -0.000000 -11.939289 3.200553
v -0.000000 -11.106024 3.368564
v -0.000000 -10.293196 3.766991
v -0.000000 -9.532042 4.283624
v -0.000000 -8.851814 4.804355
v -0.000000 -8.278652 5.317422
v -0.214144 -13.518757 2.066821
v -0.214145 -7.815789 4.896564
v -0.214144 -12.760971 2.106345
v -0.214144 -11.939289 2.209806
v -0.214144 -11.106024 2.377818
v -0.214144 -10.293196 2.776244
v -0.214145 -9.532042 3.292878
v -0.214145 -8.851814 3.813608
v -0.214145 -8.278652 4.326676
v -0.000000 -13.518757 1.076074
v -0.000000 -7.815789 3.905818
v -0.000000 -12.760971 1.115599
v -0.000000 -11.939289 1.219060
v -0.000000 -11.106024 1.387071
v -0.000000 -10.293196 1.785498
v -0.000000 -9.532042 2.302131
v -0.000000 -8.851814 2.822862
v -0.000000 -8.278652 3.335930
v 0.214144 -3.295494 7.867884
v 0.214144 -7.376586 5.474710
v 0.214144 -3.966852 7.828359
v 0.214144 -4.431799 7.724899
v 0.214144 -4.936297 7.556887
v 0.214144 -5.460958 7.330781
v 0.214144 -5.985618 6.999991
v 0.214144 -6.490116 6.551440
v 0.214144 -6.955063 6.044598
v -0.000001 -7.376586 6.465456
v -0.000001 -3.295494 8.858629
v -0.000001 -6.955063 7.035344
v -0.000001 -6.490116 7.542186
v -0.000001 -5.985618 7.990737
v -0.000001 -5.460958 8.321527
v -0.000001 -4.936297 8.547633
v -0.000001 -4.431799 8.715645
v -0.000001 -3.966852 8.819105
v -0.214145 -7.376586 5.474710
v -0.214145 -3.295494 7.867884
v -0.214145 -6.955063 6.044597
v -0.214145 -6.490116 6.551439
v -0.214145 -5.985618 6.999990
v -0.214145 -5.460958 7.330781
v -0.214145 -4.936297 7.556886
v -0.214145 -4.431799 7.724898
v -0.214145 -3.966852 7.828359
v -0.000000 -7.376586 4.483963
v -0.000001 -3.295494 6.877137
v -0.000000 -6.955063 5.053851
v -0.000001 -6.490116 5.560693
v -0.000001 -5.985618 6.009244
v -0.000001 -5.460958 6.340035
v -0.000001 -4.936297 6.566140
v -0.000001 -4.431799 6.734152
v -0.000001 -3.966852 6.837614
v -0.212312 -14.135666 2.054590
v -0.079849 -17.665720 1.301592
v -0.200402 -14.955532 1.991572
v -0.171706 -15.901249 1.828784
v -0.128759 -16.846338 1.583787
v -0.000000 -14.145233 1.074239
v -0.000000 -17.656038 0.933604
v -0.000000 -14.980724 1.071761
v -0.000000 -15.900574 1.043797
v -0.000000 -16.820236 0.994220
v -0.000000 -17.665579 1.671113
v -0.000000 -14.135660 3.036859
v -0.000000 -16.856047 2.178120
v -0.000000 -15.901365 2.620949
v -0.000000 -14.945948 2.916837
v 0.079849 -17.665720 1.301592
v 0.212311 -14.135666 2.054590
v 0.128759 -16.846338 1.583787
v 0.171705 -15.901249 1.828784
v 0.200401 -14.955532 1.991572
v 0.205940 -2.746844 7.869374
v 0.088690 -0.768875 7.410902
v 0.191783 -2.246434 7.835424
v 0.164530 -1.694814 7.736374
v 0.128328 -1.175964 7.587302
v -0.000001 -0.768875 7.821233
v -0.000001 -2.746844 8.822165
v -0.000001 -1.175964 8.181022
v -0.000001 -1.694814 8.497581
v -0.000001 -2.246434 8.722722
v -0.000001 -0.768875 7.000569
v -0.000001 -2.746844 6.916582
v -0.000001 -1.175964 6.993581
v -0.000001 -1.694814 6.975166
v -0.000001 -2.246434 6.948128
v -0.088691 -0.768875 7.410902
v -0.205941 -2.746844 7.869374
v -0.128330 -1.175964 7.587302
v -0.164531 -1.694814 7.736374
v -0.191785 -2.246434 7.835424
vt 0.625000 0.750000
vt 0.625000 0.500000
vt 0.625000 0.500000
vt 0.625000 0.750000
vt 0.875000 0.500000
vt 0.875000 0.750000
vt 0.625000 1.000000
vt 0.625000 1.000000
vt 0.125000 0.500000
vt 0.375000 0.500000
vt 0.375000 0.750000
vt 0.125000 0.750000
vt 0.590503 0.500000
vt 0.601703 0.500000
vt 0.601703 0.750000
vt 0.590503 0.750000
vt 0.528003 0.750000
vt 0.534497 0.750000
vt 0.534497 1.000000
vt 0.528003 1.000000
vt 0.528003 0.500000
vt 0.534497 0.500000
vt 0.528003 0.250000
vt 0.534497 0.250000
vt 0.528003 0.000000
vt 0.534497 0.000000
vt 0.383164 0.500000
vt 0.383160 0.750000
vt 0.590503 0.000000
vt 0.601703 0.000000
vt 0.601703 0.250000
vt 0.590503 0.250000
vt 0.383164 1.000000
vt 0.375000 1.000000
vt 0.435929 0.000000
vt 0.443994 0.000000
vt 0.443994 0.250000
vt 0.435929 0.250000
vt 0.521482 1.012294
vt 0.521482 0.750000
vt 0.513095 1.048703
vt 0.513095 0.750000
vt 0.503164 1.107828
vt 0.503164 0.750000
vt 0.500000 1.000000
vt 0.500000 0.750000
vt 0.479828 1.054830
vt 0.479828 0.750000
vt 0.467558 1.024765
vt 0.467558 0.750000
vt 0.455458 1.006251
vt 0.455458 0.750000
vt 0.443994 1.000000
vt 0.443994 0.750000
vt 0.521482 0.487706
vt 0.513095 0.451297
vt 0.503164 0.392172
vt 0.500000 0.452355
vt 0.479828 0.445170
vt 0.467558 0.475235
vt 0.455458 0.493749
vt 0.443994 0.500000
vt 0.521482 0.250000
vt 0.513095 0.250000
vt 0.503164 0.250000
vt 0.500000 0.250000
vt 0.479828 0.250000
vt 0.467558 0.250000
vt 0.455458 0.250000
vt 0.521482 0.012294
vt 0.513095 0.048703
vt 0.503164 0.107828
vt 0.500000 0.095291
vt 0.479828 0.054830
vt 0.467558 0.024765
vt 0.455458 0.006251
vt 0.590503 1.000000
vt 0.584502 0.993749
vt 0.584502 0.750000
vt 0.577655 0.975235
vt 0.577655 0.750000
vt 0.570226 0.945170
vt 0.570226 0.750000
vt 0.562500 0.904709
vt 0.562500 0.750000
vt 0.554695 0.946086
vt 0.554695 0.750000
vt 0.547309 0.975649
vt 0.547309 0.750000
vt 0.540489 0.993853
vt 0.540489 0.750000
vt 0.584502 0.506251
vt 0.577655 0.524765
vt 0.570226 0.554830
vt 0.562500 0.547646
vt 0.554695 0.553914
vt 0.547309 0.524351
vt 0.540489 0.506147
vt 0.584502 0.250000
vt 0.577655 0.250000
vt 0.570226 0.250000
vt 0.562500 0.250000
vt 0.554695 0.250000
vt 0.547309 0.250000
vt 0.540489 0.250000
vt 0.584502 -0.006252
vt 0.577655 -0.024765
vt 0.570226 -0.054830
vt 0.562500 0.000000
vt 0.554695 -0.053914
vt 0.547309 -0.024351
vt 0.540489 -0.006147
vt 0.375000 0.000000
vt 0.383164 0.000000
vt 0.383168 0.250000
vt 0.375000 0.250000
vt 0.435929 0.750000
vt 0.435929 1.000000
vt 0.435929 0.500000
vt 0.423810 0.510408
vt 0.423810 0.250000
vt 0.409497 0.521062
vt 0.409497 0.250000
vt 0.395238 0.516501
vt 0.395226 0.250000
vt 0.423810 -0.009869
vt 0.409497 0.000000
vt 0.395223 -0.016671
vt 0.422737 0.750000
vt 0.409497 0.750000
vt 0.396352 0.750000
vt 0.423810 0.989052
vt 0.409497 0.957875
vt 0.395253 0.983668
vt 0.601703 1.000000
vt 0.625000 0.250000
vt 0.625000 0.250000
vt 0.625000 0.000000
vt 0.625000 0.250000
vt 0.625000 -0.019897
vt 0.625000 0.250000
vt 0.625000 0.000000
vt 0.611921 0.250000
vt 0.611921 -0.008786
vt 0.625000 0.519097
vt 0.625000 0.519319
vt 0.611920 0.509164
vt 0.625000 0.750000
vt 0.625000 0.750000
vt 0.611919 0.750000
vt 0.625000 0.981704
vt 0.625000 0.961363
vt 0.611919 0.990459
vt 0.625000 0.000000
vn -0.9774 0.0005 -0.2113
vn 0.0000 1.0000 0.0000
vn 0.9774 0.0005 -0.2113
vn 0.0000 -1.0000 0.0002
vn -0.9773 0.0152 -0.2112
vn 0.9417 0.2679 -0.2035
vn -0.9417 0.2679 -0.2035
vn -0.9417 -0.2679 0.2035
vn 0.9417 -0.2679 0.2035
vn -0.9773 0.0118 -0.2116
vn 0.9773 0.0140 0.2112
vn 0.9773 0.0118 -0.2116
vn 0.9774 -0.0071 0.2113
vn 0.9460 0.2517 -0.2045
vn 0.9604 0.1858 -0.2076
vn 0.9649 0.1597 -0.2086
vn 0.9675 0.1419 -0.2091
vn 0.9722 0.1030 -0.2101
vn 0.9765 0.0426 -0.2111
vn 0.9771 0.0266 -0.2112
vn 0.9774 0.0110 -0.2113
vn -0.9460 0.2517 -0.2045
vn -0.9604 0.1858 -0.2076
vn -0.9649 0.1597 -0.2086
vn -0.9675 0.1419 -0.2091
vn -0.9722 0.1030 -0.2101
vn -0.9765 0.0426 -0.2111
vn -0.9771 0.0266 -0.2112
vn -0.9774 0.0110 -0.2113
vn -0.9460 -0.2517 0.2045
vn -0.9604 -0.1858 0.2076
vn -0.9649 -0.1597 0.2086
vn -0.9675 -0.1419 0.2091
vn -0.9722 -0.1030 0.2101
vn -0.9765 -0.0426 0.2111
vn -0.9771 -0.0266 0.2112
vn -0.9774 -0.0110 0.2113
vn 0.9460 -0.2517 0.2045
vn 0.9604 -0.1858 0.2076
vn 0.9649 -0.1597 0.2086
vn 0.9675 -0.1419 0.2091
vn 0.9722 -0.1030 0.2101
vn 0.9765 -0.0426 0.2111
vn 0.9771 -0.0266 0.2112
vn 0.9774 -0.0110 0.2113
vn 0.9774 0.0124 -0.2112
vn 0.9764 0.0470 -0.2110
vn 0.9750 0.0702 -0.2107
vn 0.9734 0.0907 -0.2104
vn 0.9689 0.1320 -0.2094
vn 0.9606 0.1846 -0.2076
vn 0.9525 0.2244 -0.2059
vn 0.9398 0.2746 -0.2031
vn -0.9774 0.0124 -0.2112
vn -0.9764 0.0470 -0.2110
vn -0.9750 0.0702 -0.2107
vn -0.9734 0.0907 -0.2104
vn -0.9689 0.1320 -0.2094
vn -0.9606 0.1846 -0.2076
vn -0.9525 0.2244 -0.2059
vn -0.9398 0.2746 -0.2031
vn -0.9774 -0.0124 0.2112
vn -0.9764 -0.0470 0.2110
vn -0.9750 -0.0702 0.2107
vn -0.9734 -0.0907 0.2104
vn -0.9689 -0.1320 0.2094
vn -0.9606 -0.1846 0.2076
vn -0.9525 -0.2244 0.2059
vn -0.9398 -0.2746 0.2031
vn 0.9774 -0.0124 0.2112
vn 0.9764 -0.0470 0.2110
vn 0.9750 -0.0702 0.2107
vn 0.9734 -0.0907 0.2104
vn 0.9689 -0.1320 0.2094
vn 0.9606 -0.1846 0.2076
vn 0.9525 -0.2244 0.2059
vn 0.9398 -0.2746 0.2031
vn 0.9648 -0.1603 0.2085
vn 0.9774 0.0010 -0.2115
vn -0.9774 0.0010 -0.2115
vn -0.9774 -0.0071 0.2113
vn -0.9769 -0.0309 0.2115
vn -0.9751 -0.0658 0.2116
vn -0.9727 -0.0981 0.2101
vn -0.9693 -0.1301 0.2085
vn 0.9769 -0.0309 0.2115
vn 0.9751 -0.0658 0.2116
vn 0.9727 -0.0981 0.2101
vn 0.9693 -0.1301 0.2085
vn -0.9772 0.0014 -0.2123
vn -0.9770 0.0068 -0.2133
vn -0.9769 0.0112 -0.2133
vn -0.9771 0.0151 -0.2123
vn 0.9772 0.0014 -0.2123
vn 0.9770 0.0068 -0.2133
vn 0.9769 0.0112 -0.2133
vn 0.9771 0.0151 -0.2123
vn -0.9648 -0.1603 0.2085
vn -0.9773 0.0140 0.2112
vn 0.9773 0.0152 -0.2112
vn -0.9518 0.2274 0.2057
vn 0.9608 0.1835 0.2077
vn 0.9694 0.1278 0.2095
vn 0.9738 0.0859 0.2105
vn 0.9766 0.0419 0.2111
vn -0.9608 0.1835 0.2077
vn -0.9694 0.1278 0.2095
vn -0.9738 0.0859 0.2105
vn -0.9766 0.0419 0.2111
vn -0.9774 0.0036 -0.2113
vn -0.9774 0.0075 -0.2113
vn -0.9774 0.0104 -0.2113
vn -0.9773 0.0133 -0.2112
vn 0.9774 0.0036 -0.2113
vn 0.9774 0.0075 -0.2113
vn 0.9774 0.0104 -0.2113
vn 0.9773 0.0133 -0.2112
vn 0.9518 0.2274 0.2057
usemtl Black
s off
f 1503/1633/543 1508/1634/543 1398/1635/543 1397/1636/543
f 1398/1635/544 1399/1637/544 1400/1638/544 1397/1636/544
f 1494/1639/545 1503/1633/545 1397/1636/545 1400/1640/545
f 1394/1641/546 1396/1642/546 1395/1643/546 1393/1644/546
f 1456/1645/547 1509/1646/547 1504/1647/547 1465/1648/547
f 1429/1649/548 1464/1650/548 1438/1651/548 1401/1652/548
f 1420/1653/549 1455/1654/549 1464/1650/549 1429/1649/549
f 1411/1655/550 1446/1656/550 1455/1654/550 1420/1653/550
f 1401/1657/551 1438/1658/551 1446/1656/551 1411/1655/551
f 1396/1642/552 1474/1659/552 1479/1660/552 1395/1643/552
f 1437/1661/553 1493/1662/553 1499/1663/553 1447/1664/553
f 1395/1643/554 1479/1660/554 1488/1665/554 1393/1666/554
f 1489/1667/555 1402/1668/555 1410/1669/555 1484/1670/555
f 1429/1649/556 1401/1652/556 1403/1671/556 1436/1672/556
f 1436/1672/557 1403/1671/557 1404/1673/557 1435/1674/557
f 1435/1674/558 1404/1673/558 1405/1675/558 1434/1676/558
f 1434/1676/559 1405/1675/559 1406/1677/559 1433/1678/559
f 1433/1678/560 1406/1677/560 1407/1679/560 1432/1680/560
f 1432/1680/561 1407/1679/561 1408/1681/561 1431/1682/561
f 1431/1682/562 1408/1681/562 1409/1683/562 1430/1684/562
f 1430/1684/563 1409/1683/563 1402/1685/563 1428/1686/563
f 1420/1653/564 1429/1649/564 1436/1672/564 1427/1687/564
f 1427/1687/565 1436/1672/565 1435/1674/565 1426/1688/565
f 1426/1688/566 1435/1674/566 1434/1676/566 1425/1689/566
f 1425/1689/567 1434/1676/567 1433/1678/567 1424/1690/567
f 1424/1690/568 1433/1678/568 1432/1680/568 1423/1691/568
f 1423/1691/569 1432/1680/569 1431/1682/569 1422/1692/569
f 1422/1692/570 1431/1682/570 1430/1684/570 1421/1693/570
f 1421/1693/571 1430/1684/571 1428/1686/571 1419/1694/571
f 1411/1655/572 1420/1653/572 1427/1687/572 1418/1695/572
f 1418/1695/573 1427/1687/573 1426/1688/573 1417/1696/573
f 1417/1696/574 1426/1688/574 1425/1689/574 1416/1697/574
f 1416/1697/575 1425/1689/575 1424/1690/575 1415/1698/575
f 1415/1698/576 1424/1690/576 1423/1691/576 1414/1699/576
f 1414/1699/577 1423/1691/577 1422/1692/577 1413/1700/577
f 1413/1700/578 1422/1692/578 1421/1693/578 1412/1701/578
f 1412/1701/579 1421/1693/579 1419/1694/579 1410/1669/579
f 1401/1657/580 1411/1655/580 1418/1695/580 1403/1702/580
f 1403/1702/581 1418/1695/581 1417/1696/581 1404/1703/581
f 1404/1703/582 1417/1696/582 1416/1697/582 1405/1704/582
f 1405/1704/583 1416/1697/583 1415/1698/583 1406/1705/583
f 1406/1705/584 1415/1698/584 1414/1699/584 1407/1706/584
f 1407/1706/585 1414/1699/585 1413/1700/585 1408/1707/585
f 1408/1707/586 1413/1700/586 1412/1701/586 1409/1708/586
f 1409/1708/587 1412/1701/587 1410/1669/587 1402/1668/587
f 1465/1648/588 1437/1709/588 1439/1710/588 1472/1711/588
f 1472/1711/589 1439/1710/589 1440/1712/589 1471/1713/589
f 1471/1713/590 1440/1712/590 1441/1714/590 1470/1715/590
f 1470/1715/591 1441/1714/591 1442/1716/591 1469/1717/591
f 1469/1717/592 1442/1716/592 1443/1718/592 1468/1719/592
f 1468/1719/593 1443/1718/593 1444/1720/593 1467/1721/593
f 1467/1721/594 1444/1720/594 1445/1722/594 1466/1723/594
f 1466/1723/595 1445/1722/595 1438/1651/595 1464/1650/595
f 1456/1645/596 1465/1648/596 1472/1711/596 1463/1724/596
f 1463/1724/597 1472/1711/597 1471/1713/597 1462/1725/597
f 1462/1725/598 1471/1713/598 1470/1715/598 1461/1726/598
f 1461/1726/599 1470/1715/599 1469/1717/599 1460/1727/599
f 1460/1727/600 1469/1717/600 1468/1719/600 1459/1728/600
f 1459/1728/601 1468/1719/601 1467/1721/601 1458/1729/601
f 1458/1729/602 1467/1721/602 1466/1723/602 1457/1730/602
f 1457/1730/603 1466/1723/603 1464/1650/603 1455/1654/603
f 1447/1664/604 1456/1645/604 1463/1724/604 1454/1731/604
f 1454/1731/605 1463/1724/605 1462/1725/605 1453/1732/605
f 1453/1732/606 1462/1725/606 1461/1726/606 1452/1733/606
f 1452/1733/607 1461/1726/607 1460/1727/607 1451/1734/607
f 1451/1734/608 1460/1727/608 1459/1728/608 1450/1735/608
f 1450/1735/609 1459/1728/609 1458/1729/609 1449/1736/609
f 1449/1736/610 1458/1729/610 1457/1730/610 1448/1737/610
f 1448/1737/611 1457/1730/611 1455/1654/611 1446/1656/611
f 1437/1661/612 1447/1664/612 1454/1731/612 1439/1738/612
f 1439/1738/613 1454/1731/613 1453/1732/613 1440/1739/613
f 1440/1739/614 1453/1732/614 1452/1733/614 1441/1740/614
f 1441/1740/615 1452/1733/615 1451/1734/615 1442/1741/615
f 1442/1741/616 1451/1734/616 1450/1735/616 1443/1742/616
f 1443/1742/617 1450/1735/617 1449/1736/617 1444/1743/617
f 1444/1743/618 1449/1736/618 1448/1737/618 1445/1744/618
f 1445/1744/619 1448/1737/619 1446/1656/619 1438/1658/619
f 1393/1745/620 1488/1746/620 1483/1747/620 1394/1748/620
f 1478/1749/621 1428/1686/621 1402/1685/621 1489/1750/621
f 1473/1751/622 1419/1694/622 1428/1686/622 1478/1749/622
f 1484/1670/623 1410/1669/623 1419/1694/623 1473/1751/623
f 1484/1670/624 1473/1751/624 1475/1752/624 1487/1753/624
f 1487/1753/625 1475/1752/625 1476/1754/625 1486/1755/625
f 1486/1755/626 1476/1754/626 1477/1756/626 1485/1757/626
f 1485/1757/627 1477/1756/627 1474/1659/627 1483/1747/627
f 1489/1667/628 1484/1670/628 1487/1753/628 1492/1758/628
f 1492/1758/629 1487/1753/629 1486/1755/629 1491/1759/629
f 1491/1759/630 1486/1755/630 1485/1757/630 1490/1760/630
f 1490/1760/631 1485/1757/631 1483/1747/631 1488/1746/631
f 1473/1751/632 1478/1749/632 1480/1761/632 1475/1752/632
f 1475/1752/633 1480/1761/633 1481/1762/633 1476/1754/633
f 1476/1754/634 1481/1762/634 1482/1763/634 1477/1756/634
f 1477/1756/635 1482/1763/635 1479/1660/635 1474/1659/635
f 1478/1749/636 1489/1750/636 1492/1764/636 1480/1761/636
f 1480/1761/637 1492/1764/637 1491/1765/637 1481/1762/637
f 1481/1762/638 1491/1765/638 1490/1766/638 1482/1763/638
f 1482/1763/639 1490/1766/639 1488/1665/639 1479/1660/639
f 1394/1748/640 1483/1747/640 1474/1659/640 1396/1642/640
f 1447/1664/641 1499/1663/641 1509/1646/641 1456/1645/641
f 1465/1648/642 1504/1647/642 1493/1767/642 1437/1709/642
f 1508/1634/643 1498/1768/643 1399/1769/643 1398/1635/643
f 1494/1770/644 1498/1768/644 1500/1771/644 1497/1772/644
f 1497/1772/645 1500/1771/645 1501/1773/645 1496/1774/645
f 1496/1774/646 1501/1773/646 1502/1775/646 1495/1776/646
f 1495/1776/647 1502/1775/647 1499/1663/647 1493/1662/647
f 1498/1768/648 1508/1634/648 1510/1777/648 1500/1771/648
f 1500/1771/649 1510/1777/649 1511/1778/649 1501/1773/649
f 1501/1773/650 1511/1778/650 1512/1779/650 1502/1775/650
f 1502/1775/651 1512/1779/651 1509/1646/651 1499/1663/651
f 1508/1634/652 1503/1633/652 1505/1780/652 1510/1777/652
f 1510/1777/653 1505/1780/653 1506/1781/653 1511/1778/653
f 1511/1778/654 1506/1781/654 1507/1782/654 1512/1779/654
f 1512/1779/655 1507/1782/655 1504/1647/655 1509/1646/655
f 1503/1633/656 1494/1639/656 1497/1783/656 1505/1780/656
f 1505/1780/657 1497/1783/657 1496/1784/657 1506/1781/657
f 1506/1781/658 1496/1784/658 1495/1785/658 1507/1782/658
f 1507/1782/659 1495/1785/659 1493/1767/659 1504/1647/659
f 1498/1768/660 1494/1770/660 1400/1786/660 1399/1769/660
o Cube.004_Cube.011
v -0.041636 -18.160824 -1.097670
v 0.000000 -18.160780 -1.290343
v 0.000000 -18.160872 -0.905041
v 0.041636 -18.160824 -1.097670
v 0.000000 -0.366577 -7.001503
v 0.040525 -0.366577 -7.188992
v 0.000000 -0.366577 -7.376481
v -0.040525 -0.366577 -7.188992
v -0.214144 -7.815789 -4.896564
v -0.214144 -13.518757 -2.066822
v -0.214144 -8.278652 -4.326677
v -0.214144 -8.851814 -3.813609
v -0.214144 -9.532042 -3.292878
v -0.214144 -10.293196 -2.776246
v -0.214144 -11.106024 -2.377819
v -0.214144 -11.939289 -2.209807
v -0.214144 -12.760971 -2.106346
v 0.000000 -13.518757 -3.057568
v 0.000000 -7.815789 -5.887311
v 0.000000 -12.760971 -3.097091
v 0.000000 -11.939289 -3.200553
v 0.000000 -11.106024 -3.368564
v 0.000000 -10.293196 -3.766991
v 0.000000 -9.532042 -4.283624
v 0.000000 -8.851814 -4.804355
v 0.000000 -8.278652 -5.317422
v 0.214144 -13.518757 -2.066821
v 0.214144 -7.815789 -4.896564
v 0.214144 -12.760971 -2.106345
v 0.214144 -11.939289 -2.209806
v 0.214144 -11.106024 -2.377818
v 0.214144 -10.293196 -2.776244
v 0.214144 -9.532042 -3.292878
v 0.214144 -8.851814 -3.813608
v 0.214144 -8.278652 -4.326676
v 0.000000 -13.518757 -1.076074
v 0.000000 -7.815789 -3.905818
v 0.000000 -12.760971 -1.115599
v 0.000000 -11.939289 -1.219060
v 0.000000 -11.106024 -1.387071
v 0.000000 -10.293196 -1.785498
v 0.000000 -9.532042 -2.302131
v 0.000000 -8.851814 -2.822862
v 0.000000 -8.278652 -3.335930
v -0.214144 -3.295494 -7.867884
v -0.214144 -7.376586 -5.474710
v -0.214144 -3.966852 -7.828359
v -0.214144 -4.431799 -7.724899
v -0.214144 -4.936297 -7.556887
v -0.214144 -5.460958 -7.330781
v -0.214144 -5.985618 -6.999991
v -0.214144 -6.490116 -6.551440
v -0.214144 -6.955063 -6.044598
v 0.000000 -7.376586 -6.465456
v -0.000000 -3.295494 -8.858629
v -0.000000 -6.955063 -7.035344
v -0.000000 -6.490116 -7.542186
v -0.000000 -5.985618 -7.990737
v -0.000000 -5.460958 -8.321527
v -0.000000 -4.936297 -8.547633
v -0.000000 -4.431799 -8.715645
v -0.000000 -3.966852 -8.819105
v 0.214144 -7.376586 -5.474710
v 0.214144 -3.295494 -7.867884
v 0.214144 -6.955063 -6.044597
v 0.214144 -6.490116 -6.551439
v 0.214144 -5.985618 -6.999990
v 0.214144 -5.460958 -7.330781
v 0.214144 -4.936297 -7.556886
v 0.214144 -4.431799 -7.724898
v 0.214144 -3.966852 -7.828359
v 0.000000 -7.376586 -4.483963
v 0.000000 -3.295494 -6.877137
v 0.000000 -6.955063 -5.053851
v 0.000000 -6.490116 -5.560693
v 0.000000 -5.985618 -6.009244
v 0.000000 -5.460958 -6.340035
v 0.000000 -4.936297 -6.566140
v 0.000000 -4.431799 -6.734152
v 0.000000 -3.966852 -6.837614
v 0.212311 -14.135666 -2.054590
v 0.079849 -17.665720 -1.301592
v 0.200402 -14.955532 -1.991572
v 0.171706 -15.901249 -1.828784
v 0.128759 -16.846338 -1.583787
v 0.000000 -14.145233 -1.074238
v 0.000000 -17.656038 -0.933604
v 0.000000 -14.980724 -1.071761
v 0.000000 -15.900574 -1.043797
v 0.000000 -16.820236 -0.994220
v 0.000000 -17.665579 -1.671113
v 0.000000 -14.135660 -3.036859
v 0.000000 -16.856047 -2.178121
v 0.000000 -15.901365 -2.620949
v 0.000000 -14.945948 -2.916837
v -0.079849 -17.665720 -1.301592
v -0.212311 -14.135666 -2.054590
v -0.128759 -16.846338 -1.583787
v -0.171706 -15.901249 -1.828784
v -0.200402 -14.955532 -1.991572
v -0.205940 -2.746844 -7.869374
v -0.088691 -0.768875 -7.410902
v -0.191784 -2.246434 -7.835424
v -0.164531 -1.694814 -7.736374
v -0.128329 -1.175964 -7.587302
v -0.000000 -0.768875 -7.821233
v -0.000000 -2.746844 -8.822165
v -0.000000 -1.175964 -8.181022
v -0.000000 -1.694814 -8.497581
v -0.000000 -2.246434 -8.722722
v 0.000000 -0.768875 -7.000569
v 0.000000 -2.746844 -6.916582
v 0.000000 -1.175964 -6.993581
v 0.000000 -1.694814 -6.975166
v 0.000000 -2.246434 -6.948128
v 0.088691 -0.768875 -7.410902
v 0.205940 -2.746844 -7.869374
v 0.128329 -1.175964 -7.587302
v 0.164531 -1.694814 -7.736374
v 0.191784 -2.246434 -7.835424
vt 0.625000 0.750000
vt 0.625000 0.500000
vt 0.625000 0.500000
vt 0.625000 0.750000
vt 0.875000 0.500000
vt 0.875000 0.750000
vt 0.625000 1.000000
vt 0.625000 1.000000
vt 0.125000 0.500000
vt 0.375000 0.500000
vt 0.375000 0.750000
vt 0.125000 0.750000
vt 0.590503 0.500000
vt 0.601703 0.500000
vt 0.601703 0.750000
vt 0.590503 0.750000
vt 0.528003 0.750000
vt 0.534497 0.750000
vt 0.534497 1.000000
vt 0.528003 1.000000
vt 0.528003 0.500000
vt 0.534497 0.500000
vt 0.528003 0.250000
vt 0.534497 0.250000
vt 0.528003 0.000000
vt 0.534497 0.000000
vt 0.383164 0.500000
vt 0.383160 0.750000
vt 0.590503 0.000000
vt 0.601703 0.000000
vt 0.601703 0.250000
vt 0.590503 0.250000
vt 0.383164 1.000000
vt 0.375000 1.000000
vt 0.435929 0.000000
vt 0.443994 0.000000
vt 0.443994 0.250000
vt 0.435929 0.250000
vt 0.521482 1.012294
vt 0.521482 0.750000
vt 0.513095 1.048703
vt 0.513095 0.750000
vt 0.503164 1.107828
vt 0.503164 0.750000
vt 0.500000 1.000000
vt 0.500000 0.750000
vt 0.479828 1.054830
vt 0.479828 0.750000
vt 0.467558 1.024765
vt 0.467558 0.750000
vt 0.455458 1.006251
vt 0.455458 0.750000
vt 0.443994 1.000000
vt 0.443994 0.750000
vt 0.521482 0.487706
vt 0.513095 0.451297
vt 0.503164 0.392172
vt 0.500000 0.452355
vt 0.479828 0.445170
vt 0.467558 0.475235
vt 0.455458 0.493749
vt 0.443994 0.500000
vt 0.521482 0.250000
vt 0.513095 0.250000
vt 0.503164 0.250000
vt 0.500000 0.250000
vt 0.479828 0.250000
vt 0.467558 0.250000
vt 0.455458 0.250000
vt 0.521482 0.012294
vt 0.513095 0.048703
vt 0.503164 0.107828
vt 0.500000 0.095291
vt 0.479828 0.054830
vt 0.467558 0.024765
vt 0.455458 0.006251
vt 0.590503 1.000000
vt 0.584502 0.993749
vt 0.584502 0.750000
vt 0.577655 0.975235
vt 0.577655 0.750000
vt 0.570226 0.945170
vt 0.570226 0.750000
vt 0.562500 0.904709
vt 0.562500 0.750000
vt 0.554695 0.946086
vt 0.554695 0.750000
vt 0.547309 0.975649
vt 0.547309 0.750000
vt 0.540489 0.993853
vt 0.540489 0.750000
vt 0.584502 0.506251
vt 0.577655 0.524765
vt 0.570226 0.554830
vt 0.562500 0.547646
vt 0.554695 0.553914
vt 0.547309 0.524351
vt 0.540489 0.506147
vt 0.584502 0.250000
vt 0.577655 0.250000
vt 0.570226 0.250000
vt 0.562500 0.250000
vt 0.554695 0.250000
vt 0.547309 0.250000
vt 0.540489 0.250000
vt 0.584502 -0.006252
vt 0.577655 -0.024765
vt 0.570226 -0.054830
vt 0.562500 0.000000
vt 0.554695 -0.053914
vt 0.547309 -0.024351
vt 0.540489 -0.006147
vt 0.375000 0.000000
vt 0.383164 0.000000
vt 0.383168 0.250000
vt 0.375000 0.250000
vt 0.435929 0.750000
vt 0.435929 1.000000
vt 0.435929 0.500000
vt 0.423810 0.510408
vt 0.423810 0.250000
vt 0.409497 0.521062
vt 0.409497 0.250000
vt 0.395238 0.516501
vt 0.395226 0.250000
vt 0.423810 -0.009869
vt 0.409497 0.000000
vt 0.395223 -0.016671
vt 0.422737 0.750000
vt 0.409497 0.750000
vt 0.396352 0.750000
vt 0.423810 0.989052
vt 0.409497 0.957875
vt 0.395253 0.983668
vt 0.601703 1.000000
vt 0.625000 0.250000
vt 0.625000 0.250000
vt 0.625000 0.000000
vt 0.625000 0.250000
vt 0.625000 -0.019897
vt 0.625000 0.250000
vt 0.625000 0.000000
vt 0.611921 0.250000
vt 0.611921 -0.008786
vt 0.625000 0.519097
vt 0.625000 0.519319
vt 0.611920 0.509164
vt 0.625000 0.750000
vt 0.625000 0.750000
vt 0.611919 0.750000
vt 0.625000 0.981704
vt 0.625000 0.961363
vt 0.611919 0.990459
vt 0.625000 0.000000
vn 0.9774 0.0005 0.2113
vn 0.0000 1.0000 0.0000
vn -0.9774 0.0005 0.2113
vn 0.0000 -1.0000 -0.0002
vn 0.9773 0.0152 0.2112
vn -0.9417 0.2679 0.2035
vn 0.9417 0.2679 0.2035
vn 0.9417 -0.2679 -0.2035
vn -0.9417 -0.2679 -0.2035
vn 0.9773 0.0118 0.2116
vn -0.9773 0.0140 -0.2112
vn -0.9773 0.0118 0.2116
vn -0.9774 -0.0071 -0.2113
vn -0.9460 0.2517 0.2045
vn -0.9604 0.1858 0.2076
vn -0.9649 0.1597 0.2086
vn -0.9675 0.1419 0.2091
vn -0.9722 0.1030 0.2101
vn -0.9765 0.0426 0.2111
vn -0.9771 0.0266 0.2112
vn -0.9774 0.0110 0.2113
vn 0.9460 0.2517 0.2045
vn 0.9604 0.1858 0.2076
vn 0.9649 0.1597 0.2086
vn 0.9675 0.1419 0.2091
vn 0.9722 0.1030 0.2101
vn 0.9765 0.0426 0.2111
vn 0.9771 0.0266 0.2112
vn 0.9774 0.0110 0.2113
vn 0.9460 -0.2517 -0.2045
vn 0.9604 -0.1858 -0.2076
vn 0.9649 -0.1597 -0.2086
vn 0.9675 -0.1419 -0.2091
vn 0.9722 -0.1030 -0.2101
vn 0.9765 -0.0426 -0.2111
vn 0.9771 -0.0266 -0.2112
vn 0.9774 -0.0110 -0.2113
vn -0.9460 -0.2517 -0.2045
vn -0.9604 -0.1858 -0.2076
vn -0.9649 -0.1597 -0.2086
vn -0.9675 -0.1419 -0.2091
vn -0.9722 -0.1030 -0.2101
vn -0.9765 -0.0426 -0.2111
vn -0.9771 -0.0266 -0.2112
vn -0.9774 -0.0110 -0.2113
vn -0.9774 0.0124 0.2112
vn -0.9764 0.0470 0.2110
vn -0.9750 0.0702 0.2107
vn -0.9734 0.0907 0.2104
vn -0.9689 0.1320 0.2094
vn -0.9606 0.1846 0.2076
vn -0.9525 0.2244 0.2059
vn -0.9398 0.2746 0.2031
vn 0.9774 0.0124 0.2112
vn 0.9764 0.0470 0.2110
vn 0.9750 0.0702 0.2107
vn 0.9734 0.0907 0.2104
vn 0.9689 0.1320 0.2094
vn 0.9606 0.1846 0.2076
vn 0.9525 0.2244 0.2059
vn 0.9398 0.2746 0.2031
vn 0.9774 -0.0124 -0.2112
vn 0.9764 -0.0470 -0.2110
vn 0.9750 -0.0702 -0.2107
vn 0.9734 -0.0907 -0.2104
vn 0.9689 -0.1320 -0.2094
vn 0.9606 -0.1846 -0.2076
vn 0.9525 -0.2244 -0.2059
vn 0.9398 -0.2746 -0.2031
vn -0.9774 -0.0124 -0.2112
vn -0.9764 -0.0470 -0.2110
vn -0.9750 -0.0702 -0.2107
vn -0.9734 -0.0907 -0.2104
vn -0.9689 -0.1320 -0.2094
vn -0.9606 -0.1846 -0.2076
vn -0.9525 -0.2244 -0.2059
vn -0.9398 -0.2746 -0.2031
vn -0.9648 -0.1603 -0.2085
vn -0.9774 0.0010 0.2115
vn 0.9774 0.0010 0.2115
vn 0.9774 -0.0071 -0.2113
vn 0.9769 -0.0309 -0.2115
vn 0.9751 -0.0658 -0.2116
vn 0.9727 -0.0981 -0.2101
vn 0.9693 -0.1301 -0.2085
vn -0.9769 -0.0309 -0.2115
vn -0.9751 -0.0658 -0.2116
vn -0.9727 -0.0981 -0.2101
vn -0.9693 -0.1301 -0.2085
vn 0.9772 0.0014 0.2123
vn 0.9770 0.0068 0.2133
vn 0.9769 0.0112 0.2133
vn 0.9771 0.0151 0.2123
vn -0.9772 0.0014 0.2123
vn -0.9770 0.0068 0.2133
vn -0.9769 0.0112 0.2133
vn -0.9771 0.0151 0.2123
vn 0.9648 -0.1603 -0.2085
vn 0.9773 0.0140 -0.2112
vn -0.9773 0.0152 0.2112
vn 0.9518 0.2274 -0.2057
vn -0.9608 0.1835 -0.2077
vn -0.9694 0.1278 -0.2095
vn -0.9738 0.0859 -0.2105
vn -0.9766 0.0419 -0.2111
vn 0.9608 0.1835 -0.2077
vn 0.9694 0.1278 -0.2095
vn 0.9738 0.0859 -0.2105
vn 0.9766 0.0419 -0.2111
vn 0.9774 0.0036 0.2113
vn 0.9774 0.0075 0.2113
vn 0.9774 0.0104 0.2113
vn 0.9773 0.0133 0.2112
vn -0.9774 0.0036 0.2113
vn -0.9774 0.0075 0.2113
vn -0.9774 0.0104 0.2113
vn -0.9773 0.0133 0.2112
vn -0.9518 0.2274 -0.2057
usemtl Black
s off
f 1623/1787/661 1628/1788/661 1518/1789/661 1517/1790/661
f 1518/1789/662 1519/1791/662 1520/1792/662 1517/1790/662
f 1614/1793/663 1623/1787/663 1517/1790/663 1520/1794/663
f 1514/1795/664 1516/1796/664 1515/1797/664 1513/1798/664
f 1576/1799/665 1629/1800/665 1624/1801/665 1585/1802/665
f 1549/1803/666 1584/1804/666 1558/1805/666 1521/1806/666
f 1540/1807/667 1575/1808/667 1584/1804/667 1549/1803/667
f 1531/1809/668 1566/1810/668 1575/1808/668 1540/1807/668
f 1521/1811/669 1558/1812/669 1566/1810/669 1531/1809/669
f 1516/1796/670 1594/1813/670 1599/1814/670 1515/1797/670
f 1557/1815/671 1613/1816/671 1619/1817/671 1567/1818/671
f 1515/1797/672 1599/1814/672 1608/1819/672 1513/1820/672
f 1609/1821/673 1522/1822/673 1530/1823/673 1604/1824/673
f 1549/1803/674 1521/1806/674 1523/1825/674 1556/1826/674
f 1556/1826/675 1523/1825/675 1524/1827/675 1555/1828/675
f 1555/1828/676 1524/1827/676 1525/1829/676 1554/1830/676
f 1554/1830/677 1525/1829/677 1526/1831/677 1553/1832/677
f 1553/1832/678 1526/1831/678 1527/1833/678 1552/1834/678
f 1552/1834/679 1527/1833/679 1528/1835/679 1551/1836/679
f 1551/1836/680 1528/1835/680 1529/1837/680 1550/1838/680
f 1550/1838/681 1529/1837/681 1522/1839/681 1548/1840/681
f 1540/1807/682 1549/1803/682 1556/1826/682 1547/1841/682
f 1547/1841/683 1556/1826/683 1555/1828/683 1546/1842/683
f 1546/1842/684 1555/1828/684 1554/1830/684 1545/1843/684
f 1545/1843/685 1554/1830/685 1553/1832/685 1544/1844/685
f 1544/1844/686 1553/1832/686 1552/1834/686 1543/1845/686
f 1543/1845/687 1552/1834/687 1551/1836/687 1542/1846/687
f 1542/1846/688 1551/1836/688 1550/1838/688 1541/1847/688
f 1541/1847/689 1550/1838/689 1548/1840/689 1539/1848/689
f 1531/1809/690 1540/1807/690 1547/1841/690 1538/1849/690
f 1538/1849/691 1547/1841/691 1546/1842/691 1537/1850/691
f 1537/1850/692 1546/1842/692 1545/1843/692 1536/1851/692
f 1536/1851/693 1545/1843/693 1544/1844/693 1535/1852/693
f 1535/1852/694 1544/1844/694 1543/1845/694 1534/1853/694
f 1534/1853/695 1543/1845/695 1542/1846/695 1533/1854/695
f 1533/1854/696 1542/1846/696 1541/1847/696 1532/1855/696
f 1532/1855/697 1541/1847/697 1539/1848/697 1530/1823/697
f 1521/1811/698 1531/1809/698 1538/1849/698 1523/1856/698
f 1523/1856/699 1538/1849/699 1537/1850/699 1524/1857/699
f 1524/1857/700 1537/1850/700 1536/1851/700 1525/1858/700
f 1525/1858/701 1536/1851/701 1535/1852/701 1526/1859/701
f 1526/1859/702 1535/1852/702 1534/1853/702 1527/1860/702
f 1527/1860/703 1534/1853/703 1533/1854/703 1528/1861/703
f 1528/1861/704 1533/1854/704 1532/1855/704 1529/1862/704
f 1529/1862/705 1532/1855/705 1530/1823/705 1522/1822/705
f 1585/1802/706 1557/1863/706 1559/1864/706 1592/1865/706
f 1592/1865/707 1559/1864/707 1560/1866/707 1591/1867/707
f 1591/1867/708 1560/1866/708 1561/1868/708 1590/1869/708
f 1590/1869/709 1561/1868/709 1562/1870/709 1589/1871/709
f 1589/1871/710 1562/1870/710 1563/1872/710 1588/1873/710
f 1588/1873/711 1563/1872/711 1564/1874/711 1587/1875/711
f 1587/1875/712 1564/1874/712 1565/1876/712 1586/1877/712
f 1586/1877/713 1565/1876/713 1558/1805/713 1584/1804/713
f 1576/1799/714 1585/1802/714 1592/1865/714 1583/1878/714
f 1583/1878/715 1592/1865/715 1591/1867/715 1582/1879/715
f 1582/1879/716 1591/1867/716 1590/1869/716 1581/1880/716
f 1581/1880/717 1590/1869/717 1589/1871/717 1580/1881/717
f 1580/1881/718 1589/1871/718 1588/1873/718 1579/1882/718
f 1579/1882/719 1588/1873/719 1587/1875/719 1578/1883/719
f 1578/1883/720 1587/1875/720 1586/1877/720 1577/1884/720
f 1577/1884/721 1586/1877/721 1584/1804/721 1575/1808/721
f 1567/1818/722 1576/1799/722 1583/1878/722 1574/1885/722
f 1574/1885/723 1583/1878/723 1582/1879/723 1573/1886/723
f 1573/1886/724 1582/1879/724 1581/1880/724 1572/1887/724
f 1572/1887/725 1581/1880/725 1580/1881/725 1571/1888/725
f 1571/1888/726 1580/1881/726 1579/1882/726 1570/1889/726
f 1570/1889/727 1579/1882/727 1578/1883/727 1569/1890/727
f 1569/1890/728 1578/1883/728 1577/1884/728 1568/1891/728
f 1568/1891/729 1577/1884/729 1575/1808/729 1566/1810/729
f 1557/1815/730 1567/1818/730 1574/1885/730 1559/1892/730
f 1559/1892/731 1574/1885/731 1573/1886/731 1560/1893/731
f 1560/1893/732 1573/1886/732 1572/1887/732 1561/1894/732
f 1561/1894/733 1572/1887/733 1571/1888/733 1562/1895/733
f 1562/1895/734 1571/1888/734 1570/1889/734 1563/1896/734
f 1563/1896/735 1570/1889/735 1569/1890/735 1564/1897/735
f 1564/1897/736 1569/1890/736 1568/1891/736 1565/1898/736
f 1565/1898/737 1568/1891/737 1566/1810/737 1558/1812/737
f 1513/1899/738 1608/1900/738 1603/1901/738 1514/1902/738
f 1598/1903/739 1548/1840/739 1522/1839/739 1609/1904/739
f 1593/1905/740 1539/1848/740 1548/1840/740 1598/1903/740
f 1604/1824/741 1530/1823/741 1539/1848/741 1593/1905/741
f 1604/1824/742 1593/1905/742 1595/1906/742 1607/1907/742
f 1607/1907/743 1595/1906/743 1596/1908/743 1606/1909/743
f 1606/1909/744 1596/1908/744 1597/1910/744 1605/1911/744
f 1605/1911/745 1597/1910/745 1594/1813/745 1603/1901/745
f 1609/1821/746 1604/1824/746 1607/1907/746 1612/1912/746
f 1612/1912/747 1607/1907/747 1606/1909/747 1611/1913/747
f 1611/1913/748 1606/1909/748 1605/1911/748 1610/1914/748
f 1610/1914/749 1605/1911/749 1603/1901/749 1608/1900/749
f 1593/1905/750 1598/1903/750 1600/1915/750 1595/1906/750
f 1595/1906/751 1600/1915/751 1601/1916/751 1596/1908/751
f 1596/1908/752 1601/1916/752 1602/1917/752 1597/1910/752
f 1597/1910/753 1602/1917/753 1599/1814/753 1594/1813/753
f 1598/1903/754 1609/1904/754 1612/1918/754 1600/1915/754
f 1600/1915/755 1612/1918/755 1611/1919/755 1601/1916/755
f 1601/1916/756 1611/1919/756 1610/1920/756 1602/1917/756
f 1602/1917/757 1610/1920/757 1608/1819/757 1599/1814/757
f 1514/1902/758 1603/1901/758 1594/1813/758 1516/1796/758
f 1567/1818/759 1619/1817/759 1629/1800/759 1576/1799/759
f 1585/1802/760 1624/1801/760 1613/1921/760 1557/1863/760
f 1628/1788/761 1618/1922/761 1519/1923/761 1518/1789/761
f 1614/1924/762 1618/1922/762 1620/1925/762 1617/1926/762
f 1617/1926/763 1620/1925/763 1621/1927/763 1616/1928/763
f 1616/1928/764 1621/1927/764 1622/1929/764 1615/1930/764
f 1615/1930/765 1622/1929/765 1619/1817/765 1613/1816/765
f 1618/1922/766 1628/1788/766 1630/1931/766 1620/1925/766
f 1620/1925/767 1630/1931/767 1631/1932/767 1621/1927/767
f 1621/1927/768 1631/1932/768 1632/1933/768 1622/1929/768
f 1622/1929/769 1632/1933/769 1629/1800/769 1619/1817/769
f 1628/1788/770 1623/1787/770 1625/1934/770 1630/1931/770
f 1630/1931/771 1625/1934/771 1626/1935/771 1631/1932/771
f 1631/1932/772 1626/1935/772 1627/1936/772 1632/1933/772
f 1632/1933/773 1627/1936/773 1624/1801/773 1629/1800/773
f 1623/1787/774 1614/1793/774 1617/1937/774 1625/1934/774
f 1625/1934/775 1617/1937/775 1616/1938/775 1626/1935/775
f 1626/1935/776 1616/1938/776 1615/1939/776 1627/1936/776
f 1627/1936/777 1615/1939/777 1613/1921/777 1624/1801/777
f 1618/1922/778 1614/1924/778 1520/1940/778 1519/1923/778
o Sphere_Sphere.001
v 4.915091 4.054875 4.915240
v 5.274907 3.572929 5.275064
v 5.546774 3.147288 5.546927
v 5.707485 2.728731 5.707637
v 5.814532 2.234315 5.814682
v 5.898442 1.797619 5.898591
v -4.915239 4.054875 -4.915091
v -5.275064 3.572929 -5.274908
v -5.546927 3.147288 -5.546775
v -5.707637 2.728731 -5.707486
v -5.814682 2.234315 -5.814532
v -5.898590 1.797619 -5.898443
v -6.010595 1.157187 -6.010452
v -0.681902 5.854716 -0.559609
v -1.357235 5.807900 -1.113827
v -2.019490 5.745405 -1.657311
v -2.662285 5.643848 -2.184823
v -3.279414 5.464254 -2.691270
v -3.864893 5.183664 -3.171732
v -4.412997 4.863101 -3.621496
v -4.918156 4.500921 -4.035940
v -5.374702 4.139741 -4.410271
v -5.775371 3.741226 -4.738011
v -6.108237 3.301405 -5.007943
v -6.365975 2.814739 -5.213339
v -6.564586 2.259565 -5.370708
v -6.722799 1.636091 -5.499175
v -6.810183 0.911776 -5.577601
v -6.773167 0.209290 -5.551962
v -6.671001 -0.403694 -5.471598
v -6.546325 -1.036907 -5.371256
v -6.275263 -1.955514 -5.149664
v -0.733472 5.854716 -0.490078
v -1.459877 5.807902 -0.975434
v -2.172218 5.745448 -1.451392
v -2.863626 5.644409 -1.913362
v -3.527432 5.469681 -2.356884
v -4.157215 5.215460 -2.777662
v -4.746856 4.912830 -3.171586
v -5.290534 4.578218 -3.534723
v -5.782742 4.221361 -3.863299
v -6.218193 3.830041 -4.153603
v -6.592060 3.385626 -4.402207
v -6.901067 2.868437 -4.607037
v -7.144429 2.267308 -4.768312
v -7.322814 1.579534 -4.887487
v -7.380804 0.821867 -4.927642
v -7.317146 0.086105 -4.886620
v -7.189814 -0.586446 -4.802667
v -7.046125 -1.291106 -4.707403
v -6.750730 -2.213346 -4.510450
v -0.777977 5.854715 -0.415826
v -1.548460 5.807904 -0.827647
v -2.304025 5.745485 -1.231493
v -3.037389 5.644900 -1.623472
v -3.741481 5.473306 -1.999801
v -4.409501 5.228418 -2.356839
v -5.034988 4.932538 -2.691118
v -5.611862 4.602813 -2.999367
v -6.134513 4.246561 -3.278558
v -6.597854 3.853300 -3.525943
v -6.997435 3.404279 -3.739155
v -7.329556 2.878948 -3.916281
v -7.591350 2.266498 -4.055942
v -7.780658 1.566464 -4.157154
v -7.838368 0.799193 -4.188314
v -7.766911 0.053774 -4.150522
v -7.629030 -0.628917 -4.077166
v -7.474864 -1.330108 -3.995029
v -7.160645 -2.200186 -3.827266
v -0.814991 5.854715 -0.337571
v -1.622131 5.807901 -0.671889
v -2.413643 5.745496 -0.999735
v -3.181900 5.645074 -1.317947
v -3.919498 5.474368 -1.623457
v -4.619313 5.231544 -1.913310
v -5.274601 4.937353 -2.184709
v -5.879020 4.608558 -2.435022
v -6.426754 4.252198 -2.661838
v -6.912534 3.858160 -2.862976
v -7.331714 3.407941 -3.036528
v -7.680296 2.880993 -3.180846
v -7.955009 2.266557 -3.294605
v -8.153276 1.564448 -3.376757
v -8.213193 0.795280 -3.401647
v -8.137688 0.048226 -3.370454
v -7.992731 -0.633638 -3.310482
v -7.830848 -1.306249 -3.243490
v -7.501360 -1.868909 -3.107051
v -0.844155 5.854716 -0.256064
v -1.680179 5.807901 -0.509660
v -2.500017 5.745476 -0.758348
v -3.295768 5.644840 -0.999727
v -4.059765 5.472903 -1.231474
v -4.784630 5.227495 -1.451348
v -5.463379 4.932521 -1.657233
v -6.089437 4.604185 -1.847142
v -6.656767 4.248023 -2.019254
v -7.159883 3.854383 -2.171913
v -7.593956 3.405454 -2.303664
v -7.954838 2.880595 -2.413236
v -8.239162 2.268795 -2.499589
v -8.444346 1.569442 -2.561899
v -8.506405 0.802700 -2.580705
v -8.428387 0.057640 -2.556941
v -8.278479 -0.624652 -2.511356
v -8.110991 -1.322820 -2.460465
v -7.769887 -2.176539 -2.356947
v -0.865190 5.854713 -0.172091
v -1.722046 5.807898 -0.342523
v -2.562314 5.745437 -0.509656
v -3.377895 5.644315 -0.671879
v -4.160932 5.468829 -0.827628
v -4.903860 5.212091 -0.975399
v -5.599507 4.912191 -1.113776
v -6.241103 4.584388 -1.241418
v -6.822357 4.227223 -1.357106
v -7.337463 3.832734 -1.459727
v -7.781266 3.389194 -1.548298
v -8.149537 2.874416 -1.621956
v -8.439157 2.276353 -1.680001
v -8.648080 1.592035 -1.721874
v -8.712050 0.836545 -1.734499
v -8.634153 0.102327 -1.718507
v -8.482689 -0.570932 -1.687848
v -8.312386 -1.276131 -1.653626
v -7.963377 -2.193341 -1.584041
v -0.877893 5.854712 -0.086460
v -1.747329 5.807900 -0.172087
v -2.599934 5.745403 -0.256057
v -3.427492 5.643775 -0.337558
v -4.222026 5.463332 -0.415808
v -4.975856 5.175631 -0.490051
v -5.681687 4.860032 -0.559574
v -6.332582 4.524707 -0.623708
v -6.921888 4.160151 -0.681834
v -7.442641 3.740224 -0.733397
v -7.887423 3.312993 -0.777902
v -8.251064 2.835028 -0.814912
v -8.533904 2.291398 -0.844078
v -8.733814 1.686237 -0.865114
v -8.796990 0.970744 -0.871454
v -8.730970 0.277898 -0.863416
v -8.594776 -0.337319 -0.848007
v -8.431162 -0.991659 -0.830811
v -8.079725 -1.866953 -0.795846
v -0.882141 5.854714 0.000003
v -1.755785 5.807900 0.000006
v -2.612515 5.745387 0.000009
v -3.444078 5.643569 0.000013
v -4.242458 5.460832 0.000015
v -4.999932 5.147473 0.000020
v -5.709159 4.812826 0.000025
v -6.363062 4.412910 0.000026
v -6.954672 4.054876 0.000028
v -7.473871 3.572927 0.000031
v -7.899506 3.147286 0.000028
v -8.217003 2.728732 0.000028
v -8.457865 2.234314 0.000029
v -8.636065 1.797619 0.000027
v -8.734865 1.157188 0.000028
v -8.698479 0.503554 0.000025
v -8.585588 0.032092 0.000026
v -8.453909 -0.408644 0.000024
v -8.115600 -1.106134 0.000019
v -0.877893 5.854715 0.086466
v -1.747331 5.807899 0.172099
v -2.599936 5.745405 0.256075
v -3.427495 5.643848 0.337585
v -4.222034 5.464248 0.415842
v -4.975867 5.183666 0.490093
v -5.681700 4.863101 0.559625
v -6.332559 4.500921 0.623764
v -6.921733 4.139741 0.681898
v -7.441917 3.741224 0.733465
v -7.883496 3.301405 0.777966
v -8.240028 2.814740 0.814979
v -8.518840 2.259564 0.844144
v -8.728231 1.636090 0.865182
v -8.813347 0.911776 0.871518
v -8.746449 0.209292 0.863474
v -8.600862 -0.403693 0.848062
v -8.432376 -1.036907 0.830856
v -8.079947 -1.955512 0.795882
v -0.865191 5.854715 0.172096
v -1.722049 5.807898 0.342535
v -2.562319 5.745443 0.509674
v -3.377904 5.644406 0.671905
v -4.160949 5.469679 0.827663
v -4.903883 5.215458 0.975447
v -5.599537 4.912831 1.113836
v -6.241122 4.578214 1.241494
v -6.822310 4.221359 1.357198
v -7.337195 3.830041 1.459831
v -7.780460 3.385628 1.548404
v -8.148018 2.868436 1.622070
v -8.437583 2.267308 1.680115
v -8.648033 1.579533 1.721983
v -8.713821 0.821866 1.734598
v -8.635914 0.086104 1.718594
v -8.483606 -0.586445 1.687924
v -8.312716 -1.291106 1.653687
v -7.963470 -2.213346 1.584084
v -0.844157 5.854713 0.256069
v -1.680183 5.807902 0.509672
v -2.500024 5.745482 0.758366
v -3.295781 5.644897 0.999755
v -4.059790 5.473306 1.231514
v -4.784669 5.228418 1.451405
v -5.463435 4.932540 1.657314
v -6.089511 4.602809 1.847257
v -6.656845 4.246561 2.019403
v -7.159935 3.853300 2.172103
v -7.593950 3.404281 2.303880
v -7.954785 2.878948 2.413475
v -8.239171 2.266497 2.499834
v -8.444557 1.566463 2.562127
v -8.506812 0.799193 2.580904
v -8.428806 0.053774 2.557107
v -8.278786 -0.628917 2.511491
v -8.111174 -1.330108 2.460566
v -7.769982 -2.200186 2.357015
v -0.814993 5.854715 0.337576
v -1.622136 5.807900 0.671900
v -2.413653 5.745496 0.999754
v -3.181918 5.645068 1.317976
v -3.919531 5.474366 1.623502
v -4.619370 5.231544 1.913381
v -5.274697 4.937354 2.184823
v -5.879175 4.608554 2.435203
v -6.426991 4.252196 2.662111
v -6.912871 3.858161 2.863367
v -7.332158 3.407943 3.037032
v -7.680832 2.880993 3.181451
v -7.955603 2.266554 3.295247
v -8.153857 1.564448 3.377349
v -8.213701 0.795281 3.402128
v -8.138094 0.048226 3.370815
v -7.993032 -0.633638 3.310747
v -7.831057 -1.306249 3.243674
v -7.501508 -1.868908 3.107185
v -0.777980 5.854717 0.415832
v -1.548467 5.807899 0.827658
v -2.304037 5.745474 1.231512
v -3.037411 5.644837 1.623503
v -3.741523 5.472904 1.999851
v -4.409575 5.227495 2.356924
v -5.035132 4.932522 2.691274
v -5.612134 4.604183 2.999655
v -6.135017 4.248024 3.279080
v -6.598722 3.854383 3.526835
v -6.998797 3.405455 3.740536
v -7.331411 2.880596 3.918158
v -7.593463 2.268796 4.058067
v -7.782559 1.569440 4.159061
v -7.839729 0.802701 4.189674
v -7.767802 0.057640 4.151404
v -7.629611 -0.624653 4.077740
v -7.475219 -1.322821 3.995378
v -7.160826 -2.176540 3.827445
v -0.733475 5.854715 0.490083
v -1.459885 5.807895 0.975445
v -2.172232 5.745436 1.451410
v -2.863651 5.644313 1.913394
v -3.527483 5.468833 2.356941
v -4.157310 5.212091 2.777764
v -4.747054 4.912191 3.171792
v -5.290967 4.584387 3.535166
v -5.783715 4.227222 3.864282
v -6.220359 3.832734 4.155783
v -6.596521 3.389195 4.406675
v -6.908612 2.874415 4.614592
v -7.154021 2.276352 4.777907
v -7.331050 1.592035 4.895729
v -7.385304 0.836546 4.932146
v -7.319402 0.102327 4.888876
v -7.191144 -0.570932 4.803997
v -7.046859 -1.276131 4.708135
v -6.751029 -2.193341 4.510746
v -0.681906 5.854714 0.559614
v -1.357243 5.807898 1.113837
v -2.019507 5.745401 1.657330
v -2.662313 5.643771 2.184856
v -3.279468 5.463332 2.691328
v -3.865003 5.175629 3.171847
v -4.413246 4.860031 3.621750
v -4.918784 4.524706 4.036576
v -5.376412 4.160150 4.411988
v -5.780553 3.740224 4.743204
v -6.125156 3.312994 5.024864
v -6.406084 2.835028 5.253453
v -6.624084 2.291398 5.430209
v -6.777617 1.686237 5.553997
v -6.826546 0.970745 5.593968
v -6.777270 0.277898 5.556066
v -6.674038 -0.337320 5.474635
v -6.548339 -0.991660 5.373269
v -6.275821 -1.866952 5.150217
v -0.623763 5.854714 0.623763
v -1.241516 5.807897 1.241516
v -1.847311 5.745382 1.847311
v -2.435305 5.643569 2.435305
v -2.999834 5.460834 2.999834
v -3.535429 5.147471 3.535429
v -4.036889 4.812826 4.036889
v -4.499165 4.412909 4.499164
v -4.917198 4.054875 4.917198
v -5.283051 3.572928 5.282906
v -5.578587 3.147287 5.578436
v -5.791262 2.728732 5.791117
v -5.949911 2.234314 5.949766
v -6.067991 1.797619 6.067991
v -6.145513 1.157188 6.145512
v -6.128843 0.503554 6.128843
v -6.057940 0.032091 6.057940
v -5.973334 -0.408644 5.973334
v -5.737724 -1.106135 5.737723
v 6.010452 1.157187 6.010595
v 0.559609 5.854716 0.681902
v 1.113827 5.807900 1.357235
v 1.657311 5.745405 2.019490
v 2.184823 5.643848 2.662285
v 2.691269 5.464254 3.279414
v 3.171731 5.183664 3.864893
v 3.621495 4.863101 4.412998
v 4.035940 4.500921 4.918157
v 4.410270 4.139741 5.374702
v 4.738011 3.741226 5.775372
v 5.007943 3.301405 6.108237
v 5.213338 2.814739 6.365975
v 5.370708 2.259565 6.564587
v 5.499175 1.636091 6.722799
v 5.577601 0.911776 6.810184
v 5.551962 0.209290 6.773167
v 5.471597 -0.403694 6.671002
v 5.371256 -1.036907 6.546325
v 5.149663 -1.955514 6.275263
v 0.490078 5.854716 0.733472
v 0.975434 5.807902 1.459877
v 1.451391 5.745448 2.172218
v 1.913362 5.644409 2.863626
v 2.356884 5.469681 3.527432
v 2.777661 5.215460 4.157215
v 3.171586 4.912830 4.746856
v 3.534722 4.578218 5.290534
v 3.863298 4.221361 5.782742
v 4.153602 3.830041 6.218193
v 4.402207 3.385626 6.592060
v 4.607037 2.868437 6.901067
v 4.768312 2.267308 7.144430
v 4.887487 1.579534 7.322814
v 4.927641 0.821867 7.380805
v 4.886620 0.086105 7.317147
v 4.802666 -0.586446 7.189815
v 4.707402 -1.291106 7.046126
v 4.510449 -2.213346 6.750730
v 0.415826 5.854715 0.777977
v 0.827647 5.807904 1.548460
v 1.231493 5.745485 2.304025
v 1.623472 5.644900 3.037389
v 1.999801 5.473306 3.741482
v 2.356838 5.228418 4.409501
v 2.691117 4.932538 5.034988
v 2.999367 4.602813 5.611863
v 3.278558 4.246561 6.134513
v 3.525942 3.853300 6.597855
v 3.739154 3.404279 6.997436
v 3.916280 2.878948 7.329556
v 4.055941 2.266498 7.591351
v 4.157153 1.566464 7.780658
v 4.188313 0.799193 7.838369
v 4.150521 0.053774 7.766911
v 4.077166 -0.628917 7.629031
v 3.995028 -1.330108 7.474864
v 3.827266 -2.200186 7.160645
v 0.337571 5.854715 0.814991
v 0.671889 5.807901 1.622131
v 0.999734 5.745496 2.413643
v 1.317947 5.645074 3.181900
v 1.623457 5.474368 3.919498
v 1.913310 5.231544 4.619314
v 2.184709 4.937353 5.274602
v 2.435022 4.608558 5.879020
v 2.661837 4.252198 6.426754
v 2.862976 3.858160 6.912535
v 3.036527 3.407941 7.331715
v 3.180846 2.880993 7.680297
v 3.294605 2.266557 7.955009
v 3.376757 1.564448 8.153276
v 3.401646 0.795280 8.213194
v 3.370453 0.048226 8.137688
v 3.310482 -0.633638 7.992731
v 3.243489 -1.306249 7.830849
v 3.107050 -1.868909 7.501360
v 0.256064 5.854716 0.844155
v 0.509660 5.807901 1.680179
v 0.758348 5.745476 2.500017
v 0.999727 5.644840 3.295768
v 1.231474 5.472903 4.059765
v 1.451348 5.227495 4.784630
v 1.657233 4.932521 5.463379
v 1.847141 4.604185 6.089437
v 2.019254 4.248023 6.656767
v 2.171913 3.854383 7.159883
v 2.303664 3.405454 7.593956
v 2.413235 2.880595 7.954839
v 2.499588 2.268795 8.239163
v 2.561898 1.569442 8.444346
v 2.580704 0.802700 8.506406
v 2.556941 0.057640 8.428388
v 2.511355 -0.624652 8.278480
v 2.460464 -1.322820 8.110991
v 2.356946 -2.176539 7.769887
v 0.172091 5.854713 0.865190
v 0.342523 5.807898 1.722046
v 0.509656 5.745437 2.562314
v 0.671879 5.644315 3.377895
v 0.827628 5.468829 4.160932
v 0.975399 5.212091 4.903860
v 1.113775 4.912191 5.599507
v 1.241417 4.584388 6.241103
v 1.357106 4.227223 6.822358
v 1.459727 3.832734 7.337463
v 1.548297 3.389194 7.781266
v 1.621955 2.874416 8.149537
v 1.680001 2.276353 8.439157
v 1.721873 1.592035 8.648081
v 1.734498 0.836545 8.712049
v 1.718506 0.102327 8.634154
v 1.687848 -0.570932 8.482690
v 1.653626 -1.276131 8.312386
v 1.584040 -2.193341 7.963377
v 0.086460 5.854712 0.877893
v 0.172087 5.807900 1.747329
v 0.256057 5.745403 2.599934
v 0.337558 5.643775 3.427492
v 0.415808 5.463332 4.222026
v 0.490051 5.175631 4.975856
v 0.559573 4.860032 5.681687
v 0.623707 4.524707 6.332582
v 0.681834 4.160151 6.921889
v 0.733396 3.740224 7.442641
v 0.777902 3.312993 7.887422
v 0.814911 2.835028 8.251064
v 0.844077 2.291398 8.533904
v 0.865113 1.686237 8.733814
v 0.871453 0.970744 8.796990
v 0.863415 0.277898 8.730970
v 0.848006 -0.337319 8.594776
v 0.830810 -0.991659 8.431162
v 0.795845 -1.866953 8.079725
v -0.000003 5.854714 0.882141
v -0.000006 5.807900 1.755785
v -0.000009 5.745387 2.612515
v -0.000013 5.643569 3.444078
v -0.000016 5.460832 4.242458
v -0.000021 5.147473 4.999932
v -0.000026 4.812826 5.709159
v -0.000027 4.412910 6.363062
v -0.000028 4.054876 6.954671
v -0.000032 3.572927 7.473871
v -0.000028 3.147286 7.899506
v -0.000029 2.728732 8.217003
v -0.000029 2.234314 8.457866
v -0.000028 1.797619 8.636065
v -0.000028 1.157188 8.734865
v -0.000026 0.503554 8.698479
v -0.000027 0.032092 8.585588
v -0.000025 -0.408644 8.453909
v -0.000020 -1.106134 8.115600
v -0.086466 5.854715 0.877893
v -0.172099 5.807899 1.747331
v -0.256075 5.745405 2.599936
v -0.337585 5.643848 3.427495
v -0.415843 5.464248 4.222034
v -0.490094 5.183666 4.975867
v -0.559625 4.863101 5.681700
v -0.623765 4.500921 6.332559
v -0.681898 4.139741 6.921733
v -0.733465 3.741224 7.441917
v -0.777967 3.301405 7.883496
v -0.814980 2.814740 8.240028
v -0.844145 2.259564 8.518841
v -0.865182 1.636090 8.728231
v -0.871519 0.911776 8.813348
v -0.863475 0.209292 8.746449
v -0.848062 -0.403693 8.600862
v -0.830856 -1.036907 8.432377
v -0.795883 -1.955512 8.079947
v -0.172096 5.854715 0.865191
v -0.342535 5.807898 1.722049
v -0.509675 5.745443 2.562319
v -0.671906 5.644406 3.377904
v -0.827664 5.469679 4.160949
v -0.975448 5.215458 4.903883
v -1.113837 4.912831 5.599536
v -1.241495 4.578214 6.241122
v -1.357199 4.221359 6.822310
v -1.459831 3.830041 7.337195
v -1.548404 3.385628 7.780460
v -1.622070 2.868436 8.148018
v -1.680116 2.267308 8.437583
v -1.721983 1.579533 8.648033
v -1.734599 0.821866 8.713821
v -1.718595 0.086104 8.635914
v -1.687925 -0.586445 8.483605
v -1.653688 -1.291106 8.312716
v -1.584085 -2.213346 7.963469
v -0.256069 5.854713 0.844157
v -0.509672 5.807902 1.680183
v -0.758366 5.745482 2.500024
v -0.999756 5.644897 3.295781
v -1.231514 5.473306 4.059790
v -1.451406 5.228418 4.784669
v -1.657314 4.932540 5.463435
v -1.847257 4.602809 6.089511
v -2.019404 4.246561 6.656844
v -2.172103 3.853300 7.159934
v -2.303881 3.404281 7.593950
v -2.413476 2.878948 7.954785
v -2.499835 2.266497 8.239171
v -2.562128 1.566463 8.444557
v -2.580905 0.799193 8.506811
v -2.557108 0.053774 8.428806
v -2.511491 -0.628917 8.278785
v -2.460566 -1.330108 8.111174
v -2.357016 -2.200186 7.769982
v -0.337576 5.854715 0.814993
v -0.671901 5.807900 1.622136
v -0.999754 5.745496 2.413653
v -1.317976 5.645068 3.181918
v -1.623502 5.474366 3.919531
v -1.913382 5.231544 4.619370
v -2.184823 4.937354 5.274697
v -2.435204 4.608554 5.879175
v -2.662111 4.252196 6.426990
v -2.863367 3.858161 6.912871
v -3.037033 3.407943 7.332157
v -3.181452 2.880993 7.680832
v -3.295247 2.266554 7.955602
v -3.377350 1.564448 8.153857
v -3.402129 0.795281 8.213701
v -3.370816 0.048226 8.138094
v -3.310748 -0.633638 7.993032
v -3.243674 -1.306249 7.831057
v -3.107185 -1.868908 7.501508
v -0.415832 5.854717 0.777980
v -0.827658 5.807899 1.548466
v -1.231512 5.745474 2.304037
v -1.623504 5.644837 3.037411
v -1.999851 5.472904 3.741523
v -2.356925 5.227495 4.409575
v -2.691275 4.932522 5.035132
v -2.999656 4.604183 5.612134
v -3.279080 4.248024 6.135017
v -3.526836 3.854383 6.598722
v -3.740536 3.405455 6.998797
v -3.918158 2.880596 7.331411
v -4.058068 2.268796 7.593463
v -4.159062 1.569440 7.782559
v -4.189675 0.802701 7.839729
v -4.151405 0.057640 7.767801
v -4.077741 -0.624653 7.629611
v -3.995379 -1.322821 7.475219
v -3.827445 -2.176540 7.160825
v -0.490083 5.854715 0.733475
v -0.975445 5.807895 1.459885
v -1.451411 5.745436 2.172231
v -1.913394 5.644313 2.863651
v -2.356942 5.468833 3.527483
v -2.777765 5.212091 4.157310
v -3.171793 4.912191 4.747054
v -3.535166 4.584387 5.290967
v -3.864283 4.227222 5.783715
v -4.155784 3.832734 6.220359
v -4.406675 3.389195 6.596521
v -4.614592 2.874415 6.908611
v -4.777908 2.276352 7.154020
v -0.623759 5.854716 -0.623759
v -1.241507 5.807900 -1.241507
v -1.847293 5.745382 -1.847293
v -2.435274 5.643569 -2.435274
v -2.999776 5.460838 -2.999776
v -3.535310 5.147472 -3.535310
v -4.036618 4.812825 -4.036618
v -4.498453 4.412910 -4.498453
v -4.915091 4.054875 -4.915240
v -5.274907 3.572929 -5.275064
v -5.546774 3.147288 -5.546927
v -5.707485 2.728731 -5.707637
v -5.814532 2.234315 -5.814682
v -5.898442 1.797619 -5.898591
v -6.010452 1.157187 -6.010595
v -6.031662 0.503553 -6.031662
v -6.000740 0.032091 -6.000741
v -5.953603 -0.408643 -5.953604
v -5.734000 -1.106135 -5.734001
v -0.559609 5.854716 -0.681902
v -1.113827 5.807900 -1.357235
v -1.657311 5.745405 -2.019490
v -2.184823 5.643848 -2.662285
v -2.691269 5.464254 -3.279414
v -3.171731 5.183664 -3.864893
v -3.621495 4.863101 -4.412998
v -4.035940 4.500921 -4.918157
v -4.410270 4.139741 -5.374702
v -4.738011 3.741226 -5.775372
v -5.007943 3.301405 -6.108237
v -5.213338 2.814739 -6.365975
v -5.370708 2.259565 -6.564587
v -5.499175 1.636091 -6.722799
v -5.577601 0.911776 -6.810184
v -5.551962 0.209290 -6.773167
v -5.471597 -0.403694 -6.671002
v -5.371256 -1.036907 -6.546325
v -5.149663 -1.955514 -6.275263
v 0.000000 5.874743 0.000000
v -0.490078 5.854716 -0.733472
v -0.975434 5.807902 -1.459877
v -1.451391 5.745448 -2.172218
v -1.913362 5.644409 -2.863626
v -2.356884 5.469681 -3.527432
v -2.777661 5.215460 -4.157215
v -3.171586 4.912830 -4.746856
v -3.534722 4.578218 -5.290534
v -3.863298 4.221361 -5.782742
v -4.153602 3.830041 -6.218193
v -4.402207 3.385626 -6.592060
v -4.607037 2.868437 -6.901067
v -4.768312 2.267308 -7.144430
v -4.887487 1.579534 -7.322814
v -4.927641 0.821867 -7.380805
v -4.886620 0.086105 -7.317147
v -4.802666 -0.586446 -7.189815
v -4.707402 -1.291106 -7.046126
v -4.510449 -2.213346 -6.750730
v -0.415826 5.854715 -0.777977
v -0.827647 5.807904 -1.548460
v -1.231493 5.745485 -2.304025
v -1.623472 5.644900 -3.037389
v -1.999801 5.473306 -3.741482
v -2.356838 5.228418 -4.409501
v -2.691117 4.932538 -5.034988
v -2.999367 4.602813 -5.611863
v -3.278558 4.246561 -6.134513
v -3.525942 3.853300 -6.597855
v -3.739154 3.404279 -6.997436
v -3.916280 2.878948 -7.329556
v -4.055941 2.266498 -7.591351
v -4.157153 1.566464 -7.780658
v -4.188313 0.799193 -7.838369
v -4.150521 0.053774 -7.766911
v -4.077166 -0.628917 -7.629031
v -3.995028 -1.330108 -7.474864
v -3.827266 -2.200186 -7.160645
v -0.337571 5.854715 -0.814991
v -0.671889 5.807901 -1.622131
v -0.999734 5.745496 -2.413643
v -1.317947 5.645074 -3.181900
v -1.623457 5.474368 -3.919498
v -1.913310 5.231544 -4.619314
v -2.184709 4.937353 -5.274602
v -2.435022 4.608558 -5.879020
v -2.661837 4.252198 -6.426754
v -2.862976 3.858160 -6.912535
v -3.036527 3.407941 -7.331715
v -3.180846 2.880993 -7.680297
v -3.294605 2.266557 -7.955009
v -3.376757 1.564448 -8.153276
v -3.401646 0.795280 -8.213194
v -3.370453 0.048226 -8.137688
v -3.310482 -0.633638 -7.992731
v -3.243489 -1.306249 -7.830849
v -3.107050 -1.868909 -7.501360
v -0.256064 5.854716 -0.844155
v -0.509660 5.807901 -1.680179
v -0.758348 5.745476 -2.500017
v -0.999727 5.644840 -3.295768
v -1.231474 5.472903 -4.059765
v -1.451348 5.227495 -4.784630
v -1.657233 4.932521 -5.463379
v -1.847141 4.604185 -6.089437
v -2.019254 4.248023 -6.656767
v -2.171913 3.854383 -7.159883
v -2.303664 3.405454 -7.593956
v -2.413235 2.880595 -7.954839
v -2.499588 2.268795 -8.239163
v -2.561898 1.569442 -8.444346
v -2.580704 0.802700 -8.506406
v -2.556941 0.057640 -8.428388
v -2.511355 -0.624652 -8.278480
v -2.460464 -1.322820 -8.110991
v -2.356946 -2.176539 -7.769887
v -0.172091 5.854713 -0.865190
v -0.342523 5.807898 -1.722046
v -0.509656 5.745437 -2.562314
v -0.671879 5.644315 -3.377895
v -0.827628 5.468829 -4.160932
v -0.975399 5.212091 -4.903860
v -1.113775 4.912191 -5.599507
v -1.241417 4.584388 -6.241103
v -1.357106 4.227223 -6.822358
v -1.459727 3.832734 -7.337463
v -1.548297 3.389194 -7.781266
v -1.621955 2.874416 -8.149537
v -1.680001 2.276353 -8.439157
v -1.721873 1.592035 -8.648081
v -1.734498 0.836545 -8.712049
v -1.718506 0.102327 -8.634154
v -1.687848 -0.570932 -8.482690
v -1.653626 -1.276131 -8.312386
v -1.584040 -2.193341 -7.963377
v -0.086460 5.854712 -0.877893
v -0.172087 5.807900 -1.747329
v -0.256057 5.745403 -2.599934
v -0.337558 5.643775 -3.427492
v -0.415808 5.463332 -4.222026
v -0.490051 5.175631 -4.975856
v -0.559573 4.860032 -5.681687
v -0.623707 4.524707 -6.332582
v -0.681834 4.160151 -6.921889
v -0.733396 3.740224 -7.442641
v -0.777902 3.312993 -7.887422
v -0.814911 2.835028 -8.251064
v -0.844077 2.291398 -8.533904
v -0.865113 1.686237 -8.733814
v -0.871453 0.970744 -8.796990
v -0.863415 0.277898 -8.730970
v -0.848006 -0.337319 -8.594776
v -0.830810 -0.991659 -8.431162
v -0.795845 -1.866953 -8.079725
v 0.000003 5.854714 -0.882141
v 0.000006 5.807900 -1.755785
v 0.000009 5.745387 -2.612515
v 0.000013 5.643569 -3.444078
v 0.000016 5.460832 -4.242458
v 0.000021 5.147473 -4.999932
v 0.000026 4.812826 -5.709159
v 0.000027 4.412910 -6.363062
v 0.000028 4.054876 -6.954671
v 0.000032 3.572927 -7.473871
v 0.000028 3.147286 -7.899506
v 0.000029 2.728732 -8.217003
v 0.000029 2.234314 -8.457866
v 0.000028 1.797619 -8.636065
v 0.000028 1.157188 -8.734865
v 0.000026 0.503554 -8.698479
v 0.000027 0.032092 -8.585588
v 0.000025 -0.408644 -8.453909
v 0.000020 -1.106134 -8.115600
v 0.086466 5.854715 -0.877893
v 0.172099 5.807899 -1.747331
v 0.256075 5.745405 -2.599936
v 0.337585 5.643848 -3.427495
v 0.415843 5.464248 -4.222034
v 0.490094 5.183666 -4.975867
v 0.559625 4.863101 -5.681700
v 0.623765 4.500921 -6.332559
v 0.681898 4.139741 -6.921733
v 0.733465 3.741224 -7.441917
v 0.777967 3.301405 -7.883496
v 0.814980 2.814740 -8.240028
v 0.844145 2.259564 -8.518841
v 0.865182 1.636090 -8.728231
v 0.871519 0.911776 -8.813348
v 0.863475 0.209292 -8.746449
v 0.848062 -0.403693 -8.600862
v 0.830856 -1.036907 -8.432377
v 0.795883 -1.955512 -8.079947
v 0.172096 5.854715 -0.865191
v 0.342535 5.807898 -1.722049
v 0.509675 5.745443 -2.562319
v 0.671906 5.644406 -3.377904
v 0.827664 5.469679 -4.160949
v 0.975448 5.215458 -4.903883
v 1.113837 4.912831 -5.599536
v 1.241495 4.578214 -6.241122
v 1.357199 4.221359 -6.822310
v 1.459831 3.830041 -7.337195
v 1.548404 3.385628 -7.780460
v 1.622070 2.868436 -8.148018
v 1.680116 2.267308 -8.437583
v 1.721983 1.579533 -8.648033
v 1.734599 0.821866 -8.713821
v 1.718595 0.086104 -8.635914
v 1.687925 -0.586445 -8.483605
v 1.653688 -1.291106 -8.312716
v 1.584085 -2.213346 -7.963469
v 0.256069 5.854713 -0.844157
v 0.509672 5.807902 -1.680183
v 0.758366 5.745482 -2.500024
v 0.999756 5.644897 -3.295781
v 1.231514 5.473306 -4.059790
v 1.451406 5.228418 -4.784669
v 1.657314 4.932540 -5.463435
v 1.847257 4.602809 -6.089511
v 2.019404 4.246561 -6.656844
v 2.172103 3.853300 -7.159934
v 2.303881 3.404281 -7.593950
v 2.413476 2.878948 -7.954785
v 2.499835 2.266497 -8.239171
v 2.562128 1.566463 -8.444557
v 2.580905 0.799193 -8.506811
v 2.557108 0.053774 -8.428806
v 2.511491 -0.628917 -8.278785
v 2.460566 -1.330108 -8.111174
v 2.357016 -2.200186 -7.769982
v 0.337576 5.854715 -0.814993
v 0.671901 5.807900 -1.622136
v 0.999754 5.745496 -2.413653
v 1.317976 5.645068 -3.181918
v 1.623502 5.474366 -3.919531
v 1.913382 5.231544 -4.619370
v 2.184823 4.937354 -5.274697
v 2.435204 4.608554 -5.879175
v 2.662111 4.252196 -6.426990
v 2.863367 3.858161 -6.912871
v 3.037033 3.407943 -7.332157
v 3.181452 2.880993 -7.680832
v 3.295247 2.266554 -7.955602
v 3.377350 1.564448 -8.153857
v 3.402129 0.795281 -8.213701
v 3.370816 0.048226 -8.138094
v 3.310748 -0.633638 -7.993032
v 3.243674 -1.306249 -7.831057
v 3.107185 -1.868908 -7.501508
v 0.415832 5.854717 -0.777980
v 0.827658 5.807899 -1.548466
v 1.231512 5.745474 -2.304037
v 1.623504 5.644837 -3.037411
v 1.999851 5.472904 -3.741523
v 2.356925 5.227495 -4.409575
v 2.691275 4.932522 -5.035132
v 2.999656 4.604183 -5.612134
v 3.279080 4.248024 -6.135017
v 3.526836 3.854383 -6.598722
v 3.740536 3.405455 -6.998797
v 3.918158 2.880596 -7.331411
v 4.058068 2.268796 -7.593463
v 4.159062 1.569440 -7.782559
v 4.189675 0.802701 -7.839729
v 4.151405 0.057640 -7.767801
v 4.077741 -0.624653 -7.629611
v 3.995379 -1.322821 -7.475219
v 3.827445 -2.176540 -7.160825
v 0.490083 5.854715 -0.733475
v 0.975445 5.807895 -1.459885
v 1.451411 5.745436 -2.172231
v 1.913394 5.644313 -2.863651
v 2.356942 5.468833 -3.527483
v 2.777765 5.212091 -4.157310
v 3.171793 4.912191 -4.747054
v 3.535166 4.584387 -5.290967
v 3.864283 4.227222 -5.783715
v 4.155784 3.832734 -6.220359
v 4.406675 3.389195 -6.596521
v 4.614592 2.874415 -6.908611
v 4.777908 2.276352 -7.154020
v 4.895730 1.592035 -7.331050
v 4.932146 0.836546 -7.385304
v 4.888876 0.102327 -7.319402
v 4.803998 -0.570932 -7.191143
v 4.708136 -1.276131 -7.046859
v 4.510747 -2.193341 -6.751029
v 0.559614 5.854714 -0.681906
v 1.113837 5.807898 -1.357243
v 1.657330 5.745401 -2.019506
v 2.184856 5.643771 -2.662313
v 2.691328 5.463332 -3.279468
v 3.171847 5.175629 -3.865003
v 3.621750 4.860031 -4.413245
v 4.036576 4.524706 -4.918784
v 4.411988 4.160150 -5.376412
v 4.743205 3.740224 -5.780553
v 5.024864 3.312994 -6.125156
v 5.253454 2.835028 -6.406083
v 5.430209 2.291398 -6.624084
v 5.553997 1.686237 -6.777617
v 5.593969 0.970745 -6.826546
v 5.556067 0.277898 -6.777270
v 5.474636 -0.337320 -6.674038
v 5.373270 -0.991660 -6.548338
v 5.150218 -1.866952 -6.275821
v 0.623763 5.854714 -0.623763
v 1.241516 5.807897 -1.241516
v 1.847311 5.745382 -1.847311
v 2.435305 5.643569 -2.435305
v 2.999834 5.460834 -2.999834
v 3.535429 5.147471 -3.535429
v 4.036889 4.812826 -4.036889
v 4.499165 4.412909 -4.499164
v 4.917198 4.054875 -4.917198
v 5.282907 3.572928 -5.283051
v 5.578436 3.147287 -5.578587
v 5.791117 2.728732 -5.791262
v 5.949767 2.234314 -5.949910
v 6.067991 1.797619 -6.067991
v 6.145513 1.157188 -6.145512
v 6.128843 0.503554 -6.128843
v 6.057940 0.032091 -6.057940
v 5.973334 -0.408644 -5.973334
v 5.737724 -1.106135 -5.737723
v -4.895730 1.592035 7.331050
v -4.932146 0.836546 7.385304
v -4.888876 0.102327 7.319402
v -4.803998 -0.570932 7.191143
v -4.708136 -1.276131 7.046859
v -4.510747 -2.193341 6.751029
v -0.559614 5.854714 0.681906
v -1.113837 5.807898 1.357243
v -1.657330 5.745401 2.019506
v -2.184856 5.643771 2.662313
v -2.691328 5.463332 3.279468
v -3.171847 5.175629 3.865003
v -3.621750 4.860031 4.413245
v -4.036576 4.524706 4.918784
v -4.411988 4.160150 5.376412
v -4.743205 3.740224 5.780553
v -5.024864 3.312994 6.125156
v -5.253454 2.835028 6.406083
v -5.430209 2.291398 6.624084
v -5.553997 1.686237 6.777617
v -5.593969 0.970745 6.826546
v -5.556067 0.277898 6.777270
v -5.474636 -0.337320 6.674038
v -5.373270 -0.991660 6.548338
v -5.150218 -1.866952 6.275821
v -5.282907 3.572928 5.283051
v -5.578436 3.147287 5.578587
v -5.791117 2.728732 5.791262
v -5.949767 2.234314 5.949910
v 0.623759 5.854716 0.623759
v 1.241507 5.807900 1.241507
v 1.847293 5.745382 1.847293
v 2.435274 5.643569 2.435274
v 2.999776 5.460838 2.999776
v 3.535310 5.147472 3.535310
v 4.036618 4.812825 4.036618
v 4.498453 4.412910 4.498453
v 4.915239 4.054875 4.915091
v 5.275064 3.572929 5.274908
v 5.546927 3.147288 5.546775
v 5.707637 2.728731 5.707486
v 5.814682 2.234315 5.814532
v 5.898590 1.797619 5.898443
v 6.010595 1.157187 6.010452
v 6.031662 0.503553 6.031662
v 6.000740 0.032091 6.000741
v 5.953603 -0.408643 5.953604
v 5.734000 -1.106135 5.734001
v 0.681902 5.854716 0.559609
v 1.357235 5.807900 1.113827
v 2.019490 5.745405 1.657311
v 2.662285 5.643848 2.184823
v 3.279414 5.464254 2.691270
v 3.864893 5.183664 3.171732
v 4.412997 4.863101 3.621496
v 4.918156 4.500921 4.035940
v 5.374702 4.139741 4.410271
v 5.775371 3.741226 4.738011
v 6.108237 3.301405 5.007943
v 6.365975 2.814739 5.213339
v 6.564586 2.259565 5.370708
v 6.722799 1.636091 5.499175
v 6.810183 0.911776 5.577601
v 6.773167 0.209290 5.551962
v 6.671001 -0.403694 5.471598
v 6.546325 -1.036907 5.371256
v 6.275263 -1.955514 5.149664
v 0.733472 5.854716 0.490078
v 1.459877 5.807902 0.975434
v 2.172218 5.745448 1.451392
v 2.863626 5.644409 1.913362
v 3.527432 5.469681 2.356884
v 4.157215 5.215460 2.777662
v 4.746856 4.912830 3.171586
v 5.290534 4.578218 3.534723
v 5.782742 4.221361 3.863299
v 6.218193 3.830041 4.153603
v 6.592060 3.385626 4.402207
v 6.901067 2.868437 4.607037
v 7.144429 2.267308 4.768312
v 7.322814 1.579534 4.887487
v 7.380804 0.821867 4.927642
v 7.317146 0.086105 4.886620
v 7.189814 -0.586446 4.802667
v 7.046125 -1.291106 4.707403
v 6.750730 -2.213346 4.510450
v 0.777977 5.854715 0.415826
v 1.548460 5.807904 0.827647
v 2.304025 5.745485 1.231493
v 3.037389 5.644900 1.623472
v 3.741481 5.473306 1.999801
v 4.409501 5.228418 2.356839
v 5.034988 4.932538 2.691118
v 5.611862 4.602813 2.999367
v 6.134513 4.246561 3.278558
v 6.597854 3.853300 3.525943
v 6.997435 3.404279 3.739155
v 7.329556 2.878948 3.916281
v 7.591350 2.266498 4.055942
v 7.780658 1.566464 4.157154
v 7.838368 0.799193 4.188314
v 7.766911 0.053774 4.150522
v 7.629030 -0.628917 4.077166
v 7.474864 -1.330108 3.995029
v 7.160645 -2.200186 3.827266
v 0.814991 5.854715 0.337571
v 1.622131 5.807901 0.671889
v 2.413643 5.745496 0.999735
v 3.181900 5.645074 1.317947
v 3.919498 5.474368 1.623457
v 4.619313 5.231544 1.913310
v 5.274601 4.937353 2.184709
v 5.879020 4.608558 2.435022
v 6.426754 4.252198 2.661838
v 6.912534 3.858160 2.862976
v 7.331714 3.407941 3.036528
v 7.680296 2.880993 3.180846
v 7.955009 2.266557 3.294605
v 8.153276 1.564448 3.376757
v 8.213193 0.795280 3.401647
v 8.137688 0.048226 3.370454
v 7.992731 -0.633638 3.310482
v 7.830848 -1.306249 3.243490
v 7.501360 -1.868909 3.107051
v 0.844155 5.854716 0.256064
v 1.680179 5.807901 0.509660
v 2.500017 5.745476 0.758348
v 3.295768 5.644840 0.999727
v 4.059765 5.472903 1.231474
v 4.784630 5.227495 1.451348
v 5.463379 4.932521 1.657233
v 6.089437 4.604185 1.847142
v 6.656767 4.248023 2.019254
v 7.159883 3.854383 2.171913
v 7.593956 3.405454 2.303664
v 7.954838 2.880595 2.413236
v 8.239162 2.268795 2.499589
v 8.444346 1.569442 2.561899
v 8.506405 0.802700 2.580705
v 8.428387 0.057640 2.556941
v 8.278479 -0.624652 2.511356
v 8.110991 -1.322820 2.460465
v 7.769887 -2.176539 2.356947
v 0.865190 5.854713 0.172091
v 1.722046 5.807898 0.342523
v 2.562314 5.745437 0.509656
v 3.377895 5.644315 0.671879
v 4.160932 5.468829 0.827628
v 4.903860 5.212091 0.975399
v 5.599507 4.912191 1.113776
v 6.241103 4.584388 1.241418
v 6.822357 4.227223 1.357106
v 7.337463 3.832734 1.459727
v 7.781266 3.389194 1.548298
v 8.149537 2.874416 1.621956
v 8.439157 2.276353 1.680001
v 8.648080 1.592035 1.721874
v 8.712050 0.836545 1.734499
v 8.634153 0.102327 1.718507
v 8.482689 -0.570932 1.687848
v 8.312386 -1.276131 1.653626
v 7.963377 -2.193341 1.584041
v 0.877893 5.854712 0.086460
v 1.747329 5.807900 0.172087
v 2.599934 5.745403 0.256057
v 3.427492 5.643775 0.337558
v 4.222026 5.463332 0.415808
v 4.975856 5.175631 0.490051
v 5.681687 4.860032 0.559574
v 6.332582 4.524707 0.623708
v 6.921888 4.160151 0.681834
v 7.442641 3.740224 0.733397
v 7.887423 3.312993 0.777902
v 8.251064 2.835028 0.814912
v 8.533904 2.291398 0.844078
v 8.733814 1.686237 0.865114
v 8.796990 0.970744 0.871454
v 8.730970 0.277898 0.863416
v 8.594776 -0.337319 0.848007
v 8.431162 -0.991659 0.830811
v 8.079725 -1.866953 0.795846
v 0.882141 5.854714 -0.000003
v 1.755785 5.807900 -0.000006
v 2.612515 5.745387 -0.000009
v 3.444078 5.643569 -0.000013
v 4.242458 5.460832 -0.000015
v 4.999932 5.147473 -0.000020
v 5.709159 4.812826 -0.000025
v 6.363062 4.412910 -0.000026
v 6.954672 4.054876 -0.000028
v 7.473871 3.572927 -0.000031
v 7.899506 3.147286 -0.000028
v 8.217003 2.728732 -0.000028
v 8.457865 2.234314 -0.000029
v 8.636065 1.797619 -0.000027
v 8.734865 1.157188 -0.000028
v 8.698479 0.503554 -0.000025
v 8.585588 0.032092 -0.000026
v 8.453909 -0.408644 -0.000024
v 8.115600 -1.106134 -0.000019
v 0.877893 5.854715 -0.086466
v 1.747331 5.807899 -0.172099
v 2.599936 5.745405 -0.256075
v 3.427495 5.643848 -0.337585
v 4.222034 5.464248 -0.415842
v 4.975867 5.183666 -0.490093
v 5.681700 4.863101 -0.559625
v 6.332559 4.500921 -0.623764
v 6.921733 4.139741 -0.681898
v 7.441917 3.741224 -0.733465
v 7.883496 3.301405 -0.777966
v 8.240028 2.814740 -0.814979
v 8.518840 2.259564 -0.844144
v 8.728231 1.636090 -0.865182
v 8.813347 0.911776 -0.871518
v 8.746449 0.209292 -0.863474
v 8.600862 -0.403693 -0.848062
v 8.432376 -1.036907 -0.830856
v 8.079947 -1.955512 -0.795882
v 0.865191 5.854715 -0.172096
v 1.722049 5.807898 -0.342535
v 2.562319 5.745443 -0.509674
v 3.377904 5.644406 -0.671905
v 4.160949 5.469679 -0.827663
v 4.903883 5.215458 -0.975447
v 5.599537 4.912831 -1.113836
v 6.241122 4.578214 -1.241494
v 6.822310 4.221359 -1.357198
v 7.337195 3.830041 -1.459831
v 7.780460 3.385628 -1.548404
v 8.148018 2.868436 -1.622070
v 8.437583 2.267308 -1.680115
v 8.648033 1.579533 -1.721983
v 8.713821 0.821866 -1.734598
v 8.635914 0.086104 -1.718594
v 8.483606 -0.586445 -1.687924
v 8.312716 -1.291106 -1.653687
v 7.963470 -2.213346 -1.584084
v 0.844157 5.854713 -0.256069
v 1.680183 5.807902 -0.509672
v 2.500024 5.745482 -0.758366
v 3.295781 5.644897 -0.999755
v 4.059790 5.473306 -1.231514
v 4.784669 5.228418 -1.451405
v 5.463435 4.932540 -1.657314
v 6.089511 4.602809 -1.847257
v 6.656845 4.246561 -2.019403
v 7.159935 3.853300 -2.172103
v 7.593950 3.404281 -2.303880
v 7.954785 2.878948 -2.413475
v 8.239171 2.266497 -2.499834
v 8.444557 1.566463 -2.562127
v 8.506812 0.799193 -2.580904
v 8.428806 0.053774 -2.557107
v 8.278786 -0.628917 -2.511491
v 8.111174 -1.330108 -2.460566
v 7.769982 -2.200186 -2.357015
v 0.814993 5.854715 -0.337576
v 1.622136 5.807900 -0.671900
v 2.413653 5.745496 -0.999754
v 3.181918 5.645068 -1.317976
v 3.919531 5.474366 -1.623502
v 4.619370 5.231544 -1.913381
v 5.274697 4.937354 -2.184823
v 5.879175 4.608554 -2.435203
v 6.426991 4.252196 -2.662111
v 6.912871 3.858161 -2.863367
v 7.332158 3.407943 -3.037032
v 7.680832 2.880993 -3.181451
v 7.955603 2.266554 -3.295247
v 8.153857 1.564448 -3.377349
v 8.213701 0.795281 -3.402128
v 8.138094 0.048226 -3.370815
v 7.993032 -0.633638 -3.310747
v 7.831057 -1.306249 -3.243674
v 7.501508 -1.868908 -3.107185
v 0.777980 5.854717 -0.415832
v 1.548467 5.807899 -0.827658
v 2.304037 5.745474 -1.231512
v 3.037411 5.644837 -1.623503
v -4.915162 4.054892 -4.915162
v -5.274982 3.572955 -5.274983
v -5.546853 3.147310 -5.546854
v -5.707575 2.728745 -5.707575
v -5.814629 2.234322 -5.814630
v -5.898543 1.797606 -5.898543
v -6.010542 1.157166 -6.010542
v 3.741523 5.472904 -1.999851
v 4.409575 5.227495 -2.356924
v 5.035132 4.932522 -2.691274
v 5.612134 4.604183 -2.999655
v 6.135017 4.248024 -3.279080
v 6.598722 3.854383 -3.526835
v 6.998797 3.405455 -3.740536
v 7.331411 2.880596 -3.918158
v 7.593463 2.268796 -4.058067
v 7.782559 1.569440 -4.159061
v 7.839729 0.802701 -4.189674
v 7.767802 0.057640 -4.151404
v 7.629611 -0.624653 -4.077740
v 7.475219 -1.322821 -3.995378
v 7.160826 -2.176540 -3.827445
v 0.733475 5.854715 -0.490083
v 1.459885 5.807895 -0.975445
v 2.172232 5.745436 -1.451410
v 2.863651 5.644313 -1.913394
v 3.527483 5.468833 -2.356941
v 4.157310 5.212091 -2.777764
v 4.747054 4.912191 -3.171792
v 5.290967 4.584387 -3.535166
v 5.783715 4.227222 -3.864282
v 6.220359 3.832734 -4.155783
v 6.596521 3.389195 -4.406675
v -5.791193 2.728743 5.791193
v -5.949846 2.234317 5.949845
v -5.282976 3.572951 5.282976
v -5.578511 3.147308 5.578510
v 5.949846 2.234317 -5.949845
v 5.791193 2.728743 -5.791193
v 5.282976 3.572951 -5.282976
v 5.578511 3.147308 -5.578510
v 6.908612 2.874415 -4.614592
v 7.154021 2.276352 -4.777907
v 7.331050 1.592035 -4.895729
v 7.385304 0.836546 -4.932146
v 7.319402 0.102327 -4.888876
v 7.191144 -0.570932 -4.803997
v 7.046859 -1.276131 -4.708135
v 6.751029 -2.193341 -4.510746
v 0.681906 5.854714 -0.559614
v 1.357243 5.807898 -1.113837
v 2.019507 5.745401 -1.657330
v 2.662313 5.643771 -2.184856
v 3.279468 5.463332 -2.691328
v 3.865003 5.175629 -3.171847
v 4.413246 4.860031 -3.621750
v 4.918784 4.524706 -4.036576
v 5.376412 4.160150 -4.411988
v 5.780553 3.740224 -4.743204
v 6.125156 3.312994 -5.024864
v 6.406084 2.835028 -5.253453
v 6.624084 2.291398 -5.430209
v 6.777617 1.686237 -5.553997
v 6.826546 0.970745 -5.593968
v 6.777270 0.277898 -5.556066
v 6.674038 -0.337320 -5.474635
v 6.548339 -0.991660 -5.373269
v 6.275821 -1.866952 -5.150217
v 5.283051 3.572928 -5.282906
v 5.578587 3.147287 -5.578436
v 5.791262 2.728732 -5.791117
v 5.949911 2.234314 -5.949766
v 4.915162 4.054892 4.915162
v 5.274982 3.572955 5.274983
v 5.546853 3.147310 5.546854
v 5.707575 2.728745 5.707575
v 5.814629 2.234322 5.814630
v 5.898543 1.797606 5.898543
v 6.010542 1.157166 6.010542
vt 0.466338 0.402176
vt 0.476068 0.399728
vt 0.480919 0.424089
vt 0.473552 0.425937
vt 0.452338 0.356173
vt 0.466598 0.352392
vt 0.471306 0.375879
vt 0.459276 0.378946
vt 0.425016 0.149965
vt 0.460124 0.149882
vt 0.463008 0.177520
vt 0.431032 0.178568
vt 0.411605 0.088537
vt 0.453743 0.091802
vt 0.457038 0.120697
vt 0.418527 0.119617
vt 0.739114 0.500000
vt 0.739118 0.500021
vt 0.717036 0.500022
vt 0.717033 0.500000
vt 0.402994 0.053004
vt 0.449062 0.058083
vt 0.758575 0.500000
vt 0.758578 0.500019
vt 0.465502 0.200395
vt 0.436286 0.203820
vt 0.776049 0.500000
vt 0.776050 0.500018
vt 0.734542 0.524144
vt 0.714061 0.521820
vt 0.794245 0.500000
vt 0.794245 0.500019
vt 0.754397 0.526408
vt 0.812665 0.500000
vt 0.812661 0.500021
vt 0.774047 0.528743
vt 0.837181 0.500000
vt 0.837175 0.500026
vt 0.864533 0.500000
vt 0.694991 0.500000
vt 0.692514 0.519505
vt 0.669623 0.517179
vt 0.671209 0.500000
vt 0.485883 0.449034
vt 0.480936 0.450273
vt 0.874920 0.539666
vt 0.846087 0.536925
vt 0.573418 0.500000
vt 0.573044 0.507588
vt 0.547734 0.505094
vt 0.547984 0.500000
vt 0.886399 0.500000
vt 0.903267 0.542421
vt 0.598263 0.500000
vt 0.597764 0.510026
vt 0.908295 0.500000
vt 0.935362 0.546366
vt 0.622657 0.500000
vt 0.622003 0.512425
vt 0.950035 0.500000
vt 0.988578 0.554974
vt 0.647296 0.500000
vt 0.646117 0.514822
vt 0.794954 0.531339
vt 0.729250 0.547024
vt 0.709266 0.542828
vt 0.818569 0.534058
vt 0.748970 0.551155
vt 0.522107 0.500000
vt 0.521981 0.502557
vt 0.496022 0.500000
vt 0.769378 0.555405
vt 0.791507 0.560114
vt 0.816504 0.565348
vt 0.939714 0.590969
vt 0.904856 0.583242
vt 0.620116 0.524706
vt 0.596282 0.519949
vt 0.992044 0.603496
vt 0.643559 0.529407
vt 0.666385 0.534011
vt 0.688361 0.538495
vt 0.521606 0.505089
vt 0.762635 0.581441
vt 0.742457 0.575253
vt 0.844611 0.571035
vt 0.784594 0.588232
vt 0.546986 0.510138
vt 0.809385 0.595845
vt 0.874391 0.576988
vt 0.520984 0.507573
vt 0.571928 0.515101
vt 0.837201 0.604289
vt 0.661946 0.550420
vt 0.639809 0.543660
vt 0.683245 0.556957
vt 0.703560 0.563227
vt 0.723091 0.569274
vt 0.545747 0.515085
vt 0.798967 0.625581
vt 0.774872 0.615673
vt 0.866633 0.613165
vt 0.520122 0.509983
vt 0.570081 0.522467
vt 0.826005 0.636592
vt 0.896769 0.622298
vt 0.544029 0.519886
vt 0.593837 0.529676
vt 0.854537 0.648100
vt 0.930560 0.632687
vt 0.617056 0.536731
vt 0.979218 0.646831
vt 0.733934 0.598698
vt 0.715176 0.590894
vt 0.753579 0.606860
vt 0.567522 0.529617
vt 0.541849 0.524496
vt 0.519027 0.512297
vt 0.883432 0.659654
vt 0.838868 0.681733
vt 0.811328 0.667612
vt 0.590454 0.539116
vt 0.564276 0.536482
vt 0.915331 0.672340
vt 0.867149 0.695994
vt 0.612861 0.548398
vt 0.586172 0.548182
vt 0.949048 0.685665
vt 0.634801 0.557492
vt 0.656142 0.566345
vt 0.676680 0.574876
vt 0.696289 0.583032
vt 0.785368 0.654129
vt 0.898914 0.711630
vt 0.581024 0.556789
vt 0.560374 0.542997
vt 0.607579 0.559614
vt 0.876509 0.748451
vt 0.845501 0.729921
vt 0.943693 0.734190
vt 0.601242 0.570280
vt 0.628564 0.570813
vt 0.923621 0.775140
vt 0.648971 0.581696
vt 0.621155 0.583549
vt 0.668606 0.592156
vt 0.687369 0.602143
vt 0.705437 0.611761
vt 0.723334 0.621303
vt 0.741962 0.631263
vt 0.762321 0.642030
vt 0.640507 0.596418
vt 0.630920 0.610600
vt 0.612689 0.595703
vt 0.676888 0.620508
vt 0.659095 0.608737
vt 0.648427 0.624812
vt 0.694021 0.631828
vt 0.665233 0.638444
vt 0.710840 0.642973
vt 0.681727 0.651816
vt 0.728187 0.654523
vt 0.747117 0.666992
vt 0.768547 0.680987
vt 0.517711 0.514493
vt 0.792883 0.696714
vt 0.539228 0.528870
vt 0.818787 0.713244
vt 0.593893 0.580297
vt 0.697280 0.664325
vt 0.682503 0.686216
vt 0.668336 0.672132
vt 0.516186 0.516549
vt 0.712711 0.676824
vt 0.695273 0.698876
vt 0.768460 0.721548
vt 0.746951 0.704332
vt 0.536191 0.532966
vt 0.791225 0.739641
vt 0.555851 0.549099
vt 0.813961 0.757367
vt 0.575056 0.564853
vt 0.841041 0.777419
vt 0.884291 0.807072
vt 0.636656 0.640569
vt 0.619891 0.623814
vt 0.652105 0.655962
vt 0.729104 0.690073
vt 0.550752 0.554728
vt 0.532767 0.536744
vt 0.774946 0.777557
vt 0.759208 0.762096
vt 0.568322 0.572294
vt 0.790994 0.793339
vt 0.585570 0.589535
vt 0.821545 0.823193
vt 0.602991 0.606937
vt 0.709059 0.712551
vt 0.648038 0.685599
vt 0.634890 0.669407
vt 0.721469 0.724830
vt 0.660832 0.701292
vt 0.514467 0.518446
vt 0.673595 0.716849
vt 0.739517 0.742684
vt 0.687255 0.733407
vt 0.702334 0.751886
vt 0.576330 0.597858
vt 0.560883 0.579030
vt 0.809009 0.890558
vt 0.777271 0.845645
vt 0.591695 0.616585
vt 0.606660 0.634840
vt 0.621220 0.652613
vt 0.512571 0.520165
vt 0.651055 0.732331
vt 0.639348 0.714908
vt 0.720205 0.773739
vt 0.663855 0.751287
vt 0.528989 0.540169
vt 0.678207 0.772849
vt 0.738927 0.796782
vt 0.510515 0.521690
vt 0.545124 0.559829
vt 0.694403 0.797262
vt 0.757131 0.819465
vt 0.604924 0.663147
vt 0.592502 0.644473
vt 0.616748 0.680958
vt 0.628102 0.698056
vt 0.524893 0.543207
vt 0.651126 0.789790
vt 0.638732 0.766625
vt 0.711467 0.823192
vt 0.508319 0.523006
vt 0.539023 0.564352
vt 0.665038 0.815869
vt 0.728704 0.849818
vt 0.520519 0.545829
vt 0.552820 0.585001
vt 0.679709 0.843509
vt 0.747979 0.880657
vt 0.566318 0.605213
vt 0.776160 0.927627
vt 0.579587 0.625100
vt 0.627672 0.746187
vt 0.617599 0.727484
vt 0.532508 0.568256
vt 0.645842 0.859753
vt 0.633761 0.830975
vt 0.694626 0.871860
vt 0.525642 0.571503
vt 0.515909 0.548009
vt 0.544213 0.590153
vt 0.658093 0.888864
vt 0.711187 0.903760
vt 0.535146 0.594439
vt 0.555654 0.611559
vt 0.671633 0.920968
vt 0.735552 0.949140
vt 0.566866 0.632543
vt 0.577777 0.652968
vt 0.588280 0.672641
vt 0.598310 0.691436
vt 0.607979 0.709536
vt 0.544437 0.616851
vt 0.631555 0.937035
vt 0.620280 0.902975
vt 0.685956 0.954854
vt 0.532768 0.621054
vt 0.525706 0.597824
vt 0.553544 0.638801
vt 0.647039 0.985445
vt 0.562413 0.660160
vt 0.539706 0.643827
vt 0.570962 0.680726
vt 0.546471 0.665976
vt 0.579140 0.700379
vt 0.587031 0.719325
vt 0.594882 0.738159
vt 0.603112 0.757882
vt 0.612168 0.779423
vt 0.622329 0.803698
vt 0.506005 0.524100
vt 0.565311 0.727271
vt 0.559270 0.707652
vt 0.538810 0.713278
vt 0.534512 0.692329
vt 0.553006 0.687287
vt 0.571287 0.746749
vt 0.542960 0.733419
vt 0.577498 0.767077
vt 0.547007 0.753275
vt 0.584376 0.789275
vt 0.592173 0.814363
vt 0.503594 0.524963
vt 0.601007 0.842578
vt 0.511107 0.549727
vt 0.610452 0.872438
vt 0.518492 0.574063
vt 0.530050 0.670428
vt 0.525446 0.647608
vt 0.567028 0.850035
vt 0.561011 0.821433
vt 0.555758 0.796180
vt 0.526542 0.799605
vt 0.524301 0.778655
vt 0.551154 0.773840
vt 0.506161 0.550966
vt 0.501111 0.525585
vt 0.573517 0.880383
vt 0.511125 0.575911
vt 0.580438 0.911464
vt 0.515976 0.600272
vt 0.589050 0.946996
vt 0.520738 0.624121
vt 0.603175 1.000000
vt 0.517806 0.717777
vt 0.515547 0.696189
vt 0.520039 0.738807
vt 0.522185 0.758728
vt 0.538301 0.908198
vt 0.535005 0.879303
vt 0.506050 0.601755
vt 0.503611 0.577028
vt 0.542981 0.941917
vt 0.508450 0.626010
vt 0.552162 0.994202
vt 0.510846 0.650222
vt 0.513207 0.673695
vt 0.529036 0.822481
vt 0.496041 0.763457
vt 0.496043 0.743372
vt 0.498579 0.525960
vt 0.496040 0.781937
vt 0.531920 0.850119
vt 0.496040 0.800677
vt 0.501116 0.551715
vt 0.496022 0.818535
vt 0.496022 0.526086
vt 0.496022 0.960173
vt 0.496022 0.917033
vt 0.496022 0.651306
vt 0.496022 0.626655
vt 0.496022 0.675241
vt 0.496022 0.699034
vt 0.496022 0.721040
vt 0.496022 0.844272
vt 0.127511 0.500000
vt 0.154869 0.500026
vt 0.145957 0.536924
vt 0.117124 0.539665
vt 0.496022 0.551965
vt 0.418626 0.500000
vt 0.444060 0.500000
vt 0.444310 0.505094
vt 0.419000 0.507588
vt 0.496022 0.872225
vt 0.252930 0.500000
vt 0.275011 0.500000
vt 0.275008 0.500022
vt 0.252926 0.500021
vt 0.496022 0.577402
vt 0.105645 0.500000
vt 0.088777 0.542420
vt 0.496022 0.894414
vt 0.233469 0.500000
vt 0.233466 0.500019
vt 0.496022 0.602254
vt 0.154863 0.500000
vt 0.179379 0.500000
vt 0.179383 0.500021
vt 0.297053 0.500000
vt 0.320835 0.500000
vt 0.322421 0.517179
vt 0.299530 0.519505
vt 0.277983 0.521820
vt 0.393780 0.500000
vt 0.394280 0.510026
vt 0.003466 0.554974
vt 0.056682 0.546366
vt 0.052330 0.590968
vt 0.000000 0.603496
vt 0.215995 0.500000
vt 0.215994 0.500018
vt 0.344747 0.500000
vt 0.345927 0.514821
vt 0.083749 0.500000
vt 0.370041 0.512425
vt 0.371928 0.524706
vt 0.348485 0.529407
vt 0.257502 0.524143
vt 0.197799 0.500018
vt 0.217997 0.528743
vt 0.197090 0.531339
vt 0.369387 0.500000
vt 0.325658 0.534011
vt 0.197799 0.500000
vt 0.042009 0.500000
vt 0.237647 0.526408
vt 0.395761 0.519949
vt 0.282778 0.542828
vt 0.262794 0.547024
vt 0.243074 0.551154
vt 0.268953 0.569274
vt 0.249587 0.575253
vt 0.303683 0.538495
vt 0.200537 0.560113
vt 0.222666 0.555405
vt 0.229409 0.581441
vt 0.207450 0.588231
vt 0.173475 0.534058
vt 0.445058 0.510138
vt 0.470438 0.505089
vt 0.471060 0.507573
vt 0.446297 0.515085
vt 0.470062 0.502557
vt 0.182658 0.595845
vt 0.217172 0.615673
vt 0.193077 0.625580
vt 0.469937 0.500000
vt 0.175540 0.565347
vt 0.087188 0.583242
vt 0.095275 0.622298
vt 0.125411 0.613165
vt 0.137507 0.648099
vt 0.108612 0.659653
vt 0.147433 0.571035
vt 0.117653 0.576987
vt 0.166039 0.636591
vt 0.180715 0.667612
vt 0.153175 0.681732
vt 0.420116 0.515101
vt 0.471922 0.509983
vt 0.448014 0.519886
vt 0.154843 0.604289
vt 0.421963 0.522467
vt 0.398207 0.529676
vt 0.352234 0.543660
vt 0.330097 0.550420
vt 0.308798 0.556957
vt 0.288484 0.563227
vt 0.357242 0.557492
vt 0.335901 0.566345
vt 0.061484 0.632686
vt 0.012826 0.646831
vt 0.315364 0.574876
vt 0.374988 0.536731
vt 0.295754 0.583032
vt 0.276868 0.590893
vt 0.258110 0.598698
vt 0.238465 0.606860
vt 0.424522 0.529617
vt 0.473017 0.512297
vt 0.450194 0.524496
vt 0.076713 0.672339
vt 0.042996 0.685665
vt 0.379183 0.548398
vt 0.351537 0.596417
vt 0.370889 0.583549
vt 0.379355 0.595703
vt 0.361123 0.610599
vt 0.427767 0.536482
vt 0.401590 0.539116
vt 0.405872 0.548182
vt 0.384465 0.559614
vt 0.093130 0.711630
vt 0.124894 0.695993
vt 0.146543 0.729920
vt 0.115535 0.748451
vt 0.048351 0.734190
vt 0.411020 0.556789
vt 0.390802 0.570280
vt 0.268709 0.621303
vt 0.250082 0.631263
vt 0.206675 0.654129
vt 0.229722 0.642030
vt 0.431670 0.542997
vt 0.363480 0.570813
vt 0.286607 0.611761
vt 0.298023 0.631828
vt 0.281204 0.642973
vt 0.343073 0.581696
vt 0.323438 0.592156
vt 0.315156 0.620507
vt 0.326811 0.638444
vt 0.310316 0.651815
vt 0.304675 0.602143
vt 0.332949 0.608737
vt 0.398150 0.580297
vt 0.343617 0.624812
vt 0.294764 0.664325
vt 0.323708 0.672132
vt 0.309541 0.686216
vt 0.068423 0.775140
vt 0.474332 0.514493
vt 0.475857 0.516549
vt 0.263857 0.654523
vt 0.452815 0.528870
vt 0.199161 0.696713
vt 0.173257 0.713244
vt 0.279333 0.676823
vt 0.296771 0.698876
vt 0.436192 0.549099
vt 0.455853 0.532966
vt 0.459277 0.536744
vt 0.441292 0.554728
vt 0.244927 0.666992
vt 0.178082 0.757367
vt 0.200819 0.739641
vt 0.232836 0.762096
vt 0.217098 0.777557
vt 0.223497 0.680986
vt 0.245092 0.704332
vt 0.223584 0.721548
vt 0.416988 0.564853
vt 0.423722 0.572294
vt 0.262939 0.690073
vt 0.339939 0.655962
vt 0.151003 0.777419
vt 0.201050 0.793339
vt 0.389053 0.606937
vt 0.406474 0.589535
vt 0.415714 0.597858
vt 0.400349 0.616585
vt 0.282984 0.712551
vt 0.372153 0.623814
vt 0.385383 0.634840
vt 0.357153 0.669406
vt 0.344006 0.685599
vt 0.107753 0.807072
vt 0.170498 0.823193
vt 0.355388 0.640569
vt 0.370824 0.652613
vt 0.270575 0.724830
vt 0.463055 0.540169
vt 0.479473 0.520165
vt 0.481529 0.521690
vt 0.467151 0.543207
vt 0.477576 0.518446
vt 0.331212 0.701292
vt 0.313837 0.772849
vt 0.328188 0.751287
vt 0.353312 0.766625
vt 0.340917 0.789790
vt 0.289710 0.751886
vt 0.304789 0.733407
vt 0.253117 0.796782
vt 0.271839 0.773739
vt 0.297641 0.797261
vt 0.280577 0.823192
vt 0.318449 0.716849
vt 0.252527 0.742683
vt 0.431161 0.579030
vt 0.214773 0.845644
vt 0.183035 0.890557
vt 0.387119 0.663147
vt 0.375296 0.680958
vt 0.352695 0.714908
vt 0.340988 0.732331
vt 0.363942 0.698056
vt 0.439224 0.585001
vt 0.453021 0.564352
vt 0.459536 0.568256
vt 0.447830 0.590153
vt 0.446920 0.559829
vt 0.327005 0.815869
vt 0.312334 0.843508
vt 0.234913 0.819464
vt 0.263339 0.849817
vt 0.244065 0.880657
vt 0.425726 0.605213
vt 0.399542 0.644473
vt 0.297417 0.871859
vt 0.471525 0.545829
vt 0.476135 0.548009
vt 0.466401 0.571503
vt 0.483725 0.523006
vt 0.215883 0.927627
vt 0.412457 0.625100
vt 0.425178 0.632543
vt 0.414266 0.652968
vt 0.403764 0.672641
vt 0.393734 0.691435
vt 0.374445 0.727484
vt 0.364371 0.746187
vt 0.384065 0.709536
vt 0.358283 0.830974
vt 0.346202 0.859753
vt 0.280856 0.903760
vt 0.256491 0.949140
vt 0.436390 0.611559
vt 0.456897 0.594439
vt 0.447606 0.616850
vt 0.486039 0.524100
vt 0.320410 0.920967
vt 0.333950 0.888863
vt 0.371764 0.902975
vt 0.360488 0.937035
vt 0.369714 0.803698
vt 0.306088 0.954854
vt 0.405012 0.719325
vt 0.412904 0.700378
vt 0.432773 0.707651
vt 0.426733 0.727271
vt 0.439038 0.687287
vt 0.457532 0.692329
vt 0.453234 0.713278
vt 0.466338 0.597824
vt 0.459276 0.621054
vt 0.438500 0.638801
vt 0.345004 0.985444
vt 0.429631 0.660159
vt 0.445572 0.665976
vt 0.461994 0.670428
vt 0.397162 0.738159
vt 0.420756 0.746749
vt 0.391036 0.842578
vt 0.399870 0.814363
vt 0.431032 0.821432
vt 0.425016 0.850035
vt 0.421082 0.680726
vt 0.436286 0.796180
vt 0.440890 0.773840
vt 0.467743 0.778655
vt 0.465501 0.799605
vt 0.449084 0.733419
vt 0.379875 0.779423
vt 0.407667 0.789275
vt 0.452338 0.643827
vt 0.388931 0.242118
vt 0.414546 0.232923
vt 0.420756 0.253251
vt 0.397162 0.261842
vt 0.388931 0.757882
vt 0.414546 0.767077
vt 0.445036 0.753275
vt 0.381591 0.872438
vt 0.488449 0.475038
vt 0.490933 0.474416
vt 0.480936 0.549727
vt 0.473552 0.574063
vt 0.466598 0.647608
vt 0.485994 0.398245
vt 0.488433 0.422973
vt 0.483594 0.373990
vt 0.388868 0.000000
vt 0.439882 0.005798
vt 0.457532 0.307671
vt 0.476497 0.303812
vt 0.478836 0.326306
vt 0.461994 0.329572
vt 0.469859 0.241272
vt 0.496003 0.236543
vt 0.496001 0.256628
vt 0.472005 0.261193
vt 0.496004 0.199323
vt 0.496003 0.218063
vt 0.467743 0.221346
vt 0.379875 0.220577
vt 0.407667 0.210725
vt 0.445036 0.246725
vt 0.449084 0.266581
vt 0.493465 0.474040
vt 0.488449 0.524963
vt 0.440890 0.226160
vt 0.717036 0.499978
vt 0.739118 0.499980
vt 0.758578 0.499982
vt 0.776050 0.499983
vt 0.794245 0.499982
vt 0.812661 0.499980
vt 0.837175 0.499975
vt 0.369714 0.196302
vt 0.399870 0.185637
vt 0.486039 0.475900
vt 0.358283 0.169026
vt 0.391036 0.157422
vt 0.481197 0.349778
vt 0.669623 0.482822
vt 0.692514 0.480495
vt 0.714061 0.478180
vt 0.734542 0.475857
vt 0.754397 0.473593
vt 0.774047 0.471257
vt 0.794954 0.468661
vt 0.818569 0.465943
vt 0.521981 0.497443
vt 0.846087 0.463076
vt 0.547734 0.494906
vt 0.874920 0.460335
vt 0.573044 0.492413
vt 0.903267 0.457580
vt 0.597764 0.489975
vt 0.935362 0.453635
vt 0.622003 0.487576
vt 0.988578 0.445027
vt 0.646117 0.485179
vt 0.709266 0.457172
vt 0.729250 0.452976
vt 0.748970 0.448846
vt 0.769378 0.444596
vt 0.791507 0.439887
vt 0.816504 0.434653
vt 0.521606 0.494911
vt 0.844611 0.428965
vt 0.546986 0.489862
vt 0.874391 0.423013
vt 0.571928 0.484900
vt 0.904857 0.416759
vt 0.596282 0.480051
vt 0.939714 0.409032
vt 0.620116 0.475294
vt 0.992044 0.396505
vt 0.643559 0.470594
vt 0.666385 0.465990
vt 0.688361 0.461506
vt 0.742457 0.424747
vt 0.762635 0.418560
vt 0.784594 0.411769
vt 0.809386 0.404156
vt 0.520984 0.492428
vt 0.837201 0.395712
vt 0.545747 0.484916
vt 0.866633 0.386836
vt 0.570081 0.477533
vt 0.896769 0.377702
vt 0.593837 0.470324
vt 0.930560 0.367314
vt 0.617056 0.463269
vt 0.979218 0.353170
vt 0.639809 0.456341
vt 0.661946 0.449580
vt 0.683246 0.443043
vt 0.703560 0.436773
vt 0.723091 0.430727
vt 0.774872 0.384328
vt 0.798967 0.374420
vt 0.520122 0.490018
vt 0.826005 0.363409
vt 0.544029 0.480115
vt 0.854537 0.351901
vt 0.567522 0.470383
vt 0.883432 0.340347
vt 0.590454 0.460885
vt 0.915332 0.327661
vt 0.612861 0.451602
vt 0.949048 0.314335
vt 0.634801 0.442508
vt 0.656143 0.433655
vt 0.676680 0.425125
vt 0.696290 0.416968
vt 0.715176 0.409107
vt 0.733934 0.401303
vt 0.753579 0.393140
vt 0.519027 0.487703
vt 0.541849 0.475505
vt 0.811329 0.332389
vt 0.838869 0.318268
vt 0.564276 0.463518
vt 0.867150 0.304007
vt 0.586172 0.451818
vt 0.898914 0.288371
vt 0.607579 0.440386
vt 0.943693 0.265811
vt 0.628564 0.429188
vt 0.648971 0.418305
vt 0.668606 0.407844
vt 0.687369 0.397857
vt 0.705437 0.388240
vt 0.723334 0.378697
vt 0.741962 0.368737
vt 0.762322 0.357970
vt 0.785369 0.345872
vt 0.560374 0.457003
vt 0.581024 0.443211
vt 0.845501 0.270080
vt 0.876509 0.251550
vt 0.601242 0.429720
vt 0.923621 0.224861
vt 0.621155 0.416451
vt 0.640507 0.403583
vt 0.659095 0.391263
vt 0.676888 0.379493
vt 0.694021 0.368172
vt 0.710840 0.357027
vt 0.728187 0.345477
vt 0.747117 0.333009
vt 0.768547 0.319014
vt 0.517711 0.485508
vt 0.792883 0.303287
vt 0.539228 0.471131
vt 0.818787 0.286757
vt 0.593893 0.419703
vt 0.612689 0.404297
vt 0.630921 0.389401
vt 0.648427 0.375188
vt 0.665233 0.361556
vt 0.681728 0.348185
vt 0.697280 0.335675
vt 0.712711 0.323177
vt 0.729105 0.309927
vt 0.746952 0.295668
vt 0.516186 0.483451
vt 0.768461 0.278452
vt 0.536191 0.467035
vt 0.791225 0.260359
vt 0.555851 0.450902
vt 0.813962 0.242633
vt 0.575056 0.435147
vt 0.841041 0.222582
vt 0.884291 0.192929
vt 0.619891 0.376187
vt 0.636656 0.359432
vt 0.652105 0.344039
vt 0.668336 0.327869
vt 0.682503 0.313784
vt 0.695273 0.301124
vt 0.709060 0.287450
vt 0.721469 0.275170
vt 0.514467 0.481555
vt 0.739517 0.257317
vt 0.532767 0.463256
vt 0.759208 0.237904
vt 0.550752 0.445272
vt 0.774946 0.222443
vt 0.568322 0.427706
vt 0.790994 0.206661
vt 0.585570 0.410465
vt 0.821546 0.176807
vt 0.602991 0.393063
vt 0.634891 0.330594
vt 0.648038 0.314401
vt 0.660832 0.298708
vt 0.673595 0.283152
vt 0.687255 0.266593
vt 0.702334 0.248114
vt 0.512571 0.479835
vt 0.720205 0.226261
vt 0.528989 0.459831
vt 0.738927 0.203218
vt 0.545124 0.440172
vt 0.757131 0.180536
vt 0.560883 0.420970
vt 0.777271 0.154356
vt 0.576330 0.402143
vt 0.809010 0.109443
vt 0.591695 0.383415
vt 0.606660 0.365160
vt 0.621220 0.347388
vt 0.639349 0.285092
vt 0.651055 0.267670
vt 0.663856 0.248714
vt 0.678207 0.227151
vt 0.510515 0.478310
vt 0.694403 0.202739
vt 0.524893 0.456793
vt 0.711467 0.176808
vt 0.539023 0.435648
vt 0.728705 0.150183
vt 0.552820 0.414999
vt 0.747979 0.119343
vt 0.566318 0.394788
vt 0.776161 0.072373
vt 0.579587 0.374900
vt 0.592502 0.355527
vt 0.604924 0.336853
vt 0.616748 0.319042
vt 0.628102 0.301944
vt 0.638732 0.233375
vt 0.651126 0.210211
vt 0.508319 0.476994
vt 0.665039 0.184131
vt 0.520519 0.454172
vt 0.679710 0.156492
vt 0.532508 0.431744
vt 0.694626 0.128141
vt 0.544213 0.409847
vt 0.711188 0.096240
vt 0.555654 0.388441
vt 0.735553 0.050860
vt 0.566866 0.367457
vt 0.577778 0.347032
vt 0.588280 0.327360
vt 0.598310 0.308565
vt 0.607979 0.290465
vt 0.617599 0.272517
vt 0.627672 0.253814
vt 0.633761 0.169026
vt 0.645842 0.140247
vt 0.515909 0.451991
vt 0.525643 0.428497
vt 0.658094 0.111137
vt 0.535146 0.405562
vt 0.671634 0.079033
vt 0.544438 0.383150
vt 0.685956 0.045146
vt 0.553544 0.361199
vt 0.562413 0.339841
vt 0.570962 0.319275
vt 0.579140 0.299622
vt 0.587032 0.280675
vt 0.594882 0.261842
vt 0.603113 0.242118
vt 0.612169 0.220577
vt 0.622329 0.196302
vt 0.506005 0.475900
vt 0.620280 0.097025
vt 0.631556 0.062965
vt 0.525706 0.402176
vt 0.532768 0.378946
vt 0.647039 0.014556
vt 0.539706 0.356173
vt 0.546472 0.334024
vt 0.553006 0.312713
vt 0.559271 0.292349
vt 0.565311 0.272730
vt 0.571288 0.253251
vt 0.577498 0.232923
vt 0.584377 0.210725
vt 0.592174 0.185637
vt 0.503595 0.475038
vt 0.601008 0.157422
vt 0.511107 0.450273
vt 0.610453 0.127562
vt 0.518492 0.425937
vt 0.525446 0.352392
vt 0.530050 0.329572
vt 0.534512 0.307671
vt 0.538810 0.286723
vt 0.542960 0.266581
vt 0.547007 0.246725
vt 0.551154 0.226160
vt 0.555758 0.203820
vt 0.561012 0.178568
vt 0.501111 0.474416
vt 0.567028 0.149965
vt 0.506161 0.449034
vt 0.573517 0.119617
vt 0.511125 0.424089
vt 0.580439 0.088537
vt 0.515976 0.399728
vt 0.589050 0.053004
vt 0.520738 0.375879
vt 0.603176 -0.000000
vt 0.515547 0.303812
vt 0.517807 0.282223
vt 0.520039 0.261193
vt 0.522185 0.241272
vt 0.524301 0.221346
vt 0.526542 0.200395
vt 0.529036 0.177520
vt 0.498579 0.474040
vt 0.531920 0.149882
vt 0.501116 0.448286
vt 0.535005 0.120697
vt 0.503611 0.422973
vt 0.538301 0.091802
vt 0.506050 0.398245
vt 0.542982 0.058083
vt 0.508450 0.373990
vt 0.552162 0.005798
vt 0.510847 0.349778
vt 0.513207 0.326306
vt 0.496043 0.256628
vt 0.496041 0.236543
vt 0.496041 0.218063
vt 0.496040 0.199323
vt 0.496022 0.181465
vt 0.496022 0.473915
vt 0.496022 0.155728
vt 0.496022 0.448036
vt 0.496022 0.127775
vt 0.496022 0.422598
vt 0.496022 0.105586
vt 0.496022 0.397746
vt 0.496022 0.082967
vt 0.496022 0.373346
vt 0.496022 0.039827
vt 0.496022 0.348694
vt 0.496022 0.324759
vt 0.496022 0.300966
vt 0.496022 0.278960
vt 0.474237 0.717777
vt 0.472005 0.738807
vt 0.496022 0.199323
vt 0.490933 0.525585
vt 0.485883 0.550966
vt 0.469858 0.758728
vt 0.418527 0.880383
vt 0.480919 0.575911
vt 0.411605 0.911463
vt 0.457038 0.879303
vt 0.453742 0.908198
vt 0.476068 0.600272
vt 0.488433 0.577028
vt 0.485994 0.601755
vt 0.402994 0.946996
vt 0.471306 0.624121
vt 0.388868 1.000000
vt 0.476497 0.696189
vt 0.460124 0.850119
vt 0.483594 0.626010
vt 0.493465 0.525960
vt 0.449062 0.941917
vt 0.439882 0.994202
vt 0.490928 0.551715
vt 0.481197 0.650222
vt 0.478836 0.673695
vt 0.463008 0.822480
vt 0.496001 0.743372
vt 0.496002 0.763457
vt 0.496003 0.781937
vt 0.496004 0.800677
vt 0.197799 0.499982
vt 0.215994 0.499982
vt 0.179383 0.499980
vt 0.154869 0.499974
vt 0.275008 0.499978
vt 0.252926 0.499979
vt 0.233466 0.499982
vt 0.003466 0.445026
vt 0.056682 0.453635
vt 0.237647 0.473592
vt 0.257502 0.475857
vt 0.345927 0.485179
vt 0.370041 0.487576
vt 0.217997 0.471257
vt 0.197090 0.468661
vt 0.173475 0.465942
vt 0.470062 0.497443
vt 0.145957 0.463076
vt 0.444310 0.494906
vt 0.117124 0.460335
vt 0.419000 0.492412
vt 0.088777 0.457580
vt 0.394280 0.489975
vt 0.299530 0.480495
vt 0.322421 0.482821
vt 0.277983 0.478180
vt 0.470438 0.494911
vt 0.147433 0.428965
vt 0.175540 0.434653
vt 0.445058 0.489862
vt 0.117653 0.423013
vt 0.420116 0.484900
vt 0.087188 0.416758
vt 0.395761 0.480051
vt 0.052330 0.409032
vt 0.371928 0.475294
vt 0.262794 0.452976
vt 0.282778 0.457172
vt 0.000000 0.396504
vt 0.243074 0.448846
vt 0.348485 0.470594
vt 0.222666 0.444596
vt 0.325658 0.465990
vt 0.200537 0.439887
vt 0.303683 0.461506
vt 0.421963 0.477533
vt 0.446297 0.484916
vt 0.095275 0.377702
vt 0.125411 0.386836
vt 0.398207 0.470324
vt 0.061484 0.367314
vt 0.374988 0.463269
vt 0.012826 0.353170
vt 0.352234 0.456341
vt 0.229409 0.418560
vt 0.249587 0.424747
vt 0.330097 0.449580
vt 0.207450 0.411769
vt 0.308798 0.443043
vt 0.182658 0.404155
vt 0.288484 0.436773
vt 0.471060 0.492428
vt 0.268953 0.430727
vt 0.154843 0.395712
vt 0.379183 0.451602
vt 0.401590 0.460885
vt 0.042996 0.314335
vt 0.076712 0.327661
vt 0.357242 0.442508
vt 0.335901 0.433655
vt 0.315364 0.425125
vt 0.193077 0.374420
vt 0.217172 0.384327
vt 0.295754 0.416968
vt 0.471922 0.490018
vt 0.276868 0.409107
vt 0.166039 0.363409
vt 0.258110 0.401303
vt 0.448014 0.480114
vt 0.238465 0.393140
vt 0.137507 0.351901
vt 0.424522 0.470383
vt 0.108612 0.340347
vt 0.304675 0.397857
vt 0.323438 0.407844
vt 0.286607 0.388239
vt 0.268710 0.378697
vt 0.450194 0.475505
vt 0.473017 0.487703
vt 0.250082 0.368737
vt 0.153175 0.318268
vt 0.180715 0.332388
vt 0.229722 0.357970
vt 0.427767 0.463518
vt 0.206675 0.345871
vt 0.124894 0.304007
vt 0.405872 0.451818
vt 0.093130 0.288371
vt 0.384465 0.440386
vt 0.048351 0.265811
vt 0.363480 0.429188
vt 0.343073 0.418305
vt 0.474332 0.485508
vt 0.411020 0.443211
vt 0.431670 0.457003
vt 0.199161 0.303287
vt 0.223497 0.319014
vt 0.115535 0.251549
vt 0.146543 0.270080
vt 0.452816 0.471131
vt 0.390802 0.429720
vt 0.173257 0.286757
vt 0.068423 0.224861
vt 0.370889 0.416451
vt 0.351537 0.403583
vt 0.332949 0.391263
vt 0.315156 0.379493
vt 0.298023 0.368172
vt 0.281204 0.357027
vt 0.263857 0.345477
vt 0.244927 0.333008
vt 0.416988 0.435147
vt 0.436192 0.450902
vt 0.343617 0.375188
vt 0.361123 0.389401
vt 0.151003 0.222581
vt 0.178082 0.242633
vt 0.326811 0.361556
vt 0.398150 0.419703
vt 0.310316 0.348185
vt 0.294764 0.335675
vt 0.279333 0.323177
vt 0.262939 0.309927
vt 0.245092 0.295668
vt 0.475857 0.483451
vt 0.223584 0.278452
vt 0.455853 0.467035
vt 0.200818 0.260359
vt 0.379355 0.404297
vt 0.389053 0.393063
vt 0.406474 0.410465
vt 0.296771 0.301124
vt 0.309541 0.313784
vt 0.282984 0.287450
vt 0.270575 0.275170
vt 0.477576 0.481555
vt 0.252527 0.257317
vt 0.459277 0.463256
vt 0.232836 0.237904
vt 0.441292 0.445272
vt 0.217098 0.222443
vt 0.107753 0.192929
vt 0.423722 0.427706
vt 0.355388 0.359432
vt 0.372153 0.376187
vt 0.201050 0.206661
vt 0.339939 0.344039
vt 0.323708 0.327869
vt 0.170498 0.176807
vt 0.271839 0.226261
vt 0.289710 0.248114
vt 0.463055 0.459831
vt 0.479473 0.479835
vt 0.253117 0.203218
vt 0.446920 0.440172
vt 0.234913 0.180536
vt 0.431161 0.420970
vt 0.214773 0.154356
vt 0.415714 0.402142
vt 0.344006 0.314401
vt 0.357153 0.330594
vt 0.183035 0.109443
vt 0.331212 0.298708
vt 0.400349 0.383415
vt 0.318449 0.283152
vt 0.385383 0.365160
vt 0.304789 0.266593
vt 0.370824 0.347388
vt 0.263339 0.150183
vt 0.280577 0.176808
vt 0.439224 0.414999
vt 0.453021 0.435648
vt 0.244065 0.119343
vt 0.425726 0.394788
vt 0.215883 0.072373
vt 0.412457 0.374900
vt 0.340989 0.267670
vt 0.352695 0.285092
vt 0.399542 0.355527
vt 0.328188 0.248713
vt 0.387119 0.336853
vt 0.313837 0.227151
vt 0.375296 0.319042
vt 0.481529 0.478310
vt 0.363942 0.301944
vt 0.297641 0.202739
vt 0.467151 0.456793
vt 0.256491 0.050860
vt 0.280856 0.096240
vt 0.425178 0.367457
vt 0.436390 0.388441
vt 0.414266 0.347032
vt 0.403764 0.327360
vt 0.340917 0.210211
vt 0.353312 0.233375
vt 0.393734 0.308565
vt 0.483725 0.476994
vt 0.384065 0.290464
vt 0.327005 0.184131
vt 0.374445 0.272517
vt 0.471525 0.454172
vt 0.364371 0.253814
vt 0.312334 0.156492
vt 0.459536 0.431744
vt 0.297418 0.128141
vt 0.447830 0.409847
vt 0.346202 0.140247
vt 0.466401 0.428497
vt 0.476135 0.451991
vt 0.456897 0.405562
vt 0.320410 0.079033
vt 0.333950 0.111137
vt 0.447606 0.383150
vt 0.306088 0.045146
vt 0.438500 0.361199
vt 0.429631 0.339841
vt 0.421082 0.319275
vt 0.412904 0.299622
vt 0.405012 0.280675
vt 0.345004 0.014556
vt 0.360488 0.062965
vt 0.445572 0.334024
vt 0.371764 0.097025
vt 0.439038 0.312713
vt 0.432773 0.292349
vt 0.426733 0.272730
vt 0.490928 0.448286
vt 0.474237 0.282223
vt 0.453234 0.286723
vt 0.381591 0.127562
vt 0.496022 0.256632
vt 0.496022 0.236546
vt 0.496022 0.218064
vt 0.496022 0.763454
vt 0.496022 0.743368
vt 0.496022 0.800677
vt 0.496022 0.781936
vn 0.1463 0.9859 -0.0810
vn 0.1387 0.9855 -0.0976
vn 0.0808 0.9952 -0.0546
vn 0.0855 0.9953 -0.0462
vn 0.2998 0.9371 -0.1790
vn 0.2745 0.9322 -0.2360
vn 0.2154 0.9619 -0.1681
vn 0.2274 0.9649 -0.1316
vn 0.8111 -0.0117 -0.5848
vn 0.7019 0.0112 -0.7122
vn 0.6873 0.2102 -0.6953
vn 0.8032 0.1900 -0.5646
vn 0.7800 -0.2305 -0.5818
vn 0.6629 -0.2276 -0.7133
vn 0.6860 -0.1474 -0.7125
vn 0.7937 -0.1640 -0.5858
vn -0.5026 0.7023 -0.5041
vn -0.5033 0.7052 -0.4994
vn -0.4323 0.7967 -0.4224
vn -0.4242 0.8002 -0.4240
vn 0.7527 -0.3104 -0.5806
vn 0.5951 -0.3149 -0.7394
vn -0.5703 0.5884 -0.5732
vn -0.5813 0.5817 -0.5690
vn 0.6448 0.3798 -0.6633
vn 0.7608 0.3718 -0.5319
vn -0.6509 0.3910 -0.6507
vn -0.6576 0.4107 -0.6316
vn -0.4365 0.7320 -0.5231
vn -0.3695 0.8124 -0.4512
vn -0.6798 0.2774 -0.6789
vn -0.6898 0.2998 -0.6590
vn -0.5086 0.6185 -0.5990
vn -0.6836 0.2498 -0.6857
vn -0.6916 0.2506 -0.6774
vn -0.5681 0.4655 -0.6786
vn -0.7020 0.1284 -0.7005
vn -0.6972 0.1360 -0.7039
vn -0.7055 -0.0676 -0.7055
vn -0.3654 0.8562 -0.3654
vn -0.3221 0.8590 -0.3981
vn -0.2923 0.8896 -0.3510
vn -0.3308 0.8838 -0.3308
vn 0.0527 0.9980 -0.0353
vn 0.0559 0.9980 -0.0299
vn -0.6419 -0.1192 -0.7574
vn -0.6339 0.0509 -0.7718
vn -0.0692 0.9952 -0.0692
vn -0.0753 0.9952 -0.0623
vn -0.0490 0.9980 -0.0403
vn -0.0449 0.9980 -0.0449
vn -0.6966 -0.1716 -0.6966
vn -0.6436 -0.2051 -0.7374
vn -0.1225 0.9849 -0.1225
vn -0.1305 0.9851 -0.1118
vn -0.6838 -0.2547 -0.6838
vn -0.5905 -0.3008 -0.7489
vn -0.2102 0.9548 -0.2102
vn -0.2063 0.9578 -0.2003
vn -0.6565 -0.3715 -0.6565
vn -0.6000 -0.3587 -0.7151
vn -0.2801 0.9182 -0.2801
vn -0.2578 0.9231 -0.2855
vn -0.5858 0.3394 -0.7360
vn -0.5091 0.7539 -0.4153
vn -0.4274 0.8269 -0.3655
vn -0.6052 0.2247 -0.7637
vn -0.6006 0.6440 -0.4739
vn -0.0273 0.9993 -0.0273
vn -0.0298 0.9993 -0.0245
vn 0.0000 1.0000 0.0000
vn -0.6808 0.5051 -0.5305
vn -0.7352 0.3651 -0.5711
vn -0.7785 0.2019 -0.5942
vn -0.7596 -0.3063 -0.5738
vn -0.7833 -0.2301 -0.5775
vn -0.2148 0.9626 -0.1651
vn -0.1384 0.9856 -0.0972
vn -0.7444 -0.3641 -0.5598
vn -0.2769 0.9323 -0.2325
vn -0.3239 0.9021 -0.2853
vn -0.3688 0.8703 -0.3264
vn -0.0321 0.9993 -0.0214
vn -0.7529 0.5101 -0.4158
vn -0.6655 0.6477 -0.3711
vn -0.8024 0.0039 -0.5967
vn -0.8159 0.3653 -0.4481
vn -0.0527 0.9980 -0.0353
vn -0.8612 0.1904 -0.4712
vn -0.7955 -0.1584 -0.5848
vn -0.0340 0.9993 -0.0182
vn -0.0807 0.9952 -0.0546
vn -0.8776 -0.0107 -0.4793
vn -0.3607 0.9076 -0.2148
vn -0.3009 0.9370 -0.1774
vn -0.4170 0.8749 -0.2463
vn -0.4836 0.8293 -0.2801
vn -0.5690 0.7565 -0.3226
vn -0.0559 0.9980 -0.0299
vn -0.9066 0.1887 -0.3774
vn -0.8595 0.3646 -0.3582
vn -0.8654 -0.1654 -0.4729
vn -0.0356 0.9993 -0.0148
vn -0.0855 0.9953 -0.0461
vn -0.9234 -0.0125 -0.3837
vn -0.8539 -0.2332 -0.4654
vn -0.0586 0.9980 -0.0243
vn -0.1463 0.9860 -0.0806
vn -0.9108 -0.1665 -0.3777
vn -0.8420 -0.3278 -0.4285
vn -0.2274 0.9651 -0.1300
vn -0.8213 -0.4029 -0.4039
vn -0.7035 0.6475 -0.2929
vn -0.6041 0.7562 -0.2515
vn -0.7940 0.5101 -0.3308
vn -0.0897 0.9953 -0.0371
vn -0.0607 0.9980 -0.0184
vn -0.0369 0.9993 -0.0112
vn -0.8980 -0.2355 -0.3717
vn -0.9458 -0.1670 -0.2787
vn -0.9581 -0.0129 -0.2862
vn -0.1538 0.9861 -0.0635
vn -0.0931 0.9953 -0.0278
vn -0.8676 -0.3458 -0.3574
vn -0.9327 -0.2343 -0.2740
vn -0.2402 0.9657 -0.0989
vn -0.1608 0.9859 -0.0462
vn -0.8285 -0.4457 -0.3390
vn -0.3201 0.9381 -0.1320
vn -0.3855 0.9088 -0.1598
vn -0.4460 0.8756 -0.1857
vn -0.5159 0.8293 -0.2149
vn -0.9400 0.1891 -0.2839
vn -0.8982 -0.3305 -0.2897
vn -0.1671 0.9855 -0.0291
vn -0.0957 0.9952 -0.0185
vn -0.2538 0.9649 -0.0678
vn -0.9424 -0.3112 -0.1223
vn -0.9622 -0.2324 -0.1422
vn -0.8652 -0.4075 -0.2922
vn -0.2712 0.9619 -0.0334
vn -0.3385 0.9371 -0.0854
vn -0.9205 -0.3711 -0.1224
vn -0.4049 0.9086 -0.1029
vn -0.3610 0.9322 -0.0273
vn -0.4668 0.8757 -0.1235
vn -0.5391 0.8292 -0.1476
vn -0.6290 0.7569 -0.1776
vn -0.7301 0.6494 -0.2127
vn -0.8230 0.5122 -0.2456
vn -0.8908 0.3661 -0.2691
vn -0.4233 0.9056 -0.0273
vn -0.4448 0.8946 0.0430
vn -0.3847 0.9229 0.0177
vn -0.5619 0.8254 -0.0546
vn -0.4848 0.8737 -0.0394
vn -0.5012 0.8634 0.0571
vn -0.6504 0.7560 -0.0738
vn -0.5828 0.8105 0.0586
vn -0.7475 0.6559 -0.1052
vn -0.6698 0.7403 0.0570
vn -0.8419 0.5208 -0.1413
vn -0.9125 0.3734 -0.1672
vn -0.9657 0.1908 -0.1759
vn -0.0379 0.9993 -0.0075
vn -0.9859 -0.0128 -0.1671
vn -0.0622 0.9980 -0.0123
vn -0.9743 -0.1664 -0.1517
vn -0.2902 0.9569 -0.0060
vn -0.7521 0.6577 0.0417
vn -0.7608 0.6489 0.0076
vn -0.6838 0.7297 0.0043
vn -0.0384 0.9993 -0.0038
vn -0.8497 0.5272 0.0132
vn -0.8542 0.5198 0.0123
vn -0.9999 0.0052 -0.0145
vn -0.9770 0.2123 -0.0201
vn -0.0631 0.9980 -0.0062
vn -0.9876 -0.1568 0.0049
vn -0.0973 0.9952 -0.0092
vn -0.9712 -0.2365 0.0298
vn -0.1717 0.9851 -0.0136
vn -0.9425 -0.3188 0.1006
vn -0.9237 -0.3722 0.0910
vn -0.5137 0.8579 0.0115
vn -0.4634 0.8862 0.0021
vn -0.5961 0.8028 0.0090
vn -0.9214 0.3884 -0.0086
vn -0.0979 0.9952 -0.0000
vn -0.0634 0.9980 -0.0000
vn -0.9708 -0.2394 -0.0149
vn -0.9904 -0.1375 -0.0134
vn -0.1733 0.9849 -0.0004
vn -0.9529 -0.3029 -0.0120
vn -0.2982 0.9545 -0.0028
vn -0.9200 -0.3916 -0.0145
vn -0.3960 0.9182 -0.0047
vn -0.9193 0.3932 0.0140
vn -0.6687 0.7415 -0.0552
vn -0.5776 0.8144 -0.0566
vn -0.9690 0.2469 0.0089
vn -0.7588 0.6501 -0.0386
vn -0.0386 0.9993 -0.0000
vn -0.8548 0.5188 -0.0099
vn -0.9991 0.0411 -0.0035
vn -0.9229 0.3849 0.0118
vn -0.9758 0.2177 0.0223
vn -0.2875 0.9578 0.0043
vn -0.1713 0.9851 0.0132
vn -0.9276 -0.3651 -0.0788
vn -0.9419 -0.3190 -0.1047
vn -0.3841 0.9231 -0.0196
vn -0.4546 0.8897 -0.0415
vn -0.5085 0.8594 -0.0535
vn -0.0384 0.9993 0.0038
vn -0.8463 0.5164 0.1307
vn -0.7520 0.6515 0.1001
vn -0.9999 0.0089 0.0141
vn -0.9152 0.3724 0.1544
vn -0.0631 0.9980 0.0062
vn -0.9655 0.1967 0.1705
vn -0.9864 -0.1638 -0.0087
vn -0.0378 0.9993 0.0075
vn -0.0973 0.9952 0.0092
vn -0.9847 -0.0078 0.1742
vn -0.9688 -0.2452 -0.0353
vn -0.4911 0.8706 0.0302
vn -0.4306 0.9021 0.0274
vn -0.5594 0.8277 0.0446
vn -0.6499 0.7568 0.0696
vn -0.0622 0.9980 0.0123
vn -0.9404 0.1897 0.2823
vn -0.8917 0.3660 0.2663
vn -0.9720 -0.1678 0.1645
vn -0.0369 0.9993 0.0112
vn -0.0957 0.9952 0.0185
vn -0.9579 -0.0123 0.2868
vn -0.9596 -0.2363 0.1524
vn -0.0607 0.9980 0.0184
vn -0.1666 0.9856 0.0292
vn -0.9452 -0.1670 0.2807
vn -0.9416 -0.3091 0.1337
vn -0.2686 0.9626 0.0352
vn -0.9214 -0.3655 0.1316
vn -0.3602 0.9324 0.0314
vn -0.8242 0.5116 0.2429
vn -0.7312 0.6489 0.2106
vn -0.0931 0.9953 0.0279
vn -0.9107 -0.1668 0.3780
vn -0.9237 -0.0128 0.3830
vn -0.9320 -0.2344 0.2764
vn -0.0897 0.9953 0.0372
vn -0.0586 0.9980 0.0243
vn -0.1604 0.9860 0.0465
vn -0.8975 -0.2357 0.3727
vn -0.8978 -0.3285 0.2932
vn -0.1536 0.9861 0.0638
vn -0.2527 0.9651 0.0689
vn -0.8660 -0.3459 0.3612
vn -0.8660 -0.4034 0.2956
vn -0.3381 0.9370 0.0874
vn -0.4068 0.9077 0.1032
vn -0.4688 0.8750 0.1209
vn -0.5395 0.8296 0.1443
vn -0.6293 0.7571 0.1753
vn -0.2398 0.9657 0.0999
vn -0.8399 -0.3304 0.4306
vn -0.8530 -0.2341 0.4664
vn -0.8254 -0.4458 0.3463
vn -0.2274 0.9649 0.1316
vn -0.1463 0.9859 0.0810
vn -0.3197 0.9381 0.1330
vn -0.8183 -0.4075 0.4054
vn -0.3856 0.9088 0.1596
vn -0.2998 0.9371 0.1790
vn -0.4465 0.8756 0.1842
vn -0.3590 0.9086 0.2136
vn -0.5165 0.8293 0.2131
vn -0.6046 0.7563 0.2498
vn -0.7041 0.6477 0.2911
vn -0.7947 0.5103 0.3287
vn -0.8604 0.3646 0.3560
vn -0.9073 0.1886 0.3758
vn -0.0357 0.9993 0.0148
vn -0.5702 0.7568 0.3195
vn -0.4855 0.8292 0.2770
vn -0.4359 0.8253 0.3590
vn -0.3707 0.8737 0.3151
vn -0.4174 0.8757 0.2428
vn -0.6664 0.6493 0.3665
vn -0.5121 0.7556 0.4085
vn -0.7552 0.5120 0.4093
vn -0.6026 0.6550 0.4559
vn -0.8196 0.3659 0.4409
vn -0.8647 0.1890 0.4654
vn -0.0340 0.9993 0.0182
vn -0.8791 -0.0128 0.4764
vn -0.0559 0.9980 0.0299
vn -0.8653 -0.1667 0.4727
vn -0.0855 0.9953 0.0462
vn -0.3186 0.9056 0.2800
vn -0.2745 0.9322 0.2360
vn -0.8111 -0.0117 0.5848
vn -0.8032 0.1900 0.5646
vn -0.7608 0.3718 0.5319
vn -0.6448 0.3798 0.6633
vn -0.5861 0.5189 0.6223
vn -0.6940 0.5194 0.4986
vn -0.0527 0.9980 0.0353
vn -0.0321 0.9993 0.0215
vn -0.7937 -0.1640 0.5858
vn -0.0808 0.9952 0.0546
vn -0.7800 -0.2305 0.5818
vn -0.1387 0.9855 0.0976
vn -0.7527 -0.3104 0.5806
vn -0.2154 0.9619 0.1681
vn -0.7373 -0.3708 0.5647
vn -0.3708 0.8102 0.4540
vn -0.3140 0.8634 0.3949
vn -0.4336 0.7388 0.5159
vn -0.5017 0.6530 0.5673
vn -0.6629 -0.2276 0.7133
vn -0.6860 -0.1474 0.7125
vn -0.1310 0.9851 0.1118
vn -0.0753 0.9952 0.0623
vn -0.5951 -0.3149 0.7394
vn -0.2095 0.9569 0.2010
vn -0.5888 -0.3709 0.7182
vn -0.2595 0.9228 0.2846
vn -0.2842 0.8946 0.3450
vn -0.6873 0.2102 0.6953
vn -0.5370 0.6413 0.5480
vn -0.4935 0.7205 0.4872
vn -0.0298 0.9993 0.0245
vn -0.5996 0.5038 0.6219
vn -0.7019 0.0112 0.7122
vn -0.6408 0.3848 0.6643
vn -0.0490 0.9980 0.0403
vn -0.6868 0.2378 0.6868
vn -0.0273 0.9993 0.0273
vn -0.6502 -0.3931 0.6502
vn -0.6761 -0.2927 0.6761
vn -0.2800 0.9183 0.2800
vn -0.2116 0.9542 0.2116
vn -0.3247 0.8883 0.3247
vn -0.3619 0.8591 0.3619
vn -0.4245 0.7997 0.4245
vn -0.7064 0.0445 0.7064
vn 0.7055 -0.0676 0.7055
vn 0.7040 0.1357 0.6971
vn 0.7718 0.0509 0.6339
vn 0.7574 -0.1192 0.6419
vn -0.0449 0.9980 0.0449
vn 0.0692 0.9952 0.0692
vn 0.0449 0.9980 0.0449
vn 0.0403 0.9980 0.0490
vn 0.0623 0.9952 0.0753
vn -0.7017 -0.1235 0.7017
vn 0.5026 0.7023 0.5041
vn 0.4242 0.8002 0.4240
vn 0.4234 0.7957 0.4330
vn 0.4984 0.7052 0.5043
vn -0.0692 0.9952 0.0692
vn 0.6966 -0.1716 0.6966
vn 0.7374 -0.2051 0.6436
vn -0.6896 -0.2211 0.6896
vn 0.5703 0.5884 0.5732
vn 0.5671 0.5827 0.5821
vn -0.1227 0.9848 0.1227
vn 0.7020 0.1284 0.7005
vn 0.6836 0.2498 0.6857
vn 0.6766 0.2503 0.6925
vn 0.3654 0.8562 0.3654
vn 0.3308 0.8838 0.3308
vn 0.3510 0.8896 0.2923
vn 0.3981 0.8590 0.3221
vn 0.4512 0.8124 0.3695
vn 0.1225 0.9849 0.1225
vn 0.1118 0.9851 0.1305
vn 0.7151 -0.3587 0.6000
vn 0.7489 -0.3008 0.5905
vn 0.5738 -0.3063 0.7596
vn 0.5598 -0.3641 0.7444
vn 0.6509 0.3910 0.6507
vn 0.6318 0.4106 0.6574
vn 0.2801 0.9182 0.2801
vn 0.2855 0.9231 0.2578
vn 0.6838 -0.2547 0.6838
vn 0.2003 0.9578 0.2063
vn 0.1651 0.9626 0.2148
vn 0.2325 0.9323 0.2769
vn 0.5231 0.7320 0.4365
vn 0.6596 0.2989 0.6896
vn 0.6786 0.4655 0.5681
vn 0.7360 0.3394 0.5858
vn 0.2102 0.9548 0.2102
vn 0.2853 0.9021 0.3239
vn 0.6798 0.2774 0.6789
vn 0.6565 -0.3715 0.6565
vn 0.5990 0.6185 0.5086
vn 0.0972 0.9856 0.1384
vn 0.3655 0.8269 0.4274
vn 0.4153 0.7539 0.5091
vn 0.4739 0.6440 0.6006
vn 0.3226 0.7565 0.5690
vn 0.3711 0.6477 0.6655
vn 0.3264 0.8703 0.3688
vn 0.5711 0.3651 0.7352
vn 0.5305 0.5051 0.6808
vn 0.4158 0.5101 0.7529
vn 0.4481 0.3653 0.8159
vn 0.7637 0.2247 0.6052
vn 0.0353 0.9980 0.0527
vn 0.0214 0.9993 0.0321
vn 0.0182 0.9993 0.0340
vn 0.0299 0.9980 0.0559
vn 0.0245 0.9993 0.0298
vn 0.4712 0.1904 0.8612
vn 0.3582 0.3646 0.8595
vn 0.3774 0.1887 0.9066
vn 0.0273 0.9993 0.0273
vn 0.5942 0.2019 0.7785
vn 0.5775 -0.2301 0.7833
vn 0.4654 -0.2332 0.8539
vn 0.4729 -0.1654 0.8654
vn 0.3777 -0.1665 0.9108
vn 0.3717 -0.2355 0.8980
vn 0.5967 0.0039 0.8024
vn 0.5848 -0.1584 0.7955
vn 0.3837 -0.0125 0.9234
vn 0.2862 -0.0129 0.9581
vn 0.2787 -0.1670 0.9458
vn 0.0546 0.9952 0.0807
vn 0.0148 0.9993 0.0357
vn 0.0242 0.9980 0.0586
vn 0.4793 -0.0107 0.8776
vn 0.0461 0.9953 0.0855
vn 0.0806 0.9860 0.1463
vn 0.1774 0.9370 0.3009
vn 0.2148 0.9076 0.3607
vn 0.2463 0.8749 0.4170
vn 0.2801 0.8293 0.4836
vn 0.1320 0.9381 0.3201
vn 0.1598 0.9088 0.3855
vn 0.4285 -0.3278 0.8420
vn 0.4039 -0.4029 0.8213
vn 0.1857 0.8756 0.4460
vn 0.1300 0.9651 0.2274
vn 0.2149 0.8293 0.5159
vn 0.2515 0.7562 0.6041
vn 0.2929 0.6475 0.7035
vn 0.3308 0.5101 0.7940
vn 0.0371 0.9953 0.0897
vn 0.0112 0.9993 0.0369
vn 0.0184 0.9980 0.0607
vn 0.3574 -0.3458 0.8676
vn 0.3390 -0.4457 0.8285
vn 0.0989 0.9657 0.2402
vn 0.0273 0.9056 0.4233
vn 0.0273 0.9322 0.3610
vn -0.0177 0.9229 0.3847
vn -0.0430 0.8946 0.4448
vn 0.0278 0.9953 0.0931
vn 0.0635 0.9861 0.1538
vn 0.0462 0.9859 0.1608
vn 0.0678 0.9649 0.2538
vn 0.2897 -0.3305 0.8982
vn 0.2740 -0.2343 0.9327
vn 0.1422 -0.2324 0.9622
vn 0.1223 -0.3112 0.9424
vn 0.2922 -0.4075 0.8652
vn 0.0291 0.9855 0.1671
vn 0.0334 0.9619 0.2712
vn 0.2127 0.6494 0.7301
vn 0.2456 0.5122 0.8230
vn 0.2839 0.1891 0.9400
vn 0.2691 0.3661 0.8908
vn 0.0185 0.9952 0.0957
vn 0.0854 0.9371 0.3385
vn 0.1776 0.7569 0.6290
vn 0.0738 0.7560 0.6504
vn 0.1052 0.6559 0.7475
vn 0.1029 0.9086 0.4049
vn 0.1235 0.8757 0.4668
vn 0.0546 0.8254 0.5619
vn -0.0586 0.8105 0.5828
vn -0.0570 0.7403 0.6698
vn 0.1476 0.8292 0.5391
vn 0.0394 0.8737 0.4848
vn 0.0060 0.9569 0.2902
vn -0.0571 0.8634 0.5012
vn -0.0417 0.6577 0.7521
vn -0.0043 0.7297 0.6838
vn -0.0076 0.6489 0.7608
vn 0.1224 -0.3711 0.9205
vn 0.0075 0.9993 0.0379
vn 0.0038 0.9993 0.0384
vn 0.1413 0.5208 0.8419
vn 0.0123 0.9980 0.0622
vn 0.1671 -0.0128 0.9859
vn 0.1517 -0.1664 0.9743
vn -0.0132 0.5272 0.8497
vn -0.0123 0.5198 0.8542
vn 0.0092 0.9952 0.0973
vn 0.0062 0.9980 0.0631
vn 0.0000 0.9980 0.0634
vn 0.0000 0.9952 0.0979
vn 0.1672 0.3734 0.9125
vn -0.0298 -0.2365 0.9712
vn -0.0049 -0.1568 0.9876
vn 0.0134 -0.1375 0.9904
vn 0.0149 -0.2394 0.9708
vn 0.1759 0.1908 0.9657
vn 0.0201 0.2123 0.9770
vn 0.0145 0.0052 0.9999
vn 0.0136 0.9851 0.1717
vn 0.0004 0.9849 0.1733
vn 0.0086 0.3884 0.9214
vn -0.0090 0.8028 0.5961
vn -0.1006 -0.3188 0.9425
vn 0.0120 -0.3029 0.9529
vn 0.0047 0.9182 0.3960
vn 0.0028 0.9545 0.2982
vn -0.0043 0.9578 0.2875
vn 0.0196 0.9231 0.3841
vn -0.0140 0.3932 0.9193
vn -0.0021 0.8862 0.4634
vn 0.0415 0.8897 0.4546
vn 0.0566 0.8144 0.5776
vn 0.0552 0.7415 0.6687
vn -0.0910 -0.3722 0.9237
vn 0.0145 -0.3916 0.9200
vn -0.0115 0.8579 0.5137
vn 0.0535 0.8594 0.5085
vn -0.0089 0.2469 0.9690
vn -0.0062 0.9980 0.0631
vn -0.0038 0.9993 0.0384
vn -0.0075 0.9993 0.0378
vn -0.0123 0.9980 0.0622
vn 0.0000 0.9993 0.0386
vn 0.0386 0.6501 0.7588
vn -0.1705 0.1967 0.9655
vn -0.1544 0.3724 0.9152
vn -0.2663 0.3660 0.8917
vn -0.2823 0.1897 0.9404
vn -0.0223 0.2177 0.9758
vn -0.0118 0.3849 0.9229
vn 0.0087 -0.1639 0.9864
vn -0.0141 0.0089 0.9999
vn -0.1742 -0.0078 0.9847
vn -0.1645 -0.1678 0.9720
vn 0.0099 0.5188 0.8548
vn 0.0035 0.0411 0.9991
vn -0.0132 0.9851 0.1713
vn 0.1047 -0.3190 0.9419
vn 0.0788 -0.3651 0.9276
vn -0.0302 0.8706 0.4911
vn -0.0446 0.8277 0.5594
vn -0.1001 0.6515 0.7520
vn -0.1307 0.5164 0.8463
vn -0.0696 0.7568 0.6499
vn -0.0292 0.9856 0.1666
vn -0.0185 0.9952 0.0957
vn -0.0279 0.9953 0.0931
vn -0.0465 0.9860 0.1604
vn -0.0092 0.9952 0.0973
vn -0.2868 -0.0123 0.9579
vn -0.2807 -0.1670 0.9452
vn 0.0353 -0.2452 0.9688
vn -0.1524 -0.2363 0.9596
vn -0.1337 -0.3091 0.9416
vn -0.0352 0.9626 0.2686
vn -0.0274 0.9021 0.4306
vn -0.2764 -0.2344 0.9320
vn -0.0184 0.9980 0.0607
vn -0.0243 0.9980 0.0586
vn -0.0372 0.9953 0.0897
vn -0.0112 0.9993 0.0369
vn -0.1316 -0.3655 0.9214
vn -0.0314 0.9324 0.3602
vn -0.0874 0.9370 0.3381
vn -0.1032 0.9077 0.4068
vn -0.1209 0.8750 0.4688
vn -0.1443 0.8296 0.5395
vn -0.2106 0.6489 0.7312
vn -0.2429 0.5116 0.8242
vn -0.1753 0.7571 0.6293
vn -0.3830 -0.0128 0.9237
vn -0.3780 -0.1668 0.9107
vn -0.2932 -0.3285 0.8978
vn -0.2956 -0.4034 0.8660
vn -0.0689 0.9651 0.2527
vn -0.0638 0.9861 0.1536
vn -0.0999 0.9657 0.2398
vn -0.0148 0.9993 0.0357
vn -0.3612 -0.3459 0.8660
vn -0.3727 -0.2357 0.8975
vn -0.4664 -0.2341 0.8530
vn -0.4306 -0.3304 0.8399
vn -0.3758 0.1886 0.9073
vn -0.3463 -0.4458 0.8254
vn -0.2498 0.7563 0.6046
vn -0.2131 0.8293 0.5165
vn -0.2770 0.8292 0.4855
vn -0.3195 0.7568 0.5702
vn -0.2428 0.8757 0.4174
vn -0.3151 0.8737 0.3707
vn -0.3590 0.8253 0.4359
vn -0.0810 0.9859 0.1463
vn -0.1316 0.9649 0.2274
vn -0.1330 0.9381 0.3197
vn -0.4054 -0.4075 0.8183
vn -0.1596 0.9088 0.3856
vn -0.2136 0.9086 0.3590
vn -0.2800 0.9056 0.3186
vn -0.2911 0.6477 0.7041
vn -0.3665 0.6493 0.6664
vn -0.4764 -0.0128 0.8791
vn -0.4654 0.1890 0.8647
vn -0.5646 0.1900 0.8032
vn -0.5848 -0.0117 0.8111
vn -0.1842 0.8756 0.4465
vn -0.5319 0.3718 0.7608
vn -0.4986 0.5194 0.6940
vn -0.6223 0.5189 0.5861
vn -0.6633 0.3798 0.6448
vn -0.4085 0.7556 0.5121
vn -0.3560 0.3646 0.8604
vn -0.4409 0.3659 0.8196
vn -0.1790 0.9371 0.2998
vn 0.7947 0.5103 -0.3287
vn 0.7552 0.5120 -0.4093
vn 0.6664 0.6493 -0.3665
vn 0.7041 0.6477 -0.2911
vn -0.3287 0.5103 0.7947
vn -0.4093 0.5120 0.7552
vn -0.4559 0.6550 0.6026
vn -0.4727 -0.1667 0.8653
vn 0.0340 0.9993 -0.0182
vn 0.0321 0.9993 -0.0215
vn -0.0299 0.9980 0.0559
vn -0.0462 0.9953 0.0855
vn -0.2360 0.9322 0.2745
vn 0.1310 0.9851 -0.1118
vn 0.0753 0.9952 -0.0623
vn 0.2095 0.9569 -0.2010
vn 0.7373 -0.3708 -0.5647
vn 0.5888 -0.3709 -0.7182
vn 0.3707 0.8737 -0.3151
vn 0.3140 0.8634 -0.3949
vn 0.2842 0.8946 -0.3450
vn 0.3186 0.9056 -0.2800
vn 0.5017 0.6530 -0.5673
vn 0.5370 0.6413 -0.5480
vn 0.4935 0.7205 -0.4872
vn 0.4336 0.7388 -0.5159
vn 0.6404 0.3847 -0.6647
vn 0.5996 0.5038 -0.6219
vn 0.5861 0.5189 -0.6223
vn 0.8604 0.3646 -0.3560
vn 0.8196 0.3659 -0.4409
vn 0.6026 0.6550 -0.4559
vn 0.5121 0.7556 -0.4085
vn 0.0298 0.9993 -0.0245
vn -0.0182 0.9993 0.0340
vn 0.6940 0.5194 -0.4986
vn -0.4234 0.7957 -0.4330
vn -0.4984 0.7052 -0.5043
vn -0.5671 0.5827 -0.5821
vn -0.6318 0.4106 -0.6574
vn -0.6596 0.2989 -0.6896
vn -0.6766 0.2503 -0.6925
vn -0.7040 0.1357 -0.6971
vn 0.9073 0.1886 -0.3758
vn 0.8647 0.1890 -0.4654
vn 0.0357 0.9993 -0.0148
vn 0.9237 -0.0128 -0.3830
vn 0.8791 -0.0128 -0.4764
vn 0.2595 0.9228 -0.2846
vn -0.3510 0.8896 -0.2923
vn -0.3981 0.8590 -0.3221
vn -0.4512 0.8124 -0.3695
vn -0.5231 0.7320 -0.4365
vn -0.5990 0.6185 -0.5086
vn -0.6786 0.4655 -0.5681
vn -0.7360 0.3394 -0.5858
vn -0.7637 0.2247 -0.6052
vn -0.0245 0.9993 -0.0298
vn -0.7718 0.0509 -0.6339
vn -0.0403 0.9980 -0.0490
vn -0.7574 -0.1192 -0.6419
vn -0.0623 0.9952 -0.0753
vn -0.7374 -0.2051 -0.6436
vn -0.1118 0.9851 -0.1305
vn -0.7489 -0.3008 -0.5905
vn -0.2003 0.9578 -0.2063
vn -0.7151 -0.3587 -0.6000
vn -0.2855 0.9231 -0.2578
vn -0.3655 0.8269 -0.4274
vn -0.4153 0.7539 -0.5091
vn -0.4739 0.6440 -0.6006
vn -0.5305 0.5051 -0.6808
vn -0.5711 0.3651 -0.7352
vn -0.5942 0.2019 -0.7785
vn -0.0214 0.9993 -0.0321
vn -0.5967 0.0039 -0.8024
vn -0.0353 0.9980 -0.0527
vn -0.5848 -0.1584 -0.7955
vn -0.0546 0.9952 -0.0807
vn -0.5775 -0.2301 -0.7833
vn -0.0972 0.9856 -0.1384
vn -0.5738 -0.3063 -0.7596
vn -0.1651 0.9626 -0.2148
vn -0.5598 -0.3641 -0.7444
vn -0.2325 0.9323 -0.2769
vn -0.2853 0.9021 -0.3239
vn -0.3264 0.8703 -0.3688
vn -0.3711 0.6477 -0.6655
vn -0.4158 0.5101 -0.7529
vn -0.4481 0.3653 -0.8159
vn -0.4712 0.1904 -0.8612
vn -0.0182 0.9993 -0.0340
vn -0.4793 -0.0107 -0.8776
vn -0.0299 0.9980 -0.0559
vn -0.4729 -0.1654 -0.8654
vn -0.0461 0.9953 -0.0855
vn -0.4654 -0.2332 -0.8539
vn -0.0806 0.9860 -0.1463
vn -0.4285 -0.3278 -0.8420
vn -0.1300 0.9651 -0.2274
vn -0.4039 -0.4029 -0.8213
vn -0.1774 0.9370 -0.3009
vn -0.2148 0.9076 -0.3607
vn -0.2463 0.8749 -0.4170
vn -0.2801 0.8293 -0.4836
vn -0.3226 0.7565 -0.5690
vn -0.3582 0.3646 -0.8595
vn -0.3774 0.1887 -0.9066
vn -0.0148 0.9993 -0.0357
vn -0.3837 -0.0125 -0.9234
vn -0.0242 0.9980 -0.0586
vn -0.3777 -0.1665 -0.9108
vn -0.0371 0.9953 -0.0897
vn -0.3717 -0.2355 -0.8980
vn -0.0635 0.9861 -0.1538
vn -0.3574 -0.3458 -0.8676
vn -0.0989 0.9657 -0.2402
vn -0.3390 -0.4457 -0.8285
vn -0.1320 0.9381 -0.3201
vn -0.1598 0.9088 -0.3855
vn -0.1857 0.8756 -0.4460
vn -0.2149 0.8293 -0.5159
vn -0.2515 0.7562 -0.6041
vn -0.2929 0.6475 -0.7035
vn -0.3308 0.5101 -0.7940
vn -0.0112 0.9993 -0.0369
vn -0.0184 0.9980 -0.0607
vn -0.2862 -0.0129 -0.9581
vn -0.2787 -0.1670 -0.9458
vn -0.0278 0.9953 -0.0931
vn -0.2740 -0.2343 -0.9327
vn -0.0462 0.9859 -0.1608
vn -0.2897 -0.3305 -0.8982
vn -0.0678 0.9649 -0.2538
vn -0.2922 -0.4075 -0.8652
vn -0.0854 0.9371 -0.3385
vn -0.1029 0.9086 -0.4049
vn -0.1235 0.8757 -0.4668
vn -0.1476 0.8292 -0.5391
vn -0.1776 0.7569 -0.6290
vn -0.2127 0.6494 -0.7301
vn -0.2456 0.5122 -0.8230
vn -0.2691 0.3661 -0.8908
vn -0.2839 0.1891 -0.9400
vn -0.0185 0.9952 -0.0957
vn -0.0291 0.9855 -0.1671
vn -0.1422 -0.2324 -0.9622
vn -0.1223 -0.3112 -0.9424
vn -0.0334 0.9619 -0.2712
vn -0.1224 -0.3711 -0.9205
vn -0.0273 0.9322 -0.3610
vn -0.0273 0.9056 -0.4233
vn -0.0394 0.8737 -0.4848
vn -0.0546 0.8254 -0.5619
vn -0.0738 0.7560 -0.6504
vn -0.1052 0.6559 -0.7475
vn -0.1413 0.5208 -0.8419
vn -0.1672 0.3734 -0.9125
vn -0.1759 0.1908 -0.9657
vn -0.0075 0.9993 -0.0379
vn -0.1671 -0.0128 -0.9859
vn -0.0123 0.9980 -0.0622
vn -0.1517 -0.1664 -0.9743
vn -0.0060 0.9569 -0.2902
vn 0.0177 0.9229 -0.3847
vn 0.0430 0.8946 -0.4448
vn 0.0571 0.8634 -0.5012
vn 0.0586 0.8105 -0.5828
vn 0.0570 0.7403 -0.6698
vn 0.0417 0.6577 -0.7521
vn 0.0132 0.5272 -0.8497
vn -0.0086 0.3884 -0.9214
vn -0.0201 0.2123 -0.9770
vn -0.0038 0.9993 -0.0384
vn -0.0145 0.0052 -0.9999
vn -0.0062 0.9980 -0.0631
vn 0.0049 -0.1568 -0.9876
vn -0.0092 0.9952 -0.0973
vn 0.0298 -0.2365 -0.9712
vn -0.0136 0.9851 -0.1717
vn 0.1006 -0.3188 -0.9425
vn 0.0910 -0.3722 -0.9237
vn 0.0021 0.8862 -0.4634
vn 0.0115 0.8579 -0.5137
vn 0.0090 0.8028 -0.5961
vn 0.0043 0.7297 -0.6838
vn 0.0076 0.6489 -0.7608
vn 0.0123 0.5198 -0.8542
vn 0.0140 0.3932 -0.9193
vn 0.0089 0.2469 -0.9690
vn -0.0000 0.9993 -0.0386
vn -0.0035 0.0411 -0.9991
vn -0.0000 0.9980 -0.0634
vn -0.0134 -0.1375 -0.9904
vn -0.0000 0.9952 -0.0979
vn -0.0149 -0.2394 -0.9708
vn -0.0004 0.9849 -0.1733
vn -0.0120 -0.3029 -0.9529
vn -0.0028 0.9545 -0.2982
vn -0.0145 -0.3916 -0.9200
vn -0.0047 0.9182 -0.3960
vn -0.0566 0.8144 -0.5776
vn -0.0552 0.7415 -0.6687
vn -0.0386 0.6501 -0.7588
vn -0.0099 0.5188 -0.8548
vn 0.0118 0.3849 -0.9229
vn 0.0223 0.2177 -0.9758
vn 0.0038 0.9993 -0.0384
vn 0.0141 0.0089 -0.9999
vn 0.0062 0.9980 -0.0631
vn -0.0087 -0.1639 -0.9864
vn 0.0092 0.9952 -0.0973
vn -0.0353 -0.2452 -0.9688
vn 0.0132 0.9851 -0.1713
vn -0.1047 -0.3190 -0.9419
vn 0.0043 0.9578 -0.2875
vn -0.0788 -0.3651 -0.9276
vn -0.0196 0.9231 -0.3841
vn -0.0415 0.8897 -0.4546
vn -0.0535 0.8594 -0.5085
vn 0.1001 0.6515 -0.7520
vn 0.1307 0.5164 -0.8463
vn 0.1544 0.3724 -0.9152
vn 0.1705 0.1967 -0.9655
vn 0.0075 0.9993 -0.0378
vn 0.1742 -0.0078 -0.9847
vn 0.0123 0.9980 -0.0622
vn 0.1645 -0.1678 -0.9720
vn 0.0185 0.9952 -0.0957
vn 0.1524 -0.2363 -0.9596
vn 0.0292 0.9856 -0.1666
vn 0.1337 -0.3091 -0.9416
vn 0.0352 0.9626 -0.2686
vn 0.1316 -0.3655 -0.9214
vn 0.0314 0.9324 -0.3602
vn 0.0274 0.9021 -0.4306
vn 0.0302 0.8706 -0.4911
vn 0.0446 0.8277 -0.5594
vn 0.0696 0.7568 -0.6499
vn 0.2663 0.3660 -0.8917
vn 0.2823 0.1897 -0.9404
vn 0.0112 0.9993 -0.0369
vn 0.2868 -0.0123 -0.9579
vn 0.0184 0.9980 -0.0607
vn 0.2807 -0.1670 -0.9452
vn 0.0279 0.9953 -0.0931
vn 0.2764 -0.2344 -0.9320
vn 0.0465 0.9860 -0.1604
vn 0.2932 -0.3285 -0.8978
vn 0.0689 0.9651 -0.2527
vn 0.2956 -0.4034 -0.8660
vn 0.0874 0.9370 -0.3381
vn 0.1032 0.9077 -0.4068
vn 0.1209 0.8750 -0.4688
vn 0.1443 0.8296 -0.5395
vn 0.1753 0.7571 -0.6293
vn 0.2106 0.6489 -0.7312
vn 0.2429 0.5116 -0.8242
vn 0.3830 -0.0128 -0.9237
vn 0.3780 -0.1668 -0.9107
vn 0.0243 0.9980 -0.0586
vn 0.0372 0.9953 -0.0897
vn 0.3727 -0.2357 -0.8975
vn 0.0638 0.9861 -0.1536
vn 0.3612 -0.3459 -0.8660
vn 0.0999 0.9657 -0.2398
vn 0.3463 -0.4458 -0.8254
vn 0.1330 0.9381 -0.3197
vn 0.1596 0.9088 -0.3856
vn 0.1842 0.8756 -0.4465
vn 0.2131 0.8293 -0.5165
vn 0.2498 0.7563 -0.6046
vn 0.2911 0.6477 -0.7041
vn 0.3287 0.5103 -0.7947
vn 0.3560 0.3646 -0.8604
vn 0.3758 0.1886 -0.9073
vn 0.0148 0.9993 -0.0357
vn 0.4664 -0.2341 -0.8530
vn 0.4306 -0.3304 -0.8399
vn 0.0810 0.9859 -0.1463
vn 0.1316 0.9649 -0.2274
vn 0.4054 -0.4075 -0.8183
vn 0.1790 0.9371 -0.2998
vn 0.2136 0.9086 -0.3590
vn 0.2428 0.8757 -0.4174
vn 0.2770 0.8292 -0.4855
vn 0.3195 0.7568 -0.5702
vn 0.3665 0.6493 -0.6664
vn 0.4093 0.5120 -0.7552
vn 0.4409 0.3659 -0.8196
vn 0.4654 0.1890 -0.8647
vn 0.0182 0.9993 -0.0340
vn 0.4764 -0.0128 -0.8791
vn 0.0299 0.9980 -0.0559
vn 0.4727 -0.1667 -0.8653
vn 0.0462 0.9953 -0.0855
vn 0.2360 0.9322 -0.2745
vn 0.2800 0.9056 -0.3186
vn 0.3151 0.8737 -0.3707
vn 0.3590 0.8253 -0.4359
vn 0.4085 0.7556 -0.5121
vn 0.4559 0.6550 -0.6026
vn 0.4986 0.5194 -0.6940
vn 0.5319 0.3718 -0.7608
vn 0.5646 0.1900 -0.8032
vn 0.0215 0.9993 -0.0321
vn 0.5848 -0.0117 -0.8111
vn 0.0353 0.9980 -0.0527
vn 0.5858 -0.1640 -0.7937
vn 0.0546 0.9952 -0.0808
vn 0.5818 -0.2305 -0.7800
vn 0.0976 0.9855 -0.1387
vn 0.5806 -0.3104 -0.7527
vn 0.1681 0.9619 -0.2154
vn 0.5647 -0.3708 -0.7373
vn 0.3949 0.8634 -0.3140
vn 0.4540 0.8102 -0.3708
vn 0.5159 0.7388 -0.4336
vn 0.5673 0.6530 -0.5017
vn 0.6223 0.5189 -0.5861
vn 0.6633 0.3798 -0.6448
vn 0.6953 0.2102 -0.6873
vn 0.0245 0.9993 -0.0298
vn 0.7122 0.0112 -0.7019
vn 0.0403 0.9980 -0.0490
vn 0.7125 -0.1474 -0.6860
vn 0.0623 0.9952 -0.0753
vn 0.7133 -0.2276 -0.6629
vn 0.1118 0.9851 -0.1310
vn 0.7394 -0.3149 -0.5951
vn 0.2010 0.9569 -0.2095
vn 0.7182 -0.3709 -0.5888
vn 0.2846 0.9228 -0.2595
vn 0.3450 0.8946 -0.2842
vn 0.4876 0.7209 -0.4925
vn 0.5480 0.6409 -0.5376
vn 0.6226 0.5027 -0.5997
vn 0.6653 0.3821 -0.6414
vn 0.6868 0.2378 -0.6868
vn 0.0273 0.9993 -0.0273
vn 0.7064 0.0445 -0.7064
vn 0.0449 0.9980 -0.0449
vn 0.7017 -0.1235 -0.7017
vn 0.0692 0.9952 -0.0692
vn 0.6896 -0.2211 -0.6896
vn 0.1227 0.9848 -0.1227
vn 0.6761 -0.2927 -0.6761
vn 0.2116 0.9542 -0.2116
vn 0.6502 -0.3931 -0.6502
vn 0.2800 0.9183 -0.2800
vn 0.3247 0.8883 -0.3247
vn 0.3619 0.8591 -0.3619
vn 0.4245 0.7997 -0.4245
vn -0.4540 0.8102 0.3708
vn -0.5159 0.7388 0.4336
vn 0.6521 0.3862 -0.6525
vn -0.0215 0.9993 0.0321
vn -0.0353 0.9980 0.0527
vn -0.5673 0.6530 0.5017
vn -0.5858 -0.1640 0.7937
vn -0.0546 0.9952 0.0808
vn -0.5818 -0.2305 0.7800
vn -0.7125 -0.1474 0.6860
vn -0.7133 -0.2276 0.6629
vn -0.0976 0.9855 0.1387
vn -0.0623 0.9952 0.0753
vn -0.1118 0.9851 0.1310
vn -0.5806 -0.3104 0.7527
vn -0.1681 0.9619 0.2154
vn -0.5647 -0.3708 0.7373
vn -0.3949 0.8634 0.3140
vn -0.7122 0.0112 0.7019
vn -0.2010 0.9569 0.2095
vn -0.0245 0.9993 0.0298
vn -0.7394 -0.3149 0.5951
vn -0.7182 -0.3709 0.5888
vn -0.0403 0.9980 0.0490
vn -0.2846 0.9228 0.2595
vn -0.3450 0.8946 0.2842
vn -0.6953 0.2102 0.6873
vn -0.4876 0.7209 0.4925
vn -0.5480 0.6409 0.5376
vn -0.6226 0.5027 0.5997
vn -0.6648 0.3825 0.6417
vn 0.6898 0.2998 0.6590
vn 0.6576 0.4107 0.6316
vn 0.6916 0.2506 0.6774
vn 0.6972 0.1360 0.7039
vn 0.4323 0.7967 0.4224
vn 0.5033 0.7052 0.4994
vn 0.5813 0.5817 0.5690
vn 0.6000 -0.3587 0.7151
vn 0.5905 -0.3008 0.7489
vn 0.5086 0.6185 0.5990
vn 0.4365 0.7320 0.5231
vn 0.2578 0.9231 0.2855
vn 0.2063 0.9578 0.2003
vn 0.5681 0.4655 0.6786
vn 0.5858 0.3394 0.7360
vn 0.6052 0.2247 0.7637
vn 0.0298 0.9993 0.0245
vn 0.6339 0.0509 0.7718
vn 0.0490 0.9980 0.0403
vn 0.6419 -0.1192 0.7574
vn 0.0753 0.9952 0.0623
vn 0.6436 -0.2051 0.7374
vn 0.1305 0.9851 0.1118
vn 0.3221 0.8590 0.3981
vn 0.2923 0.8896 0.3510
vn 0.3695 0.8124 0.4512
vn 0.0321 0.9993 0.0214
vn 0.8024 0.0039 0.5967
vn 0.7785 0.2019 0.5942
vn 0.0527 0.9980 0.0353
vn 0.7955 -0.1584 0.5848
vn 0.0807 0.9952 0.0546
vn 0.7833 -0.2301 0.5775
vn 0.1384 0.9856 0.0972
vn 0.7596 -0.3063 0.5738
vn 0.2148 0.9626 0.1651
vn 0.5091 0.7539 0.4153
vn 0.4274 0.8269 0.3655
vn 0.7444 -0.3641 0.5598
vn 0.6006 0.6440 0.4739
vn 0.2769 0.9323 0.2325
vn 0.6808 0.5051 0.5305
vn 0.3239 0.9021 0.2853
vn 0.7352 0.3651 0.5711
vn 0.3688 0.8703 0.3264
vn 0.0855 0.9953 0.0461
vn 0.0559 0.9980 0.0299
vn 0.8539 -0.2332 0.4654
vn 0.8654 -0.1654 0.4729
vn 0.1463 0.9860 0.0806
vn 0.8420 -0.3278 0.4285
vn 0.2274 0.9651 0.1300
vn 0.8213 -0.4029 0.4039
vn 0.3009 0.9370 0.1774
vn 0.7529 0.5101 0.4158
vn 0.6655 0.6477 0.3711
vn 0.3607 0.9076 0.2148
vn 0.8159 0.3653 0.4481
vn 0.4170 0.8749 0.2463
vn 0.8612 0.1904 0.4712
vn 0.4836 0.8293 0.2801
vn 0.0340 0.9993 0.0182
vn 0.5690 0.7565 0.3226
vn 0.8776 -0.0107 0.4793
vn 0.2402 0.9657 0.0989
vn 0.1538 0.9861 0.0635
vn 0.8285 -0.4457 0.3390
vn 0.8676 -0.3458 0.3574
vn 0.3201 0.9381 0.1320
vn 0.3855 0.9088 0.1598
vn 0.4460 0.8756 0.1857
vn 0.9066 0.1887 0.3774
vn 0.8595 0.3646 0.3582
vn 0.5159 0.8293 0.2149
vn 0.0356 0.9993 0.0148
vn 0.6041 0.7562 0.2515
vn 0.9234 -0.0125 0.3837
vn 0.7035 0.6475 0.2929
vn 0.0586 0.9980 0.0243
vn 0.7940 0.5101 0.3308
vn 0.9108 -0.1665 0.3777
vn 0.0897 0.9953 0.0371
vn 0.8980 -0.2355 0.3717
vn 0.5391 0.8292 0.1476
vn 0.4668 0.8757 0.1235
vn 0.6290 0.7569 0.1776
vn 0.7301 0.6494 0.2127
vn 0.0607 0.9980 0.0184
vn 0.0369 0.9993 0.0112
vn 0.8230 0.5122 0.2456
vn 0.9458 -0.1670 0.2787
vn 0.9581 -0.0129 0.2862
vn 0.8908 0.3661 0.2691
vn 0.0931 0.9953 0.0278
vn 0.9400 0.1891 0.2839
vn 0.9327 -0.2343 0.2740
vn 0.1608 0.9859 0.0462
vn 0.8982 -0.3305 0.2897
vn 0.2538 0.9649 0.0678
vn 0.8652 -0.4075 0.2922
vn 0.3385 0.9371 0.0854
vn 0.4049 0.9086 0.1029
vn 0.0379 0.9993 0.0075
vn 0.1671 0.9855 0.0291
vn 0.0957 0.9952 0.0185
vn 0.9859 -0.0128 0.1671
vn 0.9657 0.1908 0.1759
vn 0.9424 -0.3112 0.1223
vn 0.9622 -0.2324 0.1422
vn 0.0622 0.9980 0.0123
vn 0.2712 0.9619 0.0334
vn 0.9743 -0.1664 0.1517
vn 0.9205 -0.3711 0.1224
vn 0.3610 0.9322 0.0273
vn 0.4233 0.9056 0.0273
vn 0.4848 0.8737 0.0394
vn 0.5619 0.8254 0.0546
vn 0.6504 0.7560 0.0738
vn 0.7475 0.6559 0.1052
vn 0.8419 0.5208 0.1413
vn 0.9125 0.3734 0.1672
vn 0.1717 0.9851 0.0136
vn 0.0973 0.9952 0.0092
vn 0.5012 0.8634 -0.0571
vn 0.4448 0.8946 -0.0430
vn 0.9425 -0.3188 -0.1006
vn 0.9712 -0.2365 -0.0298
vn 0.5828 0.8105 -0.0586
vn 0.2902 0.9569 0.0060
vn 0.6698 0.7403 -0.0570
vn 0.7521 0.6577 -0.0417
vn 0.8497 0.5272 -0.0132
vn 0.9214 0.3884 0.0086
vn 0.9770 0.2123 0.0201
vn 0.0384 0.9993 0.0038
vn 0.9999 0.0052 0.0145
vn 0.0631 0.9980 0.0062
vn 0.9876 -0.1568 -0.0049
vn 0.3847 0.9229 -0.0177
vn 0.3960 0.9182 0.0047
vn 0.2982 0.9545 0.0028
vn 0.8542 0.5198 -0.0123
vn 0.7608 0.6489 -0.0076
vn 0.9193 0.3932 -0.0140
vn 0.9690 0.2469 -0.0089
vn 0.0386 0.9993 0.0000
vn 0.9991 0.0411 0.0035
vn 0.0634 0.9980 0.0000
vn 0.9904 -0.1375 0.0134
vn 0.0979 0.9952 0.0000
vn 0.9708 -0.2394 0.0149
vn 0.9237 -0.3722 -0.0910
vn 0.1733 0.9849 0.0004
vn 0.5137 0.8579 -0.0115
vn 0.4634 0.8862 -0.0021
vn 0.9529 -0.3029 0.0120
vn 0.5961 0.8028 -0.0090
vn 0.6838 0.7297 -0.0043
vn 0.9200 -0.3916 0.0145
vn 0.9999 0.0089 -0.0141
vn 0.9758 0.2177 -0.0223
vn 0.0631 0.9980 -0.0062
vn 0.0384 0.9993 -0.0038
vn 0.9864 -0.1638 0.0087
vn 0.0973 0.9952 -0.0092
vn 0.9688 -0.2452 0.0353
vn 0.1713 0.9851 -0.0132
vn 0.9419 -0.3190 0.1047
vn 0.2875 0.9578 -0.0043
vn 0.6687 0.7415 0.0552
vn 0.5776 0.8144 0.0566
vn 0.9276 -0.3651 0.0788
vn 0.7588 0.6501 0.0386
vn 0.3841 0.9231 0.0196
vn 0.8548 0.5188 0.0099
vn 0.4546 0.8897 0.0415
vn 0.9229 0.3849 -0.0118
vn 0.5085 0.8594 0.0535
vn 0.9596 -0.2363 -0.1524
vn 0.9720 -0.1678 -0.1645
vn 0.1666 0.9856 -0.0292
vn 0.0957 0.9952 -0.0185
vn 0.9416 -0.3091 -0.1337
vn 0.2686 0.9626 -0.0352
vn 0.9214 -0.3655 -0.1316
vn 0.3602 0.9324 -0.0314
vn 0.8463 0.5164 -0.1307
vn 0.7520 0.6515 -0.1001
vn 0.4306 0.9021 -0.0274
vn 0.9152 0.3724 -0.1544
vn 0.4911 0.8706 -0.0302
vn 0.9655 0.1967 -0.1705
vn 0.5594 0.8277 -0.0446
vn 0.0378 0.9993 -0.0075
vn 0.6499 0.7568 -0.0696
vn 0.9847 -0.0078 -0.1742
vn 0.0622 0.9980 -0.0123
vn 0.8660 -0.4034 -0.2956
vn 0.8978 -0.3285 -0.2932
vn 0.3381 0.9370 -0.0874
vn 0.2527 0.9651 -0.0689
vn 0.4068 0.9077 -0.1032
vn 0.4688 0.8750 -0.1209
vn 0.9404 0.1897 -0.2823
vn 0.8917 0.3660 -0.2663
vn 0.5395 0.8296 -0.1443
vn 0.0369 0.9993 -0.0112
vn 0.6293 0.7571 -0.1753
vn 0.9579 -0.0123 -0.2868
vn 0.7312 0.6489 -0.2106
vn 0.0607 0.9980 -0.0184
vn 0.8242 0.5116 -0.2429
vn 0.9452 -0.1670 -0.2807
vn 0.0931 0.9953 -0.0279
vn 0.9320 -0.2344 -0.2764
vn 0.1604 0.9860 -0.0465
vn 0.9107 -0.1668 -0.3780
vn 0.0897 0.9953 -0.0372
vn 0.0586 0.9980 -0.0243
vn 0.1536 0.9861 -0.0638
vn 0.8660 -0.3459 -0.3612
vn 0.8975 -0.2357 -0.3727
vn 0.2398 0.9657 -0.0999
vn 0.8254 -0.4458 -0.3463
vn 0.3197 0.9381 -0.1330
vn 0.3856 0.9088 -0.1596
vn 0.4465 0.8756 -0.1842
vn 0.5165 0.8293 -0.2131
vn 0.6046 0.7563 -0.2498
vn 0.8183 -0.4075 -0.4054
vn 0.8399 -0.3304 -0.4306
vn 0.3590 0.9086 -0.2136
vn 0.8530 -0.2341 -0.4664
vn 0.4174 0.8757 -0.2428
vn 0.4855 0.8292 -0.2770
vn 0.5702 0.7568 -0.3195
vn 0.0490 0.9980 -0.0403
vn 0.3708 0.8102 -0.4540
vn 0.4359 0.8253 -0.3590
vn 0.8653 -0.1667 -0.4727
vn 0.4932 0.7178 -0.4914
vn 0.5373 0.6497 -0.5378
vn 0.6110 0.5039 -0.6106
vn -0.5373 0.6497 0.5378
vn -0.4932 0.7178 0.4914
vn -0.6519 0.3866 0.6524
vn -0.6110 0.5039 0.6106
usemtl Glass
s 1
f 2814/1941/779 2840/1942/780 2839/1943/781 2813/1944/782
f 2823/1945/783 2842/1946/784 2841/1947/785 2822/1948/786
f 2859/1949/787 2878/1950/788 2877/1951/789 2858/1952/790
f 2861/1953/791 2880/1954/792 2879/1955/793 2860/1956/794
f 2816/1957/795 1640/1958/796 1639/1959/797 2815/1960/798
f 2862/1961/799 2881/1962/800 2880/1954/792 2861/1953/791
f 2817/1963/801 1641/1964/802 1640/1958/796 2816/1957/795
f 2858/1952/790 2877/1951/789 2876/1965/803 2857/1966/804
f 2818/1967/805 1642/1968/806 1641/1964/802 2817/1963/801
f 1640/1958/796 1655/1969/807 1654/1970/808 1639/1959/797
f 2819/1971/809 1643/1972/810 1642/1968/806 2818/1967/805
f 1641/1964/802 1656/1973/811 1655/1969/807 1640/1958/796
f 2820/1974/812 1644/1975/813 1643/1972/810 2819/1971/809
f 1642/1968/806 1657/1976/814 1656/1973/811 1641/1964/802
f 2821/1977/815 1645/1978/816 1644/1975/813 2820/1974/812
f 2226/1979/817 1645/1978/816 2821/1977/815
f 2218/1980/818 1653/1981/819 1652/1982/820 2217/1983/821
f 1639/1959/797 1654/1970/808 1653/1981/819 2218/1980/818
f 2813/1944/782 2839/1943/781 2838/1984/822 2812/1985/823
f 2226/1979/817 1661/1986/824 1660/1987/825 1645/1978/816
f 2213/1988/826 1648/1989/827 1647/1990/828 2212/1991/829
f 2227/1992/830 1662/1993/831 1661/1986/824 2226/1979/817
f 2214/1994/832 1649/1995/833 1648/1989/827 2213/1988/826
f 2228/1996/834 1663/1997/835 1662/1993/831 2227/1992/830
f 2215/1998/836 1650/1999/837 1649/1995/833 2214/1994/832
f 2229/2000/838 1664/2001/839 1663/1997/835 2228/1996/834
f 2216/2002/840 1651/2003/841 1650/1999/837 2215/1998/836
f 2217/1983/821 1652/1982/820 1651/2003/841 2216/2002/840
f 1643/1972/810 1658/2004/842 1657/1976/814 1642/1968/806
f 1655/1969/807 1674/2005/843 1673/2006/844 1654/1970/808
f 1644/1975/813 1659/2007/845 1658/2004/842 1643/1972/810
f 1656/1973/811 1675/2008/846 1674/2005/843 1655/1969/807
f 2211/2009/847 1646/2010/848 2249/2011/849
f 1657/1976/814 1676/2012/850 1675/2008/846 1656/1973/811
f 1645/1978/816 1660/1987/825 1659/2007/845 1644/1975/813
f 1658/2004/842 1677/2013/851 1676/2012/850 1657/1976/814
f 2212/1991/829 1647/1990/828 1646/2010/848 2211/2009/847
f 1659/2007/845 1678/2014/852 1677/2013/851 1658/2004/842
f 1663/1997/835 1682/2015/853 1681/2016/854 1662/1993/831
f 1650/1999/837 1669/2017/855 1668/2018/856 1649/1995/833
f 1664/2001/839 1683/2019/857 1682/2015/853 1663/1997/835
f 1651/2003/841 1670/2020/858 1669/2017/855 1650/1999/837
f 1652/1982/820 1671/2021/859 1670/2020/858 1651/2003/841
f 1653/1981/819 1672/2022/860 1671/2021/859 1652/1982/820
f 1654/1970/808 1673/2006/844 1672/2022/860 1653/1981/819
f 1646/2010/848 1665/2023/861 2249/2011/849
f 1676/2012/850 1695/2024/862 1694/2025/863 1675/2008/846
f 1660/1987/825 1679/2026/864 1678/2014/852 1659/2007/845
f 1677/2013/851 1696/2027/865 1695/2024/862 1676/2012/850
f 1647/1990/828 1666/2028/866 1665/2023/861 1646/2010/848
f 1678/2014/852 1697/2029/867 1696/2027/865 1677/2013/851
f 1661/1986/824 1680/2030/868 1679/2026/864 1660/1987/825
f 1665/2023/861 1684/2031/869 2249/2011/849
f 1648/1989/827 1667/2032/870 1666/2028/866 1647/1990/828
f 1679/2026/864 1698/2033/871 1697/2029/867 1678/2014/852
f 1662/1993/831 1681/2016/854 1680/2030/868 1661/1986/824
f 1649/1995/833 1668/2018/856 1667/2032/870 1648/1989/827
f 1671/2021/859 1690/2034/872 1689/2035/873 1670/2020/858
f 1672/2022/860 1691/2036/874 1690/2034/872 1671/2021/859
f 1673/2006/844 1692/2037/875 1691/2036/874 1672/2022/860
f 1674/2005/843 1693/2038/876 1692/2037/875 1673/2006/844
f 1675/2008/846 1694/2025/863 1693/2038/876 1674/2005/843
f 1666/2028/866 1685/2039/877 1684/2031/869 1665/2023/861
f 1697/2029/867 1716/2040/878 1715/2041/879 1696/2027/865
f 1680/2030/868 1699/2042/880 1698/2033/871 1679/2026/864
f 1684/2031/869 1703/2043/881 2249/2011/849
f 1667/2032/870 1686/2044/882 1685/2039/877 1666/2028/866
f 1698/2033/871 1717/2045/883 1716/2040/878 1697/2029/867
f 1681/2016/854 1700/2046/884 1699/2042/880 1680/2030/868
f 1685/2039/877 1704/2047/885 1703/2043/881 1684/2031/869
f 1668/2018/856 1687/2048/886 1686/2044/882 1667/2032/870
f 1699/2042/880 1718/2049/887 1717/2045/883 1698/2033/871
f 1682/2015/853 1701/2050/888 1700/2046/884 1681/2016/854
f 1669/2017/855 1688/2051/889 1687/2048/886 1668/2018/856
f 1683/2019/857 1702/2052/890 1701/2050/888 1682/2015/853
f 1670/2020/858 1689/2035/873 1688/2051/889 1669/2017/855
f 1694/2025/863 1713/2053/891 1712/2054/892 1693/2038/876
f 1695/2024/862 1714/2055/893 1713/2053/891 1694/2025/863
f 1696/2027/865 1715/2041/879 1714/2055/893 1695/2024/862
f 1686/2044/882 1705/2056/894 1704/2047/885 1685/2039/877
f 1704/2047/885 1723/2057/895 1722/2058/896 1703/2043/881
f 1700/2046/884 1719/2059/897 1718/2049/887 1699/2042/880
f 1718/2049/887 1737/2060/898 1736/2061/899 1717/2045/883
f 1687/2048/886 1706/2062/900 1705/2056/894 1686/2044/882
f 1705/2056/894 1724/2063/901 1723/2057/895 1704/2047/885
f 1701/2050/888 1720/2064/902 1719/2059/897 1700/2046/884
f 1719/2059/897 1738/2065/903 1737/2060/898 1718/2049/887
f 1688/2051/889 1707/2066/904 1706/2062/900 1687/2048/886
f 1706/2062/900 1725/2067/905 1724/2063/901 1705/2056/894
f 1702/2052/890 1721/2068/906 1720/2064/902 1701/2050/888
f 1689/2035/873 1708/2069/907 1707/2066/904 1688/2051/889
f 1690/2034/872 1709/2070/908 1708/2069/907 1689/2035/873
f 1691/2036/874 1710/2071/909 1709/2070/908 1690/2034/872
f 1692/2037/875 1711/2072/910 1710/2071/909 1691/2036/874
f 1693/2038/876 1712/2054/892 1711/2072/910 1692/2037/875
f 1717/2045/883 1736/2061/899 1735/2073/911 1716/2040/878
f 1720/2064/902 1739/2074/912 1738/2065/903 1719/2059/897
f 1725/2067/905 1744/2075/913 1743/2076/914 1724/2063/901
f 1707/2066/904 1726/2077/915 1725/2067/905 1706/2062/900
f 1739/2074/912 1758/2078/916 1757/2079/917 1738/2065/903
f 1721/2068/906 1740/2080/918 1739/2074/912 1720/2064/902
f 1726/2077/915 1745/2081/919 1744/2075/913 1725/2067/905
f 1708/2069/907 1727/2082/920 1726/2077/915 1707/2066/904
f 1740/2080/918 1759/2083/921 1758/2078/916 1739/2074/912
f 1709/2070/908 1728/2084/922 1727/2082/920 1708/2069/907
f 1727/2082/920 1746/2085/923 1745/2081/919 1726/2077/915
f 1710/2071/909 1729/2086/924 1728/2084/922 1709/2070/908
f 1711/2072/910 1730/2087/925 1729/2086/924 1710/2071/909
f 1712/2054/892 1731/2088/926 1730/2087/925 1711/2072/910
f 1713/2053/891 1732/2089/927 1731/2088/926 1712/2054/892
f 1714/2055/893 1733/2090/928 1732/2089/927 1713/2053/891
f 1715/2041/879 1734/2091/929 1733/2090/928 1714/2055/893
f 1716/2040/878 1735/2073/911 1734/2091/929 1715/2041/879
f 1703/2043/881 1722/2058/896 2249/2011/849
f 1747/2092/930 1766/2093/931 1765/2094/932 1746/2085/923
f 1730/2087/925 1749/2095/933 1748/2096/934 1729/2086/924
f 1748/2096/934 1767/2097/935 1766/2093/931 1747/2092/930
f 1731/2088/926 1750/2098/936 1749/2095/933 1730/2087/925
f 1749/2095/933 1768/2099/937 1767/2097/935 1748/2096/934
f 1732/2089/927 1751/2100/938 1750/2098/936 1731/2088/926
f 1750/2098/936 1769/2101/939 1768/2099/937 1749/2095/933
f 1733/2090/928 1752/2102/940 1751/2100/938 1732/2089/927
f 1734/2091/929 1753/2103/941 1752/2102/940 1733/2090/928
f 1735/2073/911 1754/2104/942 1753/2103/941 1734/2091/929
f 1722/2058/896 1741/2105/943 2249/2011/849
f 1736/2061/899 1755/2106/944 1754/2104/942 1735/2073/911
f 1723/2057/895 1742/2107/945 1741/2105/943 1722/2058/896
f 1737/2060/898 1756/2108/946 1755/2106/944 1736/2061/899
f 1724/2063/901 1743/2076/914 1742/2107/945 1723/2057/895
f 1738/2065/903 1757/2079/917 1756/2108/946 1737/2060/898
f 1728/2084/922 1747/2092/930 1746/2085/923 1727/2082/920
f 1746/2085/923 1765/2094/932 1764/2109/947 1745/2081/919
f 1729/2086/924 1748/2096/934 1747/2092/930 1728/2084/922
f 1770/2110/948 1789/2111/949 1788/2112/950 1769/2101/939
f 1741/2105/943 1760/2113/951 2249/2011/849
f 1771/2114/952 1790/2115/953 1789/2111/949 1770/2110/948
f 1755/2106/944 1774/2116/954 1773/2117/955 1754/2104/942
f 1742/2107/945 1761/2118/956 1760/2113/951 1741/2105/943
f 1756/2108/946 1775/2119/957 1774/2116/954 1755/2106/944
f 1743/2076/914 1762/2120/958 1761/2118/956 1742/2107/945
f 1757/2079/917 1776/2121/959 1775/2119/957 1756/2108/946
f 1744/2075/913 1763/2122/960 1762/2120/958 1743/2076/914
f 1758/2078/916 1777/2123/961 1776/2121/959 1757/2079/917
f 1745/2081/919 1764/2109/947 1763/2122/960 1744/2075/913
f 1759/2083/921 1778/2124/962 1777/2123/961 1758/2078/916
f 1751/2100/938 1770/2110/948 1769/2101/939 1750/2098/936
f 1767/2097/935 1786/2125/963 1785/2126/964 1766/2093/931
f 1752/2102/940 1771/2114/952 1770/2110/948 1751/2100/938
f 1768/2099/937 1787/2127/965 1786/2125/963 1767/2097/935
f 1753/2103/941 1772/2128/966 1771/2114/952 1752/2102/940
f 1769/2101/939 1788/2112/950 1787/2127/965 1768/2099/937
f 1754/2104/942 1773/2117/955 1772/2128/966 1753/2103/941
f 1762/2120/958 1781/2129/967 1780/2130/968 1761/2118/956
f 1776/2121/959 1795/2131/969 1794/2132/970 1775/2119/957
f 1763/2122/960 1782/2133/971 1781/2129/967 1762/2120/958
f 1777/2123/961 1796/2134/972 1795/2131/969 1776/2121/959
f 1764/2109/947 1783/2135/973 1782/2133/971 1763/2122/960
f 1778/2124/962 1797/2136/974 1796/2134/972 1777/2123/961
f 1765/2094/932 1784/2137/975 1783/2135/973 1764/2109/947
f 1766/2093/931 1785/2126/964 1784/2137/975 1765/2094/932
f 1772/2128/966 1791/2138/976 1790/2115/953 1771/2114/952
f 1788/2112/950 1807/2139/977 1806/2140/978 1787/2127/965
f 1773/2117/955 1792/2141/979 1791/2138/976 1772/2128/966
f 1789/2111/949 1808/2142/980 1807/2139/977 1788/2112/950
f 1760/2113/951 1779/2143/981 2249/2011/849
f 1790/2115/953 1809/2144/982 1808/2142/980 1789/2111/949
f 1774/2116/954 1793/2145/983 1792/2141/979 1773/2117/955
f 1791/2138/976 1810/2146/984 1809/2144/982 1790/2115/953
f 1761/2118/956 1780/2130/968 1779/2143/981 1760/2113/951
f 1792/2141/979 1811/2147/985 1810/2146/984 1791/2138/976
f 1775/2119/957 1794/2132/970 1793/2145/983 1774/2116/954
f 1783/2135/973 1802/2148/986 1801/2149/987 1782/2133/971
f 1797/2136/974 1816/2150/988 1815/2151/989 1796/2134/972
f 1784/2137/975 1803/2152/990 1802/2148/986 1783/2135/973
f 1785/2126/964 1804/2153/991 1803/2152/990 1784/2137/975
f 1786/2125/963 1805/2154/992 1804/2153/991 1785/2126/964
f 1787/2127/965 1806/2140/978 1805/2154/992 1786/2125/963
f 1779/2143/981 1798/2155/993 2249/2011/849
f 1809/2144/982 1828/2156/994 1827/2157/995 1808/2142/980
f 1793/2145/983 1812/2158/996 1811/2147/985 1792/2141/979
f 1810/2146/984 1829/2159/997 1828/2156/994 1809/2144/982
f 1780/2130/968 1799/2160/998 1798/2155/993 1779/2143/981
f 1811/2147/985 1830/2161/999 1829/2159/997 1810/2146/984
f 1794/2132/970 1813/2162/1000 1812/2158/996 1793/2145/983
f 1798/2155/993 1817/2163/1001 2249/2011/849
f 1781/2129/967 1800/2164/1002 1799/2160/998 1780/2130/968
f 1812/2158/996 1831/2165/1003 1830/2161/999 1811/2147/985
f 1795/2131/969 1814/2166/1004 1813/2162/1000 1794/2132/970
f 1782/2133/971 1801/2149/987 1800/2164/1002 1781/2129/967
f 1796/2134/972 1815/2151/989 1814/2166/1004 1795/2131/969
f 1805/2154/992 1824/2167/1005 1823/2168/1006 1804/2153/991
f 1806/2140/978 1825/2169/1007 1824/2167/1005 1805/2154/992
f 1807/2139/977 1826/2170/1008 1825/2169/1007 1806/2140/978
f 1808/2142/980 1827/2157/995 1826/2170/1008 1807/2139/977
f 1799/2160/998 1818/2171/1009 1817/2163/1001 1798/2155/993
f 1830/2161/999 1849/2172/1010 1848/2173/1011 1829/2159/997
f 1813/2162/1000 1832/2174/1012 1831/2165/1003 1812/2158/996
f 1817/2163/1001 1836/2175/1013 2249/2011/849
f 1800/2164/1002 1819/2176/1014 1818/2171/1009 1799/2160/998
f 1831/2165/1003 1850/2177/1015 1849/2172/1010 1830/2161/999
f 1814/2166/1004 1833/2178/1016 1832/2174/1012 1813/2162/1000
f 1818/2171/1009 1837/2179/1017 1836/2175/1013 1817/2163/1001
f 1801/2149/987 1820/2180/1018 1819/2176/1014 1800/2164/1002
f 1832/2174/1012 1851/2181/1019 1850/2177/1015 1831/2165/1003
f 1815/2151/989 1834/2182/1020 1833/2178/1016 1814/2166/1004
f 1802/2148/986 1821/2183/1021 1820/2180/1018 1801/2149/987
f 1816/2150/988 1835/2184/1022 1834/2182/1020 1815/2151/989
f 1803/2152/990 1822/2185/1023 1821/2183/1021 1802/2148/986
f 1804/2153/991 1823/2168/1006 1822/2185/1023 1803/2152/990
f 1828/2156/994 1847/2186/1024 1846/2187/1025 1827/2157/995
f 1829/2159/997 1848/2173/1011 1847/2186/1024 1828/2156/994
f 1819/2176/1014 1838/2188/1026 1837/2179/1017 1818/2171/1009
f 1851/2181/1019 1870/2189/1027 1869/2190/1028 1850/2177/1015
f 1833/2178/1016 1852/2191/1029 1851/2181/1019 1832/2174/1012
f 1838/2188/1026 1857/2192/1030 1856/2193/1031 1837/2179/1017
f 1820/2180/1018 1839/2194/1032 1838/2188/1026 1819/2176/1014
f 1852/2191/1029 1871/2195/1033 1870/2189/1027 1851/2181/1019
f 1834/2182/1020 1853/2196/1034 1852/2191/1029 1833/2178/1016
f 1839/2194/1032 1858/2197/1035 1857/2192/1030 1838/2188/1026
f 1821/2183/1021 1840/2198/1036 1839/2194/1032 1820/2180/1018
f 1853/2196/1034 1872/2199/1037 1871/2195/1033 1852/2191/1029
f 1835/2184/1022 1854/2200/1038 1853/2196/1034 1834/2182/1020
f 1822/2185/1023 1841/2201/1039 1840/2198/1036 1821/2183/1021
f 1823/2168/1006 1842/2202/1040 1841/2201/1039 1822/2185/1023
f 1824/2167/1005 1843/2203/1041 1842/2202/1040 1823/2168/1006
f 1825/2169/1007 1844/2204/1042 1843/2203/1041 1824/2167/1005
f 1826/2170/1008 1845/2205/1043 1844/2204/1042 1825/2169/1007
f 1827/2157/995 1846/2187/1025 1845/2205/1043 1826/2170/1008
f 1840/2198/1036 1859/2206/1044 1858/2197/1035 1839/2194/1032
f 1872/2199/1037 1891/2207/1045 1890/2208/1046 1871/2195/1033
f 1854/2200/1038 1873/2209/1047 1872/2199/1037 1853/2196/1034
f 1859/2206/1044 1878/2210/1048 1877/2211/1049 1858/2197/1035
f 1841/2201/1039 1860/2212/1050 1859/2206/1044 1840/2198/1036
f 1873/2209/1047 1892/2213/1051 1891/2207/1045 1872/2199/1037
f 1842/2202/1040 1861/2214/1052 1860/2212/1050 1841/2201/1039
f 1860/2212/1050 1879/2215/1053 1878/2210/1048 1859/2206/1044
f 1843/2203/1041 1862/2216/1054 1861/2214/1052 1842/2202/1040
f 1861/2214/1052 1880/2217/1055 1879/2215/1053 1860/2212/1050
f 1844/2204/1042 1863/2218/1056 1862/2216/1054 1843/2203/1041
f 1845/2205/1043 1864/2219/1057 1863/2218/1056 1844/2204/1042
f 1846/2187/1025 1865/2220/1058 1864/2219/1057 1845/2205/1043
f 1847/2186/1024 1866/2221/1059 1865/2220/1058 1846/2187/1025
f 1848/2173/1011 1867/2222/1060 1866/2221/1059 1847/2186/1024
f 1849/2172/1010 1868/2223/1061 1867/2222/1060 1848/2173/1011
f 1836/2175/1013 1855/2224/1062 2249/2011/849
f 1850/2177/1015 1869/2190/1028 1868/2223/1061 1849/2172/1010
f 1837/2179/1017 1856/2193/1031 1855/2224/1062 1836/2175/1013
f 1864/2219/1057 1883/2225/1063 1882/2226/1064 1863/2218/1056
f 1882/2226/1064 1901/2227/1065 1900/2228/1066 1881/2229/1067
f 1865/2220/1058 1884/2230/1068 1883/2225/1063 1864/2219/1057
f 1883/2225/1063 1902/2231/1069 1901/2227/1065 1882/2226/1064
f 1866/2221/1059 1885/2232/1070 1884/2230/1068 1865/2220/1058
f 1884/2230/1068 1903/2233/1071 1902/2231/1069 1883/2225/1063
f 1867/2222/1060 1886/2234/1072 1885/2232/1070 1866/2221/1059
f 1868/2223/1061 1887/2235/1073 1886/2234/1072 1867/2222/1060
f 1855/2224/1062 1874/2236/1074 2249/2011/849
f 1869/2190/1028 1888/2237/1075 1887/2235/1073 1868/2223/1061
f 1856/2193/1031 1875/2238/1076 1874/2236/1074 1855/2224/1062
f 1870/2189/1027 1889/2239/1077 1888/2237/1075 1869/2190/1028
f 1857/2192/1030 1876/2240/1078 1875/2238/1076 1856/2193/1031
f 1871/2195/1033 1890/2208/1046 1889/2239/1077 1870/2189/1027
f 1858/2197/1035 1877/2211/1049 1876/2240/1078 1857/2192/1030
f 1862/2216/1054 1881/2229/1067 1880/2217/1055 1861/2214/1052
f 1880/2217/1055 1899/2241/1079 1898/2242/1080 1879/2215/1053
f 1863/2218/1056 1882/2226/1064 1881/2229/1067 1862/2216/1054
f 1881/2229/1067 1900/2228/1066 1899/2241/1079 1880/2217/1055
f 1888/2237/1075 1907/2243/1081 1906/2244/1082 1887/2235/1073
f 1905/2245/1083 1924/2246/1084 1923/2247/1085 1904/2248/1086
f 1875/2238/1076 1894/2249/1087 1893/2250/1088 1874/2236/1074
f 1889/2239/1077 1908/2251/1089 1907/2243/1081 1888/2237/1075
f 1876/2240/1078 1895/2252/1090 1894/2249/1087 1875/2238/1076
f 1890/2208/1046 1909/2253/1091 1908/2251/1089 1889/2239/1077
f 1877/2211/1049 1896/2254/1092 1895/2252/1090 1876/2240/1078
f 1891/2207/1045 1910/2255/1093 1909/2253/1091 1890/2208/1046
f 1878/2210/1048 1897/2256/1094 1896/2254/1092 1877/2211/1049
f 1892/2213/1051 1911/2257/1095 1910/2255/1093 1891/2207/1045
f 1879/2215/1053 1898/2242/1080 1897/2256/1094 1878/2210/1048
f 1885/2232/1070 1904/2248/1086 1903/2233/1071 1884/2230/1068
f 1901/2227/1065 1920/2258/1096 1919/2259/1097 1900/2228/1066
f 1886/2234/1072 1905/2245/1083 1904/2248/1086 1885/2232/1070
f 1902/2231/1069 1921/2260/1098 1920/2258/1096 1901/2227/1065
f 1887/2235/1073 1906/2244/1082 1905/2245/1083 1886/2234/1072
f 1903/2233/1071 1922/2261/1099 1921/2260/1098 1902/2231/1069
f 1874/2236/1074 1893/2250/1088 2249/2011/849
f 1904/2248/1086 1923/2247/1085 1922/2261/1099 1903/2233/1071
f 1909/2253/1091 1928/2262/1100 1927/2263/1101 1908/2251/1089
f 1896/2254/1092 1915/2264/1102 1914/2265/1103 1895/2252/1090
f 1910/2255/1093 1929/2266/1104 1928/2262/1100 1909/2253/1091
f 1897/2256/1094 1916/2267/1105 1915/2264/1102 1896/2254/1092
f 1911/2257/1095 1930/2268/1106 1929/2266/1104 1910/2255/1093
f 1898/2242/1080 1917/2269/1107 1916/2267/1105 1897/2256/1094
f 1899/2241/1079 1918/2270/1108 1917/2269/1107 1898/2242/1080
f 1900/2228/1066 1919/2259/1097 1918/2270/1108 1899/2241/1079
f 1906/2244/1082 1925/2271/1109 1924/2246/1084 1905/2245/1083
f 1922/2261/1099 1941/2272/1110 1940/2273/1111 1921/2260/1098
f 1893/2250/1088 1912/2274/1112 2249/2011/849
f 1923/2247/1085 1942/2275/1113 1941/2272/1110 1922/2261/1099
f 1907/2243/1081 1926/2276/1114 1925/2271/1109 1906/2244/1082
f 1924/2246/1084 1943/2277/1115 1942/2275/1113 1923/2247/1085
f 1894/2249/1087 1913/2278/1116 1912/2274/1112 1893/2250/1088
f 1925/2271/1109 1944/2279/1117 1943/2277/1115 1924/2246/1084
f 1908/2251/1089 1927/2263/1101 1926/2276/1114 1907/2243/1081
f 1912/2274/1112 1931/2280/1118 2249/2011/849
f 1895/2252/1090 1914/2265/1103 1913/2278/1116 1894/2249/1087
f 1930/2268/1106 1949/2281/1119 1948/2282/1120 1929/2266/1104
f 1917/2269/1107 1936/2283/1121 1935/2284/1122 1916/2267/1105
f 1918/2270/1108 1937/2285/1123 1936/2283/1121 1917/2269/1107
f 1919/2259/1097 1938/2286/1124 1937/2285/1123 1918/2270/1108
f 1920/2258/1096 1939/2287/1125 1938/2286/1124 1919/2259/1097
f 1921/2260/1098 1940/2273/1111 1939/2287/1125 1920/2258/1096
f 1926/2276/1114 1945/2288/1126 1944/2279/1117 1925/2271/1109
f 2579/2289/1127 1950/2290/1128 1965/2291/1129 1966/2292/1130
f 1913/2278/1116 1932/2293/1131 1931/2280/1118 1912/2274/1112
f 2566/2294/1132 2565/2295/1133 1952/2296/1134 1953/2297/1135
f 1927/2263/1101 1946/2298/1136 1945/2288/1126 1926/2276/1114
f 2888/2299/1137 2887/2300/1138 1633/2301/1139 1634/2302/1140
f 1914/2265/1103 1933/2303/1141 1932/2293/1131 1913/2278/1116
f 2580/2304/1142 2579/2289/1127 1966/2292/1130 1967/2305/1143
f 1928/2262/1100 1947/2306/1144 1946/2298/1136 1927/2263/1101
f 2889/2307/1145 2888/2299/1137 1634/2302/1140 1635/2308/1146
f 1915/2264/1102 1934/2309/1147 1933/2303/1141 1914/2265/1103
f 1929/2266/1104 1948/2282/1120 1947/2306/1144 1928/2262/1100
f 1916/2267/1105 1935/2284/1122 1934/2309/1147 1915/2264/1102
f 2893/2310/1148 2892/2311/1149 1638/2312/1150 1950/2290/1128
f 2579/2289/1127 2893/2310/1148 1950/2290/1128
f 2571/2313/1151 2570/2314/1152 1957/2315/1153 1958/2316/1154
f 1633/2301/1139 2571/2313/1151 1958/2316/1154 1959/2317/1155
f 2567/2318/1156 2566/2294/1132 1953/2297/1135 1954/2319/1157
f 1969/2320/1158 1968/2321/1159 1987/2322/1160 1988/2323/1161
f 2890/2324/1162 2889/2307/1145 1635/2308/1146 1636/2325/1163
f 2570/2314/1152 2569/2326/1164 1956/2327/1165 1957/2315/1153
f 2581/2328/1166 2580/2304/1142 1967/2305/1143 1968/2321/1159
f 1956/2327/1165 1955/2329/1167 1974/2330/1168 1975/2331/1169
f 1634/2302/1140 1633/2301/1139 1959/2317/1155 1960/2332/1170
f 1637/2333/1171 1636/2325/1163 1962/2334/1172 1963/2335/1173
f 2568/2336/1174 2567/2318/1156 1954/2319/1157 1955/2329/1167
f 1957/2315/1153 1956/2327/1165 1975/2331/1169 1976/2337/1175
f 2891/2338/1176 2890/2324/1162 1636/2325/1163 1637/2333/1171
f 2582/2339/1177 2581/2328/1166 1968/2321/1159 1969/2320/1158
f 1635/2308/1146 1634/2302/1140 1960/2332/1170 1961/2340/1178
f 2892/2311/1149 2891/2338/1176 1637/2333/1171 1638/2312/1150
f 1636/2325/1163 1635/2308/1146 1961/2340/1178 1962/2334/1172
f 1955/2329/1167 1954/2319/1157 1973/2341/1179 1974/2330/1168
f 2569/2326/1164 2568/2336/1174 1955/2329/1167 1956/2327/1165
f 1960/2332/1170 1959/2317/1155 1978/2342/1180 1979/2343/1181
f 1980/2344/1182 1979/2343/1181 1998/2345/1183 1999/2346/1184
f 1958/2316/1154 1957/2315/1153 1976/2337/1175 1977/2347/1185
f 1982/2348/1186 1981/2349/1187 2000/2350/1188 2001/2351/1189
f 1638/2312/1150 1637/2333/1171 1963/2335/1173 1964/2352/1190
f 1971/2353/1191 1970/2354/1192 1989/2355/1193 1990/2356/1194
f 1959/2317/1155 1958/2316/1154 1977/2347/1185 1978/2342/1180
f 1952/2296/1134 1951/2357/1195 1970/2354/1192 1971/2353/1191
f 1961/2340/1178 1960/2332/1170 1979/2343/1181 1980/2344/1182
f 2002/2358/1196 2001/2351/1189 2020/2359/1197 2021/2360/1198
f 2564/2361/1199 2249/2011/849 1951/2357/1195
f 1962/2334/1172 1961/2340/1178 1980/2344/1182 1981/2349/1187
f 1950/2290/1128 1638/2312/1150 1964/2352/1190 1965/2291/1129
f 1963/2335/1173 1962/2334/1172 1981/2349/1187 1982/2348/1186
f 2565/2295/1133 2564/2361/1199 1951/2357/1195 1952/2296/1134
f 1964/2352/1190 1963/2335/1173 1982/2348/1186 1983/2362/1200
f 1968/2321/1159 1967/2305/1143 1986/2363/1201 1987/2322/1160
f 2005/2364/1202 2004/2365/1203 2023/2366/1204 2024/2367/1205
f 1966/2292/1130 1965/2291/1129 1984/2368/1206 1985/2369/1207
f 1986/2363/1201 1985/2369/1207 2004/2365/1203 2005/2364/1202
f 1970/2354/1192 2249/2011/849 1989/2355/1193
f 2023/2366/1204 2022/2370/1208 2041/2371/1209 2042/2372/1210
f 1953/2297/1135 1952/2296/1134 1971/2353/1191 1972/2373/1211
f 1990/2356/1194 1989/2355/1193 2008/2374/1212 2009/2375/1213
f 1984/2368/1206 1983/2362/1200 2002/2358/1196 2003/2376/1214
f 1973/2341/1179 1972/2373/1211 1991/2377/1215 1992/2378/1216
f 1967/2305/1143 1966/2292/1130 1985/2369/1207 1986/2363/1201
f 1954/2319/1157 1953/2297/1135 1972/2373/1211 1973/2341/1179
f 1976/2337/1175 1975/2331/1169 1994/2379/1217 1995/2380/1218
f 1977/2347/1185 1976/2337/1175 1995/2380/1218 1996/2381/1219
f 1951/2357/1195 2249/2011/849 1970/2354/1192
f 1978/2342/1180 1977/2347/1185 1996/2381/1219 1997/2382/1220
f 1981/2349/1187 1980/2344/1182 1999/2346/1184 2000/2350/1188
f 1979/2343/1181 1978/2342/1180 1997/2382/1220 1998/2345/1183
f 1965/2291/1129 1964/2352/1190 1983/2362/1200 1984/2368/1206
f 1983/2362/1200 1982/2348/1186 2001/2351/1189 2002/2358/1196
f 1995/2380/1218 1994/2379/1217 2013/2383/1221 2014/2384/1222
f 1988/2323/1161 1987/2322/1160 2006/2385/1223 2007/2386/1224
f 1996/2381/1219 1995/2380/1218 2014/2384/1222 2015/2387/1225
f 1975/2331/1169 1974/2330/1168 1993/2388/1226 1994/2379/1217
f 1997/2382/1220 1996/2381/1219 2015/2387/1225 2016/2389/1227
f 1999/2346/1184 1998/2345/1183 2017/2390/1228 2018/2391/1229
f 2000/2350/1188 1999/2346/1184 2018/2391/1229 2019/2392/1230
f 1985/2369/1207 1984/2368/1206 2003/2376/1214 2004/2365/1203
f 2001/2351/1189 2000/2350/1188 2019/2392/1230 2020/2359/1197
f 1989/2355/1193 2249/2011/849 2008/2374/1212
f 1991/2377/1215 1990/2356/1194 2009/2375/1213 2010/2393/1231
f 1972/2373/1211 1971/2353/1191 1990/2356/1194 1991/2377/1215
f 2009/2375/1213 2008/2374/1212 2027/2394/1232 2028/2395/1233
f 2003/2376/1214 2002/2358/1196 2021/2360/1198 2022/2370/1208
f 2004/2365/1203 2003/2376/1214 2022/2370/1208 2023/2366/1204
f 2007/2386/1224 2006/2385/1223 2025/2396/1234 2026/2397/1235
f 1987/2322/1160 1986/2363/1201 2005/2364/1202 2006/2385/1223
f 1994/2379/1217 1993/2388/1226 2012/2398/1236 2013/2383/1221
f 1974/2330/1168 1973/2341/1179 1992/2378/1216 1993/2388/1226
f 2052/2399/1237 2051/2400/1238 2070/2401/1239 2071/2402/1240
f 2010/2393/1231 2009/2375/1213 2028/2395/1233 2029/2403/1241
f 2012/2398/1236 2011/2404/1242 2030/2405/1243 2031/2406/1244
f 2006/2385/1223 2005/2364/1202 2024/2367/1205 2025/2396/1234
f 2044/2407/1245 2043/2408/1246 2062/2409/1247 2063/2410/1248
f 2024/2367/1205 2023/2366/1204 2042/2372/1210 2043/2408/1246
f 2026/2397/1235 2025/2396/1234 2044/2407/1245 2045/2411/1249
f 1993/2388/1226 1992/2378/1216 2011/2404/1242 2012/2398/1236
f 2031/2406/1244 2030/2405/1243 2049/2412/1250 2050/2413/1251
f 2011/2404/1242 2010/2393/1231 2029/2403/1241 2030/2405/1243
f 1998/2345/1183 1997/2382/1220 2016/2389/1227 2017/2390/1228
f 2019/2392/1230 2018/2391/1229 2037/2414/1252 2038/2415/1253
f 2022/2370/1208 2021/2360/1198 2040/2416/1254 2041/2371/1209
f 2020/2359/1197 2019/2392/1230 2038/2415/1253 2039/2417/1255
f 2025/2396/1234 2024/2367/1205 2043/2408/1246 2044/2407/1245
f 2021/2360/1198 2020/2359/1197 2039/2417/1255 2040/2416/1254
f 1992/2378/1216 1991/2377/1215 2010/2393/1231 2011/2404/1242
f 2008/2374/1212 2249/2011/849 2027/2394/1232
f 2030/2405/1243 2029/2403/1241 2048/2418/1256 2049/2412/1250
f 2032/2419/1257 2031/2406/1244 2050/2413/1251 2051/2400/1238
f 2037/2414/1252 2036/2420/1258 2055/2421/1259 2056/2422/1260
f 2015/2387/1225 2014/2384/1222 2033/2423/1261 2034/2424/1262
f 2055/2421/1259 2054/2425/1263 2073/2426/1264 2074/2427/1265
f 2016/2389/1227 2015/2387/1225 2034/2424/1262 2035/2428/1266
f 2017/2390/1228 2016/2389/1227 2035/2428/1266 2036/2420/1258
f 2018/2391/1229 2017/2390/1228 2036/2420/1258 2037/2414/1252
f 2035/2428/1266 2034/2424/1262 2053/2429/1267 2054/2425/1263
f 2051/2400/1238 2050/2413/1251 2069/2430/1268 2070/2401/1239
f 2013/2383/1221 2012/2398/1236 2031/2406/1244 2032/2419/1257
f 2034/2424/1262 2033/2423/1261 2052/2399/1237 2053/2429/1267
f 2053/2429/1267 2052/2399/1237 2071/2402/1240 2072/2431/1269
f 2075/2432/1270 2074/2427/1265 2093/2433/1271 2094/2434/1272
f 2045/2411/1249 2044/2407/1245 2063/2410/1248 2064/2435/1273
f 2046/2436/1274 2249/2011/849 2065/2437/1275
f 2036/2420/1258 2035/2428/1266 2054/2425/1263 2055/2421/1259
f 2038/2415/1253 2037/2414/1252 2056/2422/1260 2057/2438/1276
f 2014/2384/1222 2013/2383/1221 2032/2419/1257 2033/2423/1261
f 2054/2425/1263 2053/2429/1267 2072/2431/1269 2073/2426/1264
f 2028/2395/1233 2027/2394/1232 2046/2436/1274 2047/2439/1277
f 2042/2372/1210 2041/2371/1209 2060/2440/1278 2061/2441/1279
f 2029/2403/1241 2028/2395/1233 2047/2439/1277 2048/2418/1256
f 2043/2408/1246 2042/2372/1210 2061/2441/1279 2062/2409/1247
f 2033/2423/1261 2032/2419/1257 2051/2400/1238 2052/2399/1237
f 2076/2442/1280 2075/2432/1270 2094/2434/1272 2095/2443/1281
f 2067/2444/1282 2066/2445/1283 2085/2446/1284 2086/2447/1285
f 2039/2417/1255 2038/2415/1253 2057/2438/1276 2058/2448/1286
f 2081/2449/1287 2080/2450/1288 2099/2451/1289 2100/2452/1290
f 2060/2440/1278 2059/2453/1291 2078/2454/1292 2079/2455/1293
f 2062/2409/1247 2061/2441/1279 2080/2450/1288 2081/2449/1287
f 2040/2416/1254 2039/2417/1255 2058/2448/1286 2059/2453/1291
f 2068/2456/1294 2067/2444/1282 2086/2447/1285 2087/2457/1295
f 2047/2439/1277 2046/2436/1274 2065/2437/1275 2066/2445/1283
f 2049/2412/1250 2048/2418/1256 2067/2444/1282 2068/2456/1294
f 2027/2394/1232 2249/2011/849 2046/2436/1274
f 2061/2441/1279 2060/2440/1278 2079/2455/1293 2080/2450/1288
f 2041/2371/1209 2040/2416/1254 2059/2453/1291 2060/2440/1278
f 2048/2418/1256 2047/2439/1277 2066/2445/1283 2067/2444/1282
f 2058/2448/1286 2057/2438/1276 2076/2442/1280 2077/2458/1296
f 2074/2427/1265 2073/2426/1264 2092/2459/1297 2093/2433/1271
f 2059/2453/1291 2058/2448/1286 2077/2458/1296 2078/2454/1292
f 2082/2460/1298 2081/2449/1287 2100/2452/1290 2101/2461/1299
f 2089/2462/1300 2088/2463/1301 2107/2464/1302 2108/2465/1303
f 2063/2410/1248 2062/2409/1247 2081/2449/1287 2082/2460/1298
f 2077/2458/1296 2076/2442/1280 2095/2443/1281 2096/2466/1304
f 2069/2430/1268 2068/2456/1294 2087/2457/1295 2088/2463/1301
f 2090/2467/1305 2089/2462/1300 2108/2465/1303 2109/2468/1306
f 2050/2413/1251 2049/2412/1250 2068/2456/1294 2069/2430/1268
f 2093/2433/1271 2092/2459/1297 2111/2469/1307 2112/2470/1308
f 2083/2471/1309 2082/2460/1298 2101/2461/1299 2102/2472/1310
f 2091/2473/1311 2090/2467/1305 2109/2468/1306 2110/2474/1312
f 2064/2435/1273 2063/2410/1248 2082/2460/1298 2083/2471/1309
f 2070/2401/1239 2069/2430/1268 2088/2463/1301 2089/2462/1300
f 2056/2422/1260 2055/2421/1259 2074/2427/1265 2075/2432/1270
f 2072/2431/1269 2071/2402/1240 2090/2467/1305 2091/2473/1311
f 2057/2438/1276 2056/2422/1260 2075/2432/1270 2076/2442/1280
f 2073/2426/1264 2072/2431/1269 2091/2473/1311 2092/2459/1297
f 2071/2402/1240 2070/2401/1239 2089/2462/1300 2090/2467/1305
f 2078/2454/1292 2077/2458/1296 2096/2466/1304 2097/2475/1313
f 2104/2476/1314 2103/2477/1315 2122/2478/1316 2123/2479/1317
f 2092/2459/1297 2091/2473/1311 2110/2474/1312 2111/2469/1307
f 2085/2446/1284 2084/2480/1318 2103/2477/1315 2104/2476/1314
f 2094/2434/1272 2093/2433/1271 2112/2470/1308 2113/2481/1319
f 2135/2482/1320 2134/2483/1321 2153/2484/1322 2154/2485/1323
f 2084/2480/1318 2249/2011/849 2103/2477/1315
f 2116/2486/1324 2115/2487/1325 2134/2483/1321 2135/2482/1320
f 2065/2437/1275 2249/2011/849 2084/2480/1318
f 2118/2488/1326 2117/2489/1327 2136/2490/1328 2137/2491/1329
f 2095/2443/1281 2094/2434/1272 2113/2481/1319 2114/2492/1330
f 2079/2455/1293 2078/2454/1292 2097/2475/1313 2098/2493/1331
f 2096/2466/1304 2095/2443/1281 2114/2492/1330 2115/2487/1325
f 2066/2445/1283 2065/2437/1275 2084/2480/1318 2085/2446/1284
f 2097/2475/1313 2096/2466/1304 2115/2487/1325 2116/2486/1324
f 2080/2450/1288 2079/2455/1293 2098/2493/1331 2099/2451/1289
f 2088/2463/1301 2087/2457/1295 2106/2494/1332 2107/2464/1302
f 2102/2472/1310 2101/2461/1299 2120/2495/1333 2121/2496/1334
f 2111/2469/1307 2110/2474/1312 2129/2497/1335 2130/2498/1336
f 2114/2492/1330 2113/2481/1319 2132/2499/1337 2133/2500/1338
f 2112/2470/1308 2111/2469/1307 2130/2498/1336 2131/2501/1339
f 2098/2493/1331 2097/2475/1313 2116/2486/1324 2117/2489/1327
f 2113/2481/1319 2112/2470/1308 2131/2501/1339 2132/2499/1337
f 2115/2487/1325 2114/2492/1330 2133/2500/1338 2134/2483/1321
f 2099/2451/1289 2098/2493/1331 2117/2489/1327 2118/2488/1326
f 2125/2502/1340 2124/2503/1341 2143/2504/1342 2144/2505/1343
f 2103/2477/1315 2249/2011/849 2122/2478/1316
f 2106/2494/1332 2105/2506/1344 2124/2503/1341 2125/2502/1340
f 2086/2447/1285 2085/2446/1284 2104/2476/1314 2105/2506/1344
f 2137/2491/1329 2136/2490/1328 2155/2507/1345 2156/2508/1346
f 2117/2489/1327 2116/2486/1324 2135/2482/1320 2136/2490/1328
f 2120/2495/1333 2119/2509/1347 2138/2510/1348 2139/2511/1349
f 2100/2452/1290 2099/2451/1289 2118/2488/1326 2119/2509/1347
f 2107/2464/1302 2106/2494/1332 2125/2502/1340 2126/2512/1350
f 2087/2457/1295 2086/2447/1285 2105/2506/1344 2106/2494/1332
f 2101/2461/1299 2100/2452/1290 2119/2509/1347 2120/2495/1333
f 2110/2474/1312 2109/2468/1306 2128/2513/1351 2129/2497/1335
f 2138/2510/1348 2137/2491/1329 2156/2508/1346 2157/2514/1352
f 2119/2509/1347 2118/2488/1326 2137/2491/1329 2138/2510/1348
f 2143/2504/1342 2142/2515/1353 2161/2516/1354 2162/2517/1355
f 2123/2479/1317 2122/2478/1316 2141/2518/1356 2142/2515/1353
f 2121/2496/1334 2120/2495/1333 2139/2511/1349 2140/2519/1357
f 2128/2513/1351 2127/2520/1358 2146/2521/1359 2147/2522/1360
f 2108/2465/1303 2107/2464/1302 2126/2512/1350 2127/2520/1358
f 2129/2497/1335 2128/2513/1351 2147/2522/1360 2148/2523/1361
f 2109/2468/1306 2108/2465/1303 2127/2520/1358 2128/2513/1351
f 2130/2498/1336 2129/2497/1335 2148/2523/1361 2149/2524/1362
f 2133/2500/1338 2132/2499/1337 2151/2525/1363 2152/2526/1364
f 2131/2501/1339 2130/2498/1336 2149/2524/1362 2150/2527/1365
f 2134/2483/1321 2133/2500/1338 2152/2526/1364 2153/2484/1322
f 2132/2499/1337 2131/2501/1339 2150/2527/1365 2151/2525/1363
f 2122/2478/1316 2249/2011/849 2141/2518/1356
f 2124/2503/1341 2123/2479/1317 2142/2515/1353 2143/2504/1342
f 2105/2506/1344 2104/2476/1314 2123/2479/1317 2124/2503/1341
f 2156/2508/1346 2155/2507/1345 2174/2528/1366 2175/2529/1367
f 2136/2490/1328 2135/2482/1320 2154/2485/1323 2155/2507/1345
f 2140/2519/1357 2139/2511/1349 2158/2530/1368 2159/2531/1369
f 2127/2520/1358 2126/2512/1350 2145/2532/1370 2146/2521/1359
f 2145/2532/1370 2144/2505/1343 2163/2533/1371 2164/2534/1372
f 2141/2518/1356 2249/2011/849 2160/2535/1373
f 2177/2536/1374 2176/2537/1375 2195/2538/1376 2196/2539/1377
f 2155/2507/1345 2154/2485/1323 2173/2540/1378 2174/2528/1366
f 2157/2514/1352 2156/2508/1346 2175/2529/1367 2176/2537/1375
f 2142/2515/1353 2141/2518/1356 2160/2535/1373 2161/2516/1354
f 2159/2531/1369 2158/2530/1368 2177/2536/1374 2178/2541/1379
f 2169/2542/1380 2168/2543/1381 2187/2544/1382 2188/2545/1383
f 2139/2511/1349 2138/2510/1348 2157/2514/1352 2158/2530/1368
f 2187/2544/1382 2186/2546/1384 2205/2547/1385 2206/2548/1386
f 2164/2534/1372 2163/2533/1371 2182/2549/1387 2183/2550/1388
f 2144/2505/1343 2143/2504/1342 2162/2517/1355 2163/2533/1371
f 2146/2521/1359 2145/2532/1370 2164/2534/1372 2165/2551/1389
f 2126/2512/1350 2125/2502/1340 2144/2505/1343 2145/2532/1370
f 2178/2541/1379 2177/2536/1374 2196/2539/1377 2197/2552/1390
f 2158/2530/1368 2157/2514/1352 2176/2537/1375 2177/2536/1374
f 2147/2522/1360 2146/2521/1359 2165/2551/1389 2166/2553/1391
f 2186/2546/1384 2185/2554/1392 2204/2555/1393 2205/2547/1385
f 2170/2556/1394 2169/2542/1380 2188/2545/1383 2189/2557/1395
f 2193/2558/1396 2192/2559/1397 2535/2560/1398 2536/2561/1399
f 2148/2523/1361 2147/2522/1360 2166/2553/1391 2167/2562/1400
f 2210/2563/1401 2209/2564/1402 2552/2565/1403 2553/2566/1404
f 2188/2545/1383 2187/2544/1382 2206/2548/1386 2207/2567/1405
f 2173/2540/1378 2172/2568/1406 2191/2569/1407 2192/2559/1397
f 2166/2553/1391 2165/2551/1389 2184/2570/1408 2185/2554/1392
f 2803/2571/1409 2829/2572/1410 2828/2573/1411 2802/2574/1412
f 2171/2575/1413 2170/2556/1394 2189/2557/1395 2190/2576/1414
f 2149/2524/1362 2148/2523/1361 2167/2562/1400 2168/2543/1381
f 2189/2557/1395 2188/2545/1383 2207/2567/1405 2208/2577/1415
f 2150/2527/1365 2149/2524/1362 2168/2543/1381 2169/2542/1380
f 2172/2568/1406 2171/2575/1413 2190/2576/1414 2191/2569/1407
f 2151/2525/1363 2150/2527/1365 2169/2542/1380 2170/2556/1394
f 2152/2526/1364 2151/2525/1363 2170/2556/1394 2171/2575/1413
f 2153/2484/1322 2152/2526/1364 2171/2575/1413 2172/2568/1406
f 2154/2485/1323 2153/2484/1322 2172/2568/1406 2173/2540/1378
f 2165/2551/1389 2164/2534/1372 2183/2550/1388 2184/2570/1408
f 2860/1956/794 2879/1955/793 2878/1950/788 2859/1949/787
f 2175/2529/1367 2174/2528/1366 2193/2558/1396 2194/2578/1416
f 2811/2579/1417 2837/2580/1418 2249/2011/849
f 2162/2517/1355 2161/2516/1354 2180/2581/1419 2181/2582/1420
f 2812/1985/823 2838/1984/822 2837/2580/1418 2811/2579/1417
f 2163/2533/1371 2162/2517/1355 2181/2582/1420 2182/2549/1387
f 2185/2554/1392 2184/2570/1408 2203/2583/1421 2204/2555/1393
f 2840/1942/780 2867/2584/1422 2866/2585/1423 2839/1943/781
f 2841/1947/785 2868/2586/1424 2867/2584/1422 2840/1942/780
f 2863/2587/1425 2882/2588/1426 2881/1962/800 2862/1961/799
f 2844/2589/1427 2871/2590/1428 2870/2591/1429 2843/2592/1430
f 2874/2593/1431 2884/2594/1432 2883/2595/1433 2873/2596/1434
f 2876/1965/803 2886/2597/1435 2885/2598/1436 2875/2599/1437
f 2822/1948/786 2841/1947/785 2840/1942/780 2814/1941/779
f 2804/2600/1438 2830/2601/1439 2829/2572/1410 2803/2571/1409
f 2847/2602/1440 2874/2593/1431 2873/2596/1434 2846/2603/1441
f 2174/2528/1366 2173/2540/1378 2192/2559/1397 2193/2558/1396
f 2837/2580/1418 2864/2604/1442 2249/2011/849
f 2161/2516/1354 2160/2535/1373 2179/2605/1443 2180/2581/1419
f 2875/2599/1437 2885/2598/1436 2884/2594/1432 2874/2593/1431
f 2167/2562/1400 2166/2553/1391 2185/2554/1392 2186/2546/1384
f 2168/2543/1381 2167/2562/1400 2186/2546/1384 2187/2544/1382
f 2829/2572/1410 2856/2606/1444 2847/2602/1440 2828/2573/1411
f 2815/1960/798 2218/1980/818 2219/2607/1445
f 2816/1957/795 2815/1960/798 2219/2607/1445 2220/2608/1446
f 2817/1963/801 2816/1957/795 2220/2608/1446 2221/2609/1447
f 2818/1967/805 2817/1963/801 2221/2609/1447 2222/2610/1448
f 2819/1971/809 2818/1967/805 2222/2610/1448 2223/2611/1449
f 2820/1974/812 2819/1971/809 2223/2611/1449 2224/2612/1450
f 2160/2535/1373 2249/2011/849 2179/2605/1443
f 2821/1977/815 2820/1974/812 2224/2612/1450 2225/2613/1451
f 2805/2614/1452 2831/2615/1453 2830/2601/1439 2804/2600/1438
f 2226/1979/817 2821/1977/815 2225/2613/1451
f 2792/2616/1454 2811/2579/1417 2249/2011/849
f 2830/2601/1439 2857/1966/804 2856/2606/1444 2829/2572/1410
f 2806/2617/1455 2832/2618/1456 2831/2615/1453 2805/2614/1452
f 2843/2592/1430 2870/2591/1429 2869/2619/1457 2842/1946/784
f 2176/2537/1375 2175/2529/1367 2194/2578/1416 2195/2538/1376
f 2218/1980/818 2217/1983/821 2236/2620/1458 2237/2621/1459
f 2219/2607/1445 2218/1980/818 2237/2621/1459 2238/2622/1460
f 2220/2608/1446 2219/2607/1445 2238/2622/1460 2239/2623/1461
f 2221/2609/1447 2220/2608/1446 2239/2623/1461 2240/2624/1462
f 2222/2610/1448 2221/2609/1447 2240/2624/1462 2241/2625/1463
f 2223/2611/1449 2222/2610/1448 2241/2625/1463 2242/2626/1464
f 2224/2612/1450 2223/2611/1449 2242/2626/1464 2243/2627/1465
f 2211/2009/847 2249/2011/849 2230/2628/1466
f 2225/2613/1451 2224/2612/1450 2243/2627/1465 2244/2629/1467
f 2212/1991/829 2211/2009/847 2230/2628/1466 2231/2630/1468
f 2226/1979/817 2225/2613/1451 2244/2629/1467 2245/2631/1469
f 2213/1988/826 2212/1991/829 2231/2630/1468 2232/2632/1470
f 2227/1992/830 2226/1979/817 2245/2631/1469 2246/2633/1471
f 2214/1994/832 2213/1988/826 2232/2632/1470 2233/2634/1472
f 2228/1996/834 2227/1992/830 2246/2633/1471 2247/2635/1473
f 2215/1998/836 2214/1994/832 2233/2634/1472 2234/2636/1474
f 2229/2000/838 2228/1996/834 2247/2635/1473 2248/2637/1475
f 2216/2002/840 2215/1998/836 2234/2636/1474 2235/2638/1476
f 2217/1983/821 2216/2002/840 2235/2638/1476 2236/2620/1458
f 2239/2623/1461 2238/2622/1460 2258/2639/1477 2259/2640/1478
f 2240/2624/1462 2239/2623/1461 2259/2640/1478 2260/2641/1479
f 2241/2625/1463 2240/2624/1462 2260/2641/1479 2261/2642/1480
f 2242/2626/1464 2241/2625/1463 2261/2642/1480 2262/2643/1481
f 2243/2627/1465 2242/2626/1464 2262/2643/1481 2263/2644/1482
f 2230/2628/1466 2249/2011/849 2250/2645/1483
f 2244/2629/1467 2243/2627/1465 2263/2644/1482 2264/2646/1484
f 2231/2630/1468 2230/2628/1466 2250/2645/1483 2251/2647/1485
f 2245/2631/1469 2244/2629/1467 2264/2646/1484 2265/2648/1486
f 2232/2632/1470 2231/2630/1468 2251/2647/1485 2252/2649/1487
f 2246/2633/1471 2245/2631/1469 2265/2648/1486 2266/2650/1488
f 2233/2634/1472 2232/2632/1470 2252/2649/1487 2253/2651/1489
f 2247/2635/1473 2246/2633/1471 2266/2650/1488 2267/2652/1490
f 2234/2636/1474 2233/2634/1472 2253/2651/1489 2254/2653/1491
f 2248/2637/1475 2247/2635/1473 2267/2652/1490 2268/2654/1492
f 2235/2638/1476 2234/2636/1474 2254/2653/1491 2255/2655/1493
f 2236/2620/1458 2235/2638/1476 2255/2655/1493 2256/2656/1494
f 2237/2621/1459 2236/2620/1458 2256/2656/1494 2257/2657/1495
f 2238/2622/1460 2237/2621/1459 2257/2657/1495 2258/2639/1477
f 2261/2642/1480 2260/2641/1479 2279/2658/1496 2280/2659/1497
f 2262/2643/1481 2261/2642/1480 2280/2659/1497 2281/2660/1498
f 2263/2644/1482 2262/2643/1481 2281/2660/1498 2282/2661/1499
f 2250/2645/1483 2249/2011/849 2269/2662/1500
f 2264/2646/1484 2263/2644/1482 2282/2661/1499 2283/2663/1501
f 2251/2647/1485 2250/2645/1483 2269/2662/1500 2270/2664/1502
f 2265/2648/1486 2264/2646/1484 2283/2663/1501 2284/2665/1503
f 2252/2649/1487 2251/2647/1485 2270/2664/1502 2271/2666/1504
f 2266/2650/1488 2265/2648/1486 2284/2665/1503 2285/2667/1505
f 2253/2651/1489 2252/2649/1487 2271/2666/1504 2272/2668/1506
f 2267/2652/1490 2266/2650/1488 2285/2667/1505 2286/2669/1507
f 2254/2653/1491 2253/2651/1489 2272/2668/1506 2273/2670/1508
f 2268/2654/1492 2267/2652/1490 2286/2669/1507 2287/2671/1509
f 2255/2655/1493 2254/2653/1491 2273/2670/1508 2274/2672/1510
f 2256/2656/1494 2255/2655/1493 2274/2672/1510 2275/2673/1511
f 2257/2657/1495 2256/2656/1494 2275/2673/1511 2276/2674/1512
f 2258/2639/1477 2257/2657/1495 2276/2674/1512 2277/2675/1513
f 2259/2640/1478 2258/2639/1477 2277/2675/1513 2278/2676/1514
f 2260/2641/1479 2259/2640/1478 2278/2676/1514 2279/2658/1496
f 2282/2661/1499 2281/2660/1498 2300/2677/1515 2301/2678/1516
f 2269/2662/1500 2249/2011/849 2288/2679/1517
f 2283/2663/1501 2282/2661/1499 2301/2678/1516 2302/2680/1518
f 2270/2664/1502 2269/2662/1500 2288/2679/1517 2289/2681/1519
f 2284/2665/1503 2283/2663/1501 2302/2680/1518 2303/2682/1520
f 2271/2666/1504 2270/2664/1502 2289/2681/1519 2290/2683/1521
f 2285/2667/1505 2284/2665/1503 2303/2682/1520 2304/2684/1522
f 2272/2668/1506 2271/2666/1504 2290/2683/1521 2291/2685/1523
f 2286/2669/1507 2285/2667/1505 2304/2684/1522 2305/2686/1524
f 2273/2670/1508 2272/2668/1506 2291/2685/1523 2292/2687/1525
f 2287/2671/1509 2286/2669/1507 2305/2686/1524 2306/2688/1526
f 2274/2672/1510 2273/2670/1508 2292/2687/1525 2293/2689/1527
f 2275/2673/1511 2274/2672/1510 2293/2689/1527 2294/2690/1528
f 2276/2674/1512 2275/2673/1511 2294/2690/1528 2295/2691/1529
f 2277/2675/1513 2276/2674/1512 2295/2691/1529 2296/2692/1530
f 2278/2676/1514 2277/2675/1513 2296/2692/1530 2297/2693/1531
f 2279/2658/1496 2278/2676/1514 2297/2693/1531 2298/2694/1532
f 2280/2659/1497 2279/2658/1496 2298/2694/1532 2299/2695/1533
f 2281/2660/1498 2280/2659/1497 2299/2695/1533 2300/2677/1515
f 2289/2681/1519 2288/2679/1517 2307/2696/1534 2308/2697/1535
f 2303/2682/1520 2302/2680/1518 2321/2698/1536 2322/2699/1537
f 2290/2683/1521 2289/2681/1519 2308/2697/1535 2309/2700/1538
f 2304/2684/1522 2303/2682/1520 2322/2699/1537 2323/2701/1539
f 2291/2685/1523 2290/2683/1521 2309/2700/1538 2310/2702/1540
f 2305/2686/1524 2304/2684/1522 2323/2701/1539 2324/2703/1541
f 2292/2687/1525 2291/2685/1523 2310/2702/1540 2311/2704/1542
f 2306/2688/1526 2305/2686/1524 2324/2703/1541 2325/2705/1543
f 2293/2689/1527 2292/2687/1525 2311/2704/1542 2312/2706/1544
f 2294/2690/1528 2293/2689/1527 2312/2706/1544 2313/2707/1545
f 2295/2691/1529 2294/2690/1528 2313/2707/1545 2314/2708/1546
f 2296/2692/1530 2295/2691/1529 2314/2708/1546 2315/2709/1547
f 2297/2693/1531 2296/2692/1530 2315/2709/1547 2316/2710/1548
f 2298/2694/1532 2297/2693/1531 2316/2710/1548 2317/2711/1549
f 2299/2695/1533 2298/2694/1532 2317/2711/1549 2318/2712/1550
f 2300/2677/1515 2299/2695/1533 2318/2712/1550 2319/2713/1551
f 2301/2678/1516 2300/2677/1515 2319/2713/1551 2320/2714/1552
f 2288/2679/1517 2249/2011/849 2307/2696/1534
f 2302/2680/1518 2301/2678/1516 2320/2714/1552 2321/2698/1536
f 2310/2702/1540 2309/2700/1538 2328/2715/1553 2329/2716/1554
f 2324/2703/1541 2323/2701/1539 2342/2717/1555 2343/2718/1556
f 2311/2704/1542 2310/2702/1540 2329/2716/1554 2330/2719/1557
f 2325/2705/1543 2324/2703/1541 2343/2718/1556 2344/2720/1558
f 2312/2706/1544 2311/2704/1542 2330/2719/1557 2331/2721/1559
f 2313/2707/1545 2312/2706/1544 2331/2721/1559 2332/2722/1560
f 2314/2708/1546 2313/2707/1545 2332/2722/1560 2333/2723/1561
f 2315/2709/1547 2314/2708/1546 2333/2723/1561 2334/2724/1562
f 2316/2710/1548 2315/2709/1547 2334/2724/1562 2335/2725/1563
f 2317/2711/1549 2316/2710/1548 2335/2725/1563 2336/2726/1564
f 2318/2712/1550 2317/2711/1549 2336/2726/1564 2337/2727/1565
f 2319/2713/1551 2318/2712/1550 2337/2727/1565 2338/2728/1566
f 2320/2714/1552 2319/2713/1551 2338/2728/1566 2339/2729/1567
f 2307/2696/1534 2249/2011/849 2326/2730/1568
f 2321/2698/1536 2320/2714/1552 2339/2729/1567 2340/2731/1569
f 2308/2697/1535 2307/2696/1534 2326/2730/1568 2327/2732/1570
f 2322/2699/1537 2321/2698/1536 2340/2731/1569 2341/2733/1571
f 2309/2700/1538 2308/2697/1535 2327/2732/1570 2328/2715/1553
f 2323/2701/1539 2322/2699/1537 2341/2733/1571 2342/2717/1555
f 2331/2721/1559 2330/2719/1557 2349/2734/1572 2350/2735/1573
f 2332/2722/1560 2331/2721/1559 2350/2735/1573 2351/2736/1574
f 2333/2723/1561 2332/2722/1560 2351/2736/1574 2352/2737/1575
f 2334/2724/1562 2333/2723/1561 2352/2737/1575 2353/2738/1576
f 2335/2725/1563 2334/2724/1562 2353/2738/1576 2354/2739/1577
f 2336/2726/1564 2335/2725/1563 2354/2739/1577 2355/2740/1578
f 2337/2727/1565 2336/2726/1564 2355/2740/1578 2356/2741/1579
f 2338/2728/1566 2337/2727/1565 2356/2741/1579 2357/2742/1580
f 2339/2729/1567 2338/2728/1566 2357/2742/1580 2358/2743/1581
f 2326/2730/1568 2249/2011/849 2345/2744/1582
f 2340/2731/1569 2339/2729/1567 2358/2743/1581 2359/2745/1583
f 2327/2732/1570 2326/2730/1568 2345/2744/1582 2346/2746/1584
f 2341/2733/1571 2340/2731/1569 2359/2745/1583 2360/2747/1585
f 2328/2715/1553 2327/2732/1570 2346/2746/1584 2347/2748/1586
f 2342/2717/1555 2341/2733/1571 2360/2747/1585 2361/2749/1587
f 2329/2716/1554 2328/2715/1553 2347/2748/1586 2348/2750/1588
f 2343/2718/1556 2342/2717/1555 2361/2749/1587 2362/2751/1589
f 2330/2719/1557 2329/2716/1554 2348/2750/1588 2349/2734/1572
f 2344/2720/1558 2343/2718/1556 2362/2751/1589 2363/2752/1590
f 2352/2737/1575 2351/2736/1574 2370/2753/1591 2371/2754/1592
f 2353/2738/1576 2352/2737/1575 2371/2754/1592 2372/2755/1593
f 2354/2739/1577 2353/2738/1576 2372/2755/1593 2373/2756/1594
f 2355/2740/1578 2354/2739/1577 2373/2756/1594 2374/2757/1595
f 2356/2741/1579 2355/2740/1578 2374/2757/1595 2375/2758/1596
f 2357/2742/1580 2356/2741/1579 2375/2758/1596 2376/2759/1597
f 2358/2743/1581 2357/2742/1580 2376/2759/1597 2377/2760/1598
f 2345/2744/1582 2249/2011/849 2364/2761/1599
f 2359/2745/1583 2358/2743/1581 2377/2760/1598 2378/2762/1600
f 2346/2746/1584 2345/2744/1582 2364/2761/1599 2365/2763/1601
f 2360/2747/1585 2359/2745/1583 2378/2762/1600 2379/2764/1602
f 2347/2748/1586 2346/2746/1584 2365/2763/1601 2366/2765/1603
f 2361/2749/1587 2360/2747/1585 2379/2764/1602 2380/2766/1604
f 2348/2750/1588 2347/2748/1586 2366/2765/1603 2367/2767/1605
f 2362/2751/1589 2361/2749/1587 2380/2766/1604 2381/2768/1606
f 2349/2734/1572 2348/2750/1588 2367/2767/1605 2368/2769/1607
f 2363/2752/1590 2362/2751/1589 2381/2768/1606 2382/2770/1608
f 2350/2735/1573 2349/2734/1572 2368/2769/1607 2369/2771/1609
f 2351/2736/1574 2350/2735/1573 2369/2771/1609 2370/2753/1591
f 2373/2756/1594 2372/2755/1593 2391/2772/1610 2392/2773/1611
f 2374/2757/1595 2373/2756/1594 2392/2773/1611 2393/2774/1612
f 2375/2758/1596 2374/2757/1595 2393/2774/1612 2394/2775/1613
f 2376/2759/1597 2375/2758/1596 2394/2775/1613 2395/2776/1614
f 2377/2760/1598 2376/2759/1597 2395/2776/1614 2396/2777/1615
f 2364/2761/1599 2249/2011/849 2383/2778/1616
f 2378/2762/1600 2377/2760/1598 2396/2777/1615 2397/2779/1617
f 2365/2763/1601 2364/2761/1599 2383/2778/1616 2384/2780/1618
f 2379/2764/1602 2378/2762/1600 2397/2779/1617 2398/2781/1619
f 2366/2765/1603 2365/2763/1601 2384/2780/1618 2385/2782/1620
f 2380/2766/1604 2379/2764/1602 2398/2781/1619 2399/2783/1621
f 2367/2767/1605 2366/2765/1603 2385/2782/1620 2386/2784/1622
f 2381/2768/1606 2380/2766/1604 2399/2783/1621 2400/2785/1623
f 2368/2769/1607 2367/2767/1605 2386/2784/1622 2387/2786/1624
f 2382/2770/1608 2381/2768/1606 2400/2785/1623 2401/2787/1625
f 2369/2771/1609 2368/2769/1607 2387/2786/1624 2388/2788/1626
f 2370/2753/1591 2369/2771/1609 2388/2788/1626 2389/2789/1627
f 2371/2754/1592 2370/2753/1591 2389/2789/1627 2390/2790/1628
f 2372/2755/1593 2371/2754/1592 2390/2790/1628 2391/2772/1610
f 2394/2775/1613 2393/2774/1612 2412/2791/1629 2413/2792/1630
f 2395/2776/1614 2394/2775/1613 2413/2792/1630 2414/2793/1631
f 2396/2777/1615 2395/2776/1614 2414/2793/1631 2415/2794/1632
f 2383/2778/1616 2249/2011/849 2402/2795/1633
f 2397/2779/1617 2396/2777/1615 2415/2794/1632 2416/2796/1634
f 2384/2780/1618 2383/2778/1616 2402/2795/1633 2403/2797/1635
f 2398/2781/1619 2397/2779/1617 2416/2796/1634 2417/2798/1636
f 2385/2782/1620 2384/2780/1618 2403/2797/1635 2404/2799/1637
f 2399/2783/1621 2398/2781/1619 2417/2798/1636 2418/2800/1638
f 2386/2784/1622 2385/2782/1620 2404/2799/1637 2405/2801/1639
f 2400/2785/1623 2399/2783/1621 2418/2800/1638 2419/2802/1640
f 2387/2786/1624 2386/2784/1622 2405/2801/1639 2406/2803/1641
f 2401/2787/1625 2400/2785/1623 2419/2802/1640 2420/2804/1642
f 2388/2788/1626 2387/2786/1624 2406/2803/1641 2407/2805/1643
f 2389/2789/1627 2388/2788/1626 2407/2805/1643 2408/2806/1644
f 2390/2790/1628 2389/2789/1627 2408/2806/1644 2409/2807/1645
f 2391/2772/1610 2390/2790/1628 2409/2807/1645 2410/2808/1646
f 2392/2773/1611 2391/2772/1610 2410/2808/1646 2411/2809/1647
f 2393/2774/1612 2392/2773/1611 2411/2809/1647 2412/2791/1629
f 2415/2794/1632 2414/2793/1631 2433/2810/1648 2434/2811/1649
f 2402/2795/1633 2249/2011/849 2421/2812/1650
f 2416/2796/1634 2415/2794/1632 2434/2811/1649 2435/2813/1651
f 2403/2797/1635 2402/2795/1633 2421/2812/1650 2422/2814/1652
f 2417/2798/1636 2416/2796/1634 2435/2813/1651 2436/2815/1653
f 2404/2799/1637 2403/2797/1635 2422/2814/1652 2423/2816/1654
f 2418/2800/1638 2417/2798/1636 2436/2815/1653 2437/2817/1655
f 2405/2801/1639 2404/2799/1637 2423/2816/1654 2424/2818/1656
f 2419/2802/1640 2418/2800/1638 2437/2817/1655 2438/2819/1657
f 2406/2803/1641 2405/2801/1639 2424/2818/1656 2425/2820/1658
f 2420/2804/1642 2419/2802/1640 2438/2819/1657 2439/2821/1659
f 2407/2805/1643 2406/2803/1641 2425/2820/1658 2426/2822/1660
f 2408/2806/1644 2407/2805/1643 2426/2822/1660 2427/2823/1661
f 2409/2807/1645 2408/2806/1644 2427/2823/1661 2428/2824/1662
f 2410/2808/1646 2409/2807/1645 2428/2824/1662 2429/2825/1663
f 2411/2809/1647 2410/2808/1646 2429/2825/1663 2430/2826/1664
f 2412/2791/1629 2411/2809/1647 2430/2826/1664 2431/2827/1665
f 2413/2792/1630 2412/2791/1629 2431/2827/1665 2432/2828/1666
f 2414/2793/1631 2413/2792/1630 2432/2828/1666 2433/2810/1648
f 2436/2815/1653 2435/2813/1651 2454/2829/1667 2455/2830/1668
f 2423/2816/1654 2422/2814/1652 2441/2831/1669 2442/2832/1670
f 2437/2817/1655 2436/2815/1653 2455/2830/1668 2456/2833/1671
f 2424/2818/1656 2423/2816/1654 2442/2832/1670 2443/2834/1672
f 2438/2819/1657 2437/2817/1655 2456/2833/1671 2457/2835/1673
f 2425/2820/1658 2424/2818/1656 2443/2834/1672 2444/2836/1674
f 2439/2821/1659 2438/2819/1657 2457/2835/1673 2458/2837/1675
f 2426/2822/1660 2425/2820/1658 2444/2836/1674 2445/2838/1676
f 2427/2823/1661 2426/2822/1660 2445/2838/1676 2446/2839/1677
f 2428/2824/1662 2427/2823/1661 2446/2839/1677 2447/2840/1678
f 2429/2825/1663 2428/2824/1662 2447/2840/1678 2448/2841/1679
f 2430/2826/1664 2429/2825/1663 2448/2841/1679 2449/2842/1680
f 2431/2827/1665 2430/2826/1664 2449/2842/1680 2450/2843/1681
f 2432/2828/1666 2431/2827/1665 2450/2843/1681 2451/2844/1682
f 2433/2810/1648 2432/2828/1666 2451/2844/1682 2452/2845/1683
f 2434/2811/1649 2433/2810/1648 2452/2845/1683 2453/2846/1684
f 2421/2812/1650 2249/2011/849 2440/2847/1685
f 2435/2813/1651 2434/2811/1649 2453/2846/1684 2454/2829/1667
f 2422/2814/1652 2421/2812/1650 2440/2847/1685 2441/2831/1669
f 2457/2835/1673 2456/2833/1671 2475/2848/1686 2476/2849/1687
f 2444/2836/1674 2443/2834/1672 2462/2850/1688 2463/2851/1689
f 2458/2837/1675 2457/2835/1673 2476/2849/1687 2477/2852/1690
f 2445/2838/1676 2444/2836/1674 2463/2851/1689 2464/2853/1691
f 2446/2839/1677 2445/2838/1676 2464/2853/1691 2465/2854/1692
f 2447/2840/1678 2446/2839/1677 2465/2854/1692 2466/2855/1693
f 2448/2841/1679 2447/2840/1678 2466/2855/1693 2467/2856/1694
f 2449/2842/1680 2448/2841/1679 2467/2856/1694 2468/2857/1695
f 2450/2843/1681 2449/2842/1680 2468/2857/1695 2469/2858/1696
f 2451/2844/1682 2450/2843/1681 2469/2858/1696 2470/2859/1697
f 2452/2845/1683 2451/2844/1682 2470/2859/1697 2471/2860/1698
f 2453/2846/1684 2452/2845/1683 2471/2860/1698 2472/2861/1699
f 2440/2847/1685 2249/2011/849 2459/2862/1700
f 2454/2829/1667 2453/2846/1684 2472/2861/1699 2473/2863/1701
f 2441/2831/1669 2440/2847/1685 2459/2862/1700 2460/2864/1702
f 2455/2830/1668 2454/2829/1667 2473/2863/1701 2474/2865/1703
f 2442/2832/1670 2441/2831/1669 2460/2864/1702 2461/2866/1704
f 2456/2833/1671 2455/2830/1668 2474/2865/1703 2475/2848/1686
f 2443/2834/1672 2442/2832/1670 2461/2866/1704 2462/2850/1688
f 2465/2854/1692 2464/2853/1691 2483/2867/1705 2484/2868/1706
f 2466/2855/1693 2465/2854/1692 2484/2868/1706 2485/2869/1707
f 2467/2856/1694 2466/2855/1693 2485/2869/1707 2486/2870/1708
f 2468/2857/1695 2467/2856/1694 2486/2870/1708 2487/2871/1709
f 2469/2858/1696 2468/2857/1695 2487/2871/1709 2488/2872/1710
f 2470/2859/1697 2469/2858/1696 2488/2872/1710 2489/2873/1711
f 2471/2860/1698 2470/2859/1697 2489/2873/1711 2490/2874/1712
f 2472/2861/1699 2471/2860/1698 2490/2874/1712 2491/2875/1713
f 2459/2862/1700 2249/2011/849 2478/2876/1714
f 2473/2863/1701 2472/2861/1699 2491/2875/1713 2492/2877/1715
f 2460/2864/1702 2459/2862/1700 2478/2876/1714 2479/2878/1716
f 2474/2865/1703 2473/2863/1701 2492/2877/1715 2493/2879/1717
f 2461/2866/1704 2460/2864/1702 2479/2878/1716 2480/2880/1718
f 2475/2848/1686 2474/2865/1703 2493/2879/1717 2494/2881/1719
f 2462/2850/1688 2461/2866/1704 2480/2880/1718 2481/2882/1720
f 2476/2849/1687 2475/2848/1686 2494/2881/1719 2495/2883/1721
f 2463/2851/1689 2462/2850/1688 2481/2882/1720 2482/2884/1722
f 2477/2852/1690 2476/2849/1687 2495/2883/1721 2496/2885/1723
f 2464/2853/1691 2463/2851/1689 2482/2884/1722 2483/2867/1705
f 2486/2870/1708 2485/2869/1707 2504/2886/1724 2505/2887/1725
f 2487/2871/1709 2486/2870/1708 2505/2887/1725 2506/2888/1726
f 2488/2872/1710 2487/2871/1709 2506/2888/1726 2507/2889/1727
f 2489/2873/1711 2488/2872/1710 2507/2889/1727 2508/2890/1728
f 2490/2874/1712 2489/2873/1711 2508/2890/1728 2509/2891/1729
f 2491/2875/1713 2490/2874/1712 2509/2891/1729 2510/2892/1730
f 2478/2876/1714 2249/2011/849 2497/2893/1731
f 2492/2877/1715 2491/2875/1713 2510/2892/1730 2511/2894/1732
f 2479/2878/1716 2478/2876/1714 2497/2893/1731 2498/2895/1733
f 2493/2879/1717 2492/2877/1715 2511/2894/1732 2512/2896/1734
f 2480/2880/1718 2479/2878/1716 2498/2895/1733 2499/2897/1735
f 2494/2881/1719 2493/2879/1717 2512/2896/1734 2513/2898/1736
f 2481/2882/1720 2480/2880/1718 2499/2897/1735 2500/2899/1737
f 2495/2883/1721 2494/2881/1719 2513/2898/1736 2514/2900/1738
f 2482/2884/1722 2481/2882/1720 2500/2899/1737 2501/2901/1739
f 2496/2885/1723 2495/2883/1721 2514/2900/1738 2515/2902/1740
f 2483/2867/1705 2482/2884/1722 2501/2901/1739 2502/2903/1741
f 2484/2868/1706 2483/2867/1705 2502/2903/1741 2503/2904/1742
f 2485/2869/1707 2484/2868/1706 2503/2904/1742 2504/2886/1724
f 2507/2889/1727 2506/2888/1726 2525/2905/1743 2526/2906/1744
f 2508/2890/1728 2507/2889/1727 2526/2906/1744 2527/2907/1745
f 2509/2891/1729 2508/2890/1728 2527/2907/1745 2528/2908/1746
f 2510/2892/1730 2509/2891/1729 2528/2908/1746 2529/2909/1747
f 2497/2893/1731 2249/2011/849 2516/2910/1748
f 2511/2894/1732 2510/2892/1730 2529/2909/1747 2530/2911/1749
f 2498/2895/1733 2497/2893/1731 2516/2910/1748 2517/2912/1750
f 2512/2896/1734 2511/2894/1732 2530/2911/1749 2531/2913/1751
f 2499/2897/1735 2498/2895/1733 2517/2912/1750 2518/2914/1752
f 2513/2898/1736 2512/2896/1734 2531/2913/1751 2532/2915/1753
f 2500/2899/1737 2499/2897/1735 2518/2914/1752 2519/2916/1754
f 2514/2900/1738 2513/2898/1736 2532/2915/1753 2533/2917/1755
f 2501/2901/1739 2500/2899/1737 2519/2916/1754 2520/2918/1756
f 2515/2902/1740 2514/2900/1738 2533/2917/1755 2534/2919/1757
f 2502/2903/1741 2501/2901/1739 2520/2918/1756 2521/2920/1758
f 2503/2904/1742 2502/2903/1741 2521/2920/1758 2522/2921/1759
f 2504/2886/1724 2503/2904/1742 2522/2921/1759 2523/2922/1760
f 2505/2887/1725 2504/2886/1724 2523/2922/1760 2524/2923/1761
f 2506/2888/1726 2505/2887/1725 2524/2923/1761 2525/2905/1743
f 2207/2567/1405 2206/2548/1386 2549/2924/1762 2550/2925/1763
f 2529/2909/1747 2528/2908/1746 2852/2926/1764
f 2180/2581/1419 2179/2605/1443 2198/2927/1765 2199/2928/1766
f 2208/2577/1415 2207/2567/1405 2550/2925/1763 2551/2929/1767
f 2194/2578/1416 2193/2558/1396 2536/2561/1399 2537/2930/1768
f 2179/2605/1443 2249/2011/849 2198/2927/1765
f 2181/2582/1420 2180/2581/1419 2199/2928/1766 2200/2931/1769
f 2209/2564/1402 2208/2577/1415 2551/2929/1767 2552/2565/1403
f 2195/2538/1376 2194/2578/1416 2537/2930/1768 2538/2932/1770
f 2538/2932/1770 2537/2930/1768 2556/2933/1771 2557/2934/1772
f 2182/2549/1387 2181/2582/1420 2200/2931/1769 2201/2935/1773
f 2201/2935/1773 2200/2931/1769 2543/2936/1774 2544/2937/1775
f 2196/2539/1377 2195/2538/1376 2538/2932/1770 2539/2938/1776
f 2183/2550/1388 2182/2549/1387 2201/2935/1773 2202/2939/1777
f 2197/2552/1390 2196/2539/1377 2539/2938/1776 2540/2940/1778
f 2184/2570/1408 2183/2550/1388 2202/2939/1777 2203/2583/1421
f 2190/2576/1414 2189/2557/1395 2208/2577/1415 2209/2564/1402
f 2206/2548/1386 2205/2547/1385 2548/2941/1779 2549/2924/1762
f 2191/2569/1407 2190/2576/1414 2209/2564/1402 2210/2563/1401
f 2537/2930/1768 2536/2561/1399 2555/2942/1780 2556/2933/1771
f 2202/2939/1777 2201/2935/1773 2544/2937/1775 2545/2943/1781
f 2541/2944/1782 2249/2011/849 1931/2280/1118
f 2540/2940/1778 2539/2938/1776 2558/2945/1783 2559/2946/1784
f 2200/2931/1769 2199/2928/1766 2542/2947/1785 2543/2936/1774
f 2203/2583/1421 2202/2939/1777 2545/2943/1781 2546/2948/1786
f 2559/2946/1784 2558/2945/1783 1948/2282/1120 1949/2281/1119
f 2204/2555/1393 2203/2583/1421 2546/2948/1786 2547/2949/1787
f 2546/2948/1786 2545/2943/1781 1935/2284/1122 1936/2283/1121
f 2205/2547/1385 2204/2555/1393 2547/2949/1787 2548/2941/1779
f 2535/2560/1398 2210/2563/1401 2553/2566/1404 2554/2950/1788
f 2551/2929/1767 2550/2925/1763 2560/2951/1789 2561/2952/1790
f 2198/2927/1765 2249/2011/849 2541/2944/1782
f 2552/2565/1403 2551/2929/1767 2561/2952/1790 2562/2953/1791
f 2536/2561/1399 2535/2560/1398 2554/2950/1788 2555/2942/1780
f 2553/2566/1404 2552/2565/1403 2562/2953/1791 2563/2954/1792
f 2199/2928/1766 2198/2927/1765 2541/2944/1782 2542/2947/1785
f 2554/2950/1788 2553/2566/1404 2563/2954/1792 1944/2279/1117
f 2539/2938/1776 2538/2932/1770 2557/2934/1772 2558/2945/1783
f 2891/2338/1176 2576/2955/1793 2575/2956/1794 2890/2324/1162
f 2550/2925/1763 2549/2924/1762 1939/2287/1125 2560/2951/1789
f 2892/2311/1149 2577/2957/1795 2576/2955/1793 2891/2338/1176
f 2555/2942/1780 2554/2950/1788 1944/2279/1117 1945/2288/1126
f 2893/2310/1148 2578/2958/1796 2577/2957/1795 2892/2311/1149
f 2542/2947/1785 2541/2944/1782 1931/2280/1118 1932/2293/1131
f 2556/2933/1771 2555/2942/1780 1945/2288/1126 1946/2298/1136
f 2543/2936/1774 2542/2947/1785 1932/2293/1131 1933/2303/1141
f 2557/2934/1772 2556/2933/1771 1946/2298/1136 1947/2306/1144
f 2544/2937/1775 2543/2936/1774 1933/2303/1141 1934/2309/1147
f 2558/2945/1783 2557/2934/1772 1947/2306/1144 1948/2282/1120
f 2545/2943/1781 2544/2937/1775 1934/2309/1147 1935/2284/1122
f 2887/2300/1138 2572/2959/1797 2571/2313/1151
f 2888/2299/1137 2573/2960/1798 2572/2959/1797 2887/2300/1138
f 2547/2949/1787 2546/2948/1786 1936/2283/1121 1937/2285/1123
f 2889/2307/1145 2574/2961/1799 2573/2960/1798 2888/2299/1137
f 2548/2941/1779 2547/2949/1787 1937/2285/1123 1938/2286/1124
f 2890/2324/1162 2575/2956/1794 2574/2961/1799 2889/2307/1145
f 2549/2924/1762 2548/2941/1779 1938/2286/1124 1939/2287/1125
f 2582/2339/1177 2601/2962/1800 2600/2963/1801 2581/2328/1166
f 2574/2961/1799 2593/2964/1802 2592/2965/1803 2573/2960/1798
f 2569/2326/1164 2588/2966/1804 2587/2967/1805 2568/2336/1174
f 2575/2956/1794 2594/2968/1806 2593/2964/1802 2574/2961/1799
f 2576/2955/1793 2595/2969/1807 2594/2968/1806 2575/2956/1794
f 2577/2957/1795 2596/2970/1808 2595/2969/1807 2576/2955/1793
f 2564/2361/1199 2583/2971/1809 2249/2011/849
f 2578/2958/1796 2597/2972/1810 2596/2970/1808 2577/2957/1795
f 2565/2295/1133 2584/2973/1811 2583/2971/1809 2564/2361/1199
f 2579/2289/1127 2598/2974/1812 2597/2972/1810 2578/2958/1796
f 2566/2294/1132 2585/2975/1813 2584/2973/1811 2565/2295/1133
f 2580/2304/1142 2599/2976/1814 2598/2974/1812 2579/2289/1127
f 2579/2289/1127 2578/2958/1796 2893/2310/1148
f 2567/2318/1156 2586/2977/1815 2585/2975/1813 2566/2294/1132
f 2571/2313/1151 2590/2978/1816 2589/2979/1817 2570/2314/1152
f 2581/2328/1166 2600/2963/1801 2599/2976/1814 2580/2304/1142
f 2572/2959/1797 2591/2980/1818 2590/2978/1816 2571/2313/1151
f 2568/2336/1174 2587/2967/1805 2586/2977/1815 2567/2318/1156
f 2573/2960/1798 2592/2965/1803 2591/2980/1818 2572/2959/1797
f 2583/2971/1809 2602/2981/1819 2249/2011/849
f 2597/2972/1810 2616/2982/1820 2615/2983/1821 2596/2970/1808
f 2584/2973/1811 2603/2984/1822 2602/2981/1819 2583/2971/1809
f 2598/2974/1812 2617/2985/1823 2616/2982/1820 2597/2972/1810
f 2585/2975/1813 2604/2986/1824 2603/2984/1822 2584/2973/1811
f 2599/2976/1814 2618/2987/1825 2617/2985/1823 2598/2974/1812
f 2586/2977/1815 2605/2988/1826 2604/2986/1824 2585/2975/1813
f 2600/2963/1801 2619/2989/1827 2618/2987/1825 2599/2976/1814
f 2570/2314/1152 2589/2979/1817 2588/2966/1804 2569/2326/1164
f 2587/2967/1805 2606/2990/1828 2605/2988/1826 2586/2977/1815
f 2592/2965/1803 2611/2991/1829 2610/2992/1830 2591/2980/1818
f 2601/2962/1800 2620/2993/1831 2619/2989/1827 2600/2963/1801
f 2593/2964/1802 2612/2994/1832 2611/2991/1829 2592/2965/1803
f 2588/2966/1804 2607/2995/1833 2606/2990/1828 2587/2967/1805
f 2594/2968/1806 2613/2996/1834 2612/2994/1832 2593/2964/1802
f 2589/2979/1817 2608/2997/1835 2607/2995/1833 2588/2966/1804
f 2595/2969/1807 2614/2998/1836 2613/2996/1834 2594/2968/1806
f 2590/2978/1816 2609/2999/1837 2608/2997/1835 2589/2979/1817
f 2596/2970/1808 2615/2983/1821 2614/2998/1836 2595/2969/1807
f 2604/2986/1824 2623/3000/1838 2622/3001/1839 2603/2984/1822
f 2618/2987/1825 2637/3002/1840 2636/3003/1841 2617/2985/1823
f 2605/2988/1826 2624/3004/1842 2623/3000/1838 2604/2986/1824
f 2619/2989/1827 2638/3005/1843 2637/3002/1840 2618/2987/1825
f 2606/2990/1828 2625/3006/1844 2624/3004/1842 2605/2988/1826
f 2620/2993/1831 2639/3007/1845 2638/3005/1843 2619/2989/1827
f 2591/2980/1818 2610/2992/1830 2609/2999/1837 2590/2978/1816
f 2607/2995/1833 2626/3008/1846 2625/3006/1844 2606/2990/1828
f 2613/2996/1834 2632/3009/1847 2631/3010/1848 2612/2994/1832
f 2608/2997/1835 2627/3011/1849 2626/3008/1846 2607/2995/1833
f 2614/2998/1836 2633/3012/1850 2632/3009/1847 2613/2996/1834
f 2609/2999/1837 2628/3013/1851 2627/3011/1849 2608/2997/1835
f 2615/2983/1821 2634/3014/1852 2633/3012/1850 2614/2998/1836
f 2610/2992/1830 2629/3015/1853 2628/3013/1851 2609/2999/1837
f 2602/2981/1819 2621/3016/1854 2249/2011/849
f 2611/2991/1829 2630/3017/1855 2629/3015/1853 2610/2992/1830
f 2616/2982/1820 2635/3018/1856 2634/3014/1852 2615/2983/1821
f 2603/2984/1822 2622/3001/1839 2621/3016/1854 2602/2981/1819
f 2617/2985/1823 2636/3003/1841 2635/3018/1856 2616/2982/1820
f 2625/3006/1844 2644/3019/1857 2643/3020/1858 2624/3004/1842
f 2639/3007/1845 2658/3021/1859 2657/3022/1860 2638/3005/1843
f 2626/3008/1846 2645/3023/1861 2644/3019/1857 2625/3006/1844
f 2627/3011/1849 2646/3024/1862 2645/3023/1861 2626/3008/1846
f 2612/2994/1832 2631/3010/1848 2630/3017/1855 2611/2991/1829
f 2628/3013/1851 2647/3025/1863 2646/3024/1862 2627/3011/1849
f 2634/3014/1852 2653/3026/1864 2652/3027/1865 2633/3012/1850
f 2629/3015/1853 2648/3028/1866 2647/3025/1863 2628/3013/1851
f 2621/3016/1854 2640/3029/1867 2249/2011/849
f 2630/3017/1855 2649/3030/1868 2648/3028/1866 2629/3015/1853
f 2635/3018/1856 2654/3031/1869 2653/3026/1864 2634/3014/1852
f 2631/3010/1848 2650/3032/1870 2649/3030/1868 2630/3017/1855
f 2622/3001/1839 2641/3033/1871 2640/3029/1867 2621/3016/1854
f 2632/3009/1847 2651/3034/1872 2650/3032/1870 2631/3010/1848
f 2636/3003/1841 2655/3035/1873 2654/3031/1869 2635/3018/1856
f 2623/3000/1838 2642/3036/1874 2641/3033/1871 2622/3001/1839
f 2637/3002/1840 2656/3037/1875 2655/3035/1873 2636/3003/1841
f 2624/3004/1842 2643/3020/1858 2642/3036/1874 2623/3000/1838
f 2638/3005/1843 2657/3022/1860 2656/3037/1875 2637/3002/1840
f 2648/3028/1866 2667/3038/1876 2666/3039/1877 2647/3025/1863
f 2649/3030/1868 2668/3040/1878 2667/3038/1876 2648/3028/1866
f 2633/3012/1850 2652/3027/1865 2651/3034/1872 2632/3009/1847
f 2650/3032/1870 2669/3041/1879 2668/3040/1878 2649/3030/1868
f 2641/3033/1871 2660/3042/1880 2659/3043/1881 2640/3029/1867
f 2651/3034/1872 2670/3044/1882 2669/3041/1879 2650/3032/1870
f 2655/3035/1873 2674/3045/1883 2673/3046/1884 2654/3031/1869
f 2652/3027/1865 2671/3047/1885 2670/3044/1882 2651/3034/1872
f 2642/3036/1874 2661/3048/1886 2660/3042/1880 2641/3033/1871
f 2653/3026/1864 2672/3049/1887 2671/3047/1885 2652/3027/1865
f 2656/3037/1875 2675/3050/1888 2674/3045/1883 2655/3035/1873
f 2640/3029/1867 2659/3043/1881 2249/2011/849
f 2643/3020/1858 2662/3051/1889 2661/3048/1886 2642/3036/1874
f 2657/3022/1860 2676/3052/1890 2675/3050/1888 2656/3037/1875
f 2644/3019/1857 2663/3053/1891 2662/3051/1889 2643/3020/1858
f 2658/3021/1859 2677/3054/1892 2676/3052/1890 2657/3022/1860
f 2645/3023/1861 2664/3055/1893 2663/3053/1891 2644/3019/1857
f 2646/3024/1862 2665/3056/1894 2664/3055/1893 2645/3023/1861
f 2647/3025/1863 2666/3039/1877 2665/3056/1894 2646/3024/1862
f 2659/3043/1881 2678/3057/1895 2249/2011/849
f 2662/3051/1889 2681/3058/1896 2680/3059/1897 2661/3048/1886
f 2673/3046/1884 2692/3060/1898 2691/3061/1899 2672/3049/1887
f 2676/3052/1890 2695/3062/1900 2694/3063/1901 2675/3050/1888
f 2660/3042/1880 2679/3064/1902 2678/3057/1895 2659/3043/1881
f 2663/3053/1891 2682/3065/1903 2681/3058/1896 2662/3051/1889
f 2674/3045/1883 2693/3066/1904 2692/3060/1898 2673/3046/1884
f 2677/3054/1892 2696/3067/1905 2695/3062/1900 2676/3052/1890
f 2661/3048/1886 2680/3059/1897 2679/3064/1902 2660/3042/1880
f 2664/3055/1893 2683/3068/1906 2682/3065/1903 2663/3053/1891
f 2665/3056/1894 2684/3069/1907 2683/3068/1906 2664/3055/1893
f 2666/3039/1877 2685/3070/1908 2684/3069/1907 2665/3056/1894
f 2667/3038/1876 2686/3071/1909 2685/3070/1908 2666/3039/1877
f 2668/3040/1878 2687/3072/1910 2686/3071/1909 2667/3038/1876
f 2669/3041/1879 2688/3073/1911 2687/3072/1910 2668/3040/1878
f 2670/3044/1882 2689/3074/1912 2688/3073/1911 2669/3041/1879
f 2671/3047/1885 2690/3075/1913 2689/3074/1912 2670/3044/1882
f 2672/3049/1887 2691/3061/1899 2690/3075/1913 2671/3047/1885
f 2654/3031/1869 2673/3046/1884 2672/3049/1887 2653/3026/1864
f 2681/3058/1896 2700/3076/1914 2699/3077/1915 2680/3059/1897
f 2685/3070/1908 2704/3078/1916 2703/3079/1917 2684/3069/1907
f 2695/3062/1900 2714/3080/1918 2713/3081/1919 2694/3063/1901
f 2686/3071/1909 2705/3082/1920 2704/3078/1916 2685/3070/1908
f 2682/3065/1903 2701/3083/1921 2700/3076/1914 2681/3058/1896
f 2687/3072/1910 2706/3084/1922 2705/3082/1920 2686/3071/1909
f 2688/3073/1911 2707/3085/1923 2706/3084/1922 2687/3072/1910
f 2689/3074/1912 2708/3086/1924 2707/3085/1923 2688/3073/1911
f 2690/3075/1913 2709/3087/1925 2708/3086/1924 2689/3074/1912
f 2691/3061/1899 2710/3088/1926 2709/3087/1925 2690/3075/1913
f 2678/3057/1895 2697/3089/1927 2249/2011/849
f 2692/3060/1898 2711/3090/1928 2710/3088/1926 2691/3061/1899
f 2679/3064/1902 2698/3091/1929 2697/3089/1927 2678/3057/1895
f 2693/3066/1904 2712/3092/1930 2711/3090/1928 2692/3060/1898
f 2675/3050/1888 2694/3063/1901 2693/3066/1904 2674/3045/1883
f 2680/3059/1897 2699/3077/1915 2698/3091/1929 2679/3064/1902
f 2683/3068/1906 2702/3093/1931 2701/3083/1921 2682/3065/1903
f 2694/3063/1901 2713/3081/1919 2712/3092/1930 2693/3066/1904
f 2684/3069/1907 2703/3079/1917 2702/3093/1931 2683/3068/1906
f 2702/3093/1931 2721/3094/1932 2720/3095/1933 2701/3083/1921
f 2708/3086/1924 2727/3096/1934 2726/3097/1935 2707/3085/1923
f 2709/3087/1925 2728/3098/1936 2727/3096/1934 2708/3086/1924
f 2710/3088/1926 2729/3099/1937 2728/3098/1936 2709/3087/1925
f 2697/3089/1927 2716/3100/1938 2249/2011/849
f 2711/3090/1928 2730/3101/1939 2729/3099/1937 2710/3088/1926
f 2698/3091/1929 2717/3102/1940 2716/3100/1938 2697/3089/1927
f 2712/3092/1930 2731/3103/1941 2730/3101/1939 2711/3090/1928
f 2699/3077/1915 2718/3104/1942 2717/3102/1940 2698/3091/1929
f 2713/3081/1919 2732/3105/1943 2731/3103/1941 2712/3092/1930
f 2696/3067/1905 2715/3106/1944 2714/3080/1918 2695/3062/1900
f 2700/3076/1914 2719/3107/1945 2718/3104/1942 2699/3077/1915
f 2704/3078/1916 2723/3108/1946 2722/3109/1947 2703/3079/1917
f 2714/3080/1918 2733/3110/1948 2732/3105/1943 2713/3081/1919
f 2705/3082/1920 2724/3111/1949 2723/3108/1946 2704/3078/1916
f 2701/3083/1921 2720/3095/1933 2719/3107/1945 2700/3076/1914
f 2706/3084/1922 2725/3112/1950 2724/3111/1949 2705/3082/1920
f 2715/3106/1944 2734/3113/1951 2733/3110/1948 2714/3080/1918
f 2707/3085/1923 2726/3097/1935 2725/3112/1950 2706/3084/1922
f 2730/3101/1939 2749/3114/1952 2748/3115/1953 2729/3099/1937
f 2717/3102/1940 2736/3116/1954 2735/3117/1955 2716/3100/1938
f 2731/3103/1941 2750/3118/1956 2749/3114/1952 2730/3101/1939
f 2718/3104/1942 2737/3119/1957 2736/3116/1954 2717/3102/1940
f 2732/3105/1943 2751/3120/1958 2750/3118/1956 2731/3103/1941
f 2719/3107/1945 2738/3121/1959 2737/3119/1957 2718/3104/1942
f 2733/3110/1948 2752/3122/1960 2751/3120/1958 2732/3105/1943
f 2703/3079/1917 2722/3109/1947 2721/3094/1932 2702/3093/1931
f 2720/3095/1933 2739/3123/1961 2738/3121/1959 2719/3107/1945
f 2725/3112/1950 2744/3124/1962 2743/3125/1963 2724/3111/1949
f 2734/3113/1951 2753/3126/1964 2752/3122/1960 2733/3110/1948
f 2726/3097/1935 2745/3127/1965 2744/3124/1962 2725/3112/1950
f 2721/3094/1932 2740/3128/1966 2739/3123/1961 2720/3095/1933
f 2727/3096/1934 2746/3129/1967 2745/3127/1965 2726/3097/1935
f 2722/3109/1947 2741/3130/1968 2740/3128/1966 2721/3094/1932
f 2728/3098/1936 2747/3131/1969 2746/3129/1967 2727/3096/1934
f 2723/3108/1946 2742/3132/1970 2741/3130/1968 2722/3109/1947
f 2729/3099/1937 2748/3115/1953 2747/3131/1969 2728/3098/1936
f 2716/3100/1938 2735/3117/1955 2249/2011/849
f 2751/3120/1958 2770/3133/1971 2769/3134/1972 2750/3118/1956
f 2738/3121/1959 2757/3135/1973 2756/3136/1974 2737/3119/1957
f 2752/3122/1960 2771/3137/1975 2770/3133/1971 2751/3120/1958
f 2739/3123/1961 2758/3138/1976 2757/3135/1973 2738/3121/1959
f 2753/3126/1964 2772/3139/1977 2771/3137/1975 2752/3122/1960
f 2724/3111/1949 2743/3125/1963 2742/3132/1970 2723/3108/1946
f 2740/3128/1966 2759/3140/1978 2758/3138/1976 2739/3123/1961
f 2746/3129/1967 2765/3141/1979 2764/3142/1980 2745/3127/1965
f 2741/3130/1968 2760/3143/1981 2759/3140/1978 2740/3128/1966
f 2747/3131/1969 2766/3144/1982 2765/3141/1979 2746/3129/1967
f 2742/3132/1970 2761/3145/1983 2760/3143/1981 2741/3130/1968
f 2748/3115/1953 2767/3146/1984 2766/3144/1982 2747/3131/1969
f 2743/3125/1963 2762/3147/1985 2761/3145/1983 2742/3132/1970
f 2735/3117/1955 2754/3148/1986 2249/2011/849
f 2744/3124/1962 2763/3149/1987 2762/3147/1985 2743/3125/1963
f 2749/3114/1952 2768/3150/1988 2767/3146/1984 2748/3115/1953
f 2736/3116/1954 2755/3151/1989 2754/3148/1986 2735/3117/1955
f 2750/3118/1956 2769/3134/1972 2768/3150/1988 2749/3114/1952
f 2737/3119/1957 2756/3136/1974 2755/3151/1989 2736/3116/1954
f 2772/3139/1977 2791/3152/1990 2790/3153/1991 2771/3137/1975
f 2759/3140/1978 2778/3154/1992 2777/3155/1993 2758/3138/1976
f 2760/3143/1981 2779/3156/1994 2778/3154/1992 2759/3140/1978
f 2745/3127/1965 2764/3142/1980 2763/3149/1987 2744/3124/1962
f 2761/3145/1983 2780/3157/1995 2779/3156/1994 2760/3143/1981
f 2767/3146/1984 2786/3158/1996 2785/3159/1997 2766/3144/1982
f 2762/3147/1985 2781/3160/1998 2780/3157/1995 2761/3145/1983
f 2754/3148/1986 2773/3161/1999 2249/2011/849
f 2763/3149/1987 2782/3162/2000 2781/3160/1998 2762/3147/1985
f 2768/3150/1988 2787/3163/2001 2786/3158/1996 2767/3146/1984
f 2764/3142/1980 2783/3164/2002 2782/3162/2000 2763/3149/1987
f 2755/3151/1989 2774/3165/2003 2773/3161/1999 2754/3148/1986
f 2765/3141/1979 2784/3166/2004 2783/3164/2002 2764/3142/1980
f 2769/3134/1972 2788/3167/2005 2787/3163/2001 2768/3150/1988
f 2756/3136/1974 2775/3168/2006 2774/3165/2003 2755/3151/1989
f 2770/3133/1971 2789/3169/2007 2788/3167/2005 2769/3134/1972
f 2757/3135/1973 2776/3170/2008 2775/3168/2006 2756/3136/1974
f 2771/3137/1975 2790/3153/1991 2789/3169/2007 2770/3133/1971
f 2758/3138/1976 2777/3155/1993 2776/3170/2008 2757/3135/1973
f 2784/3166/2004 2803/2571/1409 2802/2574/1412 2783/3164/2002
f 2766/3144/1982 2785/3159/1997 2784/3166/2004 2765/3141/1979
f 2785/3159/1997 2804/2600/1438 2803/2571/1409 2784/3166/2004
f 2788/3167/2005 2807/3171/2009 2806/2617/1455 2787/3163/2001
f 2786/3158/1996 2805/2614/1452 2804/2600/1438 2785/3159/1997
f 2775/3168/2006 2794/3172/2010 2793/3173/2011 2774/3165/2003
f 2773/3161/1999 2792/2616/1454 2249/2011/849
f 2776/3170/2008 2795/3174/2012 2794/3172/2010 2775/3168/2006
f 2774/3165/2003 2793/3173/2011 2792/2616/1454 2773/3161/1999
f 2790/3153/1991 2809/3175/2013 2808/3176/2014 2789/3169/2007
f 2796/3177/2015 2822/1948/786 2814/1941/779 2795/3174/2012
f 2777/3155/1993 2796/3177/2015 2795/3174/2012 2776/3170/2008
f 2791/3152/1990 2810/3178/2016 2809/3175/2013 2790/3153/1991
f 2778/3154/1992 2797/3179/2017 2796/3177/2015 2777/3155/1993
f 2779/3156/1994 2798/3180/2018 2797/3179/2017 2778/3154/1992
f 2780/3157/1995 2799/3181/2019 2798/3180/2018 2779/3156/1994
f 2781/3160/1998 2800/3182/2020 2799/3181/2019 2780/3157/1995
f 2782/3162/2000 2801/3183/2021 2800/3182/2020 2781/3160/1998
f 2783/3164/2002 2802/2574/1412 2801/3183/2021 2782/3162/2000
f 2810/3178/2016 2836/3184/2022 2835/3185/2023 2809/3175/2013
f 2842/1946/784 2869/2619/1457 2868/2586/1424 2841/1947/785
f 2789/3169/2007 2808/3176/2014 2807/3171/2009 2788/3167/2005
f 2787/3163/2001 2806/2617/1455 2805/2614/1452 2786/3158/1996
f 2798/3180/2018 2824/3186/2024 2823/1945/783 2797/3179/2017
f 2809/3175/2013 2835/3185/2023 2834/3187/2025 2808/3176/2014
f 2799/3181/2019 2825/3188/2026 2824/3186/2024 2798/3180/2018
f 2793/3173/2011 2812/1985/823 2811/2579/1417 2792/2616/1454
f 2800/3182/2020 2826/3189/2027 2825/3188/2026 2799/3181/2019
f 2801/3183/2021 2827/3190/2028 2826/3189/2027 2800/3182/2020
f 2802/2574/1412 2828/2573/1411 2827/3190/2028 2801/3183/2021
f 2815/1960/798 1639/1959/797 2218/1980/818
f 2877/1951/789 2529/2909/1747 2886/2597/1435 2876/1965/803
f 2836/3184/2022 2863/2587/1425 2862/1961/799 2835/3185/2023
f 2828/2573/1411 2847/2602/1440 2846/2603/1441 2827/3190/2028
f 2856/2606/1444 2875/2599/1437 2874/2593/1431 2847/2602/1440
f 2839/1943/781 2866/2585/1423 2865/3191/2029 2838/1984/822
f 2797/3179/2017 2823/1945/783 2822/1948/786 2796/3177/2015
f 2846/2603/1441 2873/2596/1434 2872/3192/2030 2845/3193/2031
f 2826/3189/2027 2845/3193/2031 2844/2589/1427 2825/3188/2026
f 2795/3174/2012 2814/1941/779 2813/1944/782 2794/3172/2010
f 2808/3176/2014 2834/3187/2025 2833/3194/2032 2807/3171/2009
f 2824/3186/2024 2843/2592/1430 2842/1946/784 2823/1945/783
f 2794/3172/2010 2813/1944/782 2812/1985/823 2793/3173/2011
f 2827/3190/2028 2846/2603/1441 2845/3193/2031 2826/3189/2027
f 2825/3188/2026 2844/2589/1427 2843/2592/1430 2824/3186/2024
f 2857/1966/804 2876/1965/803 2875/2599/1437 2856/2606/1444
f 2845/3193/2031 2872/3192/2030 2871/2590/1428 2844/2589/1427
f 2835/3185/2023 2862/1961/799 2861/1953/791 2834/3187/2025
f 2834/3187/2025 2861/1953/791 2860/1956/794 2833/3194/2032
f 2833/3194/2032 2860/1956/794 2859/1949/787 2832/2618/1456
f 2832/2618/1456 2859/1949/787 2858/1952/790 2831/2615/1453
f 2838/1984/822 2865/3191/2029 2864/2604/1442 2837/2580/1418
f 2831/2615/1453 2858/1952/790 2857/1966/804 2830/2601/1439
f 2807/3171/2009 2833/3194/2032 2832/2618/1456 2806/2617/1455
f 2526/2906/1744 2525/2905/1743 2854/3195/2033 2855/3196/2034
f 2527/2907/1745 2526/2906/1744 2855/3196/2034 2853/3197/2035
f 2528/2908/1746 2527/2907/1745 2853/3197/2035 2852/2926/1764
f 2192/2559/1397 2191/2569/1407 2210/2563/1401 2535/2560/1398
f 2525/2905/1743 2524/2923/1761 2854/3195/2033
f 1941/2272/1110 2851/3198/2036 2850/3199/2037 1940/2273/1111
f 1943/2277/1115 2849/3200/2038 2848/3201/2039 1942/2275/1113
f 1942/2275/1113 2848/3201/2039 2851/3198/2036 1941/2272/1110
f 1943/2277/1115 1944/2279/1117 2849/3200/2038
f 1940/2273/1111 2850/3199/2037 1939/2287/1125
f 2864/2604/1442 2516/2910/1748 2249/2011/849
f 2878/1950/788 2530/2911/1749 2529/2909/1747 2877/1951/789
f 2865/3191/2029 2517/2912/1750 2516/2910/1748 2864/2604/1442
f 2879/1955/793 2531/2913/1751 2530/2911/1749 2878/1950/788
f 2866/2585/1423 2518/2914/1752 2517/2912/1750 2865/3191/2029
f 2880/1954/792 2532/2915/1753 2531/2913/1751 2879/1955/793
f 2867/2584/1422 2519/2916/1754 2518/2914/1752 2866/2585/1423
f 2881/1962/800 2533/2917/1755 2532/2915/1753 2880/1954/792
f 2868/2586/1424 2520/2918/1756 2519/2916/1754 2867/2584/1422
f 2882/2588/1426 2534/2919/1757 2533/2917/1755 2881/1962/800
f 2869/2619/1457 2521/2920/1758 2520/2918/1756 2868/2586/1424
f 2870/2591/1429 2522/2921/1759 2521/2920/1758 2869/2619/1457
f 2871/2590/1428 2523/2922/1760 2522/2921/1759 2870/2591/1429
f 2872/3192/2030 2524/2923/1761 2523/2922/1760 2871/2590/1428
f 2873/2596/1434 2883/2595/1433 2524/2923/1761 2872/3192/2030
f 2529/2909/1747 2852/2926/1764 2886/2597/1435
f 2887/2300/1138 2571/2313/1151 1633/2301/1139
f 2884/2594/1432 2855/3196/2034 2854/3195/2033 2883/2595/1433
f 2885/2598/1436 2853/3197/2035 2855/3196/2034 2884/2594/1432
f 2886/2597/1435 2852/2926/1764 2853/3197/2035 2885/2598/1436
f 2883/2595/1433 2854/3195/2033 2524/2923/1761
f 2561/2952/1790 2560/2951/1789 2850/3199/2037 2851/3198/2036
f 2563/2954/1792 2562/2953/1791 2848/3201/2039 2849/3200/2038
f 2562/2953/1791 2561/2952/1790 2851/3198/2036 2848/3201/2039
f 2563/2954/1792 2849/3200/2038 1944/2279/1117
f 2560/2951/1789 1939/2287/1125 2850/3199/2037
